Crack1_30,Crack1_50,Crack2_30,Crack2_50,Crack3_30,Crack3_50,Crack4_30,Crack4_50,Crack5_30,Crack5_50,Crack6_30,Crack6_50
0.76518,1.75599,1.95219,-0.18639,-2.07972,1.83447,-1.28511,-1.12815,-0.31392,-0.52974,3.35502,-1.04967
1.11834,0.25506,1.3734,0.84366,-2.50155,-0.61803,-0.82404,-1.23606,-0.24525,-0.67689,2.79585,-1.6677
1.00062,-0.32373,1.34397,1.11834,-2.88414,2.2563,-1.22625,-2.52117,-0.20601,-0.08829,1.81485,-1.84428
0.0,-1.54017,1.22625,1.77561,-1.09872,0.81423,-2.02086,-2.76642,0.24525,-0.83385,1.48131,-1.62846
0.08829,-1.962,1.36359,3.49236,-2.1582,1.78542,-2.04048,-3.49236,-1.01043,-1.03986,2.61927,-1.54017
-0.06867,-2.00124,0.0981,3.6297,-0.92214,3.37464,-2.33478,-3.44331,-0.71613,-0.82404,1.46169,-1.77561
0.14715,-1.77561,-0.59841,3.46293,-1.04967,2.89395,-2.60946,-2.81547,-0.41202,-0.86328,0.79461,-1.36359
-0.21582,-4.06134,-0.64746,2.81547,-0.27468,0.42183,-3.08034,-3.02148,0.17658,-0.96138,0.99081,0.38259
-1.08891,-4.86576,-0.16677,3.6297,-0.48069,0.35316,-2.60946,-2.69775,-0.21582,-0.62784,-0.16677,-0.99081
-0.60822,-4.22811,-0.93195,1.62846,-0.13734,2.17782,-2.58984,-1.62846,0.30411,0.75537,0.02943,-1.10853
-1.09872,-5.28759,-1.14777,0.02943,0.42183,1.80504,-2.03067,-1.16739,0.67689,0.60822,0.33354,-1.01043
-2.39364,-5.20911,-1.09872,0.91233,0.85347,1.45188,-1.92276,-1.49112,1.49112,0.8829,1.19682,-0.25506
-1.54017,-4.29678,-0.99081,1.60884,0.41202,2.02086,-2.0601,-0.75537,0.48069,0.80442,-1.3734,-2.44269
-0.54936,-1.43226,-1.43226,2.06991,2.41326,3.80628,-1.88352,-0.50031,0.52974,1.12815,-2.22687,-1.60884
-1.11834,-1.19682,-1.4715,-0.0981,1.90314,1.19682,-1.06929,0.02943,0.27468,1.59903,-2.28573,-1.21644
-0.74556,-0.66708,-1.25568,0.70632,1.93257,2.62908,-0.72594,0.97119,1.34397,0.99081,-0.51012,-0.13734
-0.13734,-2.71737,-1.42245,2.17782,2.47212,2.63889,-0.36297,1.05948,-0.87309,0.8829,-0.67689,-1.05948
-0.03924,-1.92276,-1.02024,0.51012,2.80566,2.83509,0.21582,1.67751,0.17658,1.74618,0.77499,1.30473
-0.38259,-2.7468,0.35316,-1.33416,1.52055,2.52117,0.0,1.89333,1.13796,1.73637,0.96138,2.12877
0.37278,-2.943,0.36297,-0.981,2.06991,3.61008,0.56898,2.20725,-0.54936,1.31454,0.981,1.90314
0.4905,-2.22687,0.7848,-1.69713,2.80566,5.07177,0.51012,1.5696,-0.81423,1.39302,-0.32373,0.91233
0.12753,-2.48193,1.38321,-2.52117,1.32435,5.1993,0.8829,1.55979,0.20601,0.99081,1.68732,1.25568
-0.03924,-2.22687,1.69713,-2.8449,1.82466,5.45436,0.04905,1.65789,-0.01962,0.65727,1.64808,2.60946
1.12815,-1.28511,2.12877,-3.14901,1.49112,4.82652,0.3924,1.1772,-1.18701,1.0791,1.99143,3.8259
1.03986,-2.60946,2.19744,-3.6297,1.54017,5.13063,0.07848,0.15696,-1.20663,1.42245,2.51136,2.43288
0.36297,-2.01105,3.18825,-5.30721,0.67689,3.65913,0.50031,-0.50031,-0.2943,1.962,1.41264,2.30535
0.10791,-2.96262,3.61008,-4.14963,0.05886,3.58065,-0.45126,-1.01043,-2.00124,1.52055,1.03005,4.09077
1.58922,-3.88476,3.21768,-4.18887,-0.36297,2.98224,0.37278,-1.49112,-2.2563,1.24587,1.962,2.09934
0.90252,-3.32559,3.21768,-4.01229,0.37278,3.18825,-0.13734,-2.44269,-1.4715,0.76518,3.75723,0.1962
1.40283,-2.14839,3.81609,-3.89457,0.55917,3.88476,0.16677,-2.66832,0.86328,1.44207,2.90376,-1.53036
1.13796,-0.06867,3.20787,-2.96262,-0.69651,5.45436,-0.42183,-3.29616,-2.09934,0.33354,2.26611,-2.61927
2.51136,-0.2943,1.92276,-3.6297,-0.89271,4.72842,-0.28449,-3.59046,-2.20725,0.51993,1.99143,-2.56041
1.2753,1.25568,1.30473,-2.75661,-0.43164,3.30597,-0.51012,-3.90438,-0.3924,1.09872,1.8639,-3.35502
1.20663,0.57879,1.54998,-2.75661,-0.69651,1.41264,-0.73575,-4.22811,0.35316,0.92214,1.4715,-4.0221
0.96138,1.19682,0.71613,-1.30473,-1.69713,2.51136,-1.03005,-5.07177,-1.72656,1.11834,1.33416,-3.30597
1.40283,-0.12753,0.16677,-0.35316,-1.6677,1.65789,-0.33354,-3.95343,-0.28449,0.59841,4.20849,-4.71861
0.87309,-0.82404,0.0,0.13734,-0.54936,0.57879,-0.76518,-4.39488,0.53955,-0.05886,4.48317,-5.47398
0.89271,-0.60822,-0.22563,1.42245,-0.10791,0.52974,-0.66708,-3.97305,0.32373,-0.03924,1.82466,-4.60089
0.32373,-0.77499,-0.40221,2.61927,-2.05029,2.58003,-0.74556,-3.64932,-0.07848,0.59841,1.55979,-4.08096
0.62784,-1.45188,-0.86328,2.82528,-2.31516,2.20725,-1.48131,-3.84552,1.60884,0.10791,0.99081,-3.74742
0.21582,-0.36297,-1.42245,1.78542,-1.2753,-0.81423,-1.38321,-3.90438,2.1582,0.0,1.2753,-2.52117
0.13734,0.72594,-1.33416,1.59903,-1.16739,-1.962,-1.25568,-3.65913,1.75599,0.54936,-0.01962,-2.72718
-1.12815,0.50031,-1.11834,2.22687,-1.28511,1.05948,-0.83385,-3.84552,0.80442,0.46107,2.10915,-2.52117
-0.59841,0.02943,-1.10853,0.55917,0.48069,0.96138,-0.94176,-2.5506,0.61803,0.85347,2.32497,-1.15758
-1.19682,-0.30411,-0.7848,1.01043,0.46107,-1.32435,-0.57879,-3.12939,1.59903,-0.53955,0.69651,-1.41264
-1.54017,-0.59841,-0.77499,0.54936,0.97119,0.46107,-0.75537,-3.87495,1.64808,0.42183,0.21582,0.4905
-1.50093,-1.70694,-0.13734,1.0791,2.10915,0.42183,0.17658,-3.00186,0.92214,0.82404,1.53036,-0.0981
-1.48131,-1.16739,0.14715,0.51993,2.19744,1.34397,-0.31392,-2.54079,1.11834,0.56898,0.77499,-0.87309
-1.38321,-0.51993,-1.01043,0.13734,2.46231,1.53036,-0.1962,-3.15882,1.95219,0.48069,-0.64746,0.28449
-1.38321,-0.18639,-0.00981,0.6867,2.19744,2.79585,0.17658,-2.04048,1.12815,1.80504,-0.10791,-0.03924
-1.19682,-0.63765,0.0,-1.13796,1.94238,3.74742,-0.10791,-2.03067,-0.81423,1.36359,-1.55979,-1.04967
-0.66708,-0.37278,0.23544,-1.7658,3.3354,3.25692,0.51012,-0.95157,0.17658,2.30535,-2.47212,-1.59903
-0.67689,-0.33354,0.2943,-1.84428,3.09015,3.94362,0.0981,-1.01043,0.69651,1.62846,-1.53036,-0.67689
-0.81423,-0.51012,0.1962,-2.79585,2.79585,2.93319,0.59841,-0.63765,0.34335,1.38321,0.51993,-1.28511
-0.65727,-1.2753,0.80442,-2.98224,3.47274,5.71923,0.84366,0.12753,-1.04967,0.89271,0.91233,-2.21706
-0.50031,0.40221,0.99081,-2.41326,2.28573,6.85719,0.99081,1.49112,0.63765,0.5886,-0.26487,-1.93257
-0.77499,1.64808,0.18639,-2.32497,2.99205,7.30845,0.34335,1.67751,0.37278,-0.03924,-1.16739,-0.8829
-0.26487,2.04048,1.40283,-2.87433,1.67751,6.80814,1.26549,2.00124,-0.80442,0.28449,0.72594,-0.76518
-0.36297,2.28573,1.53036,-2.943,1.18701,6.95529,0.92214,2.42307,-2.21706,-0.4905,-0.1962,-1.3734
0.24525,2.04048,1.38321,-3.08034,0.981,5.67999,0.97119,2.57022,-1.01043,-0.96138,-1.28511,-0.4905
0.51993,2.58984,1.28511,-2.63889,1.03986,4.92462,1.34397,2.4525,-1.84428,-1.74618,0.60822,0.8829
0.7848,2.36421,1.73637,-2.69775,0.62784,6.41574,1.09872,1.77561,-2.14839,-0.64746,1.99143,-0.46107
0.66708,2.44269,2.07972,-1.81485,1.25568,6.17049,1.18701,1.53036,-2.34459,-0.35316,0.92214,0.07848
0.27468,1.87371,2.00124,-1.23606,1.65789,5.16006,0.72594,2.14839,-1.16739,-0.28449,1.14777,0.23544
0.79461,2.90376,1.39302,-1.08891,1.3734,5.4936,1.05948,1.7658,-1.08891,-0.33354,3.16863,-0.28449
1.52055,3.19806,1.06929,-0.47088,0.86328,4.49298,0.60822,0.57879,-1.58922,0.03924,2.24649,-0.37278
0.90252,2.46231,1.41264,1.34397,1.29492,1.81485,0.44145,-0.55917,-1.5696,0.51993,2.0601,0.40221
1.40283,0.92214,0.61803,0.44145,1.42245,2.66832,0.83385,-0.981,-1.16739,-0.13734,0.53955,-2.03067
1.24587,-0.73575,0.4905,1.26549,1.08891,3.24711,0.55917,-1.8639,-0.47088,0.08829,2.52117,-0.73575
1.35378,-1.05948,0.10791,2.1582,-0.32373,1.74618,0.44145,-2.98224,-0.45126,0.60822,3.58065,-0.38259
0.3924,-2.14839,-0.35316,4.29678,0.56898,1.40283,0.5886,-3.55122,-0.80442,0.07848,2.07972,-0.99081
0.21582,-2.98224,-1.2753,3.05091,1.00062,-0.64746,-0.07848,-3.67875,-1.00062,0.47088,2.72718,-0.52974
0.61803,-1.962,-1.2753,2.43288,0.04905,-1.62846,-0.11772,-3.48255,-0.02943,0.72594,3.05091,-0.11772
0.25506,-0.64746,-1.53036,2.43288,0.62784,-1.60884,-0.02943,-4.1202,0.18639,0.48069,2.83509,-1.34397
-0.56898,-1.26549,-1.90314,3.09996,0.67689,-2.59965,0.34335,-4.10058,0.32373,0.18639,1.15758,-0.2943
-1.02024,-0.81423,-2.3544,1.52055,0.54936,-1.94238,0.92214,-3.76704,-0.06867,0.30411,0.02943,-1.8639
-1.55979,-0.70632,-2.7468,1.20663,0.48069,-2.2563,0.10791,-3.93381,0.7848,-0.25506,0.47088,-1.45188
-2.19744,-0.2943,-2.89395,1.962,1.11834,-2.36421,0.93195,-3.5316,1.26549,-0.07848,-0.31392,-1.67751
-2.52117,-1.33416,-2.32497,2.21706,0.22563,-3.21768,0.76518,-3.50217,0.08829,-0.13734,-1.90314,-0.70632
-2.87433,-0.44145,-3.05091,0.27468,0.61803,-3.18825,0.48069,-3.12939,-0.40221,-0.12753,-0.99081,0.25506
-3.01167,-0.08829,-2.69775,-0.81423,1.06929,-4.13001,0.82404,-2.16801,0.1962,-0.5886,-1.42245,0.03924
-2.87433,0.43164,-2.6487,0.76518,1.72656,-3.95343,0.8829,-2.13858,0.74556,-0.11772,-1.41264,-0.65727
-3.11958,0.43164,-1.79523,-0.54936,2.51136,-1.48131,0.80442,-1.42245,-0.03924,0.24525,-1.62846,-0.56898
-3.10977,0.21582,-1.54017,-1.78542,2.12877,-0.13734,1.14777,-0.5886,0.86328,0.63765,-1.40283,-0.7848
-1.81485,0.21582,-1.05948,-2.79585,1.962,-1.03005,0.64746,-0.7848,1.7658,0.26487,-2.29554,-0.80442
-1.70694,1.19682,-0.80442,-1.73637,3.41388,-1.40283,0.89271,-0.69651,1.98162,0.67689,-1.63827,0.3924
-2.02086,0.06867,-0.13734,-1.60884,1.59903,-0.41202,0.44145,0.38259,1.05948,0.51012,-1.11834,-0.26487
-2.10915,-0.4905,0.3924,-2.37402,1.71675,0.60822,0.24525,0.38259,0.74556,-0.27468,-2.86452,-0.66708
-1.01043,-2.11896,-0.15696,-3.94362,2.19744,2.20725,0.22563,0.66708,0.36297,-0.27468,-1.01043,-1.23606
-1.16739,-1.80504,0.66708,-1.91295,1.98162,0.6867,0.23544,1.05948,0.85347,0.24525,-0.65727,-1.94238
-0.76518,-2.1582,0.44145,-2.28573,1.40283,2.21706,-0.00981,0.60822,1.20663,-0.54936,-1.73637,-1.29492
-0.32373,-3.16863,0.5886,-3.70818,0.26487,2.41326,0.55917,0.90252,1.43226,-0.17658,-0.32373,-1.52055
-0.01962,-1.95219,0.10791,-3.99267,0.85347,2.50155,0.65727,0.62784,1.29492,-0.31392,-0.31392,-1.92276
0.02943,-1.30473,-0.03924,-1.71675,0.91233,3.42369,0.60822,0.92214,0.25506,-0.43164,-0.82404,-2.48193
0.6867,-0.06867,0.5886,-2.86452,-0.69651,2.81547,0.01962,0.77499,1.23606,-0.36297,-1.51074,-2.60946
0.00981,-0.14715,0.47088,-3.21768,-1.44207,4.47336,0.27468,0.67689,0.77499,0.4905,-1.25568,-3.11958
-0.1962,0.52974,0.15696,-3.20787,-0.24525,5.74866,0.60822,1.12815,-0.13734,0.0,-1.33416,-3.35502
-0.42183,0.87309,-0.81423,-1.75599,-1.57941,4.04172,0.63765,1.00062,-0.48069,-0.01962,-2.28573,-2.04048
0.15696,0.38259,-0.94176,-2.58003,-0.83385,3.74742,0.65727,1.61865,1.00062,0.06867,-0.77499,-2.88414
0.30411,-1.13796,-1.30473,-3.30597,-1.42245,4.34583,1.52055,1.33416,1.05948,-0.0981,0.24525,-3.56103
0.03924,-1.50093,-1.53036,-2.03067,-0.47088,2.23668,1.38321,1.4715,2.08953,0.26487,0.80442,-3.26673
0.0981,-0.6867,-1.63827,-0.20601,-0.56898,0.55917,1.03005,0.33354,0.89271,-0.46107,0.28449,-1.85409
1.05948,0.06867,-1.28511,1.08891,-0.23544,0.32373,0.15696,1.05948,0.75537,0.35316,0.8829,-2.67813
0.45126,0.75537,-1.23606,0.99081,-0.23544,1.70694,0.17658,0.22563,1.63827,0.43164,2.05029,-2.21706
1.09872,0.40221,-1.70694,0.55917,1.00062,1.7658,0.28449,0.06867,0.82404,-0.07848,1.73637,-1.64808
0.42183,-0.12753,-2.85471,1.53036,0.56898,-0.15696,-0.17658,-0.47088,-0.12753,0.0981,0.77499,-0.8829
0.81423,-1.99143,-2.54079,1.61865,1.49112,-1.3734,0.60822,-0.21582,1.01043,-0.14715,1.52055,-2.89395
0.36297,-3.79647,-2.62908,1.80504,2.87433,-1.52055,0.84366,-1.06929,2.73699,0.45126,2.66832,-2.83509
0.70632,-4.37526,-1.6677,1.40283,3.37464,-3.09015,0.53955,-1.80504,2.00124,0.25506,1.61865,-2.76642
-0.51993,-3.74742,-1.85409,2.1582,2.52117,-3.5316,0.30411,-2.40345,1.69713,0.20601,2.54079,-3.10977
0.37278,-4.11039,-1.51074,2.49174,3.2373,-5.61132,0.06867,-3.81609,2.77623,0.67689,4.46355,-3.85533
-0.15696,-2.83509,-1.50093,3.55122,3.39426,-2.19744,-0.12753,-3.00186,3.00186,1.05948,3.01167,-3.60027
-0.26487,-2.75661,-2.14839,3.00186,2.21706,-1.42245,-0.2943,-2.91357,2.06991,0.981,2.24649,-2.23668
-0.92214,-2.80566,-2.58003,2.76642,3.39426,-1.87371,-0.41202,-2.943,1.6677,-0.07848,-0.25506,-2.14839
-0.91233,-2.27592,-2.19744,1.8639,3.03129,-0.73575,-0.60822,-2.4525,2.10915,0.15696,2.40345,-1.52055
-1.97181,-1.90314,-2.2563,0.981,4.23792,1.88352,0.33354,-2.1582,1.81485,0.27468,-1.69713,-1.92276
-1.93257,-0.80442,-1.7658,0.20601,3.50217,0.10791,-0.17658,-2.16801,2.98224,-1.05948,-0.8829,-0.85347
-2.60946,0.93195,-2.06991,-0.17658,3.32559,-1.09872,0.32373,-2.29554,1.59903,-2.14839,-1.7658,-0.69651
-3.05091,0.7848,-1.87371,-0.91233,2.93319,1.63827,-0.12753,-2.62908,1.84428,-2.47212,-0.59841,-0.55917
-2.80566,3.06072,-1.13796,-0.76518,2.943,2.26611,0.59841,-1.68732,1.16739,-2.49174,-3.64932,-0.71613
-2.26611,2.91357,-0.28449,-0.99081,1.33416,2.24649,1.04967,-1.34397,1.32435,-2.34459,-3.39426,-0.10791
-2.23668,3.87495,-0.73575,-2.22687,4.35564,1.57941,0.90252,0.02943,0.27468,-3.14901,-3.20787,0.26487
-1.90314,2.6487,-1.10853,-2.68794,2.46231,1.0791,1.02024,0.18639,0.71613,-2.98224,-4.05153,-0.01962
-1.34397,3.40407,-0.64746,-2.73699,2.02086,1.81485,1.23606,0.38259,0.79461,-3.83571,-4.55184,1.42245
-1.14777,2.12877,-1.18701,-3.90438,3.68856,0.86328,1.64808,0.84366,0.79461,-3.86514,-3.83571,1.42245
-0.96138,2.23668,-0.72594,-3.90438,2.98224,0.26487,1.85409,0.71613,-1.18701,-4.10058,-3.21768,0.34335
-0.54936,2.31516,-0.66708,-4.82652,2.06991,0.6867,1.89333,-0.18639,-1.18701,-3.4335,-2.41326,-1.57941
0.52974,2.90376,0.63765,-4.35564,1.12815,1.90314,1.7658,-0.76518,-0.99081,-3.69837,-4.30659,-1.73637
0.45126,3.25692,0.18639,-4.26735,0.5886,2.00124,2.16801,-0.7848,-1.35378,-3.95343,-3.97305,-1.78542
0.15696,1.61865,-0.4905,-3.97305,1.49112,2.54079,2.37402,-2.00124,-2.79585,-2.65851,-3.01167,-3.4335
0.76518,1.93257,-0.76518,-3.35502,1.49112,0.79461,2.1582,-1.29492,-1.7658,-2.1582,-3.31578,-3.7278
0.21582,0.14715,-1.18701,-2.50155,0.07848,1.31454,2.22687,-1.0791,-1.94238,-2.66832,-3.70818,-3.34521
-0.14715,-0.6867,-2.4525,-2.30535,0.981,-0.30411,2.76642,-1.99143,-1.4715,-2.06991,-3.27654,-3.95343
-0.48069,-2.26611,-2.50155,-3.34521,0.04905,-2.72718,1.92276,-2.91357,-1.69713,-1.33416,-2.76642,-3.87495
-0.73575,-0.44145,-1.60884,-2.22687,0.27468,-2.87433,2.14839,-3.15882,-1.79523,-0.30411,-3.30597,-2.51136
-1.20663,-0.54936,-1.72656,-1.10853,0.06867,1.02024,2.41326,-3.93381,-2.70756,-1.13796,-2.72718,-2.44269
-1.04967,1.06929,-1.80504,-2.10915,-0.44145,0.25506,2.71737,-4.33602,-2.72718,-0.36297,-2.69775,-3.49236
-1.05948,0.47088,-3.25692,-1.11834,-1.05948,-0.69651,2.00124,-4.16925,-1.93257,1.20663,-1.10853,-2.58984
-1.06929,1.00062,-2.88414,-0.63765,-0.82404,-1.84428,2.49174,-3.5316,-0.92214,0.86328,-1.40283,-2.77623
-1.962,-0.53955,-2.16801,0.67689,0.03924,-2.44269,2.31516,-3.52179,-1.32435,0.95157,-1.75599,-2.89395
-1.50093,-1.02024,-2.66832,1.59903,1.1772,-4.54203,2.08953,-3.73761,-0.60822,1.24587,-0.59841,-3.03129
-1.7658,-2.0601,-2.87433,1.2753,0.15696,-3.61989,1.98162,-3.47274,-0.08829,1.72656,-0.47088,-1.73637
-0.92214,-0.87309,-1.99143,2.23668,-0.11772,-1.41264,1.79523,-2.70756,0.44145,0.90252,-0.21582,-0.75537
-1.65789,-1.88352,-1.55979,3.15882,0.79461,-2.06991,2.33478,-2.81547,-1.24587,1.29492,-0.08829,-0.69651
-0.59841,-1.42245,-1.52055,3.15882,1.43226,-1.50093,1.6677,-2.19744,0.34335,0.77499,1.93257,-2.11896
-0.18639,-1.19682,-0.99081,3.6297,1.1772,0.16677,1.57941,-1.48131,1.61865,1.03005,1.81485,-1.82466
0.10791,-0.03924,-0.59841,2.20725,0.64746,1.44207,1.89333,-0.44145,0.74556,1.09872,1.77561,-2.19744
-0.31392,-1.09872,0.21582,3.15882,0.83385,-1.54998,1.54017,-0.01962,0.15696,0.26487,0.34335,-1.3734
-0.57879,-1.45188,-0.13734,3.40407,2.27592,-1.65789,1.31454,0.92214,2.54079,0.54936,0.83385,-2.61927
-0.54936,-2.05029,-0.44145,2.96262,1.19682,-2.0601,2.48193,0.7848,2.37402,-0.36297,-0.18639,-2.38383
-0.87309,-1.18701,-0.36297,1.0791,1.16739,-1.28511,2.01105,0.70632,2.00124,-0.13734,-0.05886,-1.63827
-0.92214,-1.22625,0.44145,0.87309,2.52117,-2.23668,2.13858,0.96138,0.41202,-0.97119,-0.40221,0.51993
-0.92214,-2.01105,0.0,-0.27468,3.10977,0.03924,2.91357,1.13796,2.02086,-0.25506,-0.41202,-0.32373
-1.20663,-1.31454,-0.16677,-0.70632,1.64808,0.69651,2.71737,1.35378,1.36359,0.05886,-0.21582,-1.16739
-1.02024,-0.83385,-0.57879,-1.91295,2.00124,2.02086,2.7468,1.90314,0.5886,0.00981,-2.58984,-2.13858
-1.04967,-0.38259,-0.96138,-1.30473,2.39364,0.44145,2.61927,2.61927,0.75537,-0.04905,-1.2753,-1.7658
-1.04967,-0.81423,-1.46169,-2.13858,2.21706,-0.17658,2.43288,1.99143,2.4525,-0.23544,-1.64808,-0.80442
-1.05948,-1.36359,-1.14777,-3.18825,0.27468,-0.14715,2.6487,1.16739,1.45188,-0.48069,-1.68732,-0.8829
-0.76518,-0.24525,-1.26549,-4.43412,1.67751,0.51012,2.943,1.64808,0.5886,-1.23606,-2.71737,0.48069
-0.50031,-0.54936,-0.53955,-3.81609,1.91295,-2.06991,3.06072,0.81423,0.46107,-2.66832,-0.87309,2.30535
-0.38259,-0.2943,0.22563,-4.19868,3.32559,0.45126,2.52117,0.42183,0.48069,-1.58922,-3.32559,1.03986
-0.14715,0.74556,0.6867,-4.47336,1.62846,2.52117,2.63889,0.31392,0.0981,-2.00124,-3.69837,-0.31392
0.31392,1.11834,0.67689,-3.93381,1.77561,1.67751,2.05029,0.40221,-2.23668,-1.7658,-2.31516,-0.20601
-0.32373,0.51993,0.28449,-2.79585,3.37464,-1.13796,2.13858,0.13734,-1.78542,-1.51074,-2.5506,0.11772
-0.11772,-0.2943,0.47088,-1.97181,2.16801,-0.85347,1.35378,0.42183,-1.99143,-1.00062,-3.17844,-0.31392
0.25506,-0.18639,0.75537,-2.02086,-0.22563,-0.03924,1.45188,-0.25506,-2.58984,-1.45188,-3.6297,-1.09872
-0.46107,-0.86328,0.20601,-2.19744,1.21644,-1.25568,1.23606,-0.981,-2.37402,-0.80442,-2.40345,-0.55917
-0.60822,-0.57879,1.24587,-1.74618,1.30473,-0.23544,1.53036,-1.36359,-2.68794,-0.99081,-1.88352,-1.32435
-0.63765,-0.92214,1.35378,-1.78542,1.81485,0.4905,1.62846,-1.38321,-1.88352,-0.31392,-1.99143,-1.79523
-0.73575,-1.68732,1.15758,-2.30535,2.32497,0.36297,1.72656,-2.37402,-2.59965,0.59841,-1.7658,-2.95281
-0.8829,-1.99143,1.06929,-2.8449,1.55979,-1.00062,1.92276,-1.67751,-2.13858,2.03067,-0.91233,-2.97243
-0.90252,-1.35378,1.35378,-1.94238,2.90376,-1.97181,2.17782,-1.84428,-3.22749,3.44331,-2.52117,-3.18825
-1.53036,-2.17782,0.69651,-1.94238,2.26611,-2.50155,1.80504,-1.5696,-1.91295,3.68856,-1.01043,-2.88414
-1.33416,-1.88352,0.48069,-0.2943,1.54998,-0.54936,2.03067,-1.5696,-2.12877,4.62051,-0.69651,-1.6677
-1.26549,-2.38383,0.83385,-1.40283,2.88414,-2.39364,2.17782,-1.81485,-0.90252,4.04172,-0.84366,-1.94238
-1.33416,-1.91295,0.93195,-1.51074,1.75599,-3.60027,2.46231,-2.44269,-1.42245,4.72842,-0.30411,-3.08034
-1.39302,-1.34397,0.40221,-0.07848,0.06867,-3.71799,2.11896,-1.74618,0.65727,4.17906,0.43164,-3.79647
-0.43164,-1.77561,1.00062,0.16677,2.33478,-1.2753,2.07972,-2.26611,1.14777,4.27716,0.4905,-3.18825
-0.77499,-0.90252,1.50093,-0.99081,1.57941,-2.02086,2.08953,-1.54998,2.17782,3.26673,-0.64746,-4.07115
0.05886,-0.41202,1.13796,-0.02943,1.72656,-3.56103,1.80504,-0.84366,1.19682,3.45312,-0.4905,-4.52241
-0.47088,-0.02943,0.32373,1.01043,2.13858,-2.93319,1.21644,-0.2943,1.63827,2.97243,0.5886,-5.0031
0.22563,-0.05886,0.51012,1.75599,1.72656,-1.79523,1.16739,1.18701,2.2563,2.0601,-0.4905,-3.96324
0.02943,-0.05886,0.0,1.03986,1.88352,-0.23544,1.31454,0.52974,2.04048,0.3924,-0.07848,-3.54141
0.6867,0.23544,-0.06867,1.95219,0.85347,-0.85347,1.49112,1.44207,2.16801,0.13734,0.60822,-4.54203
0.28449,-0.2943,-0.46107,1.03986,1.43226,1.88352,1.40283,0.77499,3.18825,-1.39302,1.10853,-4.55184
0.55917,0.41202,0.24525,1.62846,2.98224,2.03067,1.53036,2.58984,2.99205,-2.50155,-0.23544,-5.27778
0.18639,0.85347,-0.46107,1.23606,0.85347,2.52117,1.22625,2.14839,3.74742,-2.69775,-1.32435,-6.16068
0.57879,0.28449,-1.00062,1.09872,1.06929,1.70694,1.42245,3.30597,3.42369,-2.65851,-0.55917,-4.78728
0.18639,0.46107,-2.39364,-0.55917,2.5506,4.26735,1.32435,3.71799,3.924,-2.98224,-0.25506,-4.20849
-0.47088,0.51012,-2.16801,0.35316,3.08034,2.08953,1.77561,3.69837,2.8449,-3.18825,-0.75537,-5.07177
-0.89271,-0.77499,-1.90314,-0.12753,1.21644,2.79585,1.88352,3.30597,2.81547,-4.04172,-1.05948,-4.67937
-0.47088,-0.2943,-2.50155,-0.61803,3.09015,2.80566,2.28573,3.69837,1.83447,-3.05091,-0.13734,-3.46293
-0.96138,0.5886,-2.32497,-1.09872,3.6297,1.55979,2.69775,4.07115,2.79585,-3.5316,-0.62784,-2.32497
-1.32435,0.27468,-1.60884,-0.37278,2.42307,1.05948,2.51136,3.96324,2.52117,-4.0221,-0.3924,-4.06134
-1.92276,-0.18639,-1.62846,-0.90252,1.72656,1.98162,2.03067,3.00186,3.49236,-4.01229,-1.11834,-4.36545
-1.6677,1.2753,-2.37402,-2.73699,2.0601,-0.44145,2.21706,3.0411,2.37402,-2.40345,-3.03129,-1.45188
-2.34459,1.58922,-1.99143,-3.0411,3.40407,-0.26487,2.02086,2.95281,1.55979,-2.62908,-1.83447,-1.90314
-2.92338,0.90252,-0.94176,-1.73637,1.36359,-1.11834,1.33416,2.02086,0.8829,-2.71737,-1.38321,-1.92276
-3.14901,0.05886,-0.57879,-2.50155,1.63827,-3.07053,1.16739,1.01043,0.40221,-1.93257,-1.21644,-2.1582
-3.25692,0.66708,-1.68732,-1.77561,2.87433,-3.1392,0.72594,-0.16677,-0.11772,-1.23606,-1.68732,-0.95157
-3.40407,0.72594,-0.87309,-2.08953,1.49112,-3.93381,0.73575,0.04905,-1.10853,-1.59903,-0.99081,-0.81423
-2.99205,0.63765,1.38321,-1.48131,1.09872,-3.64932,0.69651,-0.84366,-0.46107,-1.6677,-0.7848,-1.16739
-2.87433,0.0981,0.60822,-1.53036,1.68732,-3.55122,0.51993,-1.88352,0.1962,-1.25568,-1.52055,-1.82466
-2.943,1.5696,0.61803,-0.00981,0.45126,-2.63889,-0.00981,-2.09934,-1.04967,-0.56898,-2.12877,-1.87371
-2.59965,1.52055,1.19682,-0.35316,0.23544,-1.41264,0.04905,-2.7468,-1.71675,-0.4905,-2.1582,-2.68794
-2.82528,1.98162,2.40345,0.89271,-0.28449,-2.60946,0.6867,-3.70818,-1.57941,0.01962,-1.10853,-2.21706
-2.92338,1.83447,1.57941,0.02943,0.70632,-3.3354,0.66708,-4.53222,-2.32497,0.41202,-2.42307,-0.75537
-3.30597,2.52117,0.50031,-0.02943,1.67751,-0.45126,0.81423,-3.8259,-2.00124,1.04967,-1.09872,-0.91233
-3.1392,0.33354,0.8829,0.82404,0.65727,-2.79585,1.19682,-3.99267,-2.49174,1.69713,0.05886,-2.27592
-2.68794,0.06867,0.24525,2.39364,0.48069,-3.83571,1.4715,-2.83509,-0.67689,1.94238,-0.38259,-2.03067
-2.80566,0.54936,0.72594,1.42245,2.68794,-2.37402,1.23606,-3.24711,-0.99081,2.41326,-1.97181,-1.84428
-2.52117,0.6867,0.51993,1.00062,2.3544,-1.59903,1.28511,-2.26611,-0.96138,2.76642,-1.962,-1.97181
-1.98162,0.17658,0.83385,2.37402,-0.25506,-3.70818,1.73637,-2.77623,-0.26487,2.87433,-1.46169,-0.981
-1.7658,-1.84428,0.80442,1.43226,1.43226,-4.23792,2.09934,-2.40345,0.15696,3.54141,-1.73637,0.67689
-1.72656,-1.64808,-0.06867,0.07848,1.44207,-2.95281,1.95219,-2.03067,-0.3924,3.30597,-1.88352,0.27468
-1.69713,-2.38383,-0.46107,-0.59841,0.95157,-2.78604,1.48131,-1.46169,-0.46107,3.09996,-2.07972,0.51993
-1.16739,-3.41388,0.23544,-0.30411,0.99081,-3.6297,2.04048,-0.62784,-0.02943,2.40345,-1.58922,0.10791
-0.35316,-3.69837,-0.4905,0.27468,1.99143,-2.79585,1.61865,-0.75537,0.67689,1.61865,-2.09934,0.97119
-0.83385,-4.16925,-0.21582,-1.39302,1.20663,-3.15882,0.75537,-0.07848,0.07848,1.0791,-3.99267,-1.34397
-0.61803,-4.6107,0.03924,-1.48131,1.23606,-2.42307,1.20663,0.36297,0.17658,-0.80442,-2.88414,-0.94176
-0.1962,-3.75723,-0.22563,-0.59841,1.00062,-0.85347,1.4715,0.28449,1.1772,-0.99081,-1.88352,-1.83447
0.03924,-3.26673,-0.21582,-0.06867,1.04967,-2.27592,1.7658,0.76518,1.62846,-1.77561,-2.56041,-2.48193
0.05886,-2.65851,-0.50031,-2.68794,0.2943,1.45188,0.80442,0.53955,0.26487,-2.37402,-2.38383,-2.38383
-0.14715,-4.4145,-0.12753,-1.82466,0.01962,1.03005,1.53036,1.12815,-0.08829,-4.08096,-2.68794,-2.31516
-0.00981,-2.65851,-0.52974,-1.22625,0.85347,2.42307,2.09934,0.65727,1.62846,-3.96324,-1.41264,-2.1582
-0.12753,-3.71799,-0.91233,-1.54017,0.96138,1.25568,1.49112,1.1772,1.38321,-4.93443,-1.87371,-3.14901
-0.59841,-2.49174,-1.15758,-1.57941,-0.64746,1.91295,0.84366,1.93257,0.84366,-5.93505,-1.4715,-3.22749
-0.72594,-2.02086,-0.60822,-0.07848,1.67751,0.3924,1.57941,3.78666,1.52055,-6.63156,-1.57941,-4.29678
-0.59841,-1.10853,-1.1772,1.08891,1.53036,1.61865,2.0601,3.25692,1.89333,-6.5727,-0.37278,-3.73761
-1.1772,-1.26549,-0.93195,-0.18639,0.65727,-0.97119,1.79523,3.17844,1.18701,-5.75847,-0.73575,-3.11958
-1.53036,0.44145,-1.2753,-0.90252,2.0601,-0.24525,1.61865,2.82528,0.97119,-5.01291,2.01105,-3.40407
-1.80504,0.01962,-1.03986,-0.56898,2.23668,-1.33416,1.6677,2.98224,0.51993,-4.3164,1.36359,-2.32497
-2.12877,-0.28449,-0.84366,-0.4905,1.1772,-2.42307,1.78542,2.18763,-0.03924,-2.66832,0.07848,-2.85471
-1.98162,-1.12815,-0.67689,-2.19744,1.50093,-1.01043,1.43226,1.58922,0.27468,-1.09872,0.38259,-1.8639
-2.29554,-1.71675,-0.7848,-2.62908,1.26549,-3.32559,1.65789,1.31454,-0.08829,-1.2753,-0.31392,-1.57941
-2.29554,-1.74618,-0.0981,-1.73637,2.36421,-6.06258,1.34397,1.58922,-0.21582,-0.07848,-0.03924,-2.22687
-2.65851,-1.69713,0.33354,-1.67751,0.51993,-3.24711,0.63765,0.18639,-0.96138,0.51993,-0.35316,-1.69713
-2.41326,-0.45126,0.981,-1.41264,1.15758,-4.85595,0.4905,-0.30411,-0.96138,1.54998,1.73637,-0.25506
-2.72718,-0.63765,1.40283,-1.40283,1.46169,-7.29864,0.46107,-1.18701,-1.12815,2.50155,-0.46107,-0.52974
-2.72718,-0.92214,2.03067,-3.49236,2.08953,-5.1012,0.12753,-1.52055,-1.97181,3.76704,-0.70632,-1.95219
-2.99205,-0.45126,1.92276,-2.51136,0.3924,-3.42369,0.18639,-2.77623,-3.29616,3.47274,-1.31454,-1.82466
-3.14901,-0.83385,2.16801,-2.69775,1.28511,-4.35564,-0.31392,-2.5506,-2.37402,5.50341,-0.83385,-0.52974
-2.85471,-2.07972,2.28573,-2.2563,-0.8829,-4.95405,0.40221,-3.29616,-2.98224,5.52303,-1.962,-0.34335
-2.32497,-2.81547,2.72718,-0.61803,-0.52974,-2.59965,0.01962,-2.97243,-2.70756,5.53284,-1.21644,1.38321
-2.58003,-0.94176,1.81485,0.71613,-0.44145,-5.41512,-0.24525,-3.77685,-2.57022,5.32683,-0.89271,0.8829
-2.50155,-0.96138,1.99143,0.24525,0.8829,-5.26797,0.50031,-2.50155,-1.90314,5.07177,-0.47088,1.97181
-1.6677,-0.47088,2.1582,0.26487,-0.03924,-4.82652,0.54936,-1.14777,-1.65789,4.85595,-0.46107,1.1772
-1.23606,0.33354,1.83447,0.46107,0.50031,-4.85595,0.32373,-1.58922,-1.95219,4.54203,-0.46107,2.17782
-1.25568,0.86328,0.61803,0.4905,0.28449,-4.07115,1.29492,-0.82404,-2.3544,5.14044,0.20601,1.85409
-0.7848,1.69713,0.31392,0.30411,1.39302,-0.75537,0.32373,-0.3924,-1.11834,4.56165,-0.84366,1.80504
-0.1962,-0.00981,0.69651,0.87309,0.76518,1.20663,1.03986,0.21582,-2.41326,4.26735,-1.26549,2.09934
0.15696,-0.16677,-0.13734,0.62784,-0.57879,-2.04048,1.02024,-0.80442,-2.08953,3.38445,-2.36421,3.25692
0.43164,-0.59841,-0.61803,-0.8829,0.33354,-3.00186,0.981,0.45126,-1.00062,3.06072,-3.54141,3.31578
0.79461,-0.03924,-1.15758,-0.32373,0.17658,-0.79461,1.22625,0.59841,-0.22563,1.87371,-2.90376,2.51136
1.54998,-0.96138,-1.64808,-0.8829,-1.28511,-0.66708,1.01043,1.09872,-0.57879,1.20663,-3.0411,2.41326
1.36359,-0.64746,-1.65789,-0.43164,-0.7848,-4.54203,1.03005,-0.08829,0.84366,-0.08829,-1.92276,0.89271
1.44207,-0.62784,-1.18701,-0.80442,-0.35316,-1.79523,0.93195,1.06929,0.03924,-0.31392,-2.0601,1.1772
0.99081,-1.98162,-1.81485,-2.8449,-0.55917,0.83385,0.34335,0.50031,1.55979,-1.18701,-3.4335,-0.69651
0.51012,-1.59903,-1.45188,-0.60822,-2.62908,1.45188,0.59841,1.29492,0.60822,-1.28511,-2.97243,-1.46169
0.04905,-0.8829,-1.2753,-0.95157,-0.75537,-0.95157,0.71613,0.4905,1.31454,-1.09872,-2.77623,-1.45188
0.2943,0.70632,-0.79461,-0.70632,-1.52055,0.02943,0.07848,0.80442,1.40283,-2.21706,-3.31578,-0.63765
-0.55917,1.00062,-1.13796,-1.25568,-1.85409,-1.06929,0.59841,0.92214,1.64808,-2.99205,-2.81547,-2.12877
-0.59841,1.28511,-1.71675,0.57879,-2.70756,0.32373,0.59841,0.89271,1.55979,-3.26673,-2.57022,-0.83385
-1.18701,1.59903,-0.63765,-0.28449,-2.53098,-4.42431,0.57879,0.28449,2.30535,-3.2373,-2.13858,-0.13734
-1.8639,2.48193,-0.3924,-0.18639,-1.62846,-2.29554,0.71613,1.79523,2.72718,-3.14901,-1.5696,-1.81485
-2.63889,2.33478,-0.44145,-0.90252,-1.95219,-2.11896,0.80442,3.84552,2.75661,-3.14901,-0.44145,-2.24649
-3.03129,2.32497,-0.02943,1.35378,-3.09996,-0.94176,1.20663,2.53098,1.33416,-2.51136,0.40221,-2.67813
-3.75723,1.49112,0.26487,1.69713,-0.86328,-2.59965,1.51074,3.60027,1.79523,-1.64808,-0.08829,-1.65789
-3.89457,2.04048,0.17658,1.40283,-1.63827,-2.60946,1.63827,4.27716,1.61865,-0.96138,0.21582,-1.75599
-3.89457,2.81547,-0.27468,0.79461,-2.02086,-0.28449,1.06929,4.59108,1.65789,-0.74556,-0.72594,-0.90252
-3.83571,4.74804,0.11772,1.5696,-2.02086,-1.31454,1.34397,2.59965,1.0791,0.23544,-0.37278,-0.37278
-4.35564,4.06134,0.31392,-0.2943,-0.81423,-1.11834,1.57941,3.20787,1.87371,0.89271,-0.50031,1.94238
-3.77685,4.40469,-0.20601,1.09872,-0.60822,-2.37402,1.16739,2.23668,1.04967,0.85347,0.15696,1.03986
-4.44393,3.3354,0.50031,1.09872,-1.75599,0.38259,0.92214,2.40345,0.94176,1.73637,1.40283,-0.07848
-4.07115,2.61927,1.14777,-0.25506,-0.981,-1.13796,1.01043,1.31454,0.13734,2.53098,-0.31392,-0.57879
-3.74742,1.77561,0.7848,0.02943,-0.59841,1.59903,1.15758,1.44207,-0.04905,3.09996,-0.0981,-0.38259
-3.47274,2.12877,0.45126,1.51074,-0.47088,2.10915,1.01043,0.65727,-0.24525,3.4335,-0.54936,0.0
-3.1392,1.65789,2.10915,-0.06867,0.50031,1.38321,0.51012,-0.42183,0.01962,2.92338,-1.03005,0.04905
-2.78604,1.81485,1.77561,-0.77499,0.92214,0.77499,0.74556,-1.28511,-0.06867,3.15882,-2.63889,0.56898
-2.75661,1.30473,1.72656,-0.45126,0.66708,0.48069,1.33416,-1.85409,0.06867,3.60027,-0.36297,1.04967
-2.2563,1.01043,2.11896,-0.8829,1.04967,-1.21644,0.91233,-1.62846,-0.34335,3.24711,-0.76518,0.72594
-2.06991,-0.38259,3.03129,-0.60822,1.6677,0.74556,1.13796,-1.71675,-0.02943,2.76642,-0.42183,1.49112
-1.42245,-1.68732,2.5506,1.62846,0.67689,0.34335,1.54998,-2.09934,-0.63765,3.11958,-0.84366,1.78542
-1.08891,-1.78542,3.20787,1.12815,1.60884,1.93257,1.58922,-2.44269,-1.36359,2.04048,-0.59841,2.38383
-0.10791,-3.44331,2.18763,1.962,1.24587,-1.71675,1.21644,-2.22687,-1.55979,2.5506,-1.63827,1.0791
-0.01962,-3.09015,3.21768,1.29492,1.75599,-0.28449,1.3734,-1.73637,-1.92276,0.95157,-0.61803,1.51074
0.43164,-4.44393,1.83447,1.85409,2.76642,-0.43164,1.54017,-2.34459,-2.39364,1.39302,-0.82404,1.58922
1.11834,-3.60027,0.99081,1.81485,2.99205,-0.66708,2.09934,-2.43288,-3.25692,1.2753,-0.89271,2.02086
1.94238,-3.15882,0.52974,0.26487,1.33416,-2.5506,1.52055,-1.23606,-2.69775,-0.17658,-0.79461,2.30535
1.21644,-3.11958,0.85347,1.35378,2.61927,-0.23544,1.0791,-1.95219,-1.95219,-0.37278,-0.80442,2.70756
0.84366,-3.78666,-0.02943,3.86514,1.69713,-0.43164,2.17782,-1.08891,-2.40345,-0.35316,-0.27468,2.0601
1.2753,-1.7658,0.0,2.87433,0.8829,-0.54936,1.11834,-0.72594,-1.962,-1.01043,0.10791,0.84366
1.19682,-1.71675,-0.35316,0.87309,0.0981,-0.79461,1.48131,-0.93195,-1.63827,-1.01043,-1.18701,1.89333
0.71613,-2.1582,-1.97181,3.14901,0.33354,-0.22563,1.34397,-0.91233,-1.49112,-2.02086,0.2943,1.06929
0.46107,-2.76642,-1.16739,2.76642,-0.5886,-2.34459,1.49112,-0.51993,-1.61865,-1.88352,-0.86328,1.42245
0.69651,-2.39364,-2.09934,0.28449,-1.20663,-3.17844,1.41264,-0.77499,-1.06929,-1.69713,-1.45188,0.55917
-0.20601,-2.44269,-1.92276,-1.22625,-1.24587,-2.66832,1.35378,-0.31392,-1.32435,-0.92214,-1.11834,0.21582
-1.02024,-2.92338,-1.54017,-0.46107,-1.06929,-2.71737,1.30473,-0.31392,-0.25506,-1.80504,0.11772,-0.5886
-1.49112,-3.51198,-1.05948,0.2943,-1.0791,-2.1582,1.52055,0.53955,-0.69651,-0.6867,0.3924,-2.37402
-1.77561,-1.16739,-0.95157,-0.85347,-2.21706,-1.72656,1.30473,1.28511,0.3924,-0.981,0.96138,-2.5506
-3.15882,-2.1582,-1.14777,-0.981,-1.4715,-2.04048,1.6677,1.28511,0.4905,-0.25506,0.81423,-1.67751
-3.16863,-2.49174,-1.23606,-0.00981,-0.72594,-2.69775,1.63827,1.70694,0.05886,0.79461,0.96138,-1.69713
-3.45312,-1.44207,0.13734,1.0791,-1.34397,-1.77561,1.03986,2.72718,0.6867,1.50093,1.35378,-3.6297
-3.08034,-1.78542,0.51012,-0.46107,-1.31454,-2.09934,1.4715,1.89333,1.40283,2.10915,0.26487,-4.23792
-3.71799,-2.39364,-0.20601,-0.63765,0.43164,-3.20787,1.6677,1.58922,1.00062,2.43288,0.61803,-3.27654
-3.88476,-1.99143,0.46107,-0.55917,-0.28449,-1.04967,1.6677,1.80504,1.06929,2.87433,0.85347,-3.29616
-3.25692,-0.2943,1.42245,0.71613,0.08829,-1.03986,1.4715,1.08891,1.00062,2.44269,0.06867,-3.17844
-3.22749,1.08891,1.52055,0.21582,-0.99081,-2.81547,1.12815,0.90252,1.70694,3.25692,0.25506,-3.90438
-3.00186,1.28511,1.35378,0.62784,-0.38259,-0.77499,0.981,1.01043,0.69651,2.47212,0.59841,-2.39364
-2.943,1.99143,1.15758,2.17782,0.53955,-1.84428,1.2753,0.91233,0.48069,3.51198,0.72594,-2.2563
-2.29554,1.20663,2.72718,3.28635,1.22625,-0.6867,0.7848,0.05886,1.0791,2.82528,0.55917,-2.22687
-2.08953,1.03986,1.34397,2.33478,-0.24525,0.54936,1.31454,-0.13734,1.08891,2.2563,1.01043,-1.2753
-1.43226,0.06867,1.36359,2.0601,0.67689,1.61865,1.08891,-0.08829,0.5886,2.68794,1.29492,-1.1772
-1.11834,0.76518,1.29492,1.73637,-0.70632,-0.77499,1.2753,-1.67751,0.33354,2.79585,-1.15758,0.0
-0.83385,0.46107,1.84428,1.93257,0.27468,3.01167,1.08891,-2.00124,0.05886,1.64808,-1.38321,-0.64746
-0.44145,-0.01962,1.23606,0.62784,-0.54936,2.2563,1.02024,-1.60884,-0.24525,1.57941,0.67689,2.63889
-0.2943,-0.79461,1.3734,0.8829,0.1962,3.97305,1.52055,-1.79523,-1.22625,1.87371,1.14777,2.40345
0.34335,-0.86328,1.65789,2.75661,1.11834,2.75661,1.13796,-2.4525,-1.59903,1.26549,0.36297,4.24773
0.53955,-2.28573,1.87371,2.16801,0.11772,4.20849,1.52055,-1.55979,-0.82404,0.62784,-0.77499,3.03129
0.65727,-2.4525,0.7848,1.18701,0.31392,5.21892,2.0601,-0.64746,-2.00124,0.40221,0.77499,3.19806
0.75537,-3.18825,1.40283,1.29492,2.4525,5.33664,2.05029,-1.25568,-1.90314,1.68732,0.67689,5.45436
0.60822,-3.37464,0.31392,2.58984,1.24587,6.23916,1.99143,-1.58922,-1.2753,1.31454,-0.25506,3.17844
0.94176,-3.02148,0.73575,2.28573,0.04905,5.60151,1.84428,-1.42245,-2.86452,0.44145,-0.00981,3.50217
1.19682,-3.40407,1.35378,1.59903,1.25568,2.04048,1.65789,-0.90252,-2.32497,0.53955,-0.14715,4.00248
1.1772,-1.88352,1.34397,2.6487,1.50093,1.84428,1.57941,-1.16739,-2.85471,1.05948,1.12815,6.84738
1.40283,-0.31392,0.66708,4.47336,1.09872,1.16739,1.39302,-0.70632,-2.67813,0.43164,0.38259,5.84676
0.97119,-0.99081,0.53955,2.943,0.06867,-1.962,1.42245,-0.54936,-1.69713,-0.0981,0.84366,3.10977
1.30473,-0.11772,0.77499,2.71737,0.62784,-1.35378,1.13796,0.32373,-1.23606,-0.69651,-0.07848,3.96324
0.73575,1.54998,0.50031,2.33478,0.91233,0.6867,0.81423,-0.77499,-0.75537,-0.3924,0.17658,4.26735
0.48069,2.16801,0.2943,0.76518,-0.21582,-1.88352,0.62784,-1.06929,-0.3924,-0.5886,0.1962,2.7468
-0.22563,3.21768,0.48069,0.56898,-0.42183,-1.74618,0.59841,-0.85347,0.25506,-0.46107,0.55917,1.79523
-0.32373,3.28635,1.57941,1.78542,-1.38321,-2.79585,0.33354,-1.11834,1.16739,-0.99081,2.02086,3.10977
-0.73575,3.89457,0.35316,1.08891,-1.63827,-3.12939,0.67689,-1.2753,0.37278,0.15696,1.23606,3.86514
-0.79461,3.95343,0.34335,-0.43164,-2.41326,-4.0221,0.03924,-0.27468,0.95157,-0.89271,0.05886,1.52055
-0.94176,3.40407,0.52974,-0.31392,-2.86452,-4.15944,-0.05886,0.65727,0.95157,-0.77499,0.73575,1.7658
-1.20663,3.28635,0.57879,-1.01043,-3.26673,-2.16801,0.06867,-0.08829,1.55979,0.33354,0.24525,1.7658
-2.22687,3.03129,0.89271,-0.71613,-1.91295,-0.5886,-0.15696,0.61803,1.91295,1.24587,-0.20601,-0.50031
-2.49174,2.36421,0.08829,-3.64932,-1.83447,-1.64808,0.03924,1.02024,3.18825,1.06929,0.3924,-1.38321
-2.26611,2.63889,-0.14715,-3.5316,-2.34459,-0.44145,-0.1962,0.77499,3.91419,1.50093,0.45126,-1.73637
-2.41326,1.54017,1.41264,-2.90376,-3.00186,0.65727,-0.26487,-0.41202,3.11958,2.32497,-0.38259,-0.5886
-2.92338,1.4715,0.51993,-3.32559,-2.16801,-0.06867,-0.43164,0.37278,2.57022,2.61927,-0.50031,-0.81423
-2.22687,1.49112,-0.46107,-3.70818,-2.00124,-2.07972,-0.64746,1.51074,2.41326,2.87433,-0.69651,-1.33416
-1.99143,2.43288,0.96138,-1.01043,-0.92214,-0.52974,-0.94176,1.45188,2.58003,3.09015,0.43164,1.20663
-2.20725,1.38321,0.51012,0.26487,-1.13796,0.06867,-0.5886,0.87309,0.61803,3.19806,-1.01043,-0.35316
-1.4715,1.45188,0.23544,-1.09872,0.57879,0.14715,-1.33416,2.31516,1.09872,3.49236,-0.2943,-0.71613
-1.79523,1.51074,0.55917,-2.48193,1.14777,-2.48193,-1.4715,1.23606,1.29492,4.57146,0.59841,-1.92276
-1.09872,1.82466,0.81423,-0.96138,-0.11772,1.09872,-1.3734,0.8829,1.26549,3.86514,0.83385,0.99081
-0.59841,1.74618,1.71675,1.09872,-1.1772,2.00124,-0.59841,0.08829,1.05948,4.27716,-0.77499,0.51993
-0.4905,1.89333,1.23606,0.92214,1.38321,2.83509,-0.40221,0.36297,0.70632,2.97243,1.38321,1.3734
0.73575,2.52117,1.14777,2.47212,-0.41202,0.8829,-0.48069,-0.92214,0.81423,2.36421,1.60884,3.97305
0.51993,2.58003,0.76518,4.73823,-0.95157,2.13858,-0.40221,-0.45126,0.27468,1.75599,1.81485,5.04234
0.51012,2.05029,0.44145,3.86514,-0.8829,3.32559,-0.15696,-0.81423,-0.38259,1.58922,1.80504,3.99267
0.70632,0.92214,0.36297,4.64994,-1.55979,2.31516,0.00981,-0.96138,-0.59841,1.13796,1.84428,4.65975
1.05948,0.46107,-0.20601,4.48317,-0.02943,2.04048,0.75537,-1.58922,-1.06929,0.91233,2.04048,5.886
1.00062,-0.77499,0.02943,4.95405,-0.99081,6.16068,0.90252,-1.18701,-2.04048,0.66708,1.90314,4.85595
0.6867,-2.75661,-0.2943,4.0221,-2.36421,4.91481,1.21644,-1.55979,-1.71675,1.30473,2.96262,4.42431
0.6867,-4.00248,-0.72594,4.78728,0.92214,7.53408,1.78542,-1.32435,-1.06929,1.02024,2.41326,5.64075
0.57879,-3.55122,-1.15758,5.08158,-2.39364,6.05277,2.03067,-0.95157,-1.67751,0.981,3.31578,5.69961
0.51012,-3.69837,-0.44145,4.94424,-2.54079,5.03253,1.80504,-0.57879,-0.77499,0.26487,3.16863,4.62051
0.40221,-3.08034,-0.91233,3.28635,-2.33478,5.886,1.13796,0.0,-1.04967,0.86328,3.34521,5.54265
0.1962,-4.0221,-1.962,4.33602,-2.08953,6.01353,0.54936,0.56898,-0.56898,0.12753,2.82528,4.63032
-0.02943,-3.09015,-1.65789,3.22749,-0.75537,2.81547,0.51993,1.00062,-1.65789,0.51993,2.00124,4.67937
-0.34335,-3.71799,-1.10853,3.35502,0.14715,3.69837,0.34335,1.67751,-1.21644,1.59903,2.89395,3.7278
-0.83385,-3.4335,-0.36297,0.70632,-1.59903,3.42369,0.13734,2.32497,-1.88352,2.77623,3.3354,2.06991
-1.24587,-3.54141,-1.39302,1.25568,-0.01962,2.943,0.36297,2.24649,-0.1962,2.1582,3.29616,1.42245
-1.11834,-1.82466,-1.82466,0.59841,-1.11834,0.24525,-0.06867,2.38383,-0.44145,1.62846,2.40345,0.57879
-1.12815,-1.12815,-0.41202,0.86328,-1.2753,-0.11772,-0.5886,2.80566,0.85347,1.78542,3.77685,1.58922
-1.33416,-0.91233,0.36297,-1.41264,-1.73637,-0.26487,-1.06929,2.90376,0.44145,1.45188,2.37402,1.09872
-1.73637,0.0,-0.37278,-0.83385,-1.25568,1.7658,-1.23606,2.24649,2.13858,1.70694,1.90314,1.92276
-2.05029,0.14715,-0.18639,0.21582,-1.15758,-0.00981,-0.8829,1.57941,2.1582,-0.10791,2.06991,-0.17658
-0.99081,-0.82404,0.33354,-0.55917,-1.72656,0.85347,-1.0791,2.29554,3.14901,0.32373,1.70694,0.17658
-1.82466,-0.79461,0.46107,-2.34459,-2.32497,2.85471,-0.81423,0.51993,1.58922,0.38259,0.59841,-1.50093
-1.63827,-0.76518,-0.04905,-0.25506,-1.63827,4.00248,-0.15696,-0.13734,2.3544,0.64746,0.95157,-1.32435
-1.05948,-1.57941,0.18639,-0.42183,-1.42245,1.13796,0.13734,-0.3924,1.87371,0.23544,1.16739,-1.45188
-1.24587,-2.3544,1.03005,-1.48131,-0.99081,2.98224,0.40221,-0.89271,1.49112,-0.25506,1.19682,0.57879
-1.11834,-1.09872,0.34335,-2.17782,-2.32497,5.55246,0.34335,-0.93195,1.39302,0.57879,0.45126,0.77499
-1.01043,-0.84366,-0.55917,-0.06867,-2.20725,6.46479,0.60822,-1.11834,2.58984,0.5886,-0.02943,1.65789
-0.5886,-0.92214,-0.44145,-0.22563,-1.1772,5.20911,0.60822,-1.02024,1.51074,-0.08829,0.16677,1.92276
-0.24525,-2.54079,-0.26487,-0.04905,-0.31392,5.44455,0.48069,0.31392,1.05948,-0.06867,-0.1962,2.95281
-0.77499,-2.2563,-0.24525,0.63765,-1.89333,6.95529,0.84366,-0.31392,-0.60822,0.21582,0.02943,2.30535
-0.57879,-2.31516,-0.00981,1.44207,-1.70694,6.66099,1.16739,-0.03924,0.91233,-0.66708,0.36297,2.09934
0.10791,-0.55917,0.15696,0.2943,-0.38259,2.67813,0.89271,0.54936,-0.50031,0.55917,0.60822,1.57941
-0.17658,0.02943,0.17658,0.67689,0.25506,2.05029,0.85347,0.90252,-0.59841,-0.37278,-0.06867,0.83385
-0.981,0.24525,0.40221,1.0791,-1.49112,2.53098,0.55917,0.62784,-1.00062,-0.24525,0.74556,0.0
0.42183,1.4715,-0.44145,1.80504,0.71613,2.39364,0.76518,1.61865,-0.23544,-0.0981,0.60822,2.86452
0.3924,1.8639,0.77499,1.97181,0.65727,2.93319,-0.03924,0.56898,-1.25568,-0.83385,2.16801,1.50093
0.04905,2.23668,-0.24525,5.18949,0.43164,3.16863,0.30411,0.16677,-1.49112,-1.49112,2.21706,2.86452
0.48069,1.61865,0.84366,4.36545,-0.41202,4.63032,0.2943,0.12753,-2.13858,-1.44207,1.24587,0.42183
0.51993,0.83385,0.64746,4.84614,0.21582,3.86514,0.51993,0.00981,-2.02086,-1.54017,2.48193,1.87371
0.08829,0.59841,0.91233,5.07177,1.28511,4.24773,0.66708,-0.86328,-2.16801,-2.53098,2.81547,-0.81423
-0.0981,-0.10791,0.63765,5.67999,-0.42183,3.0411,0.97119,-1.92276,-1.40283,-2.5506,3.01167,-1.0791
0.03924,0.74556,1.03005,4.00248,-1.92276,2.71737,1.00062,-1.13796,-2.23668,-2.23668,0.08829,-0.35316
0.62784,1.03005,1.13796,5.44455,-0.0981,2.10915,0.86328,-1.77561,-1.54017,-2.59965,0.51993,0.34335
0.73575,1.13796,0.0,5.45436,0.74556,4.44393,1.02024,-2.85471,-2.67813,-2.36421,0.74556,1.38321
0.36297,0.53955,0.51012,5.47398,-0.50031,5.37588,1.32435,-1.92276,-2.79585,-1.57941,0.48069,2.28573
0.56898,1.21644,0.45126,3.69837,-1.70694,2.79585,1.75599,-0.75537,-2.71737,-0.93195,0.37278,4.5126
0.56898,1.42245,-0.75537,4.905,-2.51136,4.3164,1.962,-0.75537,-1.68732,-1.68732,0.92214,3.11958
0.50031,2.82528,-1.18701,4.49298,-1.55979,4.42431,1.99143,-1.08891,-2.02086,-1.34397,0.77499,2.58003
-0.02943,3.22749,-1.19682,1.65789,-3.1392,1.40283,1.23606,-0.13734,-1.19682,-1.25568,0.27468,2.11896
0.17658,2.76642,-0.47088,0.51012,-2.97243,2.23668,1.52055,0.65727,-1.99143,-2.0601,0.36297,1.45188
0.60822,3.58065,-0.7848,2.19744,-1.16739,-0.0981,1.48131,1.15758,-0.90252,-2.29554,-0.56898,0.35316
-0.03924,2.89395,-1.53036,0.52974,-2.0601,0.23544,0.93195,1.23606,-0.20601,-1.63827,-1.63827,0.90252
0.42183,3.59046,-1.70694,-1.65789,-3.78666,0.74556,0.48069,1.53036,0.80442,-1.34397,-1.62846,0.8829
0.32373,3.77685,-1.62846,-0.34335,-0.36297,-1.78542,0.37278,2.2563,0.61803,-1.18701,-1.962,1.54998
-0.01962,3.05091,-1.63827,0.74556,-1.74618,-1.02024,0.62784,1.50093,0.23544,-0.76518,-2.05029,1.52055
-0.52974,3.03129,-1.33416,-2.27592,-2.1582,-0.05886,-0.18639,1.28511,0.4905,0.41202,-1.11834,0.72594
-0.25506,3.96324,-1.33416,-2.20725,-1.08891,-0.99081,-0.65727,1.42245,1.70694,0.27468,-0.47088,0.07848
-0.61803,4.52241,-1.01043,-2.50155,-0.76518,-1.06929,-0.54936,0.59841,1.63827,0.65727,-1.40283,0.96138
-0.18639,3.36483,-0.54936,-2.21706,0.42183,-0.0981,-0.43164,0.46107,2.40345,0.72594,-3.16863,0.3924
-0.80442,2.95281,-0.07848,-2.943,-0.65727,0.63765,-0.6867,-0.92214,3.12939,0.83385,-2.61927,1.36359
0.32373,1.06929,-0.64746,-1.71675,-0.69651,1.75599,-0.34335,-0.981,2.58984,0.26487,-2.18763,-0.08829
0.22563,0.33354,-0.37278,0.11772,0.51012,1.74618,-0.77499,-0.97119,2.06991,0.90252,-1.91295,1.78542
-0.38259,-0.44145,0.1962,-0.11772,0.0,2.19744,-0.35316,-1.30473,1.13796,1.19682,-2.10915,2.2563
0.13734,0.99081,0.43164,-1.7658,-0.18639,3.48255,-0.40221,-2.02086,1.75599,0.8829,-0.00981,2.76642
0.0,2.23668,0.31392,-0.46107,-0.50031,3.50217,-0.48069,-1.80504,0.81423,1.6677,-0.99081,4.32621
0.72594,1.89333,0.48069,0.20601,-0.71613,3.31578,-0.33354,-1.36359,0.23544,2.19744,0.07848,4.84614
0.2943,2.14839,1.0791,-1.2753,-0.13734,2.36421,-0.43164,-1.35378,0.81423,1.14777,-1.50093,5.95467
0.72594,2.08953,0.94176,-0.52974,0.04905,2.65851,-0.44145,-1.70694,0.7848,-0.56898,-1.08891,4.55184
0.83385,1.73637,-0.00981,0.36297,0.30411,2.13858,-0.33354,-0.83385,-0.4905,-0.12753,-0.89271,4.13001
1.03986,-0.8829,1.31454,2.40345,0.35316,0.48069,-0.50031,-0.46107,0.05886,-0.8829,0.25506,3.63951
0.84366,0.23544,1.54998,1.60884,-0.34335,0.1962,-0.54936,-0.06867,-1.33416,-1.40283,0.27468,4.76766
1.19682,0.63765,1.08891,1.77561,1.08891,2.20725,-1.09872,-0.07848,-0.70632,-1.7658,2.23668,4.38507
0.62784,0.55917,1.52055,1.10853,0.75537,1.05948,-1.49112,1.10853,-0.84366,-0.91233,1.71675,2.60946
0.61803,1.3734,1.94238,1.58922,-1.3734,-0.03924,-1.94238,1.12815,-0.63765,-1.52055,1.98162,3.19806
0.89271,2.16801,1.80504,0.47088,-0.96138,-2.69775,-2.04048,0.56898,-0.74556,-1.79523,1.98162,4.49298
1.03005,0.92214,1.5696,1.03005,-1.04967,-0.74556,-2.20725,-0.32373,-0.50031,-2.72718,2.30535,2.51136
0.80442,-0.7848,1.7658,1.15758,-0.56898,0.30411,-2.19744,0.71613,-0.92214,-1.90314,1.42245,1.3734
0.8829,-0.76518,2.53098,1.15758,-1.04967,-1.03986,-2.14839,0.0,-0.50031,-3.19806,1.83447,1.34397
0.59841,-0.7848,2.14839,0.7848,-0.5886,0.0981,-2.31516,0.36297,-0.3924,-3.0411,1.77561,0.3924
1.28511,-0.48069,0.63765,0.53955,-0.56898,-1.98162,-2.04048,-0.1962,-0.65727,-3.00186,0.73575,0.10791
0.80442,0.75537,2.26611,0.08829,-2.43288,1.23606,-1.93257,0.32373,0.50031,-2.48193,1.89333,-0.95157
0.94176,0.26487,1.01043,-0.36297,-1.73637,-0.81423,-1.58922,0.51012,0.47088,-2.48193,1.1772,0.36297
0.70632,1.02024,0.76518,-1.46169,-2.24649,0.11772,-2.02086,0.67689,0.44145,-1.98162,0.51012,0.08829
1.31454,1.6677,0.44145,-2.59965,-3.35502,-1.97181,-1.13796,-0.43164,0.01962,-1.42245,-0.76518,0.40221
0.79461,0.42183,0.87309,-3.14901,-2.66832,1.59903,-1.10853,-1.15758,1.35378,-0.48069,-0.76518,0.72594
1.09872,0.96138,-0.32373,-4.54203,-2.99205,0.20601,-0.99081,-0.34335,1.1772,-0.34335,-0.03924,0.76518
1.84428,0.51012,-0.14715,-4.67937,-1.73637,3.47274,-0.56898,-0.59841,2.07972,-0.33354,-1.03005,0.13734
1.2753,1.5696,-0.67689,-3.78666,-0.99081,0.75537,-0.4905,-0.08829,1.25568,0.56898,-0.77499,1.11834
1.36359,2.19744,-0.48069,-3.22749,-2.30535,1.39302,-0.42183,0.55917,1.49112,0.17658,-0.55917,0.05886
1.28511,2.63889,-1.40283,-4.93443,-2.61927,-0.15696,-0.15696,0.70632,1.69713,1.43226,-1.962,-0.4905
1.58922,1.49112,-1.10853,-5.36607,-1.78542,2.02086,-0.00981,0.94176,2.03067,1.03005,-2.85471,-0.33354
1.18701,1.05948,-1.46169,-4.6107,-1.15758,1.46169,0.08829,0.82404,1.84428,1.7658,-2.1582,-0.89271
1.02024,1.20663,-1.54998,-4.6107,-0.53955,3.45312,0.07848,0.42183,2.36421,2.01105,-2.3544,-0.03924
0.45126,-0.10791,-1.71675,-4.15944,-1.03005,2.11896,-0.06867,0.23544,2.08953,2.16801,-1.85409,-1.5696
0.44145,-0.92214,-1.98162,-2.48193,-1.16739,2.33478,0.1962,-0.23544,1.94238,2.20725,-0.65727,-2.18763
0.06867,-1.34397,-1.32435,-1.11834,1.02024,-0.18639,-0.22563,0.42183,2.12877,2.10915,-0.18639,-0.93195
-0.2943,-0.62784,-2.11896,-2.05029,0.67689,1.65789,0.10791,0.74556,1.45188,2.79585,0.67689,-0.67689
-0.38259,-0.90252,-1.45188,-2.14839,1.16739,1.79523,-0.10791,-0.06867,1.15758,3.08034,0.05886,-0.75537
-0.20601,-0.90252,-1.54017,-1.29492,0.54936,3.09015,0.27468,1.59903,0.66708,1.54017,1.2753,-0.64746
-0.40221,-1.30473,-1.42245,-1.04967,0.47088,3.06072,-0.30411,0.8829,0.28449,0.99081,0.91233,0.76518
-0.8829,0.17658,-1.05948,-1.62846,2.2563,5.11101,-0.15696,1.08891,0.01962,1.77561,1.95219,1.72656
-0.60822,-1.34397,-0.81423,-0.40221,1.24587,4.17906,0.06867,0.60822,-0.32373,1.25568,2.81547,1.04967
-0.77499,-0.47088,0.01962,2.34459,-0.21582,4.27716,0.28449,0.74556,-0.75537,0.82404,3.79647,2.76642
-0.56898,-0.57879,0.00981,1.79523,2.44269,3.45312,-0.28449,1.68732,-0.63765,0.97119,5.43474,5.0031
-0.64746,0.44145,-0.15696,0.79461,2.2563,4.3164,-0.94176,1.45188,-0.81423,0.17658,4.5126,5.90562
0.38259,0.10791,0.24525,0.6867,1.41264,3.16863,-0.42183,1.03986,-1.1772,-0.48069,5.67999,6.71004
0.13734,0.44145,0.82404,1.62846,-0.52974,2.3544,-0.10791,1.61865,-2.05029,-1.64808,5.16006,6.98472
0.0,-0.0981,-0.34335,0.52974,-0.56898,3.34521,-0.33354,1.28511,-0.32373,-2.95281,4.17906,6.40593
0.56898,0.63765,0.0981,-1.62846,1.25568,2.65851,0.08829,0.44145,-1.20663,-2.8449,3.70818,5.76828
0.97119,0.83385,0.33354,0.0,-0.95157,1.87371,0.44145,0.5886,-1.16739,-3.75723,3.90438,4.32621
0.31392,1.16739,0.60822,-0.25506,-0.81423,2.943,0.08829,1.05948,-1.4715,-3.2373,5.08158,3.38445
0.27468,1.23606,0.16677,-0.44145,0.51012,1.77561,-0.40221,-0.00981,-0.51012,-3.89457,4.23792,3.3354
0.79461,1.87371,0.51012,-1.38321,0.11772,1.58922,-0.12753,0.76518,-0.4905,-3.77685,4.17906,3.77685
0.97119,2.76642,0.36297,0.17658,-0.54936,-0.981,0.02943,0.55917,-0.40221,-4.6107,4.05153,2.4525
0.67689,3.32559,-0.48069,-1.54017,-0.3924,-2.40345,-0.3924,0.06867,0.23544,-3.51198,3.00186,2.19744
0.60822,3.54141,-0.73575,-3.24711,0.11772,-3.3354,-0.85347,-1.41264,0.92214,-4.4145,1.80504,1.45188
1.12815,3.6297,0.24525,-5.47398,-0.10791,-1.67751,-0.13734,-1.90314,0.54936,-4.33602,2.42307,-0.69651
1.79523,4.79709,0.40221,-4.72842,0.15696,-2.04048,-0.26487,-1.59903,-0.12753,-2.97243,1.80504,-1.79523
1.1772,4.28697,-1.05948,-6.50403,0.85347,-0.70632,-0.53955,-1.41264,0.24525,-2.04048,1.57941,-2.21706
2.03067,3.65913,-0.44145,-7.5537,0.52974,-1.72656,-0.63765,-2.14839,1.22625,-2.42307,0.67689,-2.63889
1.77561,3.67875,0.28449,-6.26859,-0.56898,-0.76518,0.0981,-1.73637,0.52974,-1.85409,0.36297,-2.69775
1.69713,5.07177,-0.0981,-5.60151,0.00981,-2.14839,-0.10791,-0.94176,0.22563,-1.30473,0.24525,-2.63889
1.54017,5.0031,-1.94238,-6.56289,-0.03924,-2.37402,0.08829,-2.05029,1.83447,-1.53036,-0.03924,-0.13734
1.48131,4.59108,-0.08829,-6.35688,-0.18639,0.97119,0.0,-1.85409,1.73637,-1.71675,-0.82404,-0.92214
2.42307,4.88538,0.93195,-4.81671,-1.59903,0.82404,0.12753,-2.41326,1.06929,-2.06991,-0.74556,-1.10853
1.79523,3.88476,0.30411,-5.47398,-1.0791,1.01043,0.01962,-1.89333,0.90252,-2.04048,-1.85409,-3.11958
1.49112,4.06134,-0.16677,-3.5316,0.63765,1.21644,0.28449,-2.29554,1.25568,-2.32497,-1.13796,-3.19806
1.54998,2.70756,0.87309,-1.25568,-0.61803,0.05886,0.70632,-2.17782,1.11834,-2.86452,-2.39364,-3.58065
1.09872,3.10977,0.85347,-1.12815,-0.60822,2.06991,1.03986,-1.65789,0.54936,-2.51136,-2.29554,-3.14901
0.63765,2.19744,0.24525,-0.74556,0.32373,1.24587,0.6867,-0.74556,0.75537,-2.5506,-2.20725,-2.67813
0.28449,1.79523,0.01962,2.54079,0.10791,2.06991,1.00062,-0.71613,1.60884,-2.66832,-2.07972,-0.83385
-0.1962,1.29492,0.46107,3.28635,-2.01105,1.79523,0.77499,-0.97119,-0.4905,-2.57022,-2.71737,-1.21644
-0.6867,1.15758,0.64746,3.10977,-1.20663,0.71613,0.99081,-0.46107,-0.21582,-2.58003,-1.8639,-0.63765
-0.93195,0.89271,0.72594,4.64994,0.50031,-2.48193,0.50031,0.12753,0.24525,-2.06991,-0.73575,-0.03924
-0.7848,0.62784,0.21582,6.24897,0.48069,-0.38259,0.33354,-0.65727,0.04905,-1.98162,-0.24525,-0.57879
-1.03986,0.24525,-0.26487,4.81671,-0.89271,-0.46107,-0.33354,0.14715,-0.63765,-1.04967,-0.31392,-0.95157
-0.8829,1.0791,1.36359,3.84552,-0.4905,-0.69651,-0.41202,0.4905,-0.53955,0.02943,1.42245,-0.77499
-1.11834,-0.23544,0.3924,5.50341,0.0981,-0.72594,-0.61803,1.82466,0.60822,0.00981,2.14839,-0.87309
-1.12815,0.91233,0.44145,6.29802,-0.35316,0.08829,-1.34397,2.80566,0.48069,0.73575,2.23668,-0.25506
-0.99081,0.02943,0.0,3.97305,-1.54998,-0.90252,-1.44207,1.81485,0.0,0.81423,2.36421,0.00981
-0.59841,0.43164,0.66708,4.43412,-0.05886,-1.16739,-1.48131,2.62908,0.44145,-0.00981,3.8259,2.21706
-0.51993,0.981,0.3924,4.52241,-0.85347,-2.44269,-1.90314,2.98224,1.08891,0.31392,3.35502,3.06072
-0.26487,0.40221,0.51993,3.30597,-1.90314,-0.64746,-2.44269,2.26611,0.61803,0.08829,5.09139,4.45374
0.16677,0.84366,0.15696,1.02024,-1.84428,-0.33354,-2.58003,1.77561,0.56898,-1.45188,5.37588,3.22749
0.06867,0.81423,0.22563,1.62846,-1.77561,-0.37278,-2.82528,2.85471,0.28449,-1.6677,3.6297,3.39426
0.6867,0.90252,0.28449,0.87309,-1.69713,0.64746,-2.58003,1.8639,1.38321,-1.84428,3.83571,3.49236
0.87309,0.22563,0.51012,0.37278,-2.72718,0.86328,-2.52117,0.08829,1.35378,-2.31516,2.37402,3.02148
0.73575,-0.03924,0.01962,-0.22563,-2.43288,-0.16677,-1.70694,0.32373,0.38259,-3.5316,3.18825,1.97181
0.59841,0.60822,-0.34335,-0.96138,-2.66832,-0.84366,-0.87309,-0.51012,0.42183,-3.78666,2.39364,3.51198
1.57941,1.29492,0.01962,-1.19682,-2.02086,0.99081,-0.69651,-0.46107,1.03005,-3.79647,2.26611,3.00186
1.46169,0.91233,0.08829,-0.55917,-2.54079,-0.56898,-0.45126,-2.24649,1.22625,-3.87495,1.21644,2.90376
1.6677,0.08829,-0.03924,-2.1582,-2.00124,-0.28449,-0.03924,-2.80566,0.00981,-4.7088,1.21644,0.99081
1.75599,0.981,-0.59841,-1.73637,-2.56041,1.34397,0.20601,-1.88352,1.52055,-5.05215,0.82404,0.80442
2.30535,1.24587,0.31392,-1.21644,-1.95219,-0.77499,0.3924,-2.85471,1.30473,-4.10058,0.50031,1.44207
2.22687,1.962,-0.17658,-2.6487,-2.11896,0.03924,0.6867,-2.943,1.4715,-4.16925,-0.56898,0.42183
1.79523,1.95219,-0.69651,-3.1392,-1.09872,0.59841,0.67689,-2.42307,0.89271,-2.49174,-0.07848,-1.25568
2.24649,2.96262,-0.51993,-2.76642,-0.8829,1.14777,0.62784,-2.80566,2.29554,-2.40345,-1.04967,-2.86452
2.12877,2.48193,0.08829,-4.74804,-1.38321,1.12815,0.63765,-2.76642,2.10915,-0.6867,-1.29492,-3.46293
1.97181,3.0411,0.12753,-5.66037,-0.57879,1.5696,0.71613,-2.62908,1.54998,-1.05948,-1.42245,-3.85533
1.87371,2.59965,-0.24525,-4.87557,-0.11772,0.01962,0.46107,-2.03067,1.83447,-1.10853,-1.60884,-4.63032
2.22687,3.27654,-0.13734,-4.40469,-0.13734,0.23544,0.02943,-2.08953,2.12877,-1.23606,-1.53036,-2.83509
2.16801,2.30535,0.72594,-6.32745,-1.29492,-0.06867,-0.30411,-2.0601,0.8829,-1.81485,-1.62846,-3.08034
1.67751,1.72656,0.32373,-6.2784,-0.51993,-0.32373,-0.22563,-0.89271,1.01043,-2.18763,-2.98224,-2.19744
0.90252,0.40221,-0.37278,-4.60089,-0.18639,0.44145,-0.30411,-0.01962,1.13796,-1.29492,-1.39302,-3.02148
0.26487,0.37278,0.42183,-4.55184,-1.09872,-1.03986,-0.3924,-0.02943,0.64746,-1.71675,-1.39302,-1.68732
-0.20601,-0.61803,1.14777,-4.62051,-0.90252,-1.45188,-0.21582,-0.01962,-0.06867,-1.94238,-1.93257,-1.06929
-0.69651,-0.67689,-0.13734,-3.52179,0.12753,-1.54017,-0.28449,1.60884,-0.51993,-1.40283,-2.26611,-0.70632
-0.77499,0.74556,0.23544,-1.16739,1.35378,0.44145,0.00981,1.15758,-2.12877,-1.61865,-1.45188,-0.50031
-0.60822,-0.85347,1.26549,-1.67751,-0.22563,-0.34335,-0.26487,0.62784,-1.80504,-1.67751,-0.25506,1.28511
-0.981,-0.63765,0.87309,-1.34397,-0.76518,-0.26487,-0.00981,0.92214,-2.31516,-2.26611,-1.21644,1.0791
-0.34335,-1.03986,0.52974,-0.86328,0.16677,-1.3734,0.01962,3.08034,-1.80504,-2.58984,-1.25568,1.45188
-0.26487,-1.05948,0.14715,0.83385,-0.59841,-2.65851,0.17658,2.41326,-1.79523,-2.79585,0.10791,2.57022
-0.35316,-2.43288,-0.02943,-0.32373,0.6867,-3.07053,0.16677,1.52055,-1.12815,-2.30535,0.59841,4.77747
-0.71613,-0.91233,0.44145,-0.42183,-0.48069,-2.80566,-0.15696,2.59965,-0.43164,-1.19682,-0.51993,5.27778
-0.00981,-0.13734,-0.82404,-0.71613,0.981,-2.39364,-0.14715,3.94362,-0.08829,-0.46107,1.26549,5.11101
0.03924,1.40283,-1.09872,0.22563,0.20601,-1.88352,-0.51993,2.69775,-0.36297,0.51993,2.46231,5.87619
0.57879,1.61865,-0.20601,-0.01962,0.67689,-1.31454,-1.3734,2.87433,0.41202,0.60822,2.49174,5.3955
0.54936,2.86452,-0.31392,-2.02086,0.42183,-0.71613,-1.67751,3.39426,0.10791,0.64746,2.41326,5.27778
1.24587,2.92338,-1.34397,-1.05948,0.0981,-1.92276,-1.73637,4.00248,0.37278,0.40221,1.88352,5.20911
1.30473,1.16739,-0.99081,-0.53955,-0.8829,-4.01229,-1.60884,2.87433,0.20601,0.17658,2.5506,5.31702
1.54017,0.70632,-0.981,-1.65789,-1.42245,-3.75723,-1.39302,1.49112,1.52055,-0.60822,1.35378,5.91543
1.53036,0.22563,-1.81485,-3.71799,-1.14777,-3.85533,-1.18701,1.6677,0.85347,-0.43164,1.89333,4.77747
1.57941,-0.42183,-1.42245,-2.943,-0.24525,-5.17968,-1.01043,0.95157,1.38321,-0.92214,3.63951,4.48317
0.86328,0.95157,-1.60884,-3.46293,-1.32435,-4.08096,-0.65727,-0.55917,1.55979,-0.3924,1.73637,4.30659
0.63765,1.08891,-1.54017,-2.33478,-1.91295,-2.72718,-0.99081,-0.40221,0.69651,-0.50031,1.23606,2.46231
0.67689,1.74618,-1.30473,-2.65851,-1.18701,-2.32497,0.12753,-0.73575,-0.02943,-1.58922,0.66708,1.2753
0.77499,2.30535,-1.29492,-4.0221,0.07848,-3.24711,0.57879,-0.45126,0.81423,-0.59841,1.16739,1.54017
0.32373,3.39426,-0.31392,-3.4335,-0.56898,-2.36421,0.73575,-2.00124,-0.01962,-1.80504,0.3924,0.05886
0.56898,2.23668,-0.14715,-2.00124,-1.88352,-1.87371,1.32435,-2.13858,0.7848,-2.68794,-0.50031,-1.03005
0.981,2.69775,-1.18701,-2.97243,-1.12815,-1.59903,2.44269,-2.41326,1.19682,-2.70756,-1.34397,-3.57084
0.80442,2.37402,-0.42183,-3.27654,-1.05948,-1.38321,2.6487,-2.77623,0.86328,-2.70756,-1.6677,-2.69775
0.77499,2.43288,0.01962,-2.63889,-0.1962,0.10791,3.36483,-2.09934,1.8639,-2.91357,-1.6677,-1.25568
1.08891,2.76642,-0.70632,-2.37402,-0.89271,1.00062,3.3354,-1.4715,0.83385,-1.40283,-2.52117,-3.39426
1.23606,4.10058,0.03924,-3.25692,-0.77499,2.02086,3.14901,-1.13796,0.77499,-2.76642,-4.11039,-3.18825
1.08891,4.35564,-0.73575,-3.54141,-0.01962,2.27592,3.48255,-1.03986,0.6867,-1.24587,-2.32497,-2.79585
0.70632,4.33602,0.02943,-1.88352,-0.20601,3.86514,2.98224,-0.16677,0.51012,-1.7658,-2.76642,-3.16863
1.43226,3.09015,-0.48069,-2.0601,0.01962,3.71799,3.00186,-0.44145,0.41202,-1.88352,-2.88414,-3.0411
1.29492,2.19744,-1.22625,-2.0601,0.54936,2.61927,2.51136,-0.16677,1.54998,-1.1772,-2.30535,-2.11896
0.51012,2.32497,-0.77499,-1.83447,1.04967,1.70694,2.0601,-0.92214,-0.45126,-0.30411,-2.75661,-0.94176
0.981,1.09872,-0.03924,-1.20663,-0.41202,3.44331,1.6677,0.15696,-0.23544,-0.3924,-3.03129,0.85347
0.17658,0.23544,-1.69713,-0.5886,-1.18701,2.08953,1.53036,0.05886,-0.71613,-0.79461,-0.7848,0.82404
-0.34335,0.77499,-0.31392,-1.41264,-0.48069,2.96262,1.34397,-0.01962,-0.93195,-0.34335,-0.08829,1.52055
-0.50031,1.09872,-0.44145,-1.78542,-0.23544,-0.67689,0.62784,1.21644,-1.73637,-0.26487,0.47088,2.08953
-0.57879,1.42245,-0.14715,-1.85409,-0.31392,-2.22687,0.72594,1.84428,-1.46169,0.23544,-0.69651,2.21706
-0.15696,1.02024,-0.12753,-0.10791,0.0,-0.96138,0.23544,1.0791,-2.11896,-1.44207,-0.47088,3.96324
-0.63765,0.7848,0.23544,-0.2943,0.50031,-3.38445,0.24525,1.10853,-1.84428,0.01962,0.56898,3.61008
-0.25506,0.50031,0.36297,0.61803,0.79461,-4.20849,0.48069,1.75599,-2.61927,-0.33354,1.65789,3.31578
0.55917,-0.20601,1.23606,0.17658,0.13734,-2.2563,0.30411,0.94176,-2.09934,0.10791,1.68732,4.18887
0.16677,0.73575,0.79461,-1.24587,-0.22563,-2.53098,0.45126,1.16739,-1.11834,-1.06929,1.50093,4.38507
-0.03924,2.06991,0.4905,-1.16739,-0.08829,-1.05948,0.14715,1.24587,-0.45126,-0.67689,1.08891,3.77685
0.54936,1.89333,1.18701,-0.65727,-0.07848,-1.79523,0.04905,2.2563,-2.17782,-0.89271,1.11834,3.51198
0.7848,1.62846,0.72594,-1.54017,0.40221,-0.42183,0.28449,1.90314,-1.30473,0.0981,0.2943,4.26735
1.45188,1.67751,0.15696,-0.59841,0.11772,1.12815,0.13734,1.78542,-0.67689,-0.93195,-1.03005,3.61989
1.24587,2.02086,0.51993,-0.63765,-1.10853,-0.64746,-0.54936,1.28511,-0.14715,0.04905,-0.14715,3.924
2.31516,1.55979,0.86328,-0.72594,-1.0791,-2.33478,-0.92214,1.15758,0.02943,0.23544,-0.55917,2.82528
2.4525,0.76518,0.61803,-0.99081,0.40221,0.45126,-1.11834,-0.27468,0.97119,-0.01962,-1.02024,4.64013
1.98162,0.02943,-0.53955,0.43164,-0.80442,0.71613,-1.04967,-0.30411,0.70632,0.42183,-1.23606,3.0411
2.03067,1.42245,-0.43164,-1.11834,-2.32497,-0.54936,-0.84366,-1.65789,1.52055,0.31392,-0.8829,2.83509
1.65789,1.14777,-0.42183,-0.51012,-2.7468,-1.06929,-1.02024,-2.08953,0.63765,-0.08829,-1.30473,3.00186
1.0791,1.31454,-0.63765,0.15696,-1.05948,0.33354,-0.99081,-2.83509,1.30473,0.8829,-1.6677,3.20787
1.01043,1.91295,-0.89271,-0.2943,0.0981,-0.92214,-0.57879,-2.28573,1.09872,0.55917,-1.91295,3.4335
0.66708,0.8829,-0.73575,-1.34397,-1.97181,-3.16863,-0.31392,-3.30597,0.63765,0.59841,-1.79523,2.11896
0.48069,0.91233,-0.56898,1.21644,-1.962,-2.59965,0.23544,-3.48255,-0.35316,1.08891,-1.52055,1.67751
0.63765,-0.50031,0.23544,1.62846,-0.38259,-2.05029,0.24525,-3.60027,1.08891,1.71675,-1.38321,0.94176
0.0981,-1.61865,0.24525,-0.54936,-1.41264,0.13734,0.37278,-3.19806,0.42183,1.82466,-2.8449,0.07848
1.09872,-0.80442,0.33354,-0.31392,-1.51074,-1.03005,1.15758,-3.44331,0.10791,0.89271,-1.65789,-0.91233
0.40221,-0.61803,0.3924,1.65789,-0.48069,-2.23668,1.50093,-2.40345,0.75537,0.31392,-1.64808,-1.54017
0.20601,-1.20663,0.59841,0.92214,0.43164,0.95157,1.94238,-2.53098,0.18639,0.53955,-1.40283,-1.8639
0.77499,-1.13796,-0.25506,-0.82404,0.45126,-0.73575,2.2563,-2.04048,0.60822,1.10853,-1.97181,-2.93319
0.81423,-0.99081,-0.86328,-0.16677,0.35316,0.18639,2.79585,-1.09872,0.31392,0.3924,-1.41264,-1.48131
0.89271,-1.1772,0.38259,0.44145,0.84366,0.79461,2.71737,0.10791,-0.64746,0.21582,-1.63827,-0.13734
0.85347,-2.17782,-0.40221,1.03986,0.28449,1.05948,2.63889,0.71613,0.71613,0.6867,-1.67751,-0.42183
1.38321,-2.89395,0.05886,1.54017,0.05886,2.86452,2.6487,1.74618,-0.4905,0.60822,-1.23606,-1.46169
0.87309,-2.83509,0.15696,1.63827,-0.01962,2.05029,2.97243,1.65789,-0.53955,0.54936,-2.31516,-0.44145
1.29492,-1.77561,0.07848,3.55122,0.90252,1.00062,2.54079,2.06991,-0.34335,0.70632,-1.05948,-0.0981
0.6867,0.2943,-0.6867,0.72594,0.21582,2.63889,1.962,1.43226,0.24525,0.96138,-1.54017,1.20663
1.16739,0.89271,-0.38259,1.0791,0.12753,0.97119,1.95219,2.00124,-2.34459,0.94176,-1.2753,0.94176
0.81423,1.93257,-0.40221,1.05948,-0.4905,-1.60884,1.82466,2.07972,-1.52055,-0.03924,-2.16801,2.97243
0.83385,1.19682,-1.02024,2.03067,1.14777,-1.20663,1.52055,1.67751,-1.05948,-0.13734,-1.23606,5.06196
1.03005,0.981,-0.61803,0.0981,0.50031,-2.943,1.09872,1.45188,-1.20663,1.73637,0.57879,4.54203
0.50031,0.5886,0.31392,0.43164,0.21582,-1.85409,0.84366,2.50155,-0.81423,0.52974,2.90376,3.6297
0.3924,-0.18639,0.74556,0.16677,-0.5886,-2.85471,0.61803,2.46231,-1.73637,1.50093,1.28511,2.72718
0.32373,0.20601,0.62784,-0.51012,1.98162,-2.07972,0.0,2.22687,-0.44145,1.54017,1.15758,1.77561
0.61803,1.58922,0.10791,-2.21706,0.8829,-3.17844,-0.13734,1.38321,-0.92214,1.94238,3.57084,1.09872
0.90252,1.52055,1.70694,-1.92276,1.85409,-1.80504,-0.23544,1.78542,-0.82404,1.04967,3.41388,1.01043
1.06929,2.13858,0.86328,-2.1582,1.21644,-2.5506,-1.0791,1.50093,-0.42183,0.48069,1.58922,1.46169
1.39302,2.32497,0.37278,-3.58065,2.3544,-2.14839,-1.3734,0.80442,1.04967,-0.20601,2.09934,0.96138
1.03005,2.69775,0.89271,-4.28697,1.63827,-2.39364,-1.36359,1.78542,0.13734,0.65727,2.943,1.49112
1.64808,1.94238,1.3734,-3.8259,1.60884,-1.49112,-1.78542,2.00124,1.34397,0.1962,3.65913,0.96138
1.25568,0.81423,0.17658,-4.20849,2.3544,0.57879,-1.90314,0.0,1.41264,0.12753,2.73699,0.5886
1.71675,1.79523,0.51012,-3.93381,2.96262,0.4905,-1.44207,-0.35316,0.95157,0.52974,1.46169,-0.86328
1.1772,3.51198,-0.02943,-1.78542,1.72656,0.73575,-2.16801,-0.23544,1.64808,0.97119,1.38321,-1.42245
0.64746,3.15882,0.0981,-0.28449,3.69837,0.50031,-2.11896,-1.04967,1.44207,-0.02943,2.41326,0.46107
0.6867,3.48255,-0.981,-0.34335,2.76642,1.44207,-2.22687,-2.20725,1.15758,0.20601,-1.65789,-0.05886
0.15696,4.72842,-1.01043,0.4905,2.2563,-0.50031,-1.98162,-2.23668,0.27468,-0.35316,-0.42183,-0.72594
-0.48069,6.0822,-1.53036,0.14715,0.90252,1.21644,-2.49174,-2.14839,0.87309,-0.46107,-2.88414,1.29492
-0.64746,4.46355,-1.12815,0.66708,1.52055,-0.20601,-2.17782,-2.62908,0.3924,0.28449,-3.52179,2.59965
-0.02943,4.20849,-1.29492,0.25506,-0.13734,0.35316,-0.95157,-3.39426,0.53955,0.85347,-1.52055,2.11896
-0.46107,4.6107,-1.40283,0.02943,0.63765,0.24525,-0.86328,-3.15882,-0.41202,0.07848,-3.48255,0.79461
-0.44145,3.54141,-0.64746,0.0981,0.69651,-1.81485,-1.12815,-2.51136,-0.45126,1.12815,-2.38383,1.38321
0.10791,2.6487,-0.5886,-0.03924,1.1772,-1.69713,-0.80442,-2.75661,0.50031,0.85347,-0.93195,1.03986
0.00981,2.04048,-1.31454,-0.4905,-0.32373,0.12753,-0.3924,-1.93257,-0.86328,0.71613,-1.962,0.4905
-0.2943,1.51074,-1.6677,0.79461,-0.91233,1.05948,0.06867,-0.71613,-1.74618,0.3924,-2.89395,0.80442
0.25506,2.40345,-0.89271,2.1582,0.56898,0.05886,-0.31392,1.01043,0.66708,0.69651,0.16677,2.40345
0.7848,1.04967,-0.61803,0.10791,0.52974,1.26549,0.59841,1.24587,-1.23606,0.67689,-2.05029,2.33478
0.83385,2.04048,-1.19682,-0.42183,-1.40283,-1.2753,1.15758,1.73637,-0.81423,0.07848,-2.17782,1.2753
0.60822,2.05029,-0.91233,0.43164,-0.66708,1.98162,1.71675,2.6487,-1.22625,0.08829,-0.33354,1.05948
1.60884,1.53036,-1.69713,0.41202,0.8829,0.73575,1.26549,3.32559,-0.32373,0.35316,-0.1962,1.22625
2.16801,2.48193,-1.64808,-0.24525,0.54936,-0.5886,1.94238,3.60027,0.17658,-0.03924,0.53955,0.96138
1.59903,2.91357,-1.82466,0.74556,0.981,-0.83385,1.48131,4.01229,-0.35316,-0.83385,0.08829,0.64746
1.4715,2.79585,-2.3544,1.74618,0.28449,0.83385,1.82466,4.27716,-0.65727,-0.18639,-0.11772,1.04967
1.48131,2.21706,-2.48193,1.79523,0.65727,-1.64808,1.04967,4.59108,-0.1962,-0.21582,1.28511,1.42245
1.4715,2.58984,-2.63889,1.54017,0.36297,0.01962,1.01043,3.32559,-1.19682,-0.06867,0.42183,0.70632
0.981,2.69775,-1.95219,2.1582,0.10791,-2.52117,0.91233,2.76642,-0.31392,-0.30411,-0.82404,2.42307
0.8829,3.35502,-1.4715,2.87433,0.1962,-0.03924,1.43226,1.92276,-1.2753,0.8829,0.64746,2.18763
0.73575,3.50217,-1.23606,2.1582,0.51993,-0.63765,0.54936,0.94176,-0.75537,0.48069,1.69713,1.77561
0.25506,3.61008,-0.981,0.77499,-0.37278,-2.11896,0.04905,0.61803,-0.60822,0.7848,-0.3924,1.73637
0.03924,3.3354,0.47088,0.24525,-0.95157,-4.55184,0.0,0.05886,0.63765,-0.06867,0.1962,0.1962
0.2943,2.73699,-0.2943,1.36359,-0.04905,-0.54936,-0.65727,-0.20601,-0.7848,0.4905,0.27468,0.20601
0.0981,1.79523,0.73575,0.40221,-0.41202,-2.42307,-1.52055,0.27468,-0.13734,0.16677,0.10791,-1.20663
-0.51993,1.24587,1.62846,-1.14777,-0.69651,-0.46107,-1.88352,0.26487,0.66708,0.10791,2.53098,-0.54936
-0.4905,0.71613,1.00062,-0.02943,0.08829,-0.26487,-2.1582,-1.22625,1.21644,0.75537,1.7658,1.44207
0.01962,0.89271,2.28573,0.0,0.54936,2.90376,-1.95219,-1.49112,0.45126,1.84428,1.05948,-1.42245
-0.05886,1.2753,2.27592,-1.54017,0.20601,1.25568,-1.84428,-1.962,1.15758,1.39302,1.79523,0.06867
-0.56898,0.34335,1.95219,-2.28573,-0.71613,0.69651,-2.0601,-3.12939,2.87433,1.63827,2.46231,-0.47088
-0.17658,0.80442,1.32435,-2.34459,0.81423,-0.81423,-2.32497,-3.50217,2.85471,1.70694,0.95157,-1.11834
-0.11772,0.80442,1.15758,-2.69775,1.49112,2.51136,-2.1582,-3.1392,3.11958,2.13858,1.38321,-1.49112
-0.93195,0.56898,-0.04905,-3.03129,1.12815,0.89271,-2.51136,-3.924,3.15882,2.36421,0.46107,-1.64808
-1.42245,0.47088,0.84366,-2.65851,1.3734,1.03986,-1.90314,-3.34521,2.80566,2.1582,1.23606,-1.61865
-1.02024,1.21644,-0.79461,-1.22625,1.71675,3.42369,-1.10853,-4.05153,1.962,2.48193,0.34335,0.27468
-1.13796,1.1772,-0.30411,-0.64746,1.04967,3.10977,-0.53955,-5.2974,1.75599,3.01167,-0.76518,-0.60822
-1.31454,0.84366,-0.51012,-0.81423,1.08891,2.88414,-0.38259,-6.16068,3.60027,3.40407,-0.77499,-1.32435
-0.59841,0.46107,-1.75599,0.62784,1.15758,0.21582,-0.34335,-5.64075,1.75599,2.26611,-0.06867,0.33354
-0.53955,0.8829,-2.23668,0.95157,-0.07848,-0.43164,0.23544,-5.36607,0.62784,2.21706,-1.20663,-0.06867
-0.26487,-1.21644,-1.70694,1.09872,0.24525,-0.44145,0.72594,-4.2183,1.28511,2.32497,-1.84428,-0.60822
-0.61803,-1.88352,-2.37402,1.54998,0.0981,0.22563,0.21582,-3.87495,1.59903,2.2563,-1.83447,0.71613
-0.00981,-1.28511,-2.21706,2.73699,-1.20663,0.30411,1.40283,-2.76642,0.85347,1.59903,-2.60946,0.65727
0.18639,-0.44145,-1.67751,3.30597,-0.74556,-0.59841,1.78542,-2.92338,-0.92214,1.92276,-2.33478,0.73575
-0.38259,-1.25568,-2.72718,3.55122,-0.5886,0.23544,1.6677,-2.26611,1.6677,2.65851,-2.32497,0.81423
0.31392,-0.81423,-2.30535,2.31516,-1.99143,-0.75537,2.05029,-1.99143,0.31392,1.65789,-0.42183,0.00981
1.19682,-0.52974,-1.16739,3.79647,-0.28449,-2.02086,2.60946,-0.36297,0.04905,2.44269,-0.18639,0.46107
1.48131,-1.09872,-1.54017,3.80628,-0.10791,-2.75661,2.52117,0.97119,-1.38321,1.13796,-1.46169,0.65727
1.09872,-2.52117,-2.16801,2.62908,-0.46107,-3.19806,3.18825,2.03067,-0.67689,2.52117,-0.93195,-0.15696
1.50093,-2.16801,-1.93257,1.10853,-0.25506,-3.78666,2.6487,3.80628,-0.66708,1.58922,0.63765,1.21644
1.25568,-0.66708,-1.49112,3.41388,0.34335,-2.97243,3.4335,3.63951,-1.06929,1.98162,0.63765,1.04967
1.61865,-0.57879,-1.85409,2.47212,1.46169,-4.99329,3.42369,3.98286,-0.76518,2.43288,0.69651,1.94238
0.91233,0.30411,-1.35378,3.74742,2.3544,-4.38507,2.93319,3.60027,-0.71613,3.77685,0.33354,3.12939
0.80442,1.69713,-2.4525,2.57022,0.93195,-4.45374,2.61927,3.60027,-0.7848,2.96262,2.61927,2.69775
0.65727,1.78542,-1.90314,3.79647,1.99143,-2.26611,2.98224,3.00186,-1.75599,2.68794,0.36297,1.02024
-0.0981,2.0601,-1.83447,3.05091,1.59903,-2.20725,2.66832,3.02148,-1.82466,2.30535,-0.24525,1.63827
0.15696,2.22687,-1.58922,2.33478,1.30473,-2.36421,2.10915,3.10977,-1.63827,2.26611,-0.53955,0.81423
-0.1962,1.35378,-1.46169,1.01043,2.73699,-1.3734,1.65789,2.88414,-2.57022,1.1772,0.45126,-0.79461
-0.60822,1.05948,-1.08891,2.42307,1.4715,-1.22625,1.1772,1.93257,-2.11896,1.60884,1.54998,-1.02024
-0.46107,0.97119,-0.36297,2.27592,0.80442,-2.39364,0.95157,1.51074,-2.27592,2.09934,-0.30411,0.16677
-0.63765,0.92214,-0.32373,1.38321,1.45188,1.64808,0.18639,0.40221,-1.1772,2.71737,0.62784,-0.3924
-0.5886,2.19744,-0.61803,2.04048,1.68732,-0.08829,-0.25506,-1.01043,-1.30473,3.52179,1.16739,-0.54936
-0.89271,1.77561,0.07848,2.32497,0.44145,2.3544,-0.93195,-1.53036,-0.77499,3.0411,0.2943,-0.38259
-1.13796,2.58984,0.50031,1.80504,0.17658,1.59903,-1.15758,-1.68732,0.04905,3.60027,-1.04967,-1.2753
-1.01043,1.49112,-0.40221,0.28449,0.59841,2.48193,-1.64808,-2.47212,-0.00981,3.16863,-0.5886,-2.86452
-1.51074,1.54998,0.17658,-0.25506,2.29554,0.69651,-2.14839,-2.12877,-0.24525,2.0601,-0.62784,-3.07053
-1.42245,1.70694,-0.04905,-0.40221,1.31454,2.09934,-1.83447,-2.78604,-0.60822,2.58984,-0.00981,-3.55122
-1.36359,3.11958,0.24525,0.60822,1.24587,4.28697,-1.54017,-2.44269,0.84366,2.32497,-1.25568,-2.75661
-1.22625,2.36421,-0.21582,0.30411,1.16739,1.72656,-1.10853,-2.88414,0.54936,1.93257,-0.26487,-2.54079
-1.38321,3.86514,-0.40221,-0.01962,1.83447,1.88352,-0.81423,-3.06072,0.69651,2.00124,0.981,-0.11772
-1.63827,5.15025,-0.81423,0.50031,1.38321,3.16863,-0.67689,-2.76642,0.99081,2.44269,1.31454,0.1962
-1.36359,5.38569,-0.54936,1.25568,0.94176,2.65851,-0.13734,-2.66832,0.84366,2.08953,-0.35316,-0.50031
-1.53036,4.50279,-1.94238,1.03986,1.6677,-0.13734,0.42183,-1.94238,1.0791,1.77561,0.02943,-0.03924
-1.4715,5.02272,-1.99143,-0.73575,2.61927,0.26487,0.64746,-1.53036,0.24525,0.23544,-1.55979,0.96138
-0.89271,7.19073,-1.75599,0.60822,0.7848,0.66708,1.29492,-1.52055,1.03005,0.15696,-1.88352,2.23668
-0.73575,5.93505,-3.0411,0.99081,0.67689,0.87309,1.59903,-0.76518,-0.28449,-0.54936,-0.93195,2.2563
-0.56898,6.46479,-2.4525,0.77499,0.73575,0.45126,1.58922,-0.56898,0.10791,-1.13796,0.22563,3.83571
-0.03924,6.58251,-3.49236,0.22563,1.72656,-0.00981,2.23668,-0.56898,-1.53036,0.02943,-1.5696,5.21892
0.55917,6.04296,-2.58984,2.36421,-0.06867,-0.85347,1.78542,0.47088,0.14715,1.06929,0.14715,5.07177
0.63765,4.01229,-3.79647,2.71737,0.02943,-0.03924,2.43288,1.72656,-1.82466,1.71675,-1.93257,3.22749
0.61803,2.61927,-2.28573,2.98224,0.54936,-2.3544,2.71737,2.27592,-0.22563,2.44269,-1.45188,3.4335
1.78542,2.22687,-2.943,2.21706,1.63827,-3.67875,2.80566,2.78604,-0.0981,2.48193,-2.943,3.90438
1.7658,0.99081,-1.74618,4.67937,0.32373,-2.44269,2.73699,2.61927,0.71613,2.96262,-2.38383,4.26735
1.962,0.84366,-1.85409,4.86576,-0.07848,-4.2183,2.44269,2.1582,0.84366,3.52179,-2.27592,3.3354
2.52117,1.67751,-0.64746,3.85533,0.21582,-2.81547,2.5506,2.30535,0.1962,3.79647,-2.00124,3.55122
3.26673,2.26611,-1.62846,2.91357,1.52055,-2.04048,2.39364,3.15882,0.67689,3.75723,-2.89395,4.72842
2.49174,0.0,-1.14777,4.72842,2.07972,-2.06991,1.61865,2.57022,0.28449,4.6107,-3.83571,3.4335
2.3544,1.13796,-1.01043,4.01229,2.39364,0.62784,1.6677,2.28573,0.24525,5.51322,-2.12877,1.46169
2.63889,1.20663,-0.38259,4.00248,3.32559,-1.95219,1.83447,2.5506,0.41202,5.16006,-0.76518,0.77499
1.72656,1.04967,0.11772,3.05091,2.63889,-2.30535,1.50093,3.24711,0.62784,5.44455,-1.80504,0.20601
1.04967,1.3734,0.76518,3.81609,2.76642,-3.44331,1.64808,2.4525,1.31454,5.90562,-2.26611,-1.67751
0.48069,3.46293,0.99081,5.16006,3.91419,-2.65851,1.67751,3.68856,0.53955,5.24835,-2.16801,-2.63889
0.67689,4.22811,0.97119,3.94362,2.63889,-2.87433,1.5696,3.24711,0.89271,4.905,-0.42183,-0.89271
-0.03924,5.16987,0.52974,3.08034,3.07053,0.73575,1.4715,2.50155,0.90252,3.88476,-0.93195,-1.52055
-0.52974,4.98348,0.0,2.98224,3.02148,-1.32435,0.26487,2.63889,0.92214,3.61989,-1.88352,-2.29554
-1.21644,6.23916,0.17658,3.71799,2.50155,-0.14715,0.92214,2.21706,0.41202,3.71799,0.63765,-3.29616
-1.58922,5.81733,-0.22563,2.90376,3.3354,-0.91233,-0.07848,1.54017,-1.54998,3.44331,0.74556,-4.97367
-2.31516,3.71799,-0.02943,3.77685,3.31578,0.77499,-0.16677,1.73637,-0.30411,3.41388,-0.95157,-5.12082
-2.66832,3.03129,-0.34335,3.95343,3.31578,-0.56898,-0.14715,0.48069,-2.22687,3.73761,-2.07972,-6.79833
-2.69775,4.68918,-0.08829,5.13063,3.68856,3.50217,-0.42183,0.12753,-1.32435,3.21768,1.00062,-5.86638
-2.43288,3.17844,-1.34397,4.85595,3.09996,2.37402,-0.37278,-0.53955,-1.54017,1.51074,1.49112,-5.28759
-2.36421,1.95219,-1.14777,3.75723,2.69775,3.25692,-0.3924,0.01962,-0.33354,1.38321,0.59841,-3.8259
-1.97181,2.0601,-1.22625,3.45312,2.93319,1.78542,-0.84366,-1.21644,-1.53036,0.79461,0.80442,-2.7468
-2.42307,2.12877,-1.41264,2.62908,2.95281,3.18825,-0.42183,-1.77561,-0.83385,0.26487,0.15696,-2.61927
-2.04048,0.59841,-1.70694,1.55979,3.0411,1.6677,-0.77499,-2.18763,-0.72594,-0.77499,0.54936,-2.20725
-2.30535,-0.76518,-1.09872,1.71675,2.75661,2.943,-1.00062,-2.42307,0.81423,-0.50031,-0.71613,-1.61865
-1.8639,-1.05948,-0.89271,1.83447,2.54079,1.34397,-0.51993,-2.71737,-0.56898,-1.65789,0.24525,0.51012
-1.02024,0.50031,-1.64808,2.06991,1.962,2.48193,-0.42183,-2.943,-0.0981,-1.50093,0.01962,2.31516
-1.50093,0.13734,-1.75599,2.2563,1.88352,1.21644,0.14715,-3.10977,0.4905,-1.79523,1.78542,2.75661
-0.81423,-0.92214,-1.34397,2.6487,1.87371,1.44207,0.45126,-2.56041,1.7658,-1.67751,0.69651,3.66894
-0.32373,-1.46169,-1.85409,3.26673,1.93257,1.44207,0.7848,-1.54017,0.2943,-2.0601,-0.41202,4.58127
0.0981,-0.08829,-1.77561,1.77561,2.10915,2.41326,1.6677,-0.46107,0.16677,-2.18763,-0.61803,5.48379
-0.26487,-0.47088,-0.90252,3.01167,1.6677,0.0,1.44207,-0.61803,1.79523,-2.08953,0.31392,5.02272
0.15696,-1.13796,-1.00062,2.69775,0.0981,-0.67689,1.03986,0.25506,1.32435,-2.08953,0.10791,5.70942
0.94176,-1.0791,-0.72594,2.34459,1.2753,-1.83447,1.14777,0.67689,1.00062,-2.42307,1.68732,6.66099
0.77499,-1.08891,-0.55917,2.42307,0.41202,-2.07972,1.39302,0.87309,1.1772,-0.63765,-0.02943,6.89643
0.6867,-0.65727,-0.14715,2.79585,1.40283,-3.35502,1.67751,0.45126,1.64808,1.33416,-0.40221,6.45498
1.46169,-1.03986,-0.40221,3.89457,0.55917,-3.29616,1.59903,0.92214,1.40283,1.78542,0.11772,6.78852
1.62846,-1.15758,-1.42245,2.19744,1.3734,-3.3354,1.4715,2.22687,0.91233,1.97181,0.95157,6.16068
1.54998,-1.1772,-0.81423,2.54079,1.44207,-1.72656,1.61865,2.51136,1.57941,3.97305,0.54936,4.13001
1.52055,-1.73637,-1.15758,3.81609,1.87371,-3.58065,1.28511,1.82466,2.1582,4.3164,0.20601,2.50155
1.87371,-2.14839,-0.77499,3.83571,1.31454,-1.74618,0.89271,2.18763,1.44207,4.24773,1.03005,1.6677
1.1772,-2.5506,-0.34335,2.47212,1.62846,-1.36359,0.69651,2.05029,1.34397,5.2974,0.69651,1.88352
0.8829,-2.80566,0.22563,4.35564,1.13796,-3.03129,0.83385,1.21644,1.0791,5.44455,0.71613,0.20601
0.52974,-1.42245,0.24525,5.20911,2.77623,-3.18825,0.86328,0.64746,1.59903,5.12082,-0.70632,-0.2943
0.72594,-0.90252,0.38259,4.56165,2.24649,-1.15758,0.0,0.90252,0.97119,4.95405,0.96138,-0.02943
-0.25506,-0.5886,0.51993,3.22749,2.11896,-1.55979,0.17658,1.38321,2.1582,5.64075,0.56898,-0.54936
-0.51012,-1.03986,-0.45126,5.41512,2.79585,-1.21644,0.16677,0.95157,1.49112,4.77747,0.4905,-2.40345
-0.77499,-0.10791,-0.12753,3.89457,3.21768,-0.85347,0.56898,1.44207,2.02086,5.21892,0.35316,-4.03191
-1.63827,0.31392,-0.06867,4.56165,2.90376,-1.13796,0.48069,1.91295,-0.35316,4.69899,0.65727,-5.37588
-1.69713,-0.48069,0.21582,3.66894,2.61927,-0.47088,0.34335,2.4525,0.06867,5.13063,0.03924,-5.1993
-1.89333,-1.32435,-0.69651,5.16006,2.54079,-0.04905,0.74556,1.91295,0.36297,3.94362,0.40221,-5.63094
-2.56041,0.40221,-0.4905,3.95343,2.02086,0.46107,1.06929,1.38321,-0.23544,3.01167,0.77499,-4.64013
-2.13858,1.29492,-0.35316,2.53098,2.11896,2.17782,0.6867,2.1582,-0.53955,3.17844,1.88352,-5.58189
-2.75661,1.00062,-0.35316,2.53098,1.48131,1.84428,0.42183,2.46231,0.04905,1.93257,1.59903,-4.22811
-2.81547,0.06867,-1.35378,2.88414,2.02086,1.1772,0.59841,1.58922,-0.61803,0.75537,0.48069,-4.43412
-2.44269,1.08891,-0.96138,0.87309,1.82466,0.10791,0.35316,1.6677,-1.28511,0.94176,-1.3734,-5.6898
-3.00186,0.50031,-0.74556,0.51012,1.41264,-0.42183,0.4905,0.13734,-0.81423,0.55917,-0.04905,-4.89519
-2.32497,0.20601,-1.24587,2.04048,0.99081,0.28449,-0.10791,0.20601,-0.82404,-0.60822,0.41202,-2.88414
-1.11834,-0.1962,-1.88352,3.29616,0.85347,-0.12753,0.63765,-0.35316,-2.1582,-1.12815,-0.28449,-1.52055
-0.46107,1.64808,-1.23606,2.88414,-0.17658,0.61803,0.79461,-0.52974,-1.40283,-0.74556,0.35316,-1.28511
-0.12753,2.61927,-1.1772,0.76518,-0.14715,2.77623,0.69651,-2.10915,0.10791,-0.981,-0.64746,-0.15696
0.60822,0.47088,-1.97181,1.87371,0.08829,3.12939,0.59841,-0.99081,0.79461,-1.65789,-1.09872,0.94176
1.10853,0.18639,-1.32435,3.69837,-0.21582,1.31454,1.18701,-0.51993,0.4905,-1.97181,-2.61927,2.68794
1.16739,0.5886,-0.74556,1.90314,0.30411,1.80504,0.92214,-0.12753,1.54017,-2.29554,-2.54079,2.02086
1.19682,0.30411,-0.01962,1.84428,-0.18639,0.65727,1.01043,-0.32373,2.1582,-1.90314,-3.1392,3.73761
1.87371,-0.51993,0.0,3.86514,-0.08829,-1.48131,1.05948,-0.32373,2.48193,-2.50155,-3.40407,5.47398
2.4525,0.23544,0.4905,4.36545,-1.10853,-1.1772,0.91233,-0.25506,1.30473,-2.19744,-4.7088,6.5727
2.23668,1.69713,0.72594,4.28697,-0.50031,-0.77499,0.96138,-0.12753,2.08953,-1.81485,-4.82652,6.58251
2.16801,1.99143,1.03005,4.13982,-1.28511,-1.10853,1.13796,-0.69651,1.69713,-0.95157,-4.18887,6.50403
2.95281,0.82404,-0.17658,5.06196,-1.1772,-1.5696,0.83385,0.08829,2.53098,-0.73575,-4.75785,4.96386
3.08034,1.77561,-0.15696,4.56165,-1.92276,-0.72594,0.67689,0.85347,2.57022,-0.74556,-3.46293,4.36545
1.92276,2.01105,0.60822,4.48317,-1.42245,-2.26611,0.21582,2.23668,2.53098,-0.31392,-2.53098,3.61008
2.44269,0.77499,0.48069,3.77685,-0.95157,-3.25692,0.60822,2.26611,3.09015,1.84428,-1.99143,3.71799
1.64808,1.75599,0.51993,3.76704,-0.60822,-4.71861,0.8829,3.00186,2.70756,1.40283,-3.1392,3.48255
1.99143,1.23606,1.28511,3.30597,-0.51012,-6.06258,0.28449,3.84552,0.99081,2.59965,-1.79523,2.52117
1.52055,2.18763,0.72594,3.67875,0.15696,-6.19992,0.06867,3.47274,1.6677,3.27654,-1.63827,1.88352
1.22625,1.61865,0.48069,1.75599,-0.62784,-6.5727,0.28449,2.98224,1.42245,3.64932,0.42183,1.06929
0.981,1.57941,-0.44145,1.38321,0.6867,-5.08158,-0.20601,3.17844,1.1772,3.75723,-0.03924,-0.67689
0.69651,1.0791,-0.51993,-0.04905,0.6867,-3.28635,-0.77499,3.78666,0.75537,4.53222,0.86328,-0.67689
0.4905,0.72594,-0.67689,-0.08829,1.1772,-4.1202,-0.05886,3.83571,0.31392,4.09077,2.24649,-1.18701
0.13734,0.42183,-1.03005,-0.46107,2.1582,-2.16801,0.02943,4.0221,2.11896,5.24835,2.34459,-1.3734
-0.84366,1.26549,-1.39302,0.37278,2.85471,-2.27592,-0.75537,4.19868,0.94176,5.60151,1.84428,-1.08891
-1.05948,2.31516,-1.23606,1.83447,3.09015,-2.31516,0.27468,3.87495,0.27468,5.67018,2.0601,-0.2943
-1.51074,1.60884,-0.59841,0.44145,3.00186,-1.60884,0.3924,3.20787,-0.03924,6.23916,2.92338,-0.32373
-2.12877,2.03067,-1.24587,2.04048,3.3354,-2.19744,-0.34335,2.01105,1.23606,6.0822,1.01043,-1.12815
-2.71737,0.6867,-1.38321,1.45188,3.25692,-1.8639,-0.84366,1.48131,0.67689,4.67937,2.10915,-1.81485
-2.943,-0.34335,-1.00062,1.54998,3.88476,-2.09934,-0.73575,0.97119,-0.01962,3.89457,1.65789,-3.77685
-2.69775,-0.21582,-0.96138,0.3924,2.87433,-1.15758,-0.50031,1.0791,1.15758,4.32621,3.3354,-4.26735
-3.61008,-1.22625,-1.15758,0.02943,4.39488,-0.41202,-1.09872,0.27468,1.61865,3.63951,2.44269,-5.89581
-3.60027,-0.17658,-1.69713,1.23606,3.31578,-0.44145,-1.24587,0.981,0.65727,4.01229,2.90376,-5.51322
-2.71737,-1.08891,-1.19682,2.90376,4.3164,-0.85347,-0.5886,0.87309,-0.14715,3.86514,2.96262,-4.74804
-2.67813,-0.55917,-0.77499,1.38321,4.49298,-1.12815,-0.61803,0.46107,0.51993,3.31578,2.01105,-3.71799
-1.99143,-0.70632,-1.45188,-0.48069,2.43288,-2.4525,-0.5886,0.70632,-0.21582,3.16863,1.03005,-3.25692
-1.90314,-1.22625,-1.60884,1.70694,1.62846,-2.60946,-0.42183,0.11772,-0.44145,2.47212,0.70632,-3.61008
-1.21644,-3.06072,-0.8829,2.09934,2.06991,-2.11896,-0.21582,-0.08829,0.62784,1.35378,0.46107,-4.47336
-0.6867,-4.78728,-1.38321,-0.82404,1.77561,-2.1582,-0.5886,0.60822,2.12877,0.65727,-0.42183,-4.42431
0.32373,-4.00248,-0.83385,-0.30411,0.85347,-3.46293,-0.47088,0.87309,1.41264,-0.10791,0.67689,-3.58065
0.74556,-3.88476,-0.85347,1.35378,0.83385,-0.92214,-0.32373,1.40283,1.14777,-0.92214,0.91233,-0.76518
1.28511,-1.962,-0.31392,1.78542,-0.10791,-0.65727,0.01962,1.28511,2.36421,-0.65727,-0.46107,1.03005
1.52055,-1.79523,-0.83385,0.35316,0.65727,-1.20663,-0.24525,1.70694,2.23668,-1.69713,-0.51012,2.77623
2.39364,-0.62784,-0.47088,2.8449,-0.92214,-0.30411,-0.20601,1.75599,3.75723,-1.69713,-1.85409,3.85533
2.22687,-0.74556,-0.42183,5.32683,-0.36297,-0.94176,0.42183,1.45188,3.4335,-1.3734,-3.01167,5.57208
2.4525,-2.09934,-0.05886,4.94424,-0.69651,0.3924,0.44145,0.6867,3.83571,-1.0791,-3.83571,4.74804
2.58003,-1.65789,-0.13734,3.73761,-0.77499,-0.90252,0.16677,0.93195,3.02148,-1.00062,-3.95343,4.95405
2.90376,-1.85409,0.59841,5.87619,-2.29554,0.1962,0.27468,0.66708,3.97305,-1.71675,-3.81609,7.50465
2.28573,0.0,0.37278,6.24897,-1.5696,-1.42245,0.52974,0.47088,3.06072,-1.28511,-4.27716,7.90686
2.44269,0.45126,0.46107,5.80752,-0.75537,0.17658,0.6867,-0.25506,2.5506,-1.26549,-3.52179,6.36669
2.51136,0.69651,-0.17658,5.42493,-0.77499,-1.46169,0.4905,0.5886,2.13858,-0.36297,-3.65913,6.2784
2.08953,0.95157,0.4905,6.01353,-0.86328,-0.74556,0.94176,0.26487,2.26611,-1.11834,-3.59046,5.31702
2.21706,0.87309,0.14715,4.83633,-0.34335,-1.43226,1.63827,0.57879,1.91295,0.66708,-3.15882,4.78728
1.79523,0.15696,0.41202,3.48255,0.90252,-0.92214,1.6677,-0.46107,2.50155,2.08953,-2.60946,4.83633
1.12815,-0.66708,-0.12753,3.49236,0.51993,-3.22749,1.71675,1.58922,1.61865,1.53036,-2.5506,2.87433
0.96138,-1.57941,-0.1962,4.62051,-0.40221,-3.00186,1.83447,1.14777,1.31454,2.27592,-3.63951,1.8639
1.6677,-0.67689,-0.00981,2.61927,0.61803,-3.80628,2.40345,2.63889,1.03986,4.81671,-2.51136,2.12877
0.74556,0.15696,-0.59841,0.75537,1.28511,-3.77685,2.24649,3.15882,0.1962,4.71861,-0.51993,3.17844
0.07848,1.44207,-1.23606,1.70694,1.20663,-3.79647,2.1582,4.08096,1.38321,5.81733,-0.92214,1.81485
0.45126,0.53955,-0.85347,2.29554,2.1582,-3.37464,2.04048,4.96386,-0.74556,5.06196,0.40221,1.49112
0.65727,1.6677,-1.44207,-0.48069,2.52117,-2.17782,2.19744,5.37588,0.46107,5.32683,1.00062,-0.34335
-0.3924,0.57879,-1.70694,-0.92214,3.34521,-1.32435,1.92276,4.62051,-0.22563,6.12144,1.82466,1.45188
-0.74556,0.07848,-1.03986,0.66708,3.47274,-0.83385,1.87371,4.35564,0.76518,5.76828,1.93257,0.35316
-0.4905,-0.27468,-0.89271,1.70694,3.74742,-1.44207,1.53036,4.68918,0.44145,5.30721,1.2753,-0.40221
-0.53955,0.69651,-1.36359,1.14777,4.18887,-1.41264,1.41264,4.39488,0.00981,6.2784,1.49112,0.56898
-0.74556,0.38259,-1.2753,2.42307,4.27716,-1.25568,0.81423,3.26673,-0.23544,5.70942,3.2373,2.09934
-0.981,1.15758,-1.19682,3.09996,2.62908,0.03924,0.62784,2.88414,-0.89271,5.06196,3.83571,2.93319
-1.15758,2.58984,-1.45188,3.40407,2.97243,-1.09872,0.45126,2.19744,-2.30535,4.58127,3.4335,1.33416
-0.85347,2.11896,-1.57941,3.16863,2.99205,0.0,0.4905,2.08953,-1.80504,4.6107,3.52179,1.04967
-1.15758,1.42245,-1.18701,4.08096,2.51136,0.90252,-0.13734,0.21582,-0.34335,3.34521,4.44393,1.80504
-1.2753,0.62784,-0.21582,3.39426,2.56041,0.28449,0.41202,-1.36359,-1.43226,3.05091,3.55122,0.28449
-1.0791,-0.51993,-0.06867,2.46231,2.80566,-0.52974,-0.46107,-2.96262,-1.52055,2.21706,4.13982,-0.7848
-0.85347,0.56898,-0.21582,3.02148,3.42369,-0.08829,0.0,-2.09934,-0.82404,2.5506,1.98162,1.79523
-0.81423,0.02943,-0.00981,2.2563,2.39364,-0.1962,-0.97119,-2.92338,-0.03924,1.36359,1.94238,2.88414
-1.35378,0.21582,-0.15696,2.1582,1.26549,-1.72656,-0.28449,-2.39364,-1.13796,0.82404,-0.1962,3.40407
-0.35316,0.43164,-0.28449,2.7468,1.93257,-2.1582,-0.1962,-1.34397,-0.02943,0.61803,-1.58922,3.96324
-0.44145,-1.14777,-0.03924,4.44393,1.13796,-1.67751,-0.46107,-0.45126,0.11772,0.14715,-1.82466,4.89519
-0.17658,-0.77499,-0.45126,3.64932,0.82404,-1.53036,0.17658,-1.06929,0.60822,-0.83385,-1.44207,5.66037
0.35316,-1.03005,0.36297,3.70818,1.52055,-3.924,0.0,-0.25506,0.06867,-0.93195,-2.90376,6.10182
0.28449,0.40221,0.59841,3.2373,1.82466,-2.26611,-0.33354,-0.77499,1.59903,-0.77499,-4.29678,7.23978
0.51012,1.13796,0.981,3.25692,0.66708,-2.28573,-0.0981,0.21582,0.85347,-0.99081,-5.11101,8.54451
0.37278,0.38259,0.84366,2.943,1.65789,-3.18825,0.75537,0.07848,2.12877,-2.34459,-6.69042,9.17235
0.63765,0.47088,0.69651,2.92338,1.03986,-6.14106,0.59841,-0.07848,1.03005,-1.34397,-7.62237,10.37898
0.63765,1.00062,1.62846,3.59046,1.77561,-2.71737,0.53955,1.5696,1.6677,-1.98162,-7.44579,9.82962
0.23544,0.66708,1.22625,4.29678,0.3924,-2.62908,0.97119,1.72656,1.04967,-2.00124,-8.02458,8.50527
0.57879,-0.41202,1.09872,2.90376,0.80442,-1.33416,1.44207,1.54017,2.44269,-1.81485,-8.829,8.99577
0.77499,-0.13734,1.58922,5.31702,1.41264,-1.88352,1.32435,1.23606,1.08891,-0.77499,-8.15211,8.00496
-0.38259,0.26487,2.00124,5.75847,2.44269,0.51993,1.4715,0.45126,1.77561,0.27468,-6.2784,7.07301
-0.08829,2.10915,2.30535,5.04234,0.90252,-0.5886,1.67751,0.83385,0.981,1.81485,-6.82776,7.01415
-0.03924,3.03129,1.60884,4.88538,1.51074,-1.48131,2.18763,0.61803,0.74556,1.98162,-6.3765,6.24897
-0.46107,4.43412,1.6677,3.3354,1.84428,-2.30535,2.11896,0.4905,0.63765,2.52117,-6.48441,4.49298
-1.02024,3.97305,1.63827,3.19806,2.29554,-0.54936,1.54998,1.83447,-0.57879,2.70756,-4.10058,3.12939
-0.48069,3.00186,1.2753,1.60884,2.92338,-1.36359,2.08953,2.58984,-1.04967,3.57084,-3.65913,2.1582
-0.83385,3.57084,0.43164,2.03067,3.76704,-1.65789,1.65789,2.37402,-1.10853,3.15882,-4.38507,1.93257
-0.96138,1.88352,1.03005,2.73699,3.61989,-0.75537,1.68732,3.11958,0.01962,4.25754,-2.49174,0.85347
-1.70694,3.47274,0.67689,2.83509,4.24773,-0.95157,1.1772,3.29616,-1.00062,5.61132,-1.95219,-0.4905
-1.28511,4.32621,0.04905,0.981,4.20849,-1.79523,1.09872,3.84552,-0.981,5.85657,-2.46231,-0.22563
-1.38321,5.13063,-0.08829,0.94176,3.49236,-3.34521,0.97119,3.81609,-1.44207,6.11163,0.43164,0.79461
-1.16739,4.73823,0.40221,0.24525,3.84552,-2.03067,0.16677,4.14963,-2.0601,6.23916,0.63765,0.07848
-1.0791,4.58127,-0.05886,0.21582,2.90376,-4.14963,-0.00981,4.34583,-1.92276,6.75909,1.28511,-0.30411
-0.86328,2.98224,-0.87309,-2.60946,2.70756,-3.41388,-0.12753,4.95405,-2.5506,5.43474,0.24525,1.09872
-0.55917,1.64808,-0.32373,-1.18701,2.47212,-1.91295,-0.93195,4.39488,-1.4715,5.27778,0.59841,2.52117
-0.74556,0.32373,0.18639,0.24525,1.43226,-1.13796,-0.61803,4.00248,-1.85409,4.23792,3.26673,2.22687
-0.36297,-0.15696,-0.06867,0.28449,0.63765,-0.42183,-0.45126,2.06991,-2.0601,4.72842,2.3544,3.18825
-0.16677,0.57879,0.06867,0.1962,1.71675,-0.6867,-0.92214,1.54998,-3.0411,3.97305,1.72656,3.19806
0.03924,1.88352,0.24525,1.28511,0.6867,-0.60822,-1.29492,0.15696,-2.11896,3.36483,2.82528,4.53222
1.18701,1.94238,0.43164,1.22625,-0.60822,-0.37278,-1.2753,-0.21582,-3.27654,3.40407,2.83509,5.12082
0.7848,2.65851,0.45126,0.57879,-0.92214,-0.41202,-1.5696,-1.36359,-2.06991,3.54141,2.943,5.02272
0.42183,1.03005,0.36297,0.92214,-1.34397,-1.5696,-1.52055,-1.08891,-1.8639,2.2563,2.65851,4.18887
1.39302,1.13796,0.89271,0.94176,-1.24587,-0.7848,-1.43226,-1.24587,-0.99081,1.52055,1.1772,5.75847
1.90314,-0.32373,0.86328,1.94238,-2.31516,-0.32373,-2.02086,-1.53036,-0.42183,1.06929,1.32435,7.24959
1.21644,-1.31454,1.59903,2.3544,-1.42245,0.53955,-1.84428,-1.34397,-0.50031,1.09872,-0.40221,7.44579
1.34397,-0.80442,0.70632,3.01167,-1.15758,-0.00981,-1.5696,-0.67689,0.2943,0.48069,0.05886,6.48441
1.94238,-0.12753,0.95157,4.30659,-1.04967,-0.75537,-1.55979,-0.87309,0.2943,-0.24525,-1.44207,7.68123
1.46169,1.22625,0.46107,3.46293,-2.29554,-2.48193,-1.65789,-0.70632,0.86328,0.27468,-2.63889,8.96634
1.42245,0.59841,1.28511,2.43288,-0.8829,-2.33478,-1.57941,0.67689,1.50093,0.51993,-3.88476,7.23978
1.61865,0.08829,0.54936,2.47212,-1.38321,-3.49236,-1.48131,0.70632,1.06929,-0.01962,-4.2183,5.89581
1.61865,-1.39302,-0.40221,3.21768,-1.05948,-1.29492,-1.50093,2.943,0.89271,0.34335,-6.44517,7.51446
1.92276,-2.77623,0.21582,3.47274,-1.19682,0.31392,-1.09872,2.69775,1.32435,1.54998,-4.91481,9.01539
0.70632,-3.75723,1.22625,3.56103,-0.04905,0.77499,-0.27468,2.43288,2.42307,1.45188,-5.1012,9.21159
1.57941,-4.05153,-0.27468,3.2373,0.15696,-1.81485,0.21582,2.26611,2.18763,2.1582,-6.91605,7.63218
1.34397,-3.26673,0.32373,4.2183,-0.71613,-1.57941,0.33354,3.61989,1.60884,2.2563,-6.29802,8.11287
1.26549,-1.46169,0.26487,3.22749,-0.35316,-1.22625,0.81423,2.23668,0.8829,2.86452,-6.43536,7.83819
1.02024,-0.47088,-0.20601,1.39302,-0.28449,0.51012,0.92214,2.23668,1.53036,2.20725,-4.16925,5.6898
0.89271,0.52974,-0.93195,0.31392,-0.00981,-0.51012,1.40283,1.28511,1.77561,2.67813,-5.7879,2.82528
0.43164,-0.35316,-0.87309,0.80442,0.20601,0.97119,1.4715,2.43288,1.11834,3.35502,-4.65975,3.61989
0.77499,-1.09872,-0.47088,2.09934,-0.10791,2.72718,1.70694,2.67813,2.31516,3.4335,-3.8259,2.38383
0.03924,-0.82404,-0.44145,1.30473,1.12815,1.45188,2.06991,2.01105,1.91295,4.27716,-2.76642,1.74618
-1.24587,-0.53955,-0.76518,1.42245,1.44207,0.30411,1.59903,2.61927,1.65789,4.52241,-1.68732,-0.2943
-1.32435,1.12815,0.17658,2.26611,1.4715,0.77499,1.41264,3.02148,1.5696,5.87619,-1.18701,0.12753
-1.33416,2.57022,-0.66708,2.76642,1.45188,1.35378,1.49112,2.943,0.51012,6.11163,-2.16801,0.0981
-1.50093,4.00248,-0.28449,1.42245,2.85471,-0.31392,0.66708,1.87371,-0.28449,5.15025,0.54936,-1.18701
-2.42307,3.06072,-0.85347,-0.83385,1.79523,-0.63765,0.48069,2.54079,0.17658,4.33602,-1.31454,-2.46231
-1.61865,2.93319,0.0,-0.05886,1.09872,-0.83385,0.60822,3.08034,0.66708,5.03253,-0.95157,-1.73637
-0.94176,1.74618,-0.87309,0.0981,0.53955,0.43164,-0.1962,2.69775,-0.63765,3.87495,0.3924,-1.59903
-0.981,1.57941,-0.73575,0.79461,2.47212,0.15696,-0.32373,1.91295,-1.08891,4.48317,-0.32373,-0.80442
-1.39302,0.41202,-0.51993,1.13796,1.14777,-0.56898,-0.52974,1.22625,-0.60822,4.38507,1.38321,0.23544
-0.34335,-0.53955,-0.52974,3.34521,1.24587,-0.37278,-0.14715,2.17782,-0.74556,4.71861,-0.73575,1.39302
0.36297,-0.20601,-1.16739,3.08034,0.85347,-1.78542,-0.86328,1.03005,-2.61927,4.54203,0.74556,1.88352
0.42183,1.09872,-0.4905,2.05029,0.66708,-3.5316,-1.45188,-0.15696,-1.23606,4.29678,-0.25506,3.26673
0.79461,-0.42183,-1.09872,0.80442,-0.33354,-3.924,-1.55979,-0.83385,-0.96138,4.3164,0.0981,3.32559
2.09934,-0.10791,-0.73575,1.28511,-0.84366,-1.22625,-0.96138,-0.59841,-0.76518,3.47274,-1.24587,4.69899
2.3544,-0.51993,-0.90252,3.11958,-0.92214,-2.81547,-1.69713,-2.1582,-1.42245,2.22687,0.5886,4.38507
2.69775,-1.19682,-1.49112,1.80504,-1.01043,-2.66832,-1.46169,-1.48131,-0.89271,1.25568,-2.21706,7.19073
2.54079,-0.81423,-0.79461,1.88352,-2.52117,-1.15758,-1.44207,-2.70756,-0.67689,1.10853,-0.52974,5.82714
3.38445,-0.35316,-0.53955,3.76704,-3.03129,0.0,-1.12815,-3.14901,-1.05948,1.16739,-0.52974,6.4746
3.97305,-0.23544,-0.7848,4.10058,-2.56041,-0.14715,-1.24587,-3.08034,-0.44145,0.48069,-2.5506,6.51384
3.52179,0.81423,0.89271,4.87557,-2.38383,0.03924,-1.26549,-1.97181,0.81423,0.90252,-3.12939,6.92586
2.75661,1.59903,0.24525,5.41512,-3.12939,1.10853,-1.57941,-2.00124,0.60822,0.77499,-3.61008,7.03377
3.74742,1.7658,-0.01962,6.75909,-2.93319,2.42307,-1.36359,-2.21706,0.36297,0.89271,-2.8449,7.60275
2.59965,1.78542,0.46107,5.2974,-3.29616,0.93195,-0.72594,-1.7658,1.81485,0.82404,-3.51198,8.39736
2.34459,1.89333,0.90252,4.92462,-3.05091,2.19744,-0.61803,-0.82404,1.26549,0.62784,-5.62113,9.21159
1.77561,1.22625,0.76518,5.38569,-3.80628,1.49112,-0.05886,-0.54936,1.38321,1.63827,-4.19868,8.72109
1.61865,1.36359,1.06929,6.48441,-3.2373,0.52974,0.32373,-0.2943,1.49112,2.09934,-4.98348,8.67204
1.35378,1.31454,1.61865,5.99391,-4.13001,1.01043,-0.18639,0.51993,2.83509,3.09996,-5.64075,8.90748
1.5696,2.69775,1.50093,4.93443,-3.26673,2.41326,0.22563,1.45188,0.66708,4.59108,-4.91481,10.16316
0.38259,3.25692,1.24587,5.52303,-2.66832,0.96138,0.31392,1.64808,1.41264,5.1012,-3.76704,10.18278
0.92214,3.27654,0.60822,4.62051,-1.79523,2.96262,0.21582,1.34397,0.79461,5.86638,-2.61927,9.55494
0.50031,3.20787,0.8829,2.18763,-2.61927,1.10853,0.72594,1.91295,1.68732,6.59232,-4.43412,7.66161
-0.22563,3.61008,0.1962,1.95219,-1.82466,1.38321,0.99081,1.15758,1.15758,7.3575,-2.02086,6.84738
-0.41202,2.76642,0.11772,3.49236,-1.53036,-0.26487,1.06929,1.1772,1.94238,7.75971,-1.80504,6.12144
0.0,3.20787,-0.01962,2.07972,-0.10791,1.19682,1.21644,0.33354,1.55979,8.05401,-2.76642,5.47398
-0.73575,4.38507,-0.8829,0.86328,-1.7658,0.86328,0.95157,0.70632,0.31392,8.829,-1.12815,4.23792
-0.26487,4.27716,-0.54936,0.0,-1.43226,2.07972,1.39302,1.01043,0.97119,8.86824,0.23544,3.54141
-0.47088,5.14044,0.04905,1.03005,0.28449,3.61008,1.24587,-0.17658,1.48131,8.06382,0.08829,2.51136
-0.45126,5.03253,-0.42183,-1.45188,1.13796,4.28697,0.51012,-1.14777,2.04048,6.80814,1.03986,0.96138
-0.51993,4.22811,-0.77499,-2.13858,0.07848,4.36545,0.56898,-0.73575,0.8829,6.35688,0.04905,-0.54936
-1.02024,3.76704,-0.60822,-0.65727,-0.36297,4.71861,0.63765,-0.48069,1.24587,6.09201,2.53098,0.05886
-0.82404,3.16863,-0.59841,0.85347,1.40283,4.32621,0.24525,-2.23668,1.49112,5.53284,2.6487,1.02024
-1.05948,1.61865,-0.99081,-1.46169,1.42245,3.75723,-0.01962,-2.5506,1.26549,4.78728,1.3734,1.21644
-0.65727,1.79523,-0.5886,-0.36297,0.84366,1.29492,0.31392,-2.67813,-0.47088,4.71861,1.95219,2.6487
-0.32373,1.41264,0.35316,0.64746,0.38259,0.51012,-0.08829,-2.81547,0.06867,2.80566,1.55979,3.56103
-0.25506,0.69651,0.46107,0.70632,0.95157,1.90314,-0.1962,-3.3354,-0.95157,1.31454,0.981,3.78666
0.20601,-0.77499,0.46107,-1.98162,0.51012,1.28511,-1.03005,-2.70756,-0.07848,0.71613,1.18701,4.05153
0.79461,-1.43226,1.09872,0.90252,0.05886,0.96138,-1.18701,-2.83509,-1.20663,0.32373,1.02024,5.28759
0.47088,-2.48193,0.97119,1.60884,-0.43164,0.2943,-1.0791,-3.87495,-0.2943,-0.8829,0.92214,7.81857
0.66708,-3.27654,0.03924,1.3734,-0.35316,0.28449,-0.63765,-4.72842,-1.15758,-0.981,0.92214,8.86824
1.2753,-2.8449,0.7848,0.37278,-1.48131,-2.57022,-1.18701,-4.25754,-1.6677,-2.30535,0.24525,9.88848
1.55979,-2.27592,0.74556,2.61927,-1.73637,-4.25754,-1.43226,-4.17906,-1.51074,-1.78542,-0.23544,9.33912
1.52055,-3.05091,0.75537,3.44331,-2.59965,-3.52179,0.13734,-4.45374,-0.69651,-3.06072,-0.47088,8.65242
1.57941,-2.83509,0.85347,3.63951,-2.86452,-1.44207,-0.62784,-3.93381,-3.01167,-2.97243,-0.32373,8.61318
1.59903,-1.78542,1.89333,2.89395,-2.96262,-2.24649,-1.09872,-3.10977,-2.4525,-2.09934,0.45126,9.00558
2.0601,-2.50155,1.72656,4.96386,-4.10058,0.02943,-0.75537,-3.07053,-2.4525,-2.59965,-1.35378,9.74133
0.63765,-2.37402,2.1582,5.94486,-5.32683,3.1392,-0.28449,-3.75723,-0.92214,-1.71675,-2.29554,8.78976
1.35378,-0.97119,1.34397,4.6107,-4.13001,1.16739,-1.35378,-2.82528,-1.54017,-0.20601,-1.74618,8.46603
1.02024,-0.92214,1.97181,5.31702,-5.21892,2.33478,-1.23606,-3.0411,-0.54936,0.61803,-2.14839,8.9271
0.89271,0.05886,1.69713,5.93505,-6.20973,2.51136,-1.1772,-2.5506,-0.46107,0.92214,-4.04172,9.56475
1.23606,0.70632,1.59903,7.23978,-5.3955,3.21768,-1.16739,-2.34459,-0.46107,2.50155,-3.93381,8.11287
0.51012,2.08953,1.70694,6.45498,-4.78728,2.77623,-1.00062,-1.22625,-0.66708,3.37464,-2.61927,8.58375
0.33354,2.4525,0.90252,5.62113,-5.20911,3.76704,-1.11834,-0.48069,-1.33416,4.1202,-1.54017,9.0252
0.11772,1.65789,1.23606,6.69042,-6.21954,4.67937,-0.95157,0.10791,-1.05948,4.35564,-3.11958,8.91729
-0.06867,2.51136,1.94238,6.55308,-4.18887,4.76766,-0.74556,0.1962,-1.10853,5.96448,-2.54079,8.12268
-0.05886,1.64808,1.52055,5.66037,-3.38445,2.67813,-0.71613,0.74556,0.3924,7.1613,-2.13858,8.85843
-0.51993,3.03129,1.71675,5.40531,-3.06072,1.49112,-0.90252,1.03986,-0.05886,7.62237,-2.46231,8.4366
-1.0791,2.05029,1.59903,4.67937,-2.58003,1.14777,-1.44207,0.60822,-0.8829,8.59356,-3.29616,8.50527
-0.27468,4.93443,0.50031,5.12082,-1.20663,0.51993,-0.34335,0.4905,0.5886,8.48565,-2.11896,7.49484
-0.31392,4.66956,-0.04905,3.35502,-1.24587,-1.19682,0.05886,0.59841,1.15758,8.66223,-1.03005,7.89705
-1.01043,4.4145,-0.32373,2.69775,-0.93195,1.2753,-0.47088,1.15758,1.31454,8.59356,-1.15758,6.28821
-0.48069,4.08096,-0.22563,1.44207,-0.15696,0.52974,-0.17658,1.50093,0.06867,8.60337,0.33354,5.99391
-0.23544,3.96324,-0.35316,2.56041,0.60822,1.71675,0.33354,2.13858,1.67751,7.93629,2.70756,5.02272
-0.38259,2.5506,-1.24587,2.12877,0.86328,1.09872,0.85347,2.05029,1.41264,8.69166,2.80566,3.88476
-1.16739,1.87371,-0.60822,1.58922,0.86328,2.90376,0.2943,1.09872,1.43226,7.5537,1.89333,2.97243
-0.8829,1.24587,0.14715,0.64746,2.1582,1.70694,0.55917,0.72594,0.84366,6.87681,3.14901,1.6677
-0.56898,1.98162,0.08829,2.23668,2.34459,-0.5886,0.61803,-0.33354,1.2753,6.35688,2.943,1.69713
-1.03005,1.88352,-0.89271,0.94176,2.72718,-1.04967,0.46107,-0.89271,2.77623,4.74804,2.2563,0.8829
-1.0791,0.71613,-0.42183,1.35378,2.51136,0.61803,-0.07848,-0.99081,0.85347,3.11958,2.43288,1.01043
-0.34335,-1.18701,0.34335,0.10791,2.17782,0.10791,0.26487,-0.55917,0.14715,3.15882,2.49174,2.86452
0.37278,-1.3734,-0.15696,1.09872,2.19744,-1.0791,0.33354,-1.20663,1.29492,2.52117,3.5316,4.0221
0.55917,-1.962,0.03924,1.59903,1.99143,0.51993,0.93195,-2.5506,0.44145,0.89271,3.3354,3.81609
0.90252,-3.3354,0.91233,2.06991,1.80504,0.28449,0.63765,-2.32497,-0.47088,1.06929,1.20663,3.79647
1.03005,-4.32621,1.71675,2.06991,1.2753,-2.46231,0.59841,-3.22749,-0.97119,0.76518,2.30535,5.16987
0.83385,-3.50217,1.92276,3.50217,0.94176,-3.51198,0.10791,-4.19868,-1.46169,-0.16677,0.92214,4.47336
1.08891,-3.07053,1.55979,2.53098,0.81423,-2.06991,0.28449,-4.26735,-1.42245,-1.12815,0.61803,5.40531
1.23606,-4.88538,1.90314,2.57022,0.35316,-3.48255,0.15696,-3.71799,-2.83509,-1.44207,0.17658,7.67142
1.32435,-5.06196,2.72718,3.52179,0.12753,-2.1582,-0.35316,-3.98286,-2.52117,-0.89271,-1.64808,10.13373
1.36359,-4.87557,1.60884,3.91419,0.28449,-2.62908,-0.17658,-3.85533,-2.47212,-0.83385,-0.08829,9.2214
1.14777,-3.66894,2.11896,3.46293,-0.4905,0.4905,-0.60822,-3.36483,-2.01105,-1.14777,-1.53036,9.91791
1.49112,-4.00248,3.10977,4.905,-1.25568,-0.93195,-0.90252,-2.95281,-2.23668,0.42183,-1.55979,10.45746
0.80442,-2.88414,2.85471,4.54203,-0.87309,2.32497,-0.8829,-4.46355,-2.14839,1.35378,-3.79647,10.2024
-0.48069,-0.36297,2.65851,4.73823,-1.39302,2.6487,-1.12815,-4.14963,-2.63889,1.98162,-2.95281,8.19135
-0.13734,0.23544,2.96262,3.85533,-2.63889,3.68856,-1.55979,-3.67875,-2.88414,2.63889,-3.48255,8.03439
0.12753,0.0,2.08953,4.18887,-2.71737,2.12877,-1.55979,-3.10977,-3.90438,3.93381,-2.65851,8.11287
-1.19682,0.38259,2.09934,3.46293,-2.38383,4.01229,-1.28511,-3.67875,-1.52055,3.58065,-3.02148,7.59294
-1.19682,1.55979,1.46169,3.65913,-3.924,2.81547,-2.01105,-2.92338,-2.00124,4.09077,-2.54079,7.12206
-1.15758,2.50155,1.55979,2.51136,-4.46355,4.32621,-1.74618,-2.08953,-1.25568,4.33602,-4.11039,6.46479
-1.23606,2.8449,0.92214,4.00248,-3.54141,2.96262,-1.43226,-1.25568,-1.03005,5.24835,-2.13858,6.77871
-1.15758,3.85533,1.88352,2.1582,-2.75661,3.75723,-1.80504,-0.8829,-1.35378,6.34707,-2.56041,5.33664
-0.981,4.88538,0.83385,1.70694,-4.18887,4.14963,-1.62846,-0.36297,-0.36297,5.44455,-2.19744,5.74866
-0.42183,6.51384,0.36297,0.03924,-4.11039,5.63094,-0.85347,0.0,0.40221,5.94486,-2.37402,3.87495
-0.76518,4.85595,-0.26487,0.96138,-2.77623,3.93381,-0.67689,-0.24525,0.41202,5.79771,-0.77499,3.68856
-0.42183,6.17049,0.59841,-0.75537,-3.27654,4.20849,-1.1772,0.35316,0.32373,4.79709,-1.8639,3.40407
-0.38259,4.00248,0.0,0.96138,-4.0221,4.26735,-0.99081,1.05948,0.91233,4.89519,-0.66708,3.83571
-0.57879,4.36545,-1.05948,1.10853,-2.41326,3.85533,-0.31392,1.39302,-0.17658,4.81671,-1.40283,4.72842
-1.04967,3.57084,0.25506,1.25568,-1.74618,3.11958,-0.37278,0.54936,1.1772,4.47336,0.77499,6.62175
-0.27468,4.43412,0.4905,1.20663,-1.13796,4.15944,-0.50031,1.01043,0.51993,4.06134,0.57879,6.68061
0.16677,4.01229,0.43164,1.52055,-0.97119,2.95281,0.20601,1.69713,1.35378,4.46355,-1.63827,7.24959
-0.18639,4.04172,0.54936,0.75537,1.31454,3.49236,0.42183,1.55979,0.79461,3.89457,0.17658,6.16068
-0.14715,3.31578,1.32435,0.22563,1.09872,2.67813,0.0981,0.74556,0.2943,3.69837,0.6867,5.9841
0.01962,2.36421,0.84366,0.81423,0.93195,3.75723,-0.10791,0.70632,-0.34335,2.65851,-0.70632,6.867
-0.13734,0.28449,1.11834,0.72594,1.61865,2.90376,0.02943,-0.23544,0.46107,2.52117,-0.46107,6.867
0.20601,-0.47088,1.53036,1.43226,2.36421,1.68732,-0.03924,-0.82404,0.3924,2.6487,-0.07848,7.13187
0.06867,-0.2943,2.24649,1.09872,1.64808,2.32497,0.0981,-1.43226,-0.51012,1.95219,-0.02943,7.44579
0.85347,0.07848,1.73637,1.89333,1.54017,1.70694,-1.00062,-1.59903,-0.27468,1.21644,-0.15696,9.76095
0.96138,0.54936,2.23668,0.35316,1.46169,-0.20601,-0.90252,-1.68732,-0.26487,1.38321,-1.52055,8.86824
0.95157,0.32373,2.23668,0.0,0.90252,0.3924,-0.65727,-2.75661,-0.96138,1.08891,-1.16739,7.73028
1.06929,-0.31392,2.41326,-0.73575,0.55917,0.70632,-1.26549,-2.89395,-0.99081,-0.31392,-1.34397,6.93567
1.32435,0.46107,1.67751,-0.01962,0.57879,3.40407,-1.03005,-3.5316,-0.34335,-1.33416,-0.32373,6.40593
1.84428,-1.67751,2.53098,-0.40221,0.33354,2.65851,-1.36359,-3.41388,-1.54998,-0.66708,-2.01105,6.56289
1.2753,-2.99205,1.57941,0.51993,0.08829,3.60027,-1.58922,-3.81609,-1.67751,-1.06929,-0.77499,7.29864
1.19682,-3.19806,2.26611,0.50031,-1.44207,3.71799,-1.53036,-2.92338,-1.67751,-1.01043,-0.63765,7.60275
1.13796,-1.78542,1.91295,1.35378,-0.42183,5.83695,-3.03129,-3.3354,-1.88352,-0.72594,-1.75599,8.86824
1.43226,-2.2563,1.8639,1.61865,-0.42183,3.17844,-2.30535,-3.61989,-1.88352,0.21582,-2.70756,9.42741
0.81423,-2.26611,0.93195,1.82466,-0.74556,2.76642,-2.28573,-2.31516,-1.91295,1.6677,-1.06929,7.52427
0.82404,-2.26611,1.34397,2.68794,-1.21644,2.90376,-3.14901,-3.2373,-2.92338,1.91295,-2.09934,6.77871
-0.12753,-1.90314,0.55917,2.87433,-1.02024,3.55122,-3.00186,-3.18825,-2.26611,2.88414,-3.31578,5.17968
0.03924,-3.09996,0.6867,3.44331,-0.70632,1.962,-2.87433,-3.38445,-2.20725,4.13982,-2.68794,4.45374
-0.52974,-3.30597,0.96138,4.87557,-0.84366,2.40345,-3.3354,-2.80566,-1.82466,3.89457,-0.94176,4.93443
-1.12815,-3.56103,1.06929,5.33664,-1.79523,4.4145,-3.76704,-2.0601,-2.63889,4.45374,0.20601,5.42493
-1.03005,-1.31454,0.92214,5.92524,-1.46169,4.58127,-3.36483,-1.44207,-0.86328,5.01291,-3.60027,4.75785
-0.77499,-1.70694,1.32435,5.96448,-1.95219,3.89457,-3.7278,-1.01043,-1.14777,6.54327,-1.08891,3.59046
-1.41264,-0.63765,0.72594,5.53284,-2.23668,3.83571,-3.93381,-0.23544,-1.98162,6.66099,0.02943,3.67875
-1.00062,0.32373,-0.40221,4.00248,-2.72718,2.90376,-3.56103,0.17658,-1.92276,7.00434,-1.24587,2.89395
-1.42245,0.1962,-0.5886,4.64013,-3.09996,1.77561,-3.59046,-0.23544,-0.86328,6.19992,-3.12939,1.09872
-1.04967,-0.96138,-1.23606,4.20849,-3.75723,1.23606,-3.27654,-0.20601,-1.48131,5.886,0.14715,-0.07848
-0.51012,-1.64808,-0.73575,4.25754,-4.74804,2.70756,-3.21768,0.05886,-0.36297,4.67937,0.93195,0.01962
-0.42183,-0.99081,-0.91233,2.69775,-4.45374,2.7468,-2.39364,0.94176,0.20601,3.68856,-0.00981,0.50031
-0.33354,-0.20601,-1.20663,2.54079,-4.35564,3.93381,-2.18763,1.1772,0.84366,2.54079,0.36297,1.20663
0.81423,0.27468,-1.11834,1.74618,-3.89457,4.74804,-1.92276,1.42245,0.75537,2.19744,0.23544,2.47212
1.00062,0.0981,-0.96138,0.45126,-3.93381,3.96324,-1.15758,2.49174,0.46107,0.63765,-0.14715,2.93319
1.09872,-0.40221,-1.85409,-0.36297,-3.59046,2.97243,-0.28449,2.87433,0.3924,1.28511,1.962,4.14963
1.80504,-0.87309,-1.8639,0.66708,-3.09996,3.16863,-0.42183,1.19682,0.38259,-0.56898,1.78542,3.60027
1.59903,-2.01105,-1.0791,0.6867,-2.52117,2.42307,-0.4905,0.95157,-0.36297,-0.71613,2.34459,4.50279
1.69713,-2.00124,-0.05886,0.8829,-1.77561,2.4525,0.1962,0.8829,0.14715,-0.77499,1.50093,4.54203
1.53036,-2.57022,0.43164,1.23606,-0.89271,0.73575,0.96138,0.05886,0.2943,-0.59841,1.38321,4.69899
1.48131,-1.55979,0.44145,1.29492,-0.37278,1.88352,1.10853,1.13796,-0.06867,-1.25568,2.06991,4.48317
1.8639,-1.3734,1.12815,1.69713,0.03924,0.87309,0.73575,1.7658,-0.69651,-0.50031,1.44207,7.2594
1.44207,-1.48131,1.73637,1.65789,0.94176,1.34397,0.85347,1.4715,-1.23606,-0.8829,1.80504,7.50465
1.05948,-1.13796,1.32435,1.91295,0.1962,0.89271,1.50093,0.25506,-0.37278,0.28449,1.18701,7.2594
1.97181,-1.2753,1.3734,4.30659,0.99081,3.21768,0.76518,-0.72594,-1.11834,0.07848,0.66708,6.93567
1.6677,-0.93195,2.37402,3.54141,0.0,2.46231,0.27468,-2.32497,-1.60884,0.86328,0.24525,8.20116
1.03005,-1.16739,2.57022,2.58984,0.40221,3.52179,0.38259,-2.57022,-2.93319,2.02086,0.80442,8.12268
0.89271,0.31392,2.80566,3.46293,-0.31392,1.99143,0.54936,-3.32559,-2.19744,3.06072,1.98162,7.70085
0.62784,1.03005,2.58984,3.16863,0.16677,3.4335,-0.56898,-3.67875,-3.0411,2.87433,0.4905,6.6708
1.54017,2.41326,2.65851,2.42307,-1.48131,1.48131,-0.82404,-2.83509,-2.60946,3.69837,1.02024,7.67142
0.76518,2.17782,1.73637,3.00186,-0.51012,2.51136,-0.50031,-3.16863,-2.23668,4.81671,-0.59841,8.22078
0.54936,1.69713,0.76518,2.20725,-1.18701,2.30535,-0.40221,-4.00248,-2.71737,5.36607,1.26549,6.38631
1.01043,1.28511,1.31454,3.31578,-1.4715,2.86452,-1.33416,-4.50279,-2.68794,6.21954,0.63765,6.26859
0.77499,0.74556,0.83385,1.70694,-1.81485,2.71737,-1.52055,-5.03253,-2.73699,6.50403,-0.24525,4.92462
0.64746,-0.21582,0.05886,1.50093,-1.91295,2.72718,-0.97119,-5.56227,-1.83447,7.01415,1.54017,6.7689
-0.3924,-0.43164,-0.25506,2.07972,-1.54998,3.3354,-1.58922,-4.62051,-1.74618,7.28883,1.78542,5.66037
-0.31392,-0.38259,0.44145,2.38383,-1.62846,3.77685,-2.27592,-4.19868,-2.08953,7.49484,2.7468,3.5316
-0.63765,-0.87309,0.94176,1.00062,-1.73637,2.80566,-1.61865,-2.68794,-1.69713,8.21097,2.47212,2.23668
-1.1772,-0.25506,-0.12753,0.67689,-0.8829,2.63889,-1.85409,-2.46231,-1.23606,7.83819,1.59903,2.3544
-1.46169,-0.63765,-0.33354,1.77561,-0.17658,3.28635,-3.22749,-1.45188,-0.5886,7.02396,2.37402,1.8639
-1.03005,-0.0981,-0.61803,1.98162,-0.91233,3.89457,-2.78604,-1.13796,-1.68732,6.867,2.12877,-0.46107
-0.82404,-0.31392,-0.92214,2.00124,-0.8829,1.46169,-2.17782,-2.0601,-0.54936,6.62175,2.44269,0.70632
-1.11834,1.33416,-1.03986,2.09934,-0.67689,0.66708,-2.4525,-1.45188,-0.63765,5.55246,1.31454,1.09872
-0.981,1.24587,-1.20663,2.77623,-0.94176,1.77561,-2.77623,-0.85347,-0.99081,4.88538,3.19806,0.85347
-0.15696,0.69651,-0.73575,0.95157,-1.54017,2.79585,-1.79523,-0.00981,-0.84366,4.26735,2.07972,0.30411
-0.43164,1.8639,-0.6867,0.97119,-0.99081,2.42307,-2.0601,0.80442,-0.85347,2.12877,2.92338,1.61865
-0.12753,2.53098,-1.14777,-0.22563,-1.89333,-0.3924,-2.58984,1.33416,-1.02024,1.60884,2.7468,1.57941
0.31392,3.79647,-1.20663,0.43164,-1.8639,0.64746,-2.00124,2.34459,-0.87309,-0.11772,3.21768,1.87371
0.26487,2.18763,-1.48131,0.2943,-2.90376,0.63765,-0.75537,1.79523,-0.52974,-1.08891,1.82466,2.61927
0.53955,2.60946,-1.59903,0.99081,-2.58984,-0.57879,-1.04967,2.01105,-0.8829,-2.30535,1.18701,4.03191
0.89271,2.1582,-1.88352,1.32435,-3.42369,-0.34335,-0.52974,1.2753,-0.37278,-2.78604,2.32497,4.81671
1.52055,1.4715,-1.18701,0.36297,-2.80566,3.77685,0.55917,1.64808,-1.19682,-3.52179,1.94238,5.15025
0.92214,0.30411,-1.09872,-0.53955,-3.37464,2.19744,1.45188,2.30535,-0.40221,-3.84552,1.11834,6.79833
1.00062,-0.21582,-0.01962,0.5886,-2.26611,1.58922,1.35378,3.75723,0.46107,-4.71861,2.04048,7.99515
0.33354,-0.94176,-0.37278,-0.36297,-2.18763,0.63765,1.42245,2.61927,-0.47088,-4.01229,2.81547,6.95529
0.3924,-0.97119,0.67689,-0.57879,-1.99143,3.66894,1.60884,2.943,-1.34397,-3.59046,2.6487,7.80876
0.21582,-1.15758,0.89271,0.96138,-1.16739,2.88414,2.42307,2.30535,-1.03005,-4.26735,2.62908,7.03377
-0.67689,-0.14715,0.47088,2.18763,-0.74556,1.49112,2.52117,2.53098,-0.7848,-3.30597,2.24649,6.84738
-0.74556,-0.50031,0.67689,2.81547,-0.62784,3.12939,2.31516,1.45188,-0.69651,-2.48193,1.72656,5.81733
-0.01962,0.26487,1.50093,2.69775,-0.10791,3.91419,2.0601,1.26549,-1.14777,-1.97181,2.10915,7.48503
-0.7848,0.06867,1.74618,3.1392,0.24525,1.49112,2.06991,0.80442,-1.90314,-1.19682,1.59903,6.867
-1.15758,0.59841,1.77561,2.28573,0.42183,2.39364,1.46169,0.4905,-1.14777,-0.93195,1.84428,6.79833
-0.6867,0.83385,2.30535,1.8639,0.30411,1.58922,0.59841,-0.84366,-1.84428,-0.00981,1.23606,6.92586
-0.11772,2.0601,2.87433,1.32435,0.12753,2.21706,0.41202,-0.96138,-2.77623,1.03986,2.66832,6.77871
-0.52974,2.17782,3.18825,1.36359,-0.12753,2.78604,-0.36297,-1.33416,-2.79585,1.21644,0.92214,5.76828
-0.15696,2.5506,2.39364,2.00124,-0.52974,2.18763,-1.0791,-2.57022,-2.10915,1.84428,1.04967,5.54265
0.11772,2.63889,1.25568,2.77623,-1.11834,4.32621,-1.44207,-2.37402,-3.17844,3.55122,1.10853,6.13125
0.79461,2.33478,1.94238,1.77561,-1.75599,4.91481,-0.82404,-3.05091,-2.8449,3.86514,2.80566,4.26735
0.01962,2.05029,2.28573,1.12815,-2.14839,4.69899,-1.92276,-3.4335,-2.57022,3.89457,-0.92214,4.24773
0.12753,1.55979,1.08891,0.13734,-1.97181,4.17906,-2.2563,-1.84428,-2.34459,4.01229,0.17658,3.11958
0.46107,0.46107,0.8829,0.37278,-2.943,5.52303,-1.99143,-0.67689,-2.08953,4.89519,1.88352,4.23792
0.20601,-0.54936,1.36359,-0.77499,-2.07972,2.46231,-2.06991,-0.40221,-1.83447,4.79709,1.4715,3.64932
0.3924,0.32373,1.22625,0.82404,-2.3544,0.91233,-3.25692,-0.22563,-1.46169,5.27778,0.51012,3.97305
0.33354,-1.46169,0.48069,-0.30411,-2.02086,2.24649,-2.3544,2.13858,-1.25568,6.29802,2.16801,3.24711
0.59841,-0.50031,0.0981,-0.67689,-2.42307,2.63889,-1.21644,1.6677,-0.63765,6.16068,2.92338,3.7278
-0.27468,-1.84428,0.13734,-1.29492,-1.65789,-0.1962,-1.89333,1.53036,-0.90252,5.74866,0.16677,2.6487
0.03924,-0.67689,-1.09872,-0.04905,-2.14839,2.79585,-1.50093,1.97181,-0.26487,5.17968,-1.54017,1.20663
0.84366,-1.8639,-1.61865,-1.88352,-1.40283,1.81485,-1.43226,2.4525,0.35316,5.36607,1.77561,-0.06867
0.13734,-1.78542,-1.42245,-0.89271,-1.34397,0.981,-0.48069,1.98162,0.40221,5.48379,2.04048,1.40283
0.10791,-0.6867,-1.55979,-2.09934,-0.79461,0.46107,-0.80442,1.09872,0.08829,3.924,-0.41202,1.69713
0.72594,-0.4905,-2.28573,-1.60884,-0.44145,-0.77499,-0.37278,0.67689,0.3924,3.77685,-0.95157,2.4525
0.37278,0.54936,-1.44207,-2.92338,-0.40221,-0.20601,-0.0981,0.28449,-0.10791,2.66832,0.65727,2.27592
0.61803,0.7848,-1.32435,-1.93257,-0.95157,1.13796,0.15696,-0.77499,-0.34335,1.98162,1.53036,3.28635
1.23606,1.77561,-1.54998,-1.99143,-1.1772,-0.76518,0.62784,0.59841,-1.87371,-0.32373,-0.28449,2.7468
1.03986,1.39302,-1.3734,-0.99081,-0.76518,1.77561,1.03005,-0.55917,0.47088,0.08829,2.17782,4.73823
1.24587,1.45188,-0.27468,-0.66708,-0.55917,1.7658,0.35316,0.47088,-1.23606,-1.58922,0.69651,4.30659
0.92214,0.4905,-0.05886,0.00981,-0.06867,3.21768,1.23606,-0.18639,-1.05948,-2.26611,0.20601,4.69899
1.57941,-0.12753,0.41202,0.80442,-1.03005,3.51198,1.22625,0.22563,-0.57879,-2.39364,-1.48131,4.64994
1.28511,-0.30411,0.13734,0.33354,-0.17658,1.63827,0.85347,0.28449,-0.38259,-2.8449,-1.13796,7.14168
1.03986,0.14715,1.29492,1.1772,-0.53955,2.943,1.01043,0.92214,-1.52055,-3.02148,-0.0981,7.02396
0.81423,-0.86328,0.81423,2.04048,0.63765,4.49298,1.49112,1.59903,-2.10915,-2.62908,-1.52055,7.39674
0.48069,0.20601,1.7658,2.06991,0.01962,2.59965,0.72594,2.69775,-0.03924,-2.89395,1.3734,7.3575
-0.4905,-0.50031,2.01105,2.93319,1.72656,2.87433,-0.02943,3.30597,-0.30411,-2.44269,1.78542,8.61318
0.03924,-0.34335,2.57022,4.04172,1.18701,4.01229,0.18639,3.84552,-2.62908,-1.39302,0.53955,7.32807
-0.42183,-0.42183,1.78542,3.94362,1.30473,3.87495,0.34335,3.6297,-3.18825,-0.26487,-1.64808,6.40593
-0.7848,0.10791,2.69775,4.73823,1.91295,3.71799,-0.72594,3.55122,-0.55917,0.25506,-2.40345,6.61194
-1.20663,0.3924,2.86452,5.89581,2.32497,4.73823,-1.05948,2.47212,-1.09872,0.86328,-1.61865,6.24897
-0.84366,0.85347,2.22687,5.65056,1.68732,3.38445,-0.81423,3.35502,-2.08953,1.65789,-2.47212,7.11225
-0.91233,1.60884,1.95219,4.77747,1.93257,5.1012,-0.74556,2.6487,-2.52117,2.8449,-2.43288,4.69899
-1.24587,1.43226,2.65851,4.34583,2.57022,5.35626,-1.72656,3.01167,-1.74618,3.09996,-0.90252,4.78728
-1.02024,1.67751,2.79585,3.14901,1.87371,4.73823,-1.89333,2.57022,-2.90376,2.92338,-0.22563,3.6297
-1.01043,1.34397,3.0411,2.53098,2.00124,5.20911,-1.91295,2.37402,-2.37402,4.39488,-0.51012,2.52117
-1.57941,1.88352,2.07972,3.25692,0.80442,5.0031,-1.89333,2.99205,-2.11896,4.20849,-2.92338,0.86328
-0.51993,2.93319,2.32497,4.49298,1.16739,6.83757,-2.80566,3.28635,-1.84428,3.80628,-0.31392,1.3734
-0.21582,2.90376,2.24649,4.46355,-0.03924,5.71923,-2.88414,2.92338,-2.31516,4.34583,0.30411,1.08891
-0.44145,1.93257,1.21644,3.78666,-0.62784,3.89457,-2.43288,2.52117,-1.48131,4.91481,-0.5886,0.2943
0.04905,2.51136,0.81423,2.48193,-1.3734,2.83509,-1.93257,4.22811,-0.47088,4.78728,-2.6487,0.77499
1.15758,2.30535,0.59841,1.05948,-1.05948,2.95281,-2.80566,4.33602,-0.96138,3.96324,-0.31392,0.1962
0.61803,2.37402,0.82404,1.08891,-1.16739,0.67689,-2.65851,4.3164,-2.42307,2.92338,-0.0981,-0.46107
0.71613,0.57879,-0.03924,-1.23606,-0.42183,0.43164,-1.70694,3.75723,-0.30411,3.03129,0.21582,0.55917
0.96138,1.89333,-0.45126,-1.04967,-0.31392,1.1772,-1.73637,3.56103,1.04967,2.23668,-0.69651,0.26487
1.57941,2.30535,-0.60822,-1.5696,-0.04905,0.65727,-1.81485,3.06072,-0.04905,1.10853,2.61927,1.35378
1.7658,3.01167,-1.09872,-1.29492,0.04905,0.02943,-0.86328,2.41326,0.81423,1.49112,-0.64746,1.84428
1.42245,1.62846,-1.02024,-1.60884,-0.18639,-2.81547,-0.2943,1.85409,1.71675,2.28573,-1.59903,2.46231
2.52117,2.56041,-1.69713,-0.63765,-0.25506,-3.61989,-0.70632,1.92276,2.34459,0.2943,-0.57879,1.88352
2.60946,3.09015,-1.51074,-1.28511,0.83385,-2.38383,-0.31392,2.04048,1.05948,-0.13734,-0.54936,1.6677
2.32497,1.92276,-2.11896,-2.39364,1.22625,-3.80628,0.95157,0.73575,2.44269,-0.96138,0.86328,2.1582
2.76642,2.68794,-1.58922,-3.1392,1.94238,-4.0221,0.4905,1.03005,1.77561,-1.65789,0.3924,4.59108
2.29554,2.91357,-1.39302,-2.79585,1.26549,-1.15758,0.8829,1.26549,1.69713,-2.49174,1.24587,3.7278
2.79585,3.54141,-1.28511,-3.99267,1.52055,-2.12877,1.58922,0.71613,1.42245,-2.07972,1.30473,4.28697
2.83509,2.87433,-1.12815,-2.53098,1.36359,-1.74618,1.59903,0.35316,1.28511,-2.13858,0.16677,5.17968
1.962,2.57022,-0.85347,-2.30535,-0.21582,-0.74556,1.7658,0.0981,0.87309,-1.88352,1.5696,5.66037
2.39364,3.28635,-0.91233,-0.43164,-0.05886,-0.23544,1.6677,0.6867,0.25506,-2.88414,2.13858,3.74742
2.38383,3.22749,-0.12753,-1.34397,-0.38259,-1.75599,1.88352,2.44269,-0.00981,-2.85471,2.92338,3.39426
1.62846,3.32559,0.08829,0.8829,-0.981,0.32373,1.60884,2.73699,-0.08829,-2.03067,1.60884,3.80628
0.59841,2.943,0.30411,0.90252,-1.55979,-0.53955,1.53036,4.15944,-0.84366,-1.63827,1.15758,5.62113
1.53036,3.21768,1.12815,1.14777,-1.16739,1.0791,1.06929,4.0221,-1.65789,-0.92214,3.63951,6.12144
0.44145,4.1202,0.92214,1.0791,-1.16739,0.83385,0.57879,3.95343,-1.03986,-0.11772,4.59108,6.39612
0.04905,3.68856,1.3734,1.49112,-0.981,0.8829,1.00062,3.97305,0.31392,0.14715,2.92338,6.03315
-0.32373,3.14901,0.96138,1.49112,-0.4905,2.13858,0.51012,4.7088,-0.94176,0.8829,3.12939,6.16068
-0.72594,2.36421,0.69651,1.94238,-0.26487,4.45374,0.21582,4.01229,-1.1772,1.36359,4.20849,5.67018
-0.72594,3.94362,1.23606,3.55122,-0.06867,1.48131,-0.66708,4.77747,-0.20601,1.57941,4.19868,5.1993
-0.96138,3.27654,1.30473,2.76642,-0.05886,3.4335,0.0981,5.02272,0.21582,1.82466,3.31578,3.20787
-1.69713,4.01229,0.72594,2.58984,0.63765,1.42245,-0.94176,4.23792,-0.77499,2.56041,3.97305,1.11834
-1.00062,3.84552,1.12815,2.89395,0.70632,2.52117,-1.09872,4.59108,-1.19682,2.51136,3.58065,1.62846
-0.51012,4.37526,1.69713,4.06134,1.12815,1.77561,-1.32435,5.30721,0.55917,3.14901,4.81671,2.1582
-0.96138,4.33602,1.08891,2.85471,1.38321,4.00248,-0.86328,4.73823,0.1962,3.94362,3.19806,1.2753
-1.31454,3.20787,0.33354,1.69713,1.52055,4.32621,-1.57941,4.75785,-0.04905,4.38507,4.0221,1.33416
0.73575,2.82528,0.28449,1.10853,1.39302,4.64994,-1.5696,4.68918,-0.53955,4.06134,3.38445,-0.37278
0.28449,3.07053,0.30411,1.59903,0.5886,3.39426,-1.18701,5.67018,-0.50031,3.73761,3.77685,-1.62846
0.21582,3.1392,0.27468,0.14715,-0.30411,3.06072,-0.981,5.08158,-0.30411,3.90438,2.1582,-2.59965
0.26487,2.1582,-0.24525,0.89271,0.13734,4.28697,-1.03005,5.56227,0.17658,2.92338,3.15882,-1.80504
0.71613,2.12877,-0.81423,0.76518,-1.18701,1.78542,-0.86328,5.02272,-0.25506,2.72718,3.51198,-2.77623
0.86328,2.27592,-1.10853,0.16677,-1.71675,2.943,-1.19682,5.95467,0.71613,2.37402,0.8829,-2.51136
0.35316,2.53098,-1.94238,0.13734,-1.73637,3.37464,-0.77499,5.95467,0.04905,2.44269,1.05948,-2.95281
1.54017,1.41264,-1.40283,-1.09872,-1.60884,1.5696,-0.74556,5.41512,0.10791,1.33416,0.62784,-1.59903
1.91295,0.51012,-2.41326,-1.06929,-2.09934,1.29492,-1.2753,4.62051,-0.27468,1.13796,1.09872,-1.77561
1.30473,0.69651,-2.81547,-2.63889,-1.98162,1.65789,-1.16739,4.86576,0.17658,0.67689,1.22625,-1.2753
1.32435,0.59841,-2.69775,-2.00124,-0.8829,-0.74556,-0.65727,3.79647,0.54936,-0.40221,1.63827,-0.10791
1.83447,2.03067,-2.18763,-3.63951,-0.75537,-0.66708,-1.10853,4.25754,0.6867,-1.28511,0.56898,-0.18639
2.18763,2.02086,-2.69775,-3.35502,-1.40283,-1.84428,-1.15758,2.39364,0.73575,-2.05029,1.49112,0.65727
1.53036,2.78604,-2.65851,-2.79585,-0.90252,-2.29554,-1.10853,1.92276,2.04048,-1.78542,-0.46107,2.04048
2.07972,2.10915,-2.86452,-1.63827,-0.59841,-1.52055,-1.11834,1.20663,1.57941,-2.17782,-1.42245,3.03129
2.47212,2.31516,-2.63889,-1.44207,-0.46107,-1.40283,-1.05948,0.13734,0.75537,-2.21706,-0.4905,3.31578
1.62846,1.64808,-3.12939,-0.13734,-0.35316,-1.10853,-1.19682,0.21582,0.22563,-3.05091,1.54998,2.75661
1.91295,1.63827,-3.01167,-0.07848,0.45126,-0.21582,-1.02024,0.36297,0.31392,-3.07053,0.6867,4.4145
3.07053,1.30473,-2.03067,0.32373,0.84366,-0.86328,-0.17658,1.28511,-0.21582,-1.97181,1.10853,5.07177
2.58003,1.33416,-0.981,1.95219,0.35316,-1.49112,-1.11834,1.36359,-1.04967,-1.43226,1.77561,5.56227
2.21706,1.62846,-0.50031,1.59903,0.16677,-0.22563,-0.7848,2.48193,0.92214,-1.54998,2.58003,5.96448
2.10915,1.51074,-0.3924,2.13858,0.47088,0.41202,0.11772,1.5696,1.19682,-0.51993,3.3354,7.82838
1.82466,1.7658,0.44145,2.93319,-0.50031,1.02024,-0.42183,2.85471,0.48069,0.75537,1.59903,7.90686
1.44207,1.26549,0.65727,4.18887,-1.32435,3.73761,-0.87309,3.06072,0.7848,0.27468,1.95219,7.05339
0.97119,1.31454,0.20601,3.61008,-0.96138,4.905,-1.29492,3.22749,0.07848,1.02024,1.8639,7.19073
0.62784,1.18701,-0.06867,3.0411,-1.09872,4.87557,-0.93195,4.20849,-0.32373,1.01043,2.02086,6.26859
0.76518,1.15758,0.17658,3.44331,-0.96138,6.1803,-1.03986,4.94424,-0.66708,2.12877,1.74618,5.16987
0.34335,1.54998,1.25568,2.21706,-0.96138,5.07177,-1.67751,6.25878,-1.46169,2.58003,1.11834,3.83571
0.44145,3.38445,0.84366,1.52055,-1.10853,3.95343,-1.61865,5.92524,-0.14715,2.87433,3.52179,5.03253
0.16677,4.57146,1.3734,0.48069,-1.02024,4.24773,-1.91295,5.79771,-0.08829,3.21768,2.69775,3.70818
-0.6867,4.92462,1.26549,0.7848,-1.22625,4.73823,-1.90314,5.63094,-0.42183,4.76766,2.78604,2.75661
-0.28449,5.07177,0.11772,-0.86328,-1.38321,5.91543,-2.60946,5.6898,-0.47088,3.29616,0.51993,1.25568
-0.64746,5.4936,0.54936,-0.89271,-1.19682,6.65118,-1.12815,5.15025,-0.69651,4.24773,0.48069,1.18701
-0.81423,5.85657,0.45126,-2.61927,-0.43164,6.02334,-1.77561,5.70942,-1.46169,3.26673,0.5886,-1.1772
-0.43164,4.91481,-0.8829,-2.31516,-1.79523,6.867,-1.45188,4.66956,-1.962,3.61008,1.25568,-0.92214
0.06867,5.60151,-0.48069,-3.37464,-0.59841,4.24773,-0.55917,5.16006,-1.06929,3.12939,1.55979,-1.57941
-0.60822,5.31702,-0.37278,-2.72718,-1.55979,2.92338,-0.67689,5.07177,-0.92214,4.22811,2.53098,-2.87433
-0.28449,5.52303,-0.80442,-2.92338,-1.6677,4.17906,-0.54936,6.30783,-0.75537,4.92462,1.48131,-3.03129
-0.1962,5.31702,-0.7848,-1.962,-2.04048,3.90438,-0.79461,5.71923,-2.20725,4.49298,2.07972,-2.72718
-0.36297,4.37526,-1.40283,-1.52055,-1.20663,3.16863,-0.10791,6.29802,-0.87309,4.77747,0.21582,-1.70694
-0.3924,3.20787,-0.981,-1.1772,-1.87371,2.99205,0.43164,6.0822,0.2943,4.34583,0.90252,-2.80566
-0.16677,2.71737,-1.09872,0.3924,-1.69713,2.61927,0.01962,5.886,0.0,4.48317,0.22563,-2.90376
-0.43164,1.7658,-1.41264,0.91233,-1.7658,3.68856,-0.13734,6.867,-0.32373,2.83509,0.67689,-1.52055
0.42183,2.46231,-1.05948,1.10853,-1.41264,2.81547,1.18701,4.74804,1.14777,2.37402,1.14777,-0.48069
0.36297,2.32497,-1.4715,1.82466,-2.05029,1.48131,1.05948,4.77747,0.99081,2.28573,2.5506,-1.46169
0.05886,3.39426,-1.50093,2.48193,-2.61927,2.33478,-0.06867,5.0031,1.20663,2.61927,1.77561,0.14715
0.37278,3.26673,-1.62846,2.39364,-1.10853,1.71675,0.64746,5.45436,0.42183,1.98162,0.7848,0.71613
0.67689,4.79709,-1.7658,2.80566,-1.22625,0.981,0.91233,3.83571,1.79523,1.64808,1.62846,0.51012
-0.28449,5.93505,-2.38383,2.33478,-1.73637,0.73575,0.74556,4.68918,1.30473,0.981,1.84428,0.62784
0.17658,6.58251,-2.39364,3.95343,-1.29492,1.58922,0.34335,3.11958,1.0791,-0.70632,1.05948,2.67813
0.44145,5.64075,-2.58984,3.12939,-0.11772,0.7848,-0.35316,2.26611,0.12753,-1.15758,0.38259,3.79647
0.71613,6.55308,-2.69775,3.93381,-0.1962,1.36359,0.83385,0.63765,2.31516,-2.04048,0.6867,4.14963
0.73575,6.97491,-2.48193,2.76642,-1.10853,0.0981,0.8829,0.70632,2.2563,-1.38321,3.58065,5.08158
0.28449,6.74928,-1.42245,2.99205,-0.84366,-1.94238,0.27468,-0.15696,1.55979,-1.94238,2.22687,5.82714
-0.01962,6.58251,-1.42245,2.30535,-1.0791,0.46107,0.3924,-0.80442,0.96138,-1.42245,1.962,6.73947
0.67689,6.64137,-1.73637,4.15944,-1.24587,1.36359,1.2753,-0.71613,1.6677,-1.13796,3.10977,6.38631
0.21582,7.1613,-1.58922,3.40407,-1.21644,2.37402,1.18701,-0.52974,-0.03924,-1.12815,3.71799,6.99453
0.25506,5.87619,-1.03005,3.68856,-0.31392,2.75661,-0.15696,-0.46107,-0.35316,-2.61927,1.12815,6.64137
0.63765,4.905,-0.59841,2.57022,0.25506,1.72656,0.61803,0.95157,-0.28449,-2.50155,1.03005,7.4556
0.53955,4.98348,-0.56898,4.54203,-0.40221,3.17844,0.74556,2.21706,0.89271,-2.67813,0.55917,6.54327
0.43164,3.924,-0.06867,3.67875,0.02943,2.00124,1.26549,2.17782,0.13734,-3.44331,2.23668,7.85781
0.8829,4.17906,0.97119,4.55184,0.32373,1.33416,0.4905,3.38445,0.0981,-2.4525,1.59903,6.83757
0.00981,4.35564,0.59841,3.16863,0.13734,3.10977,0.10791,4.42431,0.51012,-1.77561,4.04172,5.03253
0.4905,5.14044,1.16739,3.11958,-0.1962,4.17906,0.52974,5.83695,0.05886,-1.88352,1.95219,3.1392
0.70632,4.56165,1.41264,2.13858,-0.12753,5.32683,0.54936,6.5727,-1.30473,-1.74618,3.01167,2.96262
0.23544,5.79771,0.66708,2.69775,-0.01962,5.53284,0.32373,7.41636,-0.93195,-1.97181,1.41264,3.18825
0.61803,6.71985,0.87309,0.981,0.55917,6.26859,0.51993,9.08406,-1.69713,-1.23606,2.58984,0.76518
0.00981,7.30845,1.25568,0.56898,0.16677,5.91543,-0.15696,7.76952,-1.1772,-1.34397,1.51074,-0.55917
0.05886,7.90686,1.20663,-0.67689,0.3924,5.93505,-0.28449,8.22078,-1.38321,-0.21582,0.00981,-1.23606
-0.20601,7.24959,0.60822,-0.25506,-0.32373,5.03253,-0.37278,8.07363,-0.24525,1.18701,-1.01043,-1.73637
-0.63765,7.96572,0.37278,-2.37402,-0.59841,5.50341,0.62784,8.31888,-0.76518,2.70756,-0.27468,-3.05091
-1.26549,6.09201,0.30411,-2.90376,-0.981,5.31702,-0.55917,9.09387,0.13734,4.19868,-1.29492,-2.81547
-0.91233,4.78728,-0.53955,-2.54079,-1.36359,5.07177,0.32373,8.80938,0.54936,4.54203,0.6867,-4.34583
-0.77499,3.28635,-0.86328,-2.44269,-1.6677,3.46293,0.34335,9.27045,0.23544,4.09077,0.4905,-4.36545
-1.2753,4.33602,-0.981,-2.48193,-1.54017,3.61989,0.80442,9.20178,0.30411,3.47274,-1.36359,-5.01291
-1.03986,4.19868,-0.71613,-2.08953,-1.14777,3.64932,-0.06867,9.06444,0.84366,4.07115,-0.44145,-4.27716
-0.99081,3.27654,-0.75537,-2.09934,-1.73637,1.98162,0.84366,8.68185,0.42183,3.02148,0.31392,-4.18887
-1.57941,2.70756,-0.95157,-1.57941,-1.16739,2.08953,1.19682,7.62237,1.46169,3.05091,-1.22625,-3.29616
-1.19682,3.2373,-0.90252,-1.97181,-0.42183,2.1582,1.54017,8.2404,0.76518,4.08096,-2.75661,-3.924
-1.52055,2.21706,-0.41202,0.05886,-0.91233,0.0,0.89271,8.66223,0.91233,4.25754,0.2943,-2.69775
-0.83385,2.77623,-1.33416,1.58922,0.11772,-1.38321,1.31454,7.72047,1.92276,3.22749,-0.48069,-0.85347
-0.46107,3.88476,-1.32435,2.76642,0.55917,-1.8639,1.50093,7.77933,2.11896,2.14839,1.09872,-0.44145
-0.3924,3.54141,-0.83385,3.68856,0.50031,0.11772,0.83385,7.12206,2.3544,1.61865,0.03924,0.24525
-0.64746,3.89457,-0.06867,4.68918,1.05948,-0.36297,0.22563,8.11287,0.90252,0.96138,2.40345,0.90252
-0.36297,3.95343,-0.22563,4.99329,1.14777,0.66708,1.06929,7.19073,1.33416,1.34397,0.33354,1.92276
0.28449,5.53284,0.73575,4.50279,1.34397,0.72594,0.07848,6.36669,1.61865,-0.28449,-0.59841,0.85347
0.21582,4.99329,1.09872,5.31702,0.83385,0.15696,0.53955,5.17968,0.95157,0.981,0.73575,0.17658
0.22563,6.19992,0.65727,5.80752,0.60822,0.03924,-0.32373,5.25816,-0.81423,1.04967,-1.25568,0.44145
1.22625,6.49422,1.04967,5.75847,0.71613,2.14839,-0.23544,3.7278,1.42245,0.06867,-2.4525,1.59903
0.81423,7.42617,0.87309,6.10182,0.99081,1.21644,-0.84366,2.82528,1.04967,-0.8829,-3.71799,1.4715
0.92214,6.6708,0.92214,6.94548,0.83385,1.31454,-0.24525,2.93319,0.38259,-1.33416,0.1962,2.47212
1.12815,6.02334,1.49112,5.72904,1.82466,0.74556,-0.2943,4.2183,-0.36297,-1.42245,0.13734,1.38321
1.16739,6.26859,1.13796,4.23792,0.96138,2.0601,-0.25506,3.99267,0.4905,-2.51136,-1.75599,1.24587
1.32435,5.82714,1.78542,4.24773,0.89271,3.55122,-1.03986,2.91357,0.43164,-2.48193,-1.04967,-0.56898
0.94176,6.11163,1.72656,3.83571,1.0791,1.19682,-0.5886,4.84614,-0.30411,-2.72718,0.25506,-0.11772
1.98162,6.11163,1.85409,2.60946,1.60884,1.12815,-0.31392,5.94486,0.01962,-2.61927,-3.58065,-0.43164
1.69713,5.7879,1.34397,1.48131,0.5886,2.68794,-0.72594,4.57146,0.70632,-3.10977,-3.09996,-0.57879
0.64746,5.70942,1.98162,1.49112,0.51012,3.66894,-0.66708,4.99329,-1.04967,-3.65913,-2.18763,0.75537
1.59903,5.22873,2.36421,1.55979,1.67751,3.25692,0.26487,6.70023,-0.2943,-2.93319,-0.981,0.14715
1.44207,5.74866,1.92276,1.65789,2.36421,3.75723,0.28449,6.68061,0.61803,-3.24711,-2.75661,0.91233
1.13796,5.53284,1.94238,-0.02943,2.12877,2.11896,-0.06867,8.57394,0.46107,-3.26673,0.27468,-0.70632
0.4905,5.05215,2.23668,-2.05029,2.36421,3.83571,-0.55917,8.54451,0.20601,-2.09934,2.06991,-0.46107
1.21644,5.45436,1.39302,-3.2373,2.24649,2.66832,-0.85347,10.77138,0.17658,-2.0601,-1.08891,-1.73637
0.74556,6.04296,1.34397,-3.39426,1.21644,2.90376,-0.56898,10.0062,0.2943,-1.63827,0.21582,-2.34459
-0.16677,7.1613,0.6867,-3.68856,1.14777,3.70818,-0.54936,10.47708,-0.5886,-0.71613,1.13796,-3.94362
-0.48069,5.76828,0.96138,-4.35564,0.89271,4.94424,-1.33416,8.95653,0.06867,0.02943,1.01043,-2.72718
0.05886,5.62113,0.22563,-5.44455,0.76518,4.38507,-1.01043,8.72109,1.88352,-1.04967,-2.72718,-3.56103
-0.84366,6.21954,-0.59841,-5.14044,-0.11772,6.69042,-0.81423,7.22997,0.24525,-0.53955,-0.03924,-3.8259
-0.82404,6.98472,-0.30411,-4.93443,-0.46107,5.43474,-1.36359,7.08282,0.91233,0.59841,0.14715,-3.15882
-0.8829,6.46479,-0.35316,-5.06196,-1.33416,6.05277,-1.43226,6.55308,2.62908,2.04048,-0.4905,-2.62908
-0.72594,6.89643,-1.43226,-5.2974,-0.82404,5.36607,-1.49112,6.49422,1.98162,2.00124,-1.45188,-3.70818
-1.28511,7.22997,-1.69713,-5.74866,-1.26549,3.41388,-1.80504,5.38569,0.59841,2.46231,0.31392,-5.55246
-1.0791,7.12206,-2.0601,-4.39488,-1.23606,1.70694,-1.01043,5.28759,2.21706,2.93319,-2.48193,-4.65975
-0.6867,5.91543,-2.21706,-2.63889,-1.72656,2.11896,-1.67751,3.95343,2.85471,2.33478,-2.07972,-4.97367
-0.42183,6.10182,-2.67813,-2.38383,-1.41264,1.82466,-1.34397,2.7468,3.42369,1.67751,-1.98162,-3.93381
-1.21644,6.1803,-2.63889,-2.00124,-0.86328,3.55122,-0.981,2.56041,1.54998,1.08891,-0.86328,-2.11896
-0.71613,6.15087,-1.67751,-0.26487,-0.24525,3.16863,-0.13734,2.69775,2.67813,1.54017,-2.57022,-0.15696
0.65727,5.71923,-1.43226,-0.38259,-0.22563,1.69713,-1.19682,1.88352,3.08034,0.77499,-1.25568,-0.75537
-0.24525,7.10244,-1.42245,1.08891,-0.47088,1.30473,-0.42183,2.38383,2.88414,1.98162,1.78542,-0.20601
0.24525,6.72966,-1.84428,2.20725,0.6867,-0.20601,-0.50031,3.11958,3.16863,2.00124,0.3924,-0.48069
0.91233,7.70085,-0.50031,4.19868,1.49112,-1.09872,-0.50031,1.70694,4.07115,1.30473,-0.99081,0.04905
0.84366,7.82838,-0.76518,4.23792,1.81485,-1.73637,-1.12815,2.1582,1.97181,0.82404,-1.03005,-0.30411
0.56898,8.17173,-0.4905,4.26735,2.44269,-2.79585,-0.24525,0.7848,2.30535,0.30411,1.85409,1.35378
0.14715,7.81857,-1.15758,4.23792,2.58984,-0.17658,0.34335,1.71675,1.62846,-0.11772,-1.60884,2.5506
0.70632,8.08344,-0.38259,5.74866,2.31516,1.73637,-0.20601,1.14777,0.64746,0.03924,-1.32435,1.84428
0.74556,9.11349,0.33354,5.80752,1.77561,1.3734,-0.83385,1.87371,1.19682,-0.34335,0.44145,0.11772
0.65727,9.55494,-0.30411,6.75909,2.38383,1.46169,0.07848,2.21706,1.95219,-0.36297,1.60884,0.35316
0.42183,10.48689,-0.50031,7.24959,1.68732,2.76642,0.0,3.75723,1.46169,-0.73575,-1.23606,0.31392
0.51012,10.35936,0.89271,8.68185,1.55979,0.56898,-0.84366,3.19806,1.45188,-1.23606,-0.54936,-0.28449
0.26487,9.68247,0.84366,7.3575,0.96138,-0.64746,-1.20663,3.69837,1.20663,-2.01105,1.77561,-1.21644
-0.40221,8.96634,0.08829,7.04358,1.20663,1.84428,-0.42183,4.6107,1.58922,-1.92276,-0.89271,-1.87371
-0.01962,7.75971,-0.15696,6.06258,0.61803,4.13982,0.04905,5.26797,1.43226,-2.50155,-2.05029,-2.72718
-0.36297,6.56289,0.40221,5.80752,0.54936,3.93381,-0.57879,5.91543,0.56898,-2.98224,-0.57879,-3.12939
-0.42183,6.36669,-1.05948,2.80566,0.0981,3.89457,0.06867,7.13187,1.81485,-3.77685,0.79461,-3.61989
0.27468,6.31764,-1.29492,2.37402,0.11772,5.77809,0.17658,9.10368,1.70694,-4.48317,-0.52974,-4.22811
0.0,5.32683,-1.42245,2.57022,-0.41202,5.69961,0.02943,10.1043,1.40283,-4.23792,-0.17658,-3.8259
-0.18639,6.00372,-0.60822,1.29492,-0.5886,4.71861,-0.0981,10.87929,1.4715,-4.62051,1.74618,-3.69837
0.08829,5.36607,-1.29492,0.20601,-0.43164,3.21768,0.18639,11.03625,2.10915,-4.85595,1.78542,-4.06134
-0.31392,4.69899,-1.49112,-1.23606,-0.63765,5.86638,-0.35316,11.2815,1.65789,-4.96386,1.19682,-4.7088
-0.75537,4.15944,-1.30473,-1.19682,-1.62846,7.40655,0.05886,10.9872,1.28511,-4.34583,1.51074,-4.91481
-0.01962,3.61008,-0.92214,-4.01229,-1.05948,4.52241,-0.30411,11.34036,1.74618,-4.43412,0.61803,-4.81671
0.67689,3.16863,-2.37402,-5.89581,-1.30473,4.34583,-0.20601,10.94796,2.06991,-3.65913,1.41264,-4.50279
0.26487,3.25692,-3.03129,-6.84738,-1.58922,6.12144,-0.50031,10.63404,1.57941,-2.98224,1.08891,-5.09139
0.73575,3.28635,-2.62908,-7.39674,-2.37402,4.71861,-1.26549,9.97677,1.2753,-2.33478,3.60027,-5.4936
1.25568,3.24711,-2.50155,-7.50465,-1.83447,2.52117,-1.63827,9.1233,2.66832,-1.46169,3.39426,-4.83633
1.04967,4.3164,-3.14901,-6.51384,-1.78542,1.22625,-1.77561,8.39736,2.87433,-0.41202,2.57022,-5.71923
0.63765,3.97305,-2.65851,-5.12082,-1.75599,3.17844,-1.81485,7.1613,2.69775,-0.99081,3.11958,-4.67937
0.44145,3.924,-2.58003,-5.9841,-2.26611,2.49174,-1.94238,6.44517,2.26611,-0.61803,1.95219,-3.50217
1.33416,4.37526,-2.19744,-4.56165,-1.64808,0.23544,-1.46169,5.70942,2.69775,-0.33354,2.19744,-2.2563
1.54998,4.57146,-2.49174,-4.93443,-1.72656,0.21582,-1.40283,5.23854,2.3544,0.45126,3.93381,-3.4335
1.28511,4.25754,-2.71737,-3.07053,-2.09934,1.52055,-1.16739,4.04172,2.36421,0.56898,2.27592,-3.15882
2.2563,3.98286,-2.39364,-2.6487,-1.06929,0.60822,-1.31454,3.89457,1.74618,1.2753,1.80504,-2.75661
3.02148,4.43412,-2.01105,-1.69713,-0.2943,-1.62846,-1.42245,3.27654,1.93257,1.16739,2.56041,-1.58922
2.65851,4.35564,-2.11896,-1.15758,0.42183,-0.05886,-0.64746,3.42369,2.67813,1.70694,2.08953,-1.35378
2.10915,6.16068,-1.95219,0.16677,0.00981,-0.89271,-0.16677,2.80566,2.54079,0.76518,0.10791,-0.22563
1.65789,5.86638,-1.63827,1.00062,1.2753,-0.12753,-0.13734,3.76704,1.01043,0.6867,0.80442,-0.67689
1.73637,5.17968,-0.62784,0.50031,1.21644,-1.74618,-0.43164,4.19868,1.50093,-0.08829,4.13001,0.03924
2.19744,5.35626,-0.77499,0.71613,1.36359,-0.13734,0.24525,3.61989,1.87371,-0.44145,1.1772,-0.3924
2.12877,5.13063,-1.34397,1.77561,1.2753,1.15758,0.07848,4.13001,1.88352,-1.03005,0.07848,-1.23606
2.0601,4.38507,-0.77499,1.90314,1.97181,-0.20601,0.08829,5.16006,1.05948,-2.20725,0.75537,-0.82404
2.33478,4.47336,0.30411,2.02086,2.11896,-2.75661,-0.36297,5.04234,-0.82404,-2.41326,2.92338,-0.8829
2.10915,4.86576,0.08829,1.35378,2.05029,-1.61865,0.67689,3.8259,0.01962,-2.49174,-0.84366,-1.62846
1.15758,4.5126,-0.80442,1.83447,1.48131,-1.20663,0.50031,4.64994,0.00981,-1.82466,-0.86328,-2.91357
0.25506,4.20849,0.64746,1.54998,1.89333,-1.14777,-0.02943,4.91481,-1.91295,-2.79585,-0.26487,-2.8449
-0.10791,4.64994,1.52055,0.56898,1.98162,-0.63765,-0.50031,5.45436,-0.77499,-3.12939,0.28449,-4.25754
0.22563,4.96386,0.97119,0.70632,1.49112,-0.51012,0.07848,6.29802,-0.76518,-3.83571,-3.16863,-4.64013
-0.0981,4.94424,-0.06867,-0.55917,1.23606,-0.95157,-0.44145,7.01415,-0.93195,-4.20849,-2.10915,-6.98472
-0.21582,3.84552,1.03005,-0.36297,0.83385,-0.77499,-0.86328,7.48503,-1.82466,-5.32683,-0.15696,-6.33726
-0.18639,3.61989,0.44145,-1.51074,0.0,-0.10791,-0.20601,7.50465,-1.60884,-5.3955,-0.0981,-7.50465
0.3924,3.61008,-0.11772,-1.4715,-1.2753,1.36359,0.92214,7.14168,-1.58922,-4.60089,-2.87433,-6.83757
-0.07848,2.79585,0.02943,-1.81485,-1.26549,2.42307,0.16677,7.40655,-2.54079,-3.65913,-1.33416,-8.48565
-1.39302,3.52179,1.33416,-2.44269,-0.85347,0.95157,-0.40221,8.20116,-0.38259,-3.88476,-0.02943,-8.76033
-1.00062,3.4335,0.81423,-3.70818,-1.35378,2.07972,0.95157,8.34831,-0.50031,-4.00248,-1.70694,-8.85843
-0.25506,2.88414,0.25506,-4.44393,-1.81485,2.99205,0.63765,8.79957,0.21582,-4.46355,-3.36483,-9.77076
-0.26487,2.73699,0.77499,-5.07177,-1.73637,2.19744,0.23544,9.18216,0.40221,-5.08158,-1.22625,-9.44703
-0.63765,2.53098,1.06929,-5.06196,-2.27592,1.69713,1.06929,9.45684,3.0411,-5.75847,1.06929,-9.25083
-0.31392,3.90438,0.22563,-4.72842,-2.8449,3.25692,1.24587,8.91729,2.53098,-5.53284,0.25506,-9.7119
0.92214,2.05029,-0.26487,-5.51322,-2.96262,4.88538,0.34335,8.25021,2.59965,-5.80752,0.63765,-9.33912
0.3924,0.89271,-0.37278,-5.44455,-2.23668,4.52241,0.51993,7.32807,1.51074,-5.85657,1.03986,-9.29007
0.05886,1.11834,-0.7848,-5.46417,-2.61927,2.72718,0.8829,7.03377,4.25754,-5.886,1.77561,-7.97553
-0.27468,1.26549,-1.50093,-5.63094,-2.59965,2.62908,0.26487,6.43536,2.53098,-5.40531,1.20663,-6.89643
0.46107,0.36297,-0.5886,-6.05277,-2.65851,4.67937,-0.15696,6.26859,2.75661,-5.71923,0.76518,-7.29864
0.64746,1.51074,-1.20663,-4.76766,-1.88352,2.27592,-0.24525,5.1012,4.1202,-5.09139,0.40221,-6.75909
0.15696,0.80442,-1.15758,-4.64013,-1.83447,2.0601,-0.20601,4.8069,4.13001,-4.65975,1.31454,-5.02272
0.36297,2.08953,-1.1772,-4.2183,-1.28511,2.62908,-0.2943,3.06072,2.47212,-5.05215,0.56898,-5.75847
1.03005,2.22687,-1.52055,-3.22749,-1.29492,2.41326,-0.59841,1.97181,3.50217,-4.27716,0.67689,-4.56165
1.09872,1.87371,-0.73575,-2.69775,-0.99081,1.04967,-0.03924,1.6677,3.11958,-4.17906,1.19682,-4.24773
0.57879,2.29554,-1.09872,-2.87433,-1.09872,0.15696,-0.46107,0.85347,3.10977,-3.52179,2.67813,-3.48255
0.74556,1.89333,-0.51012,-3.08034,-0.26487,0.47088,-0.36297,0.6867,2.12877,-3.4335,1.16739,-2.98224
1.6677,1.59903,-0.64746,-2.29554,-0.15696,-1.01043,0.21582,-0.57879,3.3354,-3.32559,2.09934,-2.05029
1.65789,2.0601,-0.25506,-1.48131,0.73575,-2.17782,1.25568,0.30411,3.64932,-3.05091,1.91295,-2.02086
1.18701,2.96262,0.10791,-1.11834,0.65727,-2.53098,0.36297,-0.36297,2.65851,-3.34521,0.61803,-1.71675
2.32497,2.19744,1.21644,-0.89271,1.18701,-1.58922,0.7848,-1.35378,1.81485,-3.30597,0.53955,-1.82466
2.54079,2.36421,0.52974,-0.12753,1.26549,-2.37402,1.60884,-2.07972,1.81485,-3.26673,0.59841,-3.12939
2.51136,2.23668,0.85347,-0.41202,1.00062,-2.21706,1.14777,-1.46169,1.15758,-3.61008,0.15696,-4.00248
2.13858,2.37402,0.99081,-1.77561,0.63765,-0.47088,1.02024,-2.46231,0.60822,-3.87495,0.30411,-4.905
2.91357,1.32435,0.51993,-0.981,0.73575,-1.29492,1.83447,-1.77561,0.76518,-4.86576,-0.53955,-5.83695
2.09934,1.95219,0.59841,-1.99143,1.36359,-3.66894,1.09872,-1.14777,0.91233,-5.67018,-0.20601,-6.63156
1.8639,1.77561,1.40283,-1.15758,1.23606,-3.18825,1.85409,-0.34335,0.56898,-6.70023,0.44145,-6.55308
1.54017,1.48131,0.20601,-2.62908,2.02086,-1.8639,1.0791,-0.99081,-0.23544,-6.28821,-0.66708,-7.59294
1.6677,1.4715,0.36297,-2.98224,1.38321,-3.06072,0.77499,-1.84428,0.32373,-6.59232,-0.45126,-6.87681
0.72594,2.16801,0.35316,-4.27716,1.51074,-2.62908,1.23606,-1.05948,-0.67689,-7.18092,-1.38321,-6.6708
0.00981,1.20663,0.89271,-5.09139,1.09872,-1.52055,0.99081,-1.42245,0.04905,-6.89643,-1.74618,-7.53408
-0.26487,0.71613,0.0981,-5.79771,0.81423,-0.94176,-0.14715,-2.48193,0.57879,-6.83757,-2.61927,-8.829
0.45126,-0.92214,0.12753,-5.99391,0.38259,-2.12877,-0.24525,-1.98162,0.41202,-6.91605,-2.11896,-9.79038
-1.06929,-1.42245,0.21582,-7.42617,-0.46107,-2.31516,-0.03924,-1.12815,0.73575,-7.01415,-3.27654,-9.60399
-0.8829,-0.56898,0.11772,-7.69104,-0.20601,-2.26611,-0.73575,-1.28511,0.17658,-7.72047,-1.67751,-9.43722
-0.79461,-1.73637,-0.16677,-6.71985,-0.51012,-3.41388,-0.32373,-0.73575,1.1772,-7.66161,-2.20725,-9.45684
-0.55917,-1.08891,-0.51012,-8.05401,-0.23544,-5.15025,-0.10791,-1.25568,1.38321,-6.78852,-1.58922,-8.55432
-1.35378,-1.61865,0.21582,-8.9271,-0.47088,-6.03315,0.14715,-1.81485,2.1582,-7.68123,-2.22687,-8.07363
-0.81423,-1.55979,-0.22563,-7.52427,0.6867,-3.3354,-0.4905,-2.1582,2.77623,-7.0632,-1.49112,-9.42741
-0.31392,-3.02148,0.22563,-7.74009,-0.26487,-5.06196,-0.23544,-1.74618,3.98286,-7.14168,-1.73637,-8.95653
-0.63765,-3.52179,-0.01962,-7.63218,-0.0981,-4.06134,-0.37278,-0.981,3.66894,-7.21035,-0.53955,-8.91729
-0.31392,-4.5126,-0.46107,-7.79895,0.0,-4.64994,0.15696,-0.79461,4.91481,-8.6328,-1.81485,-8.79957
1.03986,-4.32621,-0.51012,-6.10182,0.04905,-4.04172,-0.2943,0.07848,5.3955,-8.5347,0.69651,-8.77014
0.56898,-4.32621,-0.90252,-4.3164,0.21582,-3.69837,0.01962,-0.54936,5.96448,-8.15211,1.40283,-7.44579
0.42183,-3.87495,-1.2753,-4.46355,0.83385,-4.76766,-0.46107,-0.51993,5.20911,-7.76952,0.82404,-7.62237
0.05886,-4.22811,-1.03986,-4.32621,0.94176,-5.14044,0.14715,-1.24587,5.57208,-7.28883,0.59841,-7.59294
1.06929,-4.04172,-0.57879,-2.38383,1.29492,-5.79771,-0.14715,-1.12815,4.83633,-7.38693,2.31516,-6.51384
0.24525,-4.2183,-0.43164,-2.18763,0.73575,-4.27716,0.03924,-1.45188,4.93443,-6.85719,3.80628,-6.13125
-0.14715,-5.25816,-1.28511,-2.61927,2.01105,-2.23668,-0.60822,-0.03924,4.45374,-6.71004,2.68794,-6.58251
0.51993,-5.83695,-0.28449,-1.90314,1.70694,-3.8259,-0.23544,-0.45126,4.36545,-6.48441,0.4905,-6.6708
1.11834,-5.35626,-0.44145,-1.2753,2.51136,-3.70818,0.30411,-0.82404,3.60027,-6.00372,2.08953,-6.00372
0.43164,-3.39426,-0.37278,-1.03986,1.83447,-3.7278,-0.57879,-2.00124,3.90438,-6.21954,2.24649,-4.74804
0.79461,-3.93381,-0.32373,-0.16677,2.90376,-4.64994,-0.31392,-2.57022,2.01105,-6.3765,0.83385,-4.26735
0.981,-4.47336,-0.26487,-0.46107,1.80504,-4.85595,0.59841,-4.14963,2.57022,-6.04296,0.74556,-4.65975
0.59841,-4.3164,0.64746,-1.31454,1.63827,-5.24835,-0.10791,-5.28759,1.6677,-6.02334,1.55979,-4.79709
0.21582,-3.98286,-0.41202,-1.85409,2.14839,-1.21644,-0.46107,-5.82714,1.03986,-6.49422,-0.13734,-4.49298
0.67689,-4.75785,-0.65727,-1.29492,1.59903,-1.98162,-0.34335,-5.67999,0.08829,-6.78852,0.22563,-5.6898
0.06867,-5.66037,0.40221,-1.8639,1.09872,-5.04234,-0.07848,-5.65056,-0.06867,-6.79833,0.00981,-6.70023
0.73575,-5.86638,0.07848,-2.6487,2.08953,-5.35626,0.03924,-5.63094,-0.46107,-7.53408,-1.41264,-7.01415
0.52974,-5.60151,-0.26487,-2.43288,2.38383,-2.96262,0.46107,-5.4936,-0.80442,-8.05401,0.0981,-7.91667
1.1772,-6.39612,-1.41264,-2.60946,1.54017,-7.12206,0.56898,-5.70942,-1.79523,-7.42617,0.43164,-8.39736
0.74556,-6.04296,-0.96138,-4.46355,1.45188,-6.04296,1.35378,-5.66037,-1.15758,-7.95591,0.51012,-9.52551
0.66708,-5.64075,-1.01043,-6.14106,1.28511,-7.29864,1.42245,-6.10182,-0.89271,-8.12268,0.0,-8.90748
0.96138,-6.33726,-2.12877,-6.68061,0.45126,-4.43412,1.12815,-5.56227,-0.96138,-9.21159,1.19682,-10.04544
0.26487,-6.84738,-2.0601,-6.89643,-0.80442,-6.35688,0.52974,-4.8069,-1.83447,-9.00558,0.54936,-10.72233
-0.24525,-7.39674,-1.41264,-9.00558,-0.82404,-6.81795,1.00062,-4.16925,-1.10853,-8.93691,2.3544,-12.23307
-0.54936,-6.13125,-1.21644,-8.68185,-1.02024,-5.09139,1.30473,-3.22749,-1.34397,-8.31888,1.53036,-12.60585
0.08829,-5.84676,-1.85409,-8.70147,-2.17782,-5.1993,1.15758,-2.60946,-0.34335,-7.93629,0.62784,-13.37103
-0.5886,-5.85657,-1.04967,-9.03501,-1.94238,-7.86762,0.75537,-2.03067,-0.7848,-7.43598,3.16863,-13.30236
-1.5696,-5.96448,-1.40283,-10.70271,-1.70694,-6.867,1.04967,-2.62908,1.30473,-6.92586,1.89333,-12.15459
-0.94176,-5.66037,-1.74618,-10.93815,-2.24649,-6.23916,0.79461,-2.89395,0.62784,-6.75909,-1.03986,-12.17421
-1.10853,-6.41574,-0.5886,-10.85967,-2.93319,-6.11163,0.17658,-2.57022,2.44269,-7.2594,1.38321,-11.90934
-0.981,-6.1803,-0.26487,-11.2815,-2.87433,-7.05339,-0.37278,-2.27592,2.23668,-8.76033,3.11958,-10.87929
-1.28511,-6.43536,0.34335,-11.23245,-2.91357,-5.03253,0.24525,-2.00124,3.91419,-8.77995,1.16739,-9.7119
-1.41264,-5.22873,0.69651,-11.39922,-3.39426,-6.17049,-0.981,-1.34397,3.94362,-8.86824,1.68732,-10.52613
-0.71613,-5.56227,1.71675,-10.60461,-3.30597,-7.24959,-0.44145,-1.54998,2.96262,-9.7119,0.00981,-9.75114
-1.01043,-5.16987,1.03005,-10.34955,-2.42307,-7.87743,-0.50031,-1.60884,3.37464,-9.70209,1.54017,-8.77995
-1.30473,-5.56227,0.73575,-9.37836,-2.12877,-6.31764,-0.62784,-2.09934,3.54141,-9.26064,-1.77561,-8.34831
-0.5886,-5.30721,0.85347,-8.67204,-2.16801,-8.57394,-1.01043,-1.83447,3.29616,-9.85905,-0.17658,-9.42741
0.42183,-6.94548,0.42183,-7.91667,-1.61865,-7.1613,-1.25568,-2.4525,4.22811,-10.62423,0.85347,-8.38755
0.20601,-7.43598,0.04905,-7.12206,-0.34335,-6.82776,-0.57879,-2.42307,4.71861,-11.1834,2.3544,-7.66161
0.10791,-8.05401,0.21582,-5.80752,-1.00062,-5.7879,0.44145,-2.40345,5.07177,-11.55618,-0.63765,-8.67204
1.0791,-8.27964,0.0981,-4.63032,-0.93195,-5.91543,-0.14715,-1.83447,4.00248,-11.00682,-0.72594,-8.49546
1.09872,-7.82838,-0.45126,-3.78666,-0.48069,-6.63156,0.11772,-1.92276,3.25692,-11.66409,1.98162,-9.06444
1.26549,-7.13187,-0.90252,-3.8259,0.1962,-5.83695,1.12815,-1.97181,3.69837,-10.90872,1.52055,-8.52489
0.24525,-6.70023,-1.15758,-2.7468,-0.23544,-5.45436,0.75537,-2.76642,3.30597,-10.01601,0.34335,-10.13373
0.94176,-7.37712,-1.63827,-2.82528,1.08891,-7.21035,0.2943,-3.10977,1.58922,-9.50589,0.26487,-10.32012
0.8829,-7.2594,-1.73637,-2.68794,0.67689,-7.33788,0.15696,-3.57084,2.83509,-9.55494,0.25506,-10.92834
0.38259,-7.17111,-1.72656,-3.28635,1.23606,-5.84676,0.32373,-4.04172,1.52055,-8.40717,-0.82404,-10.57518
0.31392,-6.93567,-1.39302,-3.00186,0.82404,-7.76952,0.5886,-4.74804,1.09872,-8.10306,-1.41264,-10.75176
1.1772,-6.71985,-1.36359,-2.91357,1.59903,-4.73823,0.31392,-4.82652,0.14715,-9.53532,0.42183,-11.10492
0.86328,-7.18092,-1.49112,-4.03191,0.80442,-6.43536,0.981,-4.44393,-0.21582,-9.23121,-0.71613,-11.74257
1.11834,-6.82776,-0.60822,-5.38569,0.53955,-6.90624,1.73637,-4.85595,-1.23606,-8.74071,-0.5886,-11.93877
0.62784,-8.60337,-1.54017,-6.17049,0.43164,-6.34707,0.70632,-4.8069,-0.4905,-8.45622,-3.15882,-12.09573
1.15758,-7.93629,-2.44269,-7.51446,0.62784,-7.34769,0.84366,-6.13125,-1.62846,-8.50527,-1.30473,-11.79162
0.35316,-8.23059,-1.89333,-8.76033,0.18639,-10.62423,1.64808,-6.59232,-0.45126,-8.91729,-0.4905,-10.84005
0.91233,-9.07425,-2.47212,-9.45684,-0.31392,-7.81857,1.14777,-7.1613,-1.13796,-9.78057,-1.78542,-10.41822
0.89271,-10.33974,-2.26611,-10.45746,-0.18639,-9.87867,0.53955,-7.02396,-0.93195,-9.92772,0.92214,-11.17359
0.99081,-9.75114,-2.54079,-11.61504,-0.36297,-7.72047,1.26549,-7.07301,0.08829,-10.03563,0.96138,-11.74257
1.31454,-9.69228,-2.61927,-12.20364,-1.15758,-10.43784,1.24587,-6.4746,-0.75537,-10.28088,0.69651,-12.27231
1.26549,-10.9872,-2.40345,-12.63528,-1.69713,-9.30969,1.23606,-5.21892,-0.80442,-9.92772,-0.14715,-11.50713
1.1772,-11.5758,-2.27592,-12.57642,-1.2753,-9.63342,0.73575,-4.93443,-0.16677,-9.66285,-0.38259,-12.47832
1.15758,-12.11535,-3.2373,-13.71438,-2.57022,-8.44641,1.12815,-4.47336,0.34335,-9.0252,1.71675,-12.64509
0.76518,-12.61566,-3.02148,-12.46851,-2.68794,-9.85905,1.1772,-4.5126,1.40283,-9.09387,2.20725,-12.8511
-0.48069,-13.44951,-2.5506,-11.4777,-2.58984,-8.7309,0.08829,-4.13001,0.18639,-9.28026,2.41326,-11.74257
1.08891,-13.61628,-2.59965,-11.34036,-2.57022,-8.72109,-0.03924,-4.26735,2.43288,-9.13311,3.34521,-11.94858
-0.02943,-13.05711,-0.96138,-11.56599,-3.61008,-8.45622,0.0981,-4.17906,2.79585,-9.0252,4.50279,-12.23307
-0.44145,-13.69476,-0.52974,-10.41822,-3.29616,-8.40717,-1.13796,-4.63032,3.40407,-8.68185,3.06072,-11.9682
-0.5886,-13.00806,0.26487,-10.37898,-3.25692,-9.62361,-0.63765,-5.27778,3.75723,-8.88786,3.2373,-11.86029
-0.21582,-13.36122,0.17658,-9.42741,-3.07053,-10.70271,-0.51012,-5.41512,3.36483,-9.08406,3.83571,-11.39922
-0.85347,-13.2435,0.74556,-9.33912,-3.31578,-8.61318,-0.42183,-5.67018,3.83571,-9.26064,4.83633,-10.66347
-0.53955,-14.16564,1.03005,-8.07363,-2.68794,-8.27964,-1.0791,-5.60151,3.60027,-9.98658,0.76518,-9.93753
-0.06867,-14.18526,1.23606,-7.89705,-2.36421,-8.34831,-0.03924,-7.01415,4.37526,-9.5157,1.95219,-9.08406
0.36297,-14.52861,0.8829,-7.33788,-1.57941,-8.22078,-0.47088,-7.30845,5.08158,-10.76157,1.70694,-6.9651
-0.04905,-14.2245,1.41264,-7.29864,-1.30473,-6.7689,-0.24525,-7.17111,4.37526,-11.27169,2.73699,-7.12206
0.82404,-14.24412,2.06991,-6.82776,-0.92214,-5.12082,-0.41202,-7.42617,4.13982,-12.31155,0.92214,-6.9651
1.44207,-13.72419,1.54017,-7.33788,-0.62784,-7.14168,0.0,-8.1423,3.74742,-11.99763,2.86452,-6.02334
1.41264,-13.32198,0.96138,-6.94548,0.0,-7.77933,-0.1962,-8.49546,4.13982,-11.82105,3.75723,-6.88662
0.57879,-12.71376,1.97181,-6.79833,0.83385,-7.61256,0.00981,-8.91729,3.09015,-11.98782,1.13796,-7.22997
0.85347,-12.83148,0.55917,-6.51384,0.7848,-6.25878,-0.30411,-9.01539,3.16863,-11.58561,-1.33416,-8.17173
1.70694,-11.85048,0.04905,-5.32683,1.16739,-6.49422,1.39302,-8.89767,2.87433,-10.75176,-0.20601,-7.56351
1.7658,-10.67328,-0.44145,-5.13063,1.31454,-5.82714,0.75537,-8.97615,1.74618,-10.76157,0.26487,-8.31888
0.7848,-10.68309,-0.53955,-5.16006,2.16801,-6.19011,0.83385,-9.05463,-0.03924,-10.68309,0.59841,-10.55556
2.0601,-10.87929,-0.44145,-5.30721,2.59965,-7.56351,1.1772,-8.36793,0.23544,-10.77138,-0.54936,-11.54637
2.3544,-11.4777,-1.13796,-5.77809,2.30535,-7.71066,1.73637,-8.18154,-0.3924,-9.7119,0.0,-11.45808
1.57941,-11.25207,-1.48131,-5.83695,2.1582,-8.85843,0.77499,-8.32869,-1.68732,-9.00558,0.59841,-12.09573
0.52974,-10.62423,-1.81485,-6.17049,1.53036,-9.56475,1.48131,-10.19259,-2.08953,-8.56413,2.08953,-12.17421
0.80442,-11.06568,-2.19744,-7.22997,1.65789,-8.87805,1.59903,-10.35936,-2.06991,-7.48503,-0.16677,-12.39984
1.54998,-12.05649,-1.48131,-6.71004,0.66708,-9.21159,2.77623,-10.50651,-1.54017,-7.05339,0.69651,-12.27231
0.33354,-11.80143,-2.08953,-6.11163,-0.1962,-12.17421,1.77561,-10.72233,-2.27592,-7.58313,-0.08829,-12.12516
0.46107,-12.33117,-1.70694,-7.75971,-0.63765,-9.15273,2.59965,-12.13497,-2.36421,-7.87743,0.85347,-12.70395
0.53955,-14.06754,-1.61865,-8.85843,-0.56898,-9.45684,2.41326,-11.38941,-1.63827,-7.24959,-1.7658,-12.47832
0.981,-14.59728,-1.40283,-9.46665,-1.02024,-10.87929,1.52055,-10.47708,-1.45188,-7.18092,-1.40283,-13.40046
0.27468,-13.52799,-1.4715,-11.05587,-1.14777,-11.63466,0.94176,-10.78119,-1.92276,-7.56351,2.47212,-10.81062
0.50031,-13.26312,-1.23606,-11.63466,-1.55979,-12.34098,2.11896,-10.02582,-1.2753,-7.4556,3.8259,-9.76095
0.17658,-14.75424,-0.42183,-11.66409,-1.84428,-12.83148,1.42245,-10.67328,-0.48069,-7.54389,2.37402,-9.7119
-0.21582,-14.89158,-0.72594,-12.21345,-1.69713,-11.92896,0.7848,-9.79038,0.61803,-7.70085,1.30473,-9.36855
-0.06867,-14.31279,-0.43164,-11.74257,-2.00124,-12.11535,0.63765,-9.92772,1.25568,-8.67204,3.91419,-8.90748
-0.42183,-14.16564,-0.69651,-12.40965,-1.63827,-11.02644,0.99081,-9.84924,1.11834,-8.81919,2.19744,-10.48689
-0.67689,-14.23431,0.14715,-12.77262,-2.0601,-12.56661,0.17658,-9.38817,2.51136,-8.78976,0.31392,-12.41946
0.22563,-13.57704,-0.15696,-11.6739,-2.23668,-11.38941,0.1962,-8.28945,2.7468,-8.72109,0.40221,-12.89034
-0.48069,-12.86091,0.0,-11.76219,-2.12877,-11.42865,-0.37278,-8.23059,2.12877,-9.36855,4.0221,-11.51694
-0.52974,-12.24288,0.3924,-11.05587,-1.62846,-11.92896,-0.14715,-7.75971,3.61989,-8.32869,3.81609,-10.45746
-0.1962,-11.48751,0.87309,-10.80081,-0.95157,-10.47708,-1.14777,-7.46541,3.09015,-8.77995,3.61008,-9.19197
0.06867,-11.19321,0.23544,-9.57456,-0.73575,-9.18216,-1.0791,-6.60213,3.2373,-7.87743,1.1772,-8.70147
-0.94176,-11.4777,0.50031,-8.81919,-1.18701,-8.74071,-1.09872,-7.24959,4.82652,-7.39674,5.24835,-7.4556
0.08829,-12.05649,0.65727,-8.2404,-0.23544,-7.73028,-0.54936,-7.98534,5.24835,-7.50465,4.92462,-7.87743
0.3924,-12.03687,0.91233,-8.51508,0.14715,-5.53284,-0.56898,-8.08344,3.85533,-7.95591,2.02086,-10.36917
-0.55917,-11.27169,0.93195,-6.30783,-0.54936,-7.15149,0.08829,-7.7499,2.7468,-7.58313,0.81423,-10.25145
-0.41202,-10.92834,2.12877,-6.29802,-0.75537,-7.23978,-1.00062,-8.40717,3.26673,-7.4556,1.91295,-9.10368
0.08829,-10.75176,2.05029,-6.73947,-0.40221,-7.13187,-0.32373,-8.12268,3.86514,-7.72047,3.31578,-8.30907
0.05886,-9.75114,2.01105,-7.38693,0.14715,-8.05401,-0.03924,-8.83881,2.27592,-6.94548,2.56041,-6.02334
0.43164,-8.72109,2.23668,-5.83695,1.01043,-5.84676,0.69651,-9.07425,1.88352,-6.35688,3.37464,-5.36607
0.24525,-9.47646,2.00124,-6.29802,1.43226,-4.04172,0.32373,-9.10368,2.20725,-6.70023,4.39488,-3.42369
0.90252,-9.04482,1.7658,-5.57208,1.5696,-3.65913,0.55917,-9.2214,1.80504,-7.52427,5.80752,-4.5126
0.48069,-8.27964,2.01105,-5.95467,2.66832,-2.21706,0.46107,-9.89829,0.12753,-7.87743,2.30535,-5.08158
0.93195,-7.32807,1.31454,-4.98348,2.10915,-2.73699,0.70632,-9.77076,0.08829,-7.92648,0.3924,-6.83757
0.05886,-8.21097,1.19682,-5.21892,2.65851,-2.19744,0.50031,-10.17297,-0.12753,-8.49546,0.1962,-7.07301
1.03986,-7.90686,0.23544,-4.85595,1.79523,-3.18825,0.91233,-10.13373,-0.08829,-9.15273,1.91295,-8.77995
0.86328,-7.3575,-0.3924,-6.12144,2.30535,-2.85471,1.62846,-10.92834,-2.02086,-9.26064,1.11834,-8.55432
1.21644,-6.41574,-0.3924,-5.14044,2.00124,-2.943,0.85347,-10.93815,-1.38321,-8.61318,1.13796,-7.76952
0.4905,-7.1613,-1.4715,-5.2974,2.08953,-3.07053,1.02024,-10.80081,-2.0601,-8.1423,2.10915,-8.30907
0.76518,-8.07363,-1.45188,-5.35626,1.49112,-3.77685,2.03067,-10.22202,-1.8639,-8.31888,2.20725,-7.10244
1.3734,-8.56413,-1.88352,-6.33726,0.94176,-2.43288,2.06991,-10.03563,-1.25568,-7.40655,1.6677,-8.08344
1.09872,-9.55494,-1.91295,-5.36607,0.75537,-2.69775,1.21644,-9.64323,-1.04967,-7.848,-0.67689,-8.66223
0.59841,-10.31031,-2.08953,-6.71004,0.84366,-1.41264,1.42245,-10.32993,-2.13858,-7.82838,-0.94176,-10.43784
1.25568,-9.49608,-1.40283,-6.95529,-0.25506,-3.58065,2.7468,-9.64323,-1.88352,-8.40717,-2.61927,-9.36855
0.40221,-9.89829,-1.52055,-7.93629,-0.52974,-6.61194,2.97243,-10.35936,-1.8639,-8.30907,-1.20663,-8.99577
0.23544,-10.35936,-1.94238,-8.45622,-1.12815,-6.97491,1.81485,-9.99639,-0.76518,-8.19135,-2.23668,-8.4366
-0.74556,-11.11473,-1.74618,-9.32931,-1.73637,-5.6898,1.78542,-10.31031,-0.7848,-7.82838,-0.24525,-8.01477
-0.51012,-11.04606,-1.80504,-10.21221,-1.90314,-9.74133,2.58984,-10.37898,0.6867,-7.26921,-0.27468,-6.33726
-0.51012,-11.58561,-0.77499,-9.81,-3.16863,-11.09511,1.89333,-10.70271,1.58922,-7.04358,2.41326,-5.7879
-0.8829,-10.97739,-1.25568,-9.58437,-2.96262,-8.17173,1.52055,-10.11411,2.06991,-7.60275,0.81423,-5.51322
-1.63827,-11.69352,-1.05948,-10.04544,-3.21768,-7.1613,2.38383,-10.41822,1.93257,-7.74009,2.04048,-5.58189
-0.66708,-12.31155,-1.09872,-9.5157,-3.37464,-8.3385,1.7658,-9.73152,2.54079,-7.90686,-0.63765,-6.23916
-0.95157,-11.52675,-0.1962,-9.25083,-2.98224,-8.20116,0.8829,-9.55494,3.65913,-8.32869,1.63827,-6.63156
-2.23668,-10.4967,-0.44145,-10.33974,-2.7468,-6.81795,-0.35316,-9.14292,3.61989,-8.76033,-0.63765,-5.77809
-1.67751,-10.45746,-0.36297,-9.40779,-2.48193,-6.1803,0.56898,-8.86824,3.30597,-8.61318,-1.28511,-6.75909
-1.81485,-11.73276,-0.26487,-8.0442,-1.94238,-7.87743,0.11772,-7.4556,3.97305,-7.79895,-0.25506,-6.92586
-2.47212,-12.38022,-0.17658,-7.13187,-2.16801,-8.78976,-0.31392,-6.62175,4.20849,-7.86762,2.44269,-6.49422
-1.45188,-12.01725,0.44145,-7.53408,-2.02086,-6.13125,-0.60822,-6.40593,4.07115,-7.88724,1.78542,-6.64137
-1.11834,-12.11535,0.60822,-6.60213,-1.99143,-3.90438,-0.16677,-7.2594,3.6297,-7.73028,1.32435,-7.18092
-1.28511,-12.15459,0.56898,-5.54265,-2.21706,-5.87619,-0.03924,-6.12144,3.61008,-7.88724,0.93195,-8.829
-0.97119,-12.47832,0.89271,-5.9841,-2.00124,-7.73028,-0.25506,-6.19992,3.49236,-7.22997,1.68732,-8.06382
-0.46107,-12.05649,1.5696,-6.43536,-1.62846,-6.1803,0.95157,-6.09201,3.06072,-7.01415,1.40283,-8.26002
-0.14715,-12.88053,1.21644,-6.50403,-1.44207,-5.20911,0.0981,-5.53284,2.22687,-5.63094,-0.65727,-9.03501
0.03924,-12.40965,1.75599,-5.5917,-1.18701,-7.0632,0.54936,-4.92462,1.28511,-5.56227,0.42183,-8.83881
0.06867,-12.49794,1.41264,-5.93505,-0.99081,-8.20116,0.64746,-5.33664,0.80442,-5.41512,2.68794,-7.24959
0.69651,-11.35998,1.8639,-5.82714,-1.11834,-6.24897,0.66708,-5.75847,1.1772,-4.88538,2.62908,-6.89643
1.40283,-10.62423,1.75599,-5.92524,-0.83385,-3.02148,1.48131,-7.17111,1.13796,-4.56165,2.73699,-6.98472
1.87371,-9.88848,1.49112,-5.58189,-1.20663,-5.81733,2.06991,-7.04358,0.57879,-4.43412,2.81547,-8.0442
1.42245,-7.88724,2.18763,-6.05277,-0.54936,-4.0221,1.71675,-7.97553,0.22563,-4.39488,3.66894,-7.85781
2.44269,-6.7689,1.41264,-5.51322,-0.59841,-3.09015,1.68732,-7.93629,0.40221,-4.06134,2.41326,-8.32869
2.20725,-6.70023,1.21644,-5.96448,-0.55917,-2.97243,2.02086,-7.19073,-0.03924,-4.11039,1.97181,-8.69166
2.41326,-5.25816,0.56898,-5.9841,-0.15696,-4.07115,1.61865,-6.00372,-1.79523,-3.35502,3.20787,-8.61318
1.62846,-4.66956,0.80442,-5.31702,0.23544,-5.33664,1.0791,-6.56289,-1.42245,-3.96324,3.69837,-8.59356
2.09934,-4.20849,0.64746,-4.64013,-0.02943,-3.63951,1.16739,-7.42617,-0.69651,-4.62051,2.49174,-8.20116
2.06991,-4.30659,0.48069,-4.28697,-0.59841,-2.00124,1.53036,-7.57332,-1.03005,-4.82652,2.91357,-8.42679
2.10915,-3.74742,-0.22563,-4.86576,-0.87309,-3.89457,1.35378,-8.11287,-1.51074,-5.17968,3.05091,-8.61318
1.85409,-4.85595,-0.52974,-3.38445,-0.93195,-4.48317,0.59841,-8.86824,-1.26549,-5.92524,2.3544,-9.6138
1.55979,-4.57146,-0.56898,-3.58065,0.0,-3.22749,1.43226,-8.69166,-1.23606,-6.42555,0.90252,-9.25083
1.12815,-5.95467,-1.08891,-3.35502,-1.08891,-2.96262,1.54998,-8.15211,-0.51012,-6.66099,0.75537,-9.65304
0.48069,-7.78914,-2.28573,-4.23792,-0.40221,-6.62175,1.16739,-8.4366,0.1962,-6.72966,1.62846,-8.02458
0.71613,-8.12268,-1.52055,-3.94362,-0.61803,-6.46479,1.3734,-8.3385,0.03924,-6.50403,1.3734,-8.98596
0.44145,-8.44641,-1.98162,-3.85533,-1.03986,-7.69104,0.16677,-9.3195,0.81423,-6.49422,0.1962,-8.81919
0.03924,-9.43722,-1.35378,-5.27778,-2.17782,-9.0252,0.89271,-9.07425,1.49112,-6.28821,2.31516,-7.56351
-0.13734,-8.99577,-2.20725,-3.67875,-1.91295,-8.90748,0.87309,-10.19259,1.77561,-6.6708,3.3354,-5.58189
-0.20601,-8.87805,-2.0601,-3.924,-1.7658,-8.62299,0.22563,-10.3005,2.14839,-6.32745,1.14777,-4.47336
-0.44145,-8.60337,-1.5696,-5.25816,-2.39364,-7.95591,0.60822,-11.11473,2.26611,-5.57208,-0.27468,-4.8069
-0.64746,-8.89767,-2.0601,-6.39612,-2.29554,-8.51508,0.45126,-10.74195,3.87495,-5.2974,1.28511,-5.32683
-1.8639,-7.88724,-1.79523,-5.50341,-1.16739,-7.3575,-0.52974,-10.02582,4.16925,-5.2974,-0.06867,-5.05215
-1.72656,-7.68123,-2.12877,-5.5917,-1.68732,-5.91543,-0.94176,-10.01601,4.17906,-4.95405,-1.29492,-5.67018
-1.77561,-7.02396,-1.35378,-6.59232,-1.68732,-7.69104,-0.77499,-9.77076,4.11039,-4.37526,0.04905,-5.18949
-1.52055,-8.08344,-2.37402,-7.13187,-1.52055,-7.53408,-1.15758,-8.87805,4.83633,-4.2183,0.41202,-6.71985
-1.90314,-6.07239,-1.58922,-4.91481,-1.16739,-6.05277,-0.4905,-8.26983,3.56103,-4.00248,1.31454,-7.93629
-1.50093,-4.77747,-0.75537,-4.72842,-1.39302,-6.71985,-1.06929,-8.57394,2.70756,-3.6297,-0.12753,-7.848
-1.0791,-5.16987,-0.5886,-4.65975,-0.94176,-7.79895,-1.14777,-8.16192,2.96262,-3.19806,3.4335,-8.18154
-1.68732,-6.03315,-0.99081,-5.05215,-0.71613,-7.22997,-1.00062,-7.13187,2.31516,-2.69775,0.82404,-9.76095
-1.21644,-5.45436,-0.28449,-3.8259,0.03924,-4.66956,-1.97181,-6.89643,2.61927,-2.48193,-2.27592,-10.43784
-0.97119,-4.99329,0.36297,-4.75785,-0.56898,-6.02334,-1.03005,-5.93505,1.26549,-1.78542,-1.95219,-11.00682
-0.5886,-5.35626,-0.25506,-4.25754,0.16677,-5.28759,-1.34397,-5.70942,0.72594,-2.1582,1.03986,-10.05525
-0.66708,-5.17968,-0.00981,-3.61989,0.95157,-5.70942,-0.8829,-4.65975,0.06867,-2.53098,1.59903,-11.03625
-0.24525,-4.58127,-0.23544,-2.19744,1.20663,-4.78728,0.63765,-4.7088,-0.27468,-2.32497,-1.05948,-10.41822
0.41202,-5.24835,0.30411,-2.58003,0.96138,-5.53284,0.20601,-4.63032,-1.65789,-1.79523,2.4525,-10.12392
0.85347,-5.69961,-0.3924,-3.0411,1.50093,-6.10182,0.59841,-6.10182,-2.73699,-2.16801,1.90314,-8.57394
1.11834,-5.81733,-0.08829,-3.64932,1.30473,-5.42493,1.73637,-5.27778,-2.58984,-1.77561,1.00062,-9.76095
1.41264,-4.54203,0.5886,-3.71799,1.78542,-5.7879,1.84428,-5.22873,-2.61927,-1.16739,0.07848,-8.95653
1.59903,-4.54203,0.56898,-5.1012,1.1772,-4.13982,1.80504,-5.32683,-2.70756,-1.51074,0.80442,-7.47522
2.20725,-4.4145,-0.53955,-5.81733,1.10853,-2.34459,1.00062,-5.83695,-3.17844,-1.51074,0.3924,-6.45498
2.31516,-3.86514,-0.63765,-5.67999,0.27468,-0.8829,1.85409,-5.21892,-3.05091,-0.97119,-0.33354,-7.1613
2.3544,-2.28573,-0.54936,-4.48317,0.3924,-2.13858,1.69713,-5.41512,-1.72656,-1.06929,-1.70694,-7.02396
2.31516,-2.6487,-0.51012,-3.90438,-0.16677,-1.18701,1.54998,-5.1993,-2.14839,-1.81485,2.4525,-6.72966
2.30535,-2.52117,-0.48069,-3.07053,0.14715,-0.89271,0.51993,-5.50341,-2.90376,-2.04048,1.84428,-5.70942
2.06991,-3.44331,-0.59841,-2.20725,-0.90252,-3.84552,1.62846,-5.50341,-1.94238,-3.08034,2.2563,-6.22935
1.64808,-3.68856,-0.75537,-1.65789,-0.57879,-2.99205,1.32435,-5.89581,-2.19744,-3.02148,2.06991,-6.2784
1.33416,-4.17906,-0.34335,-2.27592,-1.43226,0.03924,0.91233,-6.87681,-1.0791,-3.86514,2.92338,-6.06258
1.26549,-5.21892,-0.11772,-3.09015,-1.80504,-1.10853,0.56898,-6.7689,-1.03005,-4.24773,1.60884,-6.22935
0.43164,-6.68061,0.05886,-2.73699,-2.07972,-3.61008,0.7848,-6.41574,-0.67689,-3.60027,2.18763,-6.80814
0.22563,-6.91605,-0.41202,-1.69713,-2.57022,-4.3164,0.82404,-5.80752,-1.14777,-3.75723,0.06867,-6.16068
-0.24525,-8.22078,-0.52974,-1.03986,-2.95281,-2.53098,0.51993,-5.97429,0.17658,-3.89457,1.16739,-2.92338
-0.93195,-8.27964,-0.3924,-0.95157,-2.73699,-5.4936,0.96138,-6.34707,-0.27468,-4.34583,2.41326,-2.30535
-1.24587,-8.89767,-0.07848,-0.25506,-2.33478,-8.6328,0.72594,-6.0822,0.01962,-3.57084,2.58984,-1.83447
-1.31454,-10.06506,-0.38259,-0.75537,-1.94238,-5.84676,0.82404,-6.94548,-1.4715,-3.03129,1.8639,-1.60884
-2.02086,-10.64385,-0.34335,-1.30473,-2.30535,-4.15944,0.36297,-7.24959,0.13734,-2.83509,1.69713,-0.17658
-2.08953,-10.68309,0.30411,-2.3544,-2.39364,-5.52303,0.27468,-7.27902,0.63765,-2.39364,1.89333,-0.82404
-1.80504,-10.41822,-0.3924,-2.79585,-2.48193,-5.51322,1.01043,-7.05339,0.71613,-1.14777,1.42245,-0.69651
-1.962,-11.11473,-1.26549,-3.66894,-2.83509,-3.95343,0.38259,-6.30783,-0.24525,-0.02943,0.70632,-0.20601
-0.92214,-10.81062,-0.94176,-3.60027,-2.38383,-4.03191,0.63765,-5.34645,1.35378,1.15758,0.92214,-0.04905
-1.19682,-10.18278,-0.76518,-3.71799,-2.71737,-5.06196,0.0,-5.97429,0.59841,1.52055,-0.65727,-1.24587
-1.01043,-9.81981,-1.52055,-2.13858,-2.57022,-4.62051,-0.50031,-5.55246,0.45126,2.30535,-0.20601,-0.79461
0.0,-9.03501,-1.71675,-3.09015,-2.16801,-2.82528,-0.61803,-5.37588,0.03924,2.22687,0.46107,-0.38259
-0.00981,-8.36793,-0.20601,-3.12939,-1.95219,-1.02024,-0.57879,-5.56227,1.20663,3.00186,-0.01962,-1.80504
0.1962,-7.59294,0.07848,-1.88352,-1.94238,-2.58003,-1.11834,-6.0822,0.981,1.65789,0.50031,-2.43288
0.57879,-6.9651,-0.08829,-1.1772,-1.18701,-1.80504,-0.36297,-5.2974,-0.95157,1.99143,0.60822,-3.74742
0.981,-5.96448,-0.18639,-1.02024,-1.49112,-1.85409,0.0981,-5.01291,-1.42245,2.31516,2.11896,-3.97305
1.32435,-4.69899,-0.45126,-0.93195,-0.34335,-1.25568,-0.38259,-4.28697,0.38259,2.68794,0.51993,-4.92462
1.33416,-4.64013,0.28449,-0.35316,-0.4905,-2.26611,0.08829,-3.85533,-0.43164,2.01105,-0.74556,-4.89519
1.81485,-4.82652,0.22563,-0.01962,0.43164,-1.83447,-0.94176,-3.0411,0.18639,2.24649,-0.33354,-4.33602
2.32497,-4.2183,0.10791,-0.5886,-0.20601,-2.8449,-0.44145,-3.3354,-1.14777,1.60884,-0.41202,-4.3164
2.52117,-3.20787,0.99081,0.08829,0.35316,-2.69775,0.0981,-2.85471,-0.4905,1.42245,0.80442,-4.3164
2.32497,-2.56041,0.52974,-0.04905,1.16739,-2.47212,-0.27468,-2.82528,-1.54998,1.62846,0.67689,-3.98286
2.02086,-1.03986,1.40283,-0.01962,1.6677,-1.99143,-0.01962,-3.47274,-1.78542,1.54998,0.6867,-5.16987
2.86452,-1.04967,1.71675,-0.46107,1.19682,-2.59965,1.06929,-3.22749,-2.05029,1.61865,1.01043,-5.40531
2.78604,0.14715,1.25568,-0.10791,1.95219,-2.46231,0.12753,-2.73699,-2.19744,1.79523,-0.15696,-4.58127
2.09934,-0.23544,1.77561,-1.20663,1.61865,-2.73699,0.45126,-2.4525,-1.60884,1.28511,-1.74618,-3.2373
2.68794,-0.90252,1.52055,-1.14777,0.96138,-0.12753,0.48069,-2.85471,-0.34335,0.07848,-1.75599,-3.00186
3.36483,-1.53036,0.62784,-1.54998,0.65727,-0.90252,0.65727,-2.8449,-1.36359,0.01962,-0.0981,-4.37526
1.63827,-2.04048,0.44145,-1.24587,-0.36297,-0.05886,-0.01962,-3.3354,-0.64746,-0.94176,-1.02024,-5.35626
1.19682,-2.43288,0.73575,-1.62846,-0.03924,0.21582,-0.03924,-4.06134,-0.54936,-0.62784,-0.26487,-5.16006
1.75599,-2.10915,1.15758,-0.75537,-0.53955,0.17658,0.62784,-4.7088,0.22563,-1.03005,1.34397,-4.92462
1.10853,-2.29554,1.65789,-0.0981,-0.72594,0.08829,-0.00981,-5.79771,0.06867,-1.51074,2.65851,-6.06258
-0.08829,-3.56103,1.10853,-0.04905,-0.981,0.14715,-0.61803,-5.71923,0.00981,-2.01105,2.62908,-4.59108
-0.4905,-3.31578,1.01043,-1.01043,-0.18639,0.3924,-0.37278,-5.71923,-0.0981,-2.44269,1.54017,-3.50217
0.0,-3.37464,1.26549,-0.40221,-0.77499,-1.36359,-0.23544,-5.86638,0.84366,-3.1392,1.78542,-3.66894
-1.05948,-4.29678,0.43164,-0.04905,-0.66708,0.06867,-0.70632,-6.60213,0.90252,-3.08034,2.23668,-4.73823
-1.57941,-4.905,0.55917,0.17658,-1.22625,-0.90252,-0.70632,-6.03315,1.57941,-3.31578,1.77561,-4.58127
-1.53036,-5.17968,0.69651,0.25506,-0.90252,-0.71613,-0.27468,-5.55246,2.04048,-3.12939,0.80442,-5.46417
-1.75599,-2.81547,0.96138,0.3924,-1.08891,-2.27592,-0.18639,-6.05277,2.03067,-1.94238,3.75723,-4.3164
-2.7468,-3.4335,0.4905,0.05886,-1.35378,-1.23606,-0.80442,-5.46417,2.00124,-1.70694,5.51322,-3.06072
-2.21706,-2.54079,1.57941,-0.86328,-0.92214,-3.54141,-0.24525,-5.4936,2.22687,-0.51993,4.04172,-3.5316
-1.0791,-2.79585,0.54936,-2.06991,-0.77499,-2.32497,-0.27468,-4.64994,2.0601,0.23544,4.55184,-3.2373
-1.71675,-2.46231,0.17658,-2.51136,-1.05948,-2.18763,0.0,-4.92462,2.04048,0.08829,2.76642,-2.90376
-2.34459,-2.59965,-0.95157,-4.86576,-0.65727,-0.38259,-0.85347,-3.94362,1.18701,0.79461,1.99143,-2.80566
-1.75599,-2.23668,-1.42245,-4.93443,-0.76518,-1.8639,-0.72594,-4.26735,1.91295,1.97181,1.71675,-2.11896
-0.84366,-1.98162,-1.00062,-3.78666,-0.65727,-1.74618,-0.02943,-3.80628,1.98162,3.09996,0.24525,-2.68794
-1.38321,-0.60822,-1.34397,-2.60946,-1.04967,-2.19744,-0.51993,-4.68918,2.33478,3.67875,0.38259,-3.78666
-1.29492,-1.19682,-0.89271,-3.34521,-1.46169,-0.21582,-1.25568,-4.18887,1.40283,4.95405,1.19682,-3.29616
-0.62784,-0.56898,-1.67751,-1.22625,-0.80442,-0.30411,-0.32373,-3.86514,1.34397,5.52303,1.85409,-3.98286
0.14715,0.13734,-1.962,-1.35378,-0.51993,2.11896,-0.86328,-3.45312,0.13734,6.32745,2.10915,-3.64932
-0.35316,0.17658,-1.92276,-1.23606,0.07848,3.30597,-0.93195,-4.32621,0.24525,6.50403,0.36297,-2.26611
-0.25506,-0.89271,-2.14839,-1.73637,-0.21582,2.2563,-1.32435,-4.905,-0.87309,6.06258,-0.08829,-2.67813
0.14715,0.50031,-2.08953,0.42183,-0.10791,3.89457,-0.40221,-5.35626,-1.02024,5.96448,-0.25506,-2.69775
0.56898,1.59903,-2.43288,1.962,0.42183,4.09077,-1.03986,-4.76766,-1.51074,6.07239,-0.31392,-2.26611
0.1962,2.71737,-2.07972,1.57941,0.42183,3.66894,-0.02943,-5.72904,-0.74556,6.21954,-1.5696,-2.80566
0.30411,3.74742,-1.26549,1.67751,0.53955,2.943,-0.15696,-5.54265,-1.13796,6.89643,-3.25692,-3.02148
1.33416,5.48379,-0.46107,3.14901,1.14777,2.54079,0.16677,-5.37588,-0.37278,6.40593,-2.68794,-3.93381
1.65789,4.66956,-0.72594,4.20849,1.26549,2.01105,-0.21582,-4.75785,-0.17658,6.12144,-2.6487,-2.42307
0.84366,4.44393,0.13734,3.26673,0.84366,2.44269,0.17658,-5.28759,-0.59841,4.75785,-4.60089,-2.60946
0.8829,4.78728,0.4905,2.38383,1.73637,1.45188,-0.3924,-4.78728,-1.21644,4.10058,-2.44269,-3.05091
0.53955,4.99329,0.16677,3.14901,2.12877,1.13796,-0.07848,-4.85595,-0.67689,3.63951,-2.69775,-2.88414
0.60822,4.23792,-0.23544,2.70756,1.45188,0.16677,-0.50031,-5.51322,-1.11834,2.70756,-2.04048,-2.80566
-0.18639,4.86576,0.77499,1.79523,1.11834,-1.52055,-0.06867,-5.3955,-0.99081,1.51074,-4.29678,-3.67875
-0.89271,6.64137,1.13796,1.0791,0.80442,-0.15696,-0.03924,-5.72904,-0.36297,1.93257,-2.75661,-3.8259
-0.40221,6.45498,0.27468,1.52055,1.42245,-0.4905,0.13734,-4.95405,0.38259,1.29492,-0.18639,-2.42307
-1.53036,4.37526,0.69651,1.38321,0.25506,-0.71613,-0.20601,-5.15025,0.31392,1.40283,-3.25692,-0.25506
-1.01043,2.8449,1.16739,0.83385,-0.11772,-1.69713,0.2943,-5.40531,1.12815,-0.18639,-2.48193,-1.46169
-2.14839,1.40283,1.87371,0.82404,-0.14715,-1.32435,-0.2943,-5.02272,0.80442,0.26487,0.07848,-2.2563
-2.37402,0.47088,0.92214,2.29554,-0.20601,-1.0791,0.03924,-4.05153,0.8829,-0.55917,1.00062,-1.78542
-1.90314,-1.25568,1.43226,2.30535,-0.81423,-0.1962,-0.57879,-4.69899,0.81423,-1.16739,-1.80504,-0.10791
-2.51136,-0.61803,1.05948,2.6487,-1.10853,0.67689,0.45126,-2.69775,0.37278,-0.66708,0.73575,0.02943
-3.47274,-0.51993,2.17782,3.35502,-1.35378,2.86452,0.91233,-2.92338,0.92214,-0.15696,-0.60822,1.2753
-3.47274,-0.5886,1.1772,2.73699,-1.53036,0.14715,0.97119,-2.19744,0.8829,0.45126,2.30535,1.26549
-2.56041,-0.87309,2.18763,4.4145,-1.44207,1.35378,0.53955,-2.69775,0.76518,1.26549,0.44145,1.09872
-2.67813,-2.13858,2.39364,3.69837,-1.36359,1.62846,1.49112,-2.30535,1.01043,1.65789,0.92214,0.59841
-3.5316,-3.61008,2.76642,3.84552,-1.03005,0.46107,1.24587,-2.3544,0.41202,2.5506,1.63827,0.27468
-2.98224,-3.61008,2.79585,4.92462,-1.20663,-0.92214,0.71613,-1.42245,0.61803,3.40407,0.35316,-0.33354
-2.52117,-2.91357,1.67751,5.03253,-0.23544,-0.24525,0.52974,-1.84428,0.62784,4.22811,0.79461,-0.48069
-2.08953,-1.80504,2.12877,5.03253,-0.30411,1.25568,0.70632,-1.93257,0.8829,5.22873,2.44269,0.66708
-2.48193,-1.05948,1.48131,4.85595,-0.72594,-0.99081,-0.37278,-0.80442,0.73575,5.40531,0.70632,-0.94176
-1.15758,-0.52974,0.77499,3.97305,-0.30411,-1.81485,0.50031,-0.85347,0.47088,5.95467,-0.74556,-2.27592
-0.31392,-0.43164,0.16677,2.92338,0.34335,-0.24525,-0.74556,-1.09872,0.00981,7.1613,0.30411,-1.60884
-0.54936,-0.71613,0.15696,1.962,0.1962,1.08891,0.13734,-1.52055,0.43164,6.46479,0.52974,-1.39302
-0.11772,-1.34397,-0.13734,1.61865,0.14715,-1.03986,-0.74556,-1.70694,0.17658,7.31826,-1.69713,-1.83447
0.74556,-1.15758,-0.5886,1.88352,1.29492,1.33416,-0.90252,-2.56041,1.42245,6.867,-1.1772,-1.32435
1.31454,-0.61803,0.18639,1.49112,1.14777,4.96386,-1.8639,-2.14839,0.54936,7.33788,-0.1962,-2.07972
0.5886,0.71613,-1.04967,0.94176,0.46107,2.77623,-1.55979,-1.36359,-0.47088,6.54327,-0.74556,-0.12753
1.5696,1.5696,-0.95157,1.06929,0.89271,1.49112,-2.03067,-1.77561,-0.00981,6.87681,-1.67751,0.79461
2.47212,3.03129,-1.44207,1.65789,1.30473,0.86328,-1.70694,-0.83385,0.47088,6.48441,-3.69837,1.05948
2.57022,3.68856,-1.34397,2.7468,1.30473,0.60822,-2.49174,-0.60822,-1.32435,6.7689,-1.54017,2.04048
2.40345,3.40407,-1.15758,1.98162,1.01043,0.48069,-1.85409,-0.42183,-1.18701,5.38569,-2.69775,2.49174
3.40407,2.79585,-1.32435,4.16925,1.11834,0.3924,-2.49174,-0.74556,-0.07848,5.45436,-4.2183,2.61927
2.56041,2.41326,-1.64808,4.37526,0.92214,2.24649,-2.05029,-0.85347,1.13796,5.17968,-2.83509,3.17844
2.31516,3.71799,-1.20663,4.58127,0.55917,1.59903,-2.05029,-0.77499,-0.96138,4.99329,-1.23606,1.81485
1.77561,4.55184,-0.51993,5.41512,0.57879,-0.56898,-1.98162,-1.02024,-1.22625,4.74804,-2.02086,2.12877
2.4525,5.42493,-0.81423,4.88538,1.58922,0.34335,-2.26611,-1.69713,0.33354,4.50279,-4.60089,1.87371
1.71675,5.886,-0.65727,5.28759,1.25568,-0.84366,-2.96262,-1.70694,0.79461,4.3164,-2.87433,1.88352
1.3734,5.17968,-0.38259,5.1993,0.83385,-1.01043,-2.6487,-1.36359,-0.87309,2.943,-1.01043,1.49112
1.63827,4.18887,-0.00981,6.33726,1.05948,-1.52055,-1.82466,-1.1772,-0.06867,3.37464,-1.7658,1.46169
1.48131,3.65913,-0.34335,5.14044,0.80442,-2.58003,-2.57022,-1.13796,1.23606,2.30535,-1.95219,0.89271
0.81423,3.03129,-0.11772,5.25816,0.53955,-2.13858,-2.37402,-0.92214,0.89271,2.52117,-2.09934,-1.0791
0.27468,2.30535,0.08829,3.48255,0.82404,-0.81423,-1.26549,-0.21582,-0.46107,3.10977,0.85347,-1.25568
0.27468,1.18701,-0.12753,4.36545,1.48131,-2.01105,-1.12815,0.27468,0.17658,2.98224,-1.88352,-2.36421
-0.26487,0.87309,0.13734,1.91295,1.85409,0.35316,-1.75599,1.03986,2.28573,2.33478,-1.55979,-1.82466
-1.65789,-0.40221,0.48069,2.95281,0.77499,-0.65727,-1.04967,1.5696,0.71613,3.11958,-0.40221,-3.19806
-1.05948,-1.55979,0.15696,1.64808,0.981,0.00981,-0.26487,2.19744,0.16677,3.26673,1.72656,-2.16801
-1.84428,-0.69651,0.14715,2.40345,1.53036,-0.34335,0.07848,2.27592,0.74556,2.99205,1.03986,-0.99081
-1.81485,-1.51074,-0.11772,0.75537,1.45188,0.44145,-0.31392,2.09934,0.64746,3.02148,1.48131,-0.95157
-2.75661,-2.31516,-0.24525,2.50155,0.92214,-1.26549,0.14715,3.22749,-0.13734,4.78728,0.48069,-0.21582
-2.54079,-2.20725,-0.07848,1.45188,1.26549,0.40221,0.81423,4.15944,-1.02024,4.54203,1.74618,-1.02024
-2.51136,-0.42183,0.07848,3.0411,1.19682,-0.96138,0.3924,4.06134,-0.55917,5.31702,0.05886,-0.23544
-3.00186,-0.32373,-0.33354,2.27592,0.62784,0.22563,-0.23544,4.23792,-0.54936,4.94424,0.36297,-1.2753
-3.09015,-1.62846,-0.51012,4.75785,0.81423,-0.76518,0.51012,4.18887,-0.80442,5.82714,-1.23606,0.33354
-1.89333,-0.79461,-0.93195,5.23854,1.33416,0.12753,0.54936,3.98286,-0.91233,5.94486,0.55917,0.30411
-2.77623,-1.49112,-0.69651,5.04234,1.43226,-1.29492,0.20601,2.60946,-0.8829,5.16987,-0.46107,0.89271
-2.50155,-0.37278,-0.41202,4.78728,0.32373,-0.57879,0.81423,2.51136,-0.77499,5.69961,0.21582,0.52974
-2.26611,0.21582,-0.70632,7.2594,1.13796,1.03986,0.18639,1.7658,-1.32435,6.31764,-0.57879,1.0791
-1.14777,0.96138,-0.7848,6.5727,1.43226,1.74618,0.20601,2.16801,-0.66708,5.89581,0.23544,0.69651
-2.07972,1.92276,-0.6867,5.04234,1.06929,1.73637,-0.0981,2.53098,-1.13796,5.97429,-1.31454,0.97119
-0.74556,1.59903,-1.43226,5.44455,0.86328,3.83571,-0.55917,2.86452,-1.26549,4.64013,-1.44207,-0.06867
-0.81423,3.42369,-3.31578,6.71004,1.50093,2.943,-1.12815,2.48193,-1.03005,4.66956,-3.0411,-0.80442
0.21582,4.14963,-3.0411,4.65975,1.12815,2.02086,-0.27468,1.81485,-0.55917,4.37526,-3.03129,0.16677
-0.43164,4.79709,-1.99143,5.24835,0.83385,2.65851,-0.83385,1.45188,-0.85347,4.1202,-2.72718,-1.12815
0.05886,5.5917,-2.48193,5.40531,0.50031,2.67813,-1.23606,0.57879,-0.61803,2.58984,-2.02086,-2.0601
0.64746,7.02396,-2.73699,4.46355,0.3924,3.98286,-0.86328,0.91233,-0.54936,3.27654,-0.87309,-0.74556
0.51993,8.1423,-1.5696,2.7468,-0.28449,3.4335,-0.87309,0.91233,-1.24587,3.73761,-2.38383,-1.13796
1.49112,9.25083,-1.64808,2.99205,-0.31392,4.83633,-0.44145,2.3544,-0.63765,3.61008,-2.77623,-0.08829
1.94238,9.80019,-2.17782,3.18825,-0.2943,4.1202,-1.22625,2.21706,-1.05948,2.81547,-1.98162,0.0981
1.91295,9.93753,-2.23668,2.40345,0.40221,3.77685,-1.58922,2.01105,-0.56898,3.52179,-1.90314,0.61803
1.68732,9.98658,-2.22687,2.07972,-0.12753,2.44269,-0.69651,1.31454,-0.5886,2.2563,-2.97243,1.45188
1.89333,9.83943,-1.43226,3.48255,0.04905,3.70818,-0.3924,0.43164,-0.52974,3.42369,-2.1582,1.18701
1.95219,10.6929,-2.0601,3.55122,0.06867,2.47212,-0.80442,1.13796,-0.31392,3.05091,0.00981,0.981
1.98162,9.75114,-1.05948,2.90376,0.06867,2.7468,-0.28449,0.79461,-0.4905,3.57084,-0.03924,0.95157
1.34397,9.06444,-1.46169,2.50155,-0.2943,2.79585,0.11772,1.3734,-0.81423,4.30659,-1.46169,2.04048
1.40283,8.93691,-1.05948,4.0221,0.3924,0.93195,-0.35316,2.04048,-0.15696,4.98348,-0.20601,2.24649
1.13796,6.63156,-0.85347,3.01167,0.8829,1.7658,-0.24525,3.57084,0.21582,4.905,0.34335,2.34459
1.01043,5.23854,-0.53955,3.64932,1.50093,-0.11772,-0.48069,2.52117,-0.05886,4.96386,1.30473,2.29554
0.33354,4.25754,-0.96138,4.18887,1.962,-1.22625,0.04905,2.23668,0.17658,4.97367,0.981,3.15882
0.35316,3.86514,-0.2943,3.71799,1.48131,0.59841,-0.5886,1.54998,-0.26487,5.72904,1.06929,1.63827
0.06867,3.63951,0.03924,3.00186,2.03067,-0.34335,-1.16739,2.17782,0.10791,6.52365,4.09077,0.87309
-0.24525,2.49174,1.09872,5.12082,2.00124,2.13858,-0.42183,2.70756,-1.30473,7.64199,0.30411,0.38259
-0.8829,3.10977,0.59841,5.40531,2.90376,1.19682,-0.10791,3.60027,-0.65727,8.22078,0.36297,0.1962
-0.66708,2.62908,1.14777,4.7088,2.88414,1.13796,-0.84366,5.2974,-1.74618,9.38817,1.10853,-0.76518
-0.63765,2.54079,1.50093,3.45312,3.3354,0.93195,0.03924,6.97491,-0.72594,9.5157,2.22687,-0.82404
-1.45188,1.46169,1.30473,5.82714,2.53098,2.32497,-0.30411,6.1803,-1.72656,10.06506,-0.60822,-0.81423
-1.52055,1.03986,0.81423,6.1803,2.79585,1.88352,-0.20601,5.69961,-0.36297,9.1233,0.46107,0.44145
-1.03986,0.55917,0.48069,5.01291,3.01167,3.66894,0.28449,5.53284,-1.35378,9.78057,-0.2943,-0.05886
-1.16739,1.05948,0.47088,5.36607,2.68794,2.59965,0.81423,5.44455,-0.61803,9.45684,0.24525,-0.84366
-1.26549,1.962,0.73575,6.98472,2.81547,4.60089,0.08829,4.81671,-0.74556,9.14292,-0.20601,-0.22563
-1.34397,2.26611,0.63765,6.74928,2.3544,4.52241,0.28449,4.29678,-0.53955,9.57456,-0.67689,0.63765
0.13734,2.0601,0.73575,6.32745,1.72656,4.62051,0.76518,4.24773,-1.52055,9.44703,-0.5886,2.0601
-0.93195,2.75661,0.79461,5.96448,0.55917,5.14044,0.7848,4.11039,-1.20663,8.93691,-0.33354,2.59965
-1.50093,2.91357,-0.26487,6.55308,0.57879,3.54141,0.50031,2.88414,0.17658,7.33788,-1.6677,4.42431
-0.82404,2.37402,-0.85347,6.21954,-0.07848,2.70756,-0.00981,2.50155,0.3924,7.93629,-2.08953,5.1993
-0.70632,2.41326,-1.06929,5.6898,0.17658,4.49298,0.06867,1.57941,1.36359,7.13187,-3.24711,5.41512
-0.99081,2.44269,-1.10853,6.94548,-0.34335,4.905,-0.56898,1.42245,0.42183,5.79771,-2.23668,5.1993
-0.67689,2.97243,-1.33416,6.99453,0.35316,4.77747,-0.92214,0.38259,1.32435,6.12144,-1.94238,5.73885
-0.17658,3.2373,-1.15758,6.33726,-0.43164,4.43412,-1.0791,0.63765,1.49112,5.86638,-1.52055,5.93505
0.38259,2.82528,-1.01043,6.01353,0.14715,4.77747,-0.81423,1.22625,2.17782,6.1803,-1.6677,5.7879
-0.81423,3.15882,-0.90252,7.26921,0.21582,4.59108,-1.50093,1.12815,1.79523,5.41512,-0.41202,5.48379
0.08829,4.77747,-0.36297,6.90624,0.32373,4.16925,-0.94176,1.00062,0.72594,4.75785,-1.09872,4.99329
-0.27468,4.89519,-0.76518,5.91543,0.1962,2.96262,-1.02024,0.31392,1.63827,4.50279,1.13796,6.78852
-0.24525,5.886,-0.15696,5.04234,0.65727,3.21768,-1.05948,0.63765,1.60884,4.23792,-1.55979,4.38507
-0.43164,6.9651,-0.13734,6.09201,0.89271,3.22749,-0.48069,0.7848,1.31454,3.70818,-0.5886,3.20787
0.76518,6.99453,-0.981,4.29678,1.46169,2.99205,-0.76518,1.02024,-0.24525,4.53222,-2.16801,2.76642
0.26487,5.03253,-0.40221,3.30597,0.981,2.91357,-0.67689,1.02024,0.73575,4.30659,-0.10791,1.08891
0.85347,5.67018,-0.07848,4.08096,1.48131,2.61927,-0.5886,1.91295,1.15758,4.62051,-1.06929,-0.7848
0.26487,5.23854,0.1962,4.13982,1.6677,3.70818,-0.86328,2.04048,1.48131,3.65913,-0.61803,-0.62784
0.63765,5.18949,0.55917,3.06072,2.12877,2.52117,-0.36297,1.63827,0.07848,3.15882,1.60884,0.83385
0.65727,4.88538,0.55917,3.58065,1.98162,2.38383,-1.25568,2.26611,0.35316,2.83509,1.80504,2.01105
0.06867,4.97367,1.39302,4.4145,2.12877,1.8639,-1.21644,1.98162,1.04967,2.85471,2.01105,0.91233
0.42183,4.59108,1.43226,3.94362,1.41264,-0.03924,-1.23606,2.87433,-0.26487,3.05091,0.90252,0.63765
0.67689,3.65913,1.88352,3.51198,2.21706,1.08891,-0.77499,3.7278,-0.01962,3.37464,1.60884,1.46169
0.56898,2.69775,1.51074,3.81609,2.67813,0.38259,-0.7848,4.84614,0.01962,3.78666,0.95157,1.35378
1.13796,1.3734,1.26549,5.2974,3.18825,-1.63827,-0.75537,5.40531,0.31392,4.63032,0.4905,1.33416
0.23544,0.62784,1.79523,3.69837,3.03129,-2.13858,-0.54936,5.31702,-0.42183,4.67937,0.0,2.1582
0.11772,-0.13734,2.13858,3.38445,3.32559,-0.90252,-0.44145,6.14106,-1.28511,5.47398,3.42369,2.82528
-0.70632,-0.64746,1.98162,7.09263,4.14963,-0.25506,-0.69651,6.48441,-0.37278,5.87619,4.10058,3.59046
-0.47088,-0.83385,1.85409,8.11287,4.27716,-0.1962,-1.82466,6.94548,-1.21644,6.64137,3.41388,2.79585
-0.89271,-0.35316,1.44207,7.10244,4.13001,-0.7848,0.04905,6.98472,-0.89271,7.09263,2.51136,1.81485
-0.80442,0.04905,2.17782,8.58375,4.27716,0.8829,-0.80442,7.76952,-0.90252,7.79895,2.93319,0.66708
-0.11772,0.94176,0.40221,9.85905,4.37526,0.11772,-1.1772,7.42617,-2.27592,7.87743,0.18639,1.82466
0.52974,2.81547,0.01962,6.88662,3.3354,1.39302,-0.91233,7.67142,-2.0601,8.68185,-0.37278,1.79523
-0.32373,3.37464,-0.70632,7.81857,3.50217,2.61927,-0.03924,6.41574,-1.59903,8.54451,-1.20663,1.42245
0.22563,4.34583,-1.10853,8.50527,2.82528,3.7278,-0.51012,6.44517,-2.18763,8.26002,-1.23606,2.01105
-0.52974,4.85595,-0.981,9.18216,2.5506,5.3955,-0.71613,5.34645,-2.59965,7.87743,-0.21582,2.65851
-0.15696,5.57208,-1.18701,6.71985,1.54998,4.09077,-1.42245,4.47336,-1.0791,7.24959,-0.45126,2.17782
-0.6867,5.57208,-1.15758,6.16068,1.24587,6.52365,-0.80442,4.01229,-0.35316,7.5537,-1.00062,1.71675
0.25506,6.45498,-0.81423,7.89705,-0.07848,8.18154,-0.77499,4.65975,-0.84366,6.15087,-0.44145,2.53098
-0.14715,7.43598,-1.21644,8.11287,0.42183,5.86638,-1.03986,4.28697,-1.43226,6.04296,-0.46107,1.5696
0.36297,7.5537,-2.42307,5.16987,-0.83385,7.12206,-0.70632,3.86514,-0.04905,6.06258,-3.29616,2.34459
-0.80442,7.53408,-1.49112,4.64013,-0.37278,8.19135,-0.67689,2.87433,0.18639,6.38631,-2.66832,1.2753
-0.4905,8.85843,-0.96138,5.79771,-1.11834,5.90562,-0.6867,1.99143,0.51012,5.26797,-5.17968,3.14901
-0.981,10.12392,-0.53955,4.99329,-1.88352,6.32745,-0.79461,1.73637,1.00062,4.83633,-3.60027,4.85595
-1.18701,8.88786,-0.60822,3.25692,-1.49112,4.00248,-0.95157,0.72594,1.65789,5.13063,-3.5316,5.02272
-1.30473,7.24959,0.20601,4.58127,-1.01043,3.58065,-0.72594,1.35378,1.35378,4.72842,-3.56103,5.1012
-1.40283,6.70023,0.56898,5.70942,-2.07972,2.52117,-0.59841,1.95219,2.30535,5.07177,-3.85533,4.11039
-1.22625,6.30783,0.70632,4.18887,-1.63827,3.34521,0.0,2.62908,1.92276,4.48317,-1.89333,3.84552
-0.83385,6.53346,-0.42183,2.65851,-1.61865,2.79585,-0.66708,2.82528,1.50093,4.96386,-3.27654,1.80504
-1.65789,6.62175,0.57879,3.77685,-1.19682,2.88414,0.10791,2.92338,1.32435,4.85595,-4.33602,2.67813
-1.03986,7.59294,0.60822,5.23854,0.0981,0.65727,0.23544,2.73699,1.74618,4.8069,-5.44455,1.89333
-1.20663,7.01415,0.63765,3.4335,0.86328,3.10977,0.34335,3.01167,1.09872,4.36545,-3.74742,2.58984
-0.83385,6.45498,0.46107,1.62846,1.23606,1.73637,-0.38259,3.1392,0.44145,4.10058,-3.84552,1.30473
-0.93195,6.69042,1.12815,3.57084,1.28511,1.67751,0.14715,3.74742,-0.43164,3.95343,-3.09015,0.62784
-0.02943,5.30721,1.08891,3.49236,0.74556,0.69651,0.45126,4.7088,-0.02943,3.00186,-2.22687,-0.55917
-0.2943,4.24773,1.50093,2.42307,1.44207,3.08034,0.51993,5.03253,0.32373,3.37464,-0.59841,-1.67751
0.14715,3.80628,0.38259,1.30473,1.52055,3.37464,0.20601,6.06258,-0.22563,2.75661,-0.981,-2.95281
-0.0981,4.4145,1.22625,1.80504,2.72718,1.92276,0.66708,6.43536,-0.24525,3.31578,-1.75599,-3.52179
-0.03924,4.89519,1.58922,0.76518,2.42307,3.66894,0.10791,6.81795,0.11772,4.1202,-0.04905,-4.65975
-0.08829,4.42431,1.88352,1.59903,3.21768,3.924,-0.10791,6.62175,-1.20663,5.6898,1.11834,-3.70818
0.55917,3.41388,2.29554,1.05948,3.24711,4.49298,0.26487,7.00434,-0.37278,5.28759,0.48069,-3.09015
-0.17658,2.30535,2.20725,3.42369,3.58065,1.77561,0.03924,7.30845,0.03924,5.03253,-1.48131,-2.32497
-0.30411,2.11896,1.94238,3.42369,3.52179,2.18763,0.59841,8.0442,-0.17658,5.3955,-0.85347,-1.61865
0.0,1.51074,1.95219,2.1582,3.96324,2.1582,0.34335,8.30907,-0.42183,6.13125,0.35316,-0.06867
0.06867,2.19744,1.46169,4.69899,3.924,3.11958,-0.59841,9.60399,0.25506,5.57208,0.48069,1.26549
-0.62784,2.40345,1.23606,5.66037,3.30597,0.36297,-0.56898,8.37774,0.90252,5.75847,0.50031,1.49112
0.00981,2.85471,1.31454,5.79771,3.69837,1.54998,0.13734,8.03439,-0.28449,6.64137,1.962,1.50093
-0.50031,3.54141,0.63765,6.72966,3.45312,3.52179,-0.87309,6.98472,-0.84366,7.86762,3.39426,2.93319
-0.30411,3.73761,-0.24525,7.67142,3.18825,3.89457,-1.22625,6.71985,0.53955,8.0442,0.67689,3.22749
-0.23544,2.30535,0.01962,9.49608,2.98224,4.30659,-0.28449,5.99391,1.80504,7.61256,-0.12753,3.09996
0.20601,3.15882,0.0981,8.85843,3.61989,5.48379,-0.96138,5.09139,0.3924,7.60275,1.01043,4.27716
0.22563,3.35502,-0.40221,7.76952,3.02148,7.59294,-0.76518,4.89519,-0.07848,6.72966,1.25568,4.95405
0.42183,2.73699,-1.23606,7.52427,1.5696,6.73947,-1.69713,4.32621,0.90252,5.77809,0.83385,4.34583
0.84366,3.84552,-0.2943,6.70023,2.02086,6.19992,-1.57941,3.69837,0.82404,5.63094,1.88352,3.39426
1.54998,4.69899,-1.13796,5.66037,1.24587,6.63156,-1.04967,2.47212,1.82466,5.0031,2.48193,4.18887
0.33354,5.08158,-0.45126,5.65056,1.03986,7.73028,-1.73637,1.11834,0.82404,5.48379,2.47212,3.48255
1.2753,4.85595,-1.28511,4.59108,0.06867,6.75909,-2.23668,-0.0981,2.40345,5.79771,1.35378,2.943
1.49112,4.98348,-0.51993,5.63094,0.35316,6.84738,-1.79523,-0.2943,1.74618,5.63094,1.26549,2.41326
1.12815,5.12082,-0.30411,6.03315,-0.44145,8.32869,-2.08953,-0.30411,2.40345,4.84614,3.03129,1.4715
1.01043,4.04172,0.04905,3.68856,-1.46169,8.61318,-2.0601,0.43164,1.03005,4.97367,0.8829,-0.02943
1.04967,3.75723,0.62784,0.84366,-1.97181,6.61194,-2.32497,1.71675,2.59965,4.56165,0.94176,0.06867
1.962,4.23792,1.87371,1.98162,-0.91233,5.93505,-1.59903,1.88352,2.47212,3.8259,2.13858,0.38259
1.26549,4.72842,0.94176,1.36359,-0.8829,3.79647,-1.77561,1.93257,2.66832,3.45312,3.25692,-0.32373
1.10853,3.75723,0.89271,0.47088,-0.93195,5.42493,-2.05029,2.24649,2.88414,3.89457,2.11896,1.16739
1.4715,4.20849,1.99143,0.8829,-0.87309,1.81485,-1.77561,2.19744,2.75661,4.10058,1.78542,0.01962
1.67751,3.71799,1.74618,3.89457,0.30411,2.18763,-1.35378,2.41326,1.88352,2.61927,2.57022,0.76518
1.25568,4.39488,2.02086,4.01229,0.05886,1.77561,-1.22625,3.70818,2.71737,3.30597,3.0411,-0.07848
0.86328,3.06072,1.6677,1.95219,0.79461,1.6677,-1.01043,4.75785,1.53036,2.53098,1.5696,-0.08829
1.71675,1.93257,1.50093,2.97243,0.89271,-2.31516,-0.3924,5.61132,1.99143,2.65851,0.10791,-0.99081
1.50093,1.39302,2.0601,4.14963,2.19744,-0.8829,0.52974,6.55308,1.85409,2.14839,1.40283,0.50031
0.77499,1.19682,1.18701,2.14839,2.4525,-2.48193,0.56898,7.58313,3.10977,3.15882,3.36483,-0.4905
1.43226,-0.42183,1.03005,2.80566,2.54079,-1.53036,0.56898,7.32807,2.6487,2.79585,2.10915,0.0
2.04048,-0.3924,0.96138,4.53222,3.1392,-0.66708,0.92214,7.58313,-0.12753,3.51198,2.17782,-0.76518
1.54017,-0.50031,0.64746,3.70818,4.13001,2.17782,0.85347,8.26002,0.77499,3.25692,2.80566,-2.2563
1.25568,0.27468,0.93195,3.40407,3.66894,3.61989,0.82404,8.69166,2.44269,2.6487,2.12877,-1.83447
0.99081,0.17658,1.06929,4.73823,4.8069,1.53036,1.00062,9.57456,1.65789,2.48193,2.75661,-2.18763
0.56898,1.03005,0.53955,5.37588,4.57146,2.07972,0.86328,10.33974,-0.63765,2.62908,2.11896,-1.67751
0.12753,0.27468,0.65727,3.16863,5.58189,3.22749,0.85347,10.84986,-0.11772,3.28635,3.08034,-1.7658
-0.82404,1.05948,1.09872,2.09934,4.54203,2.59965,0.80442,11.05587,1.18701,3.73761,2.88414,-2.14839
-0.57879,1.61865,0.86328,3.70818,5.37588,2.72718,0.25506,11.29131,0.46107,4.64013,2.3544,-0.47088
-0.12753,1.54998,1.03005,4.38507,4.69899,3.74742,0.59841,10.4967,-1.68732,4.46355,1.95219,0.14715
-0.90252,1.35378,1.09872,3.69837,4.15944,5.71923,0.40221,9.99639,-1.35378,5.28759,1.962,-0.96138
-1.0791,1.74618,2.06991,2.12877,4.16925,7.32807,-0.42183,9.34893,0.53955,4.23792,3.16863,-1.09872
-1.16739,1.72656,1.61865,5.04234,4.17906,5.74866,-1.30473,8.19135,-0.06867,4.53222,4.08096,1.0791
-0.94176,2.63889,1.13796,3.67875,3.32559,7.47522,-1.02024,7.05339,-1.25568,3.84552,3.79647,1.38321
-1.10853,2.31516,0.85347,1.15758,3.19806,8.60337,-1.50093,5.36607,-1.0791,3.27654,3.63951,1.70694
-1.03005,3.09996,0.76518,1.65789,2.51136,8.15211,-1.98162,4.79709,0.53955,3.3354,4.22811,3.18825
-0.44145,2.78604,0.63765,3.22749,1.97181,5.64075,-2.12877,2.8449,-0.81423,2.86452,4.14963,4.44393
0.15696,2.57022,0.30411,1.70694,1.74618,4.52241,-2.14839,1.1772,0.17658,2.2563,3.11958,3.57084
0.83385,3.71799,0.36297,0.89271,1.83447,5.65056,-2.68794,-0.55917,0.92214,1.98162,3.69837,2.21706
1.5696,4.67937,-0.69651,2.61927,1.34397,5.55246,-3.14901,-1.95219,0.74556,1.38321,3.67875,2.81547
1.64808,3.68856,-0.63765,1.21644,1.68732,4.62051,-2.2563,-3.93381,1.13796,1.20663,3.15882,3.22749
2.32497,3.7278,-0.73575,1.05948,0.63765,3.61008,-2.29554,-3.65913,2.37402,1.28511,2.57022,1.79523
3.07053,4.24773,-1.13796,0.26487,0.44145,6.34707,-2.21706,-4.2183,2.0601,1.01043,2.42307,1.22625
2.98224,3.30597,-1.35378,-1.16739,0.03924,5.96448,-2.75661,-4.15944,1.91295,1.05948,2.73699,0.13734
3.36483,4.13001,-1.33416,-1.88352,0.59841,4.78728,-2.14839,-4.34583,1.6677,1.84428,2.28573,0.66708
3.74742,4.68918,-0.64746,-1.29492,0.05886,2.24649,-2.51136,-3.31578,2.89395,1.7658,2.1582,0.62784
4.17906,5.44455,-0.96138,-0.17658,0.84366,3.64932,-2.16801,-2.46231,2.20725,2.22687,2.2563,0.01962
3.98286,4.96386,-0.83385,1.13796,0.97119,3.58065,-0.97119,-1.4715,0.76518,1.63827,1.95219,0.52974
3.09015,3.85533,-0.17658,0.72594,0.76518,1.10853,-1.31454,-0.3924,2.08953,1.70694,1.77561,0.14715
4.17906,4.30659,0.35316,1.80504,0.87309,0.97119,-1.03986,1.38321,2.11896,2.41326,2.43288,0.54936
3.63951,3.65913,-0.28449,3.20787,0.44145,0.99081,-0.80442,2.79585,1.08891,3.37464,2.44269,0.1962
2.92338,1.92276,0.21582,2.24649,0.99081,3.06072,-0.52974,4.26735,0.69651,3.59046,4.62051,0.22563
2.98224,1.91295,0.18639,2.0601,0.6867,1.3734,-0.73575,4.42431,0.57879,3.54141,4.04172,0.17658
3.07053,2.08953,0.50031,3.70818,1.18701,2.02086,0.03924,6.31764,0.50031,2.95281,3.36483,-0.56898
2.90376,2.03067,0.7848,4.65975,0.7848,2.63889,-0.34335,6.55308,0.18639,3.15882,0.86328,0.13734
1.93257,0.76518,0.97119,5.55246,1.81485,3.41388,-0.05886,6.22935,-0.64746,1.92276,2.19744,1.24587
1.94238,1.89333,1.4715,5.96448,1.98162,1.6677,0.13734,6.7689,-0.46107,0.57879,2.33478,1.43226
1.98162,1.54998,1.38321,6.99453,2.70756,2.32497,0.53955,7.12206,0.05886,0.3924,1.48131,2.30535
1.53036,1.45188,0.59841,5.93505,2.70756,1.962,0.85347,6.90624,-0.51012,0.59841,2.38383,1.78542
0.7848,1.46169,0.94176,5.41512,2.96262,0.95157,-0.13734,6.4746,-1.00062,0.06867,3.19806,1.49112
0.73575,1.23606,0.35316,5.5917,2.4525,2.89395,0.28449,6.63156,-0.94176,0.17658,4.35564,0.13734
0.8829,0.55917,0.97119,5.60151,2.52117,5.53284,0.06867,6.9651,-0.23544,0.44145,3.27654,1.84428
0.0981,0.14715,2.02086,4.08096,2.50155,5.1993,0.16677,5.61132,-0.8829,-0.05886,3.7278,0.26487
-0.46107,-0.17658,2.0601,3.45312,2.62908,6.90624,-0.38259,5.91543,-0.8829,-0.64746,4.42431,0.27468
-0.43164,0.27468,1.53036,4.10058,2.62908,4.11039,0.14715,5.76828,-0.20601,-0.12753,3.20787,-0.3924
-1.36359,0.13734,1.99143,4.18887,3.02148,6.68061,-0.40221,6.2784,-0.92214,0.85347,3.1392,-0.52974
-1.35378,-0.53955,1.58922,3.22749,2.19744,4.63032,0.21582,5.50341,-0.41202,0.34335,3.67875,0.31392
-1.11834,-1.10853,1.38321,2.59965,1.65789,6.63156,-0.23544,5.57208,0.22563,-0.12753,4.20849,1.52055
-0.79461,-3.24711,1.21644,1.6677,0.71613,8.28945,-0.02943,6.02334,0.81423,0.53955,3.93381,1.49112
-1.14777,-3.6297,1.63827,0.4905,1.20663,11.34036,-0.47088,4.63032,-0.42183,0.02943,3.83571,3.37464
-0.92214,-2.57022,2.04048,-0.70632,1.08891,11.48751,-0.99081,3.67875,-0.01962,-0.73575,5.1993,1.77561
-0.44145,-2.19744,1.72656,-0.00981,0.96138,10.77138,-1.09872,2.27592,0.43164,-0.6867,3.87495,1.21644
-0.05886,-2.59965,1.53036,-1.34397,0.90252,11.63466,-0.6867,1.5696,1.23606,0.0,3.20787,1.30473
-0.17658,-2.21706,1.41264,0.38259,1.28511,11.23245,-0.50031,-0.24525,0.57879,-0.81423,2.23668,2.98224
0.45126,-1.38321,1.67751,-1.49112,1.02024,11.80143,-0.63765,-1.4715,0.47088,-0.54936,2.30535,2.65851
1.42245,-1.78542,1.31454,-1.4715,0.61803,6.33726,-0.81423,-2.72718,2.18763,-0.64746,2.86452,2.61927
1.80504,-2.76642,0.6867,-2.60946,1.23606,8.13249,-0.96138,-3.12939,2.40345,-0.16677,3.05091,2.76642
1.98162,-1.50093,0.18639,-2.71737,1.5696,5.82714,-0.40221,-4.13001,2.24649,-0.86328,2.1582,3.7278
2.33478,-0.74556,-0.03924,-3.11958,1.60884,5.31702,-1.28511,-4.65975,1.95219,-1.32435,3.08034,2.7468
2.99205,-0.69651,1.23606,-2.32497,1.44207,3.32559,-1.09872,-5.81733,2.70756,-1.40283,2.93319,1.962
3.37464,0.50031,1.18701,-2.31516,1.89333,5.40531,-1.01043,-5.79771,2.8449,-0.7848,2.39364,3.21768
3.28635,1.80504,0.14715,-2.67813,2.34459,3.22749,-0.67689,-5.55246,3.05091,-0.10791,2.06991,1.80504
2.80566,0.77499,0.15696,-0.6867,2.19744,0.81423,-0.5886,-5.13063,2.89395,0.91233,1.6677,1.11834
3.63951,-0.33354,0.20601,-1.13796,2.53098,0.12753,-0.79461,-4.57146,2.93319,1.72656,2.1582,1.25568
3.68856,0.72594,0.40221,-1.13796,2.36421,-0.0981,-0.56898,-2.72718,2.81547,2.59965,0.44145,1.32435
2.57022,0.80442,-0.54936,-0.46107,1.81485,-0.1962,0.33354,-1.22625,1.64808,3.25692,0.36297,0.37278
2.08953,-0.89271,-0.3924,0.85347,1.44207,-0.54936,0.28449,0.3924,0.77499,3.0411,1.88352,0.83385
1.91295,-0.60822,0.03924,1.29492,1.87371,-0.32373,0.17658,1.7658,1.15758,3.65913,1.48131,0.95157
2.08953,0.51993,-0.48069,2.3544,2.07972,0.54936,0.67689,2.87433,0.95157,3.85533,2.20725,0.11772
1.21644,-0.06867,-1.09872,2.3544,1.79523,1.92276,1.38321,4.55184,-0.73575,3.26673,1.99143,1.19682
0.37278,-0.45126,-0.12753,4.00248,1.18701,0.97119,1.54017,5.63094,-0.15696,3.93381,2.53098,-1.62846
1.06929,-0.17658,0.0,4.44393,1.74618,2.13858,1.25568,6.22935,-0.15696,4.38507,2.09934,-0.06867
1.0791,0.57879,-0.82404,3.99267,1.19682,2.1582,1.42245,6.79833,0.06867,3.97305,2.65851,0.28449
-0.1962,0.03924,-0.10791,3.96324,0.96138,0.77499,2.34459,6.52365,-1.42245,4.08096,2.59965,-0.33354
-0.26487,1.30473,0.51993,5.1993,1.15758,0.50031,1.4715,5.89581,-0.41202,3.40407,3.99267,-0.47088
-0.06867,1.70694,1.4715,4.01229,1.45188,1.29492,1.85409,5.22873,-0.76518,3.29616,3.4335,-0.25506
-0.93195,1.3734,1.0791,3.22749,1.06929,0.85347,1.90314,5.6898,-0.69651,2.58984,2.39364,-0.43164
-1.51074,0.47088,1.51074,4.01229,1.46169,2.21706,2.31516,4.57146,-1.63827,1.2753,2.26611,1.7658
-0.73575,1.29492,2.19744,4.73823,1.62846,1.09872,1.55979,4.57146,-0.37278,0.6867,2.90376,0.90252
-0.81423,1.73637,1.94238,2.58003,1.4715,2.16801,1.11834,3.59046,0.7848,0.99081,3.90438,2.50155
0.0,1.54998,1.80504,2.20725,1.13796,3.85533,1.63827,2.5506,0.08829,0.82404,3.4335,2.91357
-0.96138,1.14777,2.943,1.02024,1.02024,1.88352,1.38321,2.61927,0.26487,0.32373,3.39426,2.39364
-0.74556,2.33478,2.46231,1.22625,1.36359,2.54079,0.81423,0.89271,0.60822,0.92214,3.76704,2.33478
-0.84366,2.86452,3.09996,-0.76518,1.03005,3.21768,1.29492,0.06867,1.55979,1.18701,3.924,3.46293
-0.84366,2.07972,2.88414,-0.23544,1.43226,4.38507,1.11834,-0.15696,1.16739,0.981,3.49236,4.15944
-0.34335,1.34397,2.61927,0.30411,1.60884,3.87495,0.57879,-0.04905,0.18639,1.11834,2.85471,3.8259
-0.03924,0.74556,2.11896,-0.48069,1.13796,5.14044,1.23606,-0.72594,0.56898,0.6867,4.24773,3.08034
0.21582,0.22563,1.8639,-1.09872,0.50031,3.89457,0.75537,-0.73575,0.94176,0.92214,3.51198,3.22749
0.93195,0.0,2.01105,-1.42245,0.63765,5.3955,0.95157,-0.72594,1.08891,1.31454,3.25692,3.03129
0.69651,-0.55917,1.08891,-3.30597,1.11834,4.50279,1.13796,-0.95157,0.74556,0.48069,3.01167,3.34521
0.79461,0.52974,0.32373,-2.29554,1.20663,5.73885,0.73575,-2.4525,1.54998,0.77499,3.37464,2.86452
1.23606,0.45126,1.4715,-2.3544,0.90252,6.15087,1.73637,-3.3354,1.42245,1.64808,1.32435,3.81609
0.76518,0.5886,0.81423,-3.0411,1.48131,5.94486,1.34397,-4.08096,2.07972,0.59841,1.69713,2.01105
1.01043,0.80442,0.79461,-3.48255,1.28511,5.5917,1.49112,-4.98348,1.8639,0.17658,1.80504,0.981
1.83447,0.89271,0.73575,-2.92338,1.22625,4.56165,0.53955,-5.4936,0.61803,-0.37278,0.95157,-0.38259
2.07972,0.89271,0.92214,-2.04048,1.26549,4.30659,0.95157,-5.2974,1.11834,-0.97119,1.41264,-0.51993
2.20725,1.6677,1.25568,-2.67813,1.48131,1.99143,-0.10791,-4.89519,1.64808,-2.20725,0.35316,-0.63765
2.10915,2.56041,0.6867,-3.67875,1.52055,2.71737,0.28449,-5.48379,1.74618,-2.6487,1.63827,-0.82404
1.50093,2.22687,1.65789,-1.82466,1.84428,1.13796,0.43164,-4.58127,0.06867,-2.47212,0.97119,0.74556
1.7658,2.98224,1.55979,-0.86328,1.54017,1.69713,0.0,-3.09996,2.87433,-2.51136,0.62784,-0.33354
1.83447,1.58922,1.41264,-2.86452,1.42245,1.88352,-0.97119,-3.58065,2.40345,-2.60946,0.43164,0.52974
1.2753,1.962,1.77561,-2.30535,1.53036,1.45188,-0.36297,-2.75661,1.79523,-2.48193,0.66708,-0.82404
0.99081,1.93257,1.62846,-0.46107,0.97119,-0.08829,-0.41202,-1.63827,-0.03924,-2.58984,2.05029,-0.22563
1.95219,1.35378,1.04967,0.48069,1.58922,-1.20663,-1.10853,0.92214,0.57879,-2.98224,2.31516,1.04967
1.3734,1.01043,1.60884,-0.14715,1.34397,-1.23606,-1.12815,2.05029,0.80442,-3.41388,2.09934,1.01043
0.87309,0.53955,1.58922,-0.23544,1.03005,-2.14839,-0.73575,3.88476,0.1962,-2.37402,1.36359,2.1582
0.56898,0.75537,1.55979,2.20725,1.03986,-0.34335,-0.84366,4.7088,-0.64746,-2.69775,2.4525,1.23606
1.08891,-0.08829,1.10853,1.09872,1.18701,-0.21582,-1.15758,6.02334,-0.53955,-2.54079,2.48193,2.58003
0.62784,-0.96138,1.68732,0.82404,0.32373,1.08891,-0.63765,5.45436,0.08829,-2.51136,2.31516,2.24649
0.07848,-1.25568,1.62846,0.48069,0.62784,0.10791,-0.37278,5.1012,-1.51074,-2.32497,2.80566,3.65913
-0.00981,-2.28573,1.52055,2.19744,0.41202,-0.85347,-0.60822,4.48317,-1.04967,-3.07053,3.21768,3.2373
0.67689,-1.6677,1.6677,-0.14715,-0.11772,0.1962,-1.00062,3.03129,-1.45188,-2.943,3.16863,4.2183
-0.06867,-0.59841,0.81423,-0.47088,-0.61803,1.98162,-0.43164,2.27592,1.14777,-3.61989,4.06134,2.82528
-0.05886,0.50031,1.16739,-0.34335,-0.00981,0.1962,-0.16677,2.53098,-0.41202,-4.04172,3.65913,4.53222
0.90252,0.46107,1.18701,-0.92214,0.17658,1.19682,-0.3924,2.01105,-0.3924,-3.73761,5.01291,3.44331
0.70632,0.13734,1.64808,-3.09015,0.36297,2.63889,0.2943,1.84428,-0.92214,-3.79647,4.84614,3.75723
0.28449,0.40221,1.89333,-3.51198,0.04905,2.58984,-0.08829,-0.14715,1.32435,-3.99267,4.33602,2.17782
1.23606,-0.07848,1.38321,-4.29678,-0.08829,0.24525,-0.33354,-1.05948,0.1962,-2.5506,5.11101,3.34521
1.79523,-1.63827,1.03005,-3.87495,0.38259,2.2563,0.51993,-2.52117,0.77499,-2.99205,5.16006,2.85471
1.81485,-1.68732,2.19744,-5.20911,0.30411,2.96262,0.64746,-3.08034,1.58922,-2.79585,5.43474,1.40283
2.1582,-1.5696,2.3544,-6.04296,0.52974,3.42369,0.17658,-3.46293,2.19744,-2.87433,5.14044,1.72656
3.40407,-1.13796,1.23606,-6.97491,0.70632,3.26673,-0.16677,-3.93381,1.67751,-2.32497,5.81733,1.57941
3.35502,-1.13796,1.46169,-5.56227,0.89271,2.33478,0.82404,-4.23792,1.19682,-1.69713,5.09139,0.90252
3.2373,-1.59903,1.54017,-6.49422,1.03986,4.04172,1.54017,-3.7278,2.57022,-1.13796,4.04172,0.51993
3.34521,-3.80628,1.30473,-7.51446,1.31454,4.00248,1.04967,-4.4145,1.59903,-1.09872,3.4335,1.06929
3.61008,-4.71861,1.03986,-5.27778,1.01043,4.55184,1.02024,-4.13982,1.90314,0.2943,4.07115,0.26487
3.98286,-6.56289,0.06867,-4.55184,0.46107,5.40531,1.09872,-5.69961,0.70632,0.81423,3.70818,0.84366
3.89457,-7.28883,1.06929,-5.48379,1.5696,5.91543,1.21644,-5.51322,1.46169,-0.44145,3.86514,0.89271
4.7088,-5.82714,-0.1962,-5.62113,1.68732,2.02086,0.62784,-5.84676,0.85347,-0.27468,3.41388,0.83385
4.46355,-5.21892,0.95157,-3.0411,1.64808,4.54203,1.36359,-5.886,0.3924,0.28449,4.57146,1.54017
4.13982,-4.64013,-0.20601,-2.54079,1.18701,4.10058,1.43226,-5.03253,1.22625,-0.27468,3.61989,2.8449
3.55122,-4.46355,0.3924,-3.36483,1.05948,4.7088,1.51074,-3.61008,1.85409,-0.56898,2.23668,2.86452
3.27654,-5.20911,0.08829,-2.56041,0.84366,3.44331,0.6867,-2.46231,0.87309,-1.31454,2.3544,1.71675
3.36483,-6.06258,0.16677,-0.16677,0.67689,3.89457,0.99081,-2.92338,0.76518,-1.16739,2.27592,2.58003
2.97243,-7.1613,-0.15696,0.10791,0.86328,3.30597,1.02024,-2.23668,0.75537,-2.23668,2.41326,0.33354
2.943,-6.32745,-0.47088,-0.44145,1.14777,3.16863,0.50031,-0.65727,-0.59841,-3.66894,2.17782,1.58922
2.48193,-5.30721,0.51012,1.46169,1.20663,1.89333,0.10791,-1.04967,-1.52055,-4.20849,1.95219,3.11958
2.42307,-5.0031,1.65789,-0.34335,1.20663,2.36421,0.32373,-0.27468,-1.13796,-4.99329,3.19806,2.86452
0.92214,-4.10058,1.42245,-0.35316,0.91233,2.21706,-0.59841,0.92214,-0.26487,-7.18092,2.04048,4.17906
1.15758,-2.22687,1.72656,-0.33354,0.83385,2.3544,-0.28449,2.68794,-0.65727,-7.43598,1.70694,3.22749
1.18701,-2.22687,2.23668,-0.42183,0.71613,1.6677,-0.27468,4.08096,-1.41264,-7.70085,1.99143,3.31578
1.09872,-2.90376,1.98162,-1.39302,0.85347,2.14839,-1.02024,4.11039,-1.51074,-8.79957,3.73761,1.29492
0.40221,-1.98162,1.1772,-1.13796,1.16739,2.22687,-1.22625,3.924,-0.67689,-7.75971,3.58065,2.67813
0.87309,-2.51136,0.42183,-0.64746,1.11834,0.05886,-1.34397,4.1202,-1.24587,-7.93629,4.6107,2.47212
0.11772,-2.09934,0.51993,-1.83447,1.09872,0.83385,-1.23606,3.32559,-2.40345,-7.83819,5.37588,2.03067
0.8829,-0.91233,-0.12753,-2.44269,1.38321,1.2753,-1.59903,1.54998,-1.02024,-7.34769,5.25816,2.77623
0.34335,-0.14715,0.00981,-2.72718,1.08891,1.03986,-0.8829,2.07972,0.34335,-6.0822,5.12082,3.22749
0.0,0.5886,0.52974,-2.75661,1.06929,-1.82466,-1.36359,2.08953,-0.77499,-6.36669,5.80752,3.19806
0.85347,0.40221,0.02943,-4.17906,0.97119,-1.6677,-0.86328,2.0601,-1.32435,-4.77747,7.03377,2.92338
1.0791,0.95157,-0.5886,-3.17844,1.54998,-1.5696,-0.46107,1.12815,-1.23606,-3.39426,6.89643,2.72718
0.99081,0.57879,-1.44207,-2.26611,1.63827,-1.48131,0.25506,0.50031,0.61803,-1.64808,5.41512,3.20787
1.962,0.99081,-1.13796,-2.32497,2.24649,-3.58065,0.31392,-1.4715,0.2943,-0.73575,5.64075,1.962
2.71737,1.50093,-1.40283,-3.20787,2.00124,-1.962,0.84366,-2.83509,0.33354,0.73575,6.22935,1.59903
2.69775,0.06867,-0.80442,-3.17844,2.26611,0.02943,1.51074,-5.28759,1.43226,2.59965,6.53346,-0.57879
2.44269,0.97119,-0.67689,-3.34521,2.20725,-0.72594,1.72656,-5.886,1.54017,2.30535,6.97491,1.48131
2.85471,-0.13734,-0.06867,-3.42369,2.28573,-0.62784,1.60884,-6.89643,1.06929,2.73699,6.94548,0.67689
3.49236,-1.06929,-1.25568,-2.57022,2.82528,0.35316,1.91295,-6.81795,0.30411,3.64932,6.03315,1.60884
3.74742,-2.44269,-0.61803,-3.39426,2.1582,1.12815,2.14839,-7.67142,1.26549,2.81547,5.84676,0.71613
3.8259,-2.69775,0.25506,-2.39364,1.83447,-0.00981,2.46231,-7.70085,1.10853,3.3354,5.17968,0.53955
5.17968,-2.60946,-0.13734,-2.41326,2.00124,0.38259,2.2563,-9.04482,1.19682,3.61989,5.81733,-0.43164
5.07177,-3.22749,0.38259,-2.943,1.92276,0.8829,2.99205,-9.67266,1.26549,3.73761,6.63156,-0.14715
4.87557,-4.42431,0.15696,-3.63951,1.68732,2.83509,3.17844,-9.34893,1.52055,3.67875,6.17049,0.02943
4.94424,-4.05153,0.0981,-2.58984,1.70694,2.40345,3.05091,-8.4366,1.0791,4.60089,6.03315,-0.55917
4.92462,-5.63094,0.16677,-2.29554,1.15758,2.24649,3.61989,-7.49484,0.70632,3.30597,5.12082,-0.28449
5.0031,-5.48379,0.37278,-1.71675,0.90252,2.40345,3.34521,-7.01415,0.83385,2.65851,5.20911,0.3924
5.22873,-6.36669,0.52974,-2.01105,0.86328,2.72718,3.31578,-5.6898,0.55917,2.86452,5.33664,0.79461
5.1012,-5.42493,0.55917,0.00981,0.84366,0.80442,3.09996,-3.98286,0.31392,2.62908,4.7088,1.38321
5.0031,-5.22873,0.08829,0.28449,1.15758,1.04967,2.88414,-4.09077,0.05886,1.81485,3.89457,0.46107
4.98348,-4.11039,0.12753,0.80442,1.22625,1.67751,3.14901,-3.65913,0.14715,1.65789,3.32559,2.53098
3.99267,-4.3164,1.04967,-0.24525,0.81423,0.96138,2.93319,-2.57022,-0.71613,2.24649,3.924,3.25692
4.39488,-4.22811,0.81423,1.42245,1.04967,1.09872,1.8639,-0.32373,0.08829,1.48131,3.44331,2.85471
3.89457,-3.00186,0.34335,1.69713,0.44145,0.16677,2.33478,-1.03005,0.74556,0.46107,3.61989,4.07115
2.85471,-3.35502,1.55979,1.64808,0.37278,1.84428,1.74618,0.33354,-0.05886,-0.0981,4.60089,4.08096
3.08034,-1.2753,1.79523,1.74618,0.37278,1.42245,0.65727,0.4905,-0.85347,-0.13734,5.73885,3.09996
2.83509,-0.87309,1.43226,3.73761,0.3924,0.76518,0.27468,2.21706,-0.25506,-1.94238,4.13001,2.32497
1.80504,0.00981,1.59903,3.76704,0.41202,-0.17658,0.3924,0.30411,-0.60822,-3.22749,2.91357,2.73699
1.97181,0.23544,1.87371,2.13858,0.59841,0.37278,0.10791,0.45126,-1.43226,-3.56103,3.31578,3.25692
1.98162,0.20601,1.61865,1.7658,0.44145,0.07848,-0.64746,0.70632,-0.62784,-4.08096,1.83447,3.30597
1.58922,-0.40221,2.54079,2.36421,-0.01962,1.39302,-0.7848,1.23606,-0.0981,-4.69899,2.81547,2.61927
1.12815,-0.93195,3.0411,0.04905,0.36297,1.55979,-1.46169,0.04905,0.13734,-6.17049,3.29616,1.48131
1.52055,-0.96138,2.60946,-2.09934,-0.11772,1.10853,-1.34397,0.55917,-1.28511,-6.06258,4.54203,1.58922
1.23606,-0.85347,2.4525,0.50031,0.52974,0.95157,-2.68794,0.91233,-0.61803,-5.27778,3.52179,0.16677
1.89333,-0.66708,1.99143,1.12815,0.84366,0.34335,-1.74618,1.3734,-0.13734,-5.97429,4.28697,0.42183
1.7658,1.23606,1.94238,-1.50093,0.99081,-0.3924,-1.54017,-1.24587,0.06867,-6.23916,5.51322,0.0981
2.92338,1.05948,0.96138,-2.51136,0.99081,0.4905,-0.93195,-0.7848,-0.95157,-4.37526,5.61132,1.43226
3.58065,0.06867,1.63827,-2.65851,0.90252,0.93195,-1.50093,-1.03986,0.66708,-3.7278,5.43474,0.79461
3.30597,-0.44145,1.54998,-2.03067,0.73575,0.24525,-0.5886,-2.80566,1.74618,-3.10977,5.08158,1.4715
2.63889,-0.76518,1.77561,-2.54079,1.32435,1.1772,-0.16677,-3.29616,0.99081,-2.13858,6.98472,2.73699
3.58065,-2.63889,1.62846,-3.41388,1.74618,-0.03924,0.44145,-3.55122,1.29492,-0.83385,5.63094,2.1582
3.34521,-2.67813,1.7658,-2.63889,1.67751,-0.31392,0.28449,-4.62051,1.57941,0.4905,5.99391,2.03067
3.88476,-3.45312,2.36421,-2.6487,2.13858,-2.23668,1.05948,-5.41512,1.78542,0.77499,6.92586,2.04048
3.95343,-2.88414,2.87433,-3.924,2.07972,-0.33354,1.61865,-6.20973,2.12877,2.54079,8.59356,2.8449
4.2183,-3.90438,2.41326,-4.52241,2.33478,-1.12815,2.85471,-5.93505,1.62846,3.74742,8.10306,2.60946
4.13001,-4.38507,2.53098,-2.03067,1.8639,-0.47088,2.51136,-6.56289,3.09015,3.71799,7.92648,4.04172
4.11039,-5.886,2.99205,-1.23606,1.73637,-0.53955,3.39426,-6.17049,2.98224,3.58065,8.93691,3.46293
3.97305,-5.93505,2.09934,-2.30535,1.74618,0.77499,3.4335,-6.29802,1.6677,5.60151,8.15211,4.75785
4.16925,-5.74866,2.69775,-2.49174,1.92276,1.59903,3.96324,-5.11101,2.34459,3.97305,7.6518,4.50279
3.1392,-5.64075,3.29616,-1.0791,1.77561,2.27592,2.83509,-5.51322,1.90314,3.83571,7.11225,3.6297
3.63951,-6.82776,2.62908,-1.97181,1.92276,1.26549,3.45312,-4.46355,1.57941,2.93319,7.18092,2.72718
3.60027,-5.37588,2.2563,-2.21706,2.46231,2.30535,3.67875,-3.09015,0.80442,3.63951,6.68061,2.37402
4.01229,-5.62113,2.32497,-0.02943,1.68732,1.90314,3.76704,-1.83447,1.77561,3.41388,6.07239,2.72718
3.83571,-6.01353,2.12877,0.71613,1.67751,2.52117,2.52117,-0.56898,1.50093,2.76642,5.67018,2.93319
4.66956,-5.93505,2.19744,0.1962,1.70694,3.69837,3.06072,0.67689,0.16677,2.34459,5.67999,3.25692
4.6107,-4.6107,1.70694,1.58922,1.61865,2.97243,2.98224,2.34459,0.02943,1.8639,5.92524,3.57084
4.30659,-4.17906,3.03129,1.88352,1.29492,2.8449,2.19744,3.07053,1.6677,0.90252,4.65975,4.66956
4.03191,-4.32621,3.06072,1.04967,1.962,1.19682,0.92214,2.65851,0.14715,0.82404,4.22811,3.15882
3.81609,-2.90376,3.39426,0.00981,2.07972,0.3924,1.18701,2.52117,-1.2753,-0.4905,4.42431,2.76642
3.4335,-2.43288,2.81547,1.20663,1.02024,0.47088,1.34397,2.52117,-1.05948,-1.23606,3.91419,0.72594
3.57084,-1.98162,3.05091,1.11834,0.96138,-0.36297,0.82404,2.47212,1.41264,-1.24587,2.75661,0.59841
3.18825,-2.40345,3.05091,0.56898,0.96138,1.45188,0.69651,1.61865,-0.64746,-1.40283,2.29554,0.22563
2.52117,-2.22687,3.77685,0.46107,0.80442,1.03986,0.65727,1.87371,-0.48069,-2.58984,4.7088,0.75537
2.58984,-2.85471,3.59046,1.35378,0.46107,0.40221,1.10853,2.75661,-0.53955,-2.46231,4.00248,0.0981
2.48193,-1.38321,3.71799,-0.08829,0.32373,0.06867,0.24525,1.55979,1.1772,-2.89395,4.32621,-0.46107
1.52055,-1.54017,2.93319,-1.42245,0.2943,-0.54936,-0.41202,0.80442,-0.55917,-3.07053,3.71799,-2.07972
1.16739,-0.16677,2.67813,-0.8829,0.0981,-1.41264,0.11772,-0.75537,-1.38321,-4.64013,4.42431,-1.15758
0.66708,-0.46107,2.7468,-0.07848,-0.25506,-1.60884,0.38259,-0.70632,-1.16739,-4.93443,3.27654,-2.21706
0.99081,-1.10853,2.80566,-2.32497,0.0,-1.75599,0.10791,-1.962,1.03986,-4.72842,2.12877,-2.68794
1.38321,-0.77499,2.52117,-3.15882,-0.63765,0.17658,0.07848,-2.08953,-0.17658,-5.76828,2.48193,-2.62908
2.04048,-0.47088,2.05029,-2.57022,-1.23606,-0.61803,0.12753,-2.68794,-1.74618,-5.4936,2.70756,-1.10853
2.56041,-1.73637,1.70694,-2.27592,-1.12815,0.01962,0.43164,-1.85409,-0.20601,-5.79771,3.29616,-1.55979
2.96262,-1.1772,1.6677,-3.05091,-0.99081,0.46107,0.82404,-2.54079,0.23544,-6.24897,3.69837,-2.28573
3.26673,-1.75599,1.35378,-2.32497,-0.96138,1.6677,-0.17658,-2.18763,-0.63765,-6.11163,3.97305,-1.50093
4.06134,-1.7658,1.98162,-1.24587,-0.7848,0.17658,0.73575,-3.06072,-1.09872,-4.57146,4.52241,-0.28449
3.68856,-2.33478,1.75599,-2.29554,-0.50031,0.67689,0.63765,-2.51136,1.48131,-4.99329,3.09015,-0.06867
4.0221,-2.01105,2.02086,-3.58065,-0.32373,0.84366,0.87309,-3.42369,1.90314,-3.29616,4.17906,1.03005
4.15944,-1.39302,2.09934,-3.44331,-0.71613,2.70756,1.14777,-3.02148,0.91233,-2.70756,4.11039,2.13858
5.1012,-2.80566,1.962,-2.06991,-0.74556,-0.24525,1.52055,-3.38445,0.80442,-1.75599,4.7088,1.25568
4.50279,-2.78604,2.27592,-2.68794,-0.66708,2.23668,2.04048,-3.38445,1.72656,-2.17782,3.14901,2.39364
5.16987,-2.92338,2.86452,-2.80566,-0.6867,0.91233,3.11958,-3.24711,2.53098,-1.44207,3.69837,1.83447
4.47336,-3.41388,2.79585,-0.33354,-0.42183,2.33478,2.68794,-3.41388,0.43164,-1.41264,4.32621,2.77623
4.47336,-5.20911,3.74742,0.27468,0.05886,0.0,2.96262,-3.15882,1.95219,0.55917,4.3164,2.01105
3.44331,-3.24711,3.47274,-0.27468,0.66708,0.06867,3.32559,-3.81609,2.44269,0.62784,4.60089,1.58922
2.36421,-4.47336,4.53222,0.43164,0.76518,1.52055,3.28635,-3.46293,2.67813,0.36297,4.00248,1.78542
3.07053,-5.06196,3.74742,1.52055,1.16739,1.73637,3.35502,-3.68856,0.74556,1.83447,5.48379,1.39302
2.68794,-4.52241,4.27716,0.21582,1.55979,1.35378,3.1392,-2.6487,2.31516,1.52055,2.93319,0.70632
2.50155,-4.73823,4.64013,-0.27468,1.16739,1.48131,3.924,-2.49174,2.34459,0.61803,3.05091,0.91233
2.51136,-4.18887,5.5917,0.67689,1.45188,2.30535,4.09077,-2.14839,2.13858,0.56898,3.05091,1.36359
2.93319,-4.17906,4.98348,1.84428,1.26549,2.03067,3.45312,-2.63889,-0.48069,0.25506,5.02272,0.42183
2.943,-3.60027,5.12082,0.981,1.1772,1.26549,3.58065,-1.74618,0.83385,-0.26487,2.57022,-0.47088
2.52117,-2.98224,5.37588,1.1772,1.20663,0.82404,3.37464,-1.61865,0.61803,-0.54936,3.26673,-0.80442
2.24649,-3.48255,5.37588,2.30535,1.64808,0.81423,1.48131,-0.83385,-0.11772,-0.37278,3.96324,0.77499
2.32497,-1.60884,5.16006,1.24587,1.55979,1.23606,1.70694,-0.43164,-0.32373,0.41202,2.97243,-0.2943
3.08034,-0.61803,4.66956,0.42183,2.32497,0.52974,1.29492,-0.51012,0.30411,-0.25506,1.79523,-0.50031
2.58984,-0.01962,4.69899,0.16677,2.43288,0.82404,1.20663,0.55917,0.32373,-1.03005,1.73637,-0.82404
2.90376,0.91233,4.89519,0.66708,1.77561,-0.3924,1.13796,0.25506,0.51993,-0.35316,2.98224,-0.93195
2.86452,1.46169,4.23792,-0.70632,2.02086,-1.25568,1.42245,0.56898,0.02943,-1.04967,3.28635,-2.16801
2.36421,2.05029,3.16863,0.28449,1.87371,-2.5506,1.72656,0.65727,-0.42183,-2.39364,1.94238,-1.97181
2.42307,1.73637,3.39426,0.61803,1.52055,-2.54079,1.43226,0.79461,-0.18639,-1.43226,2.77623,-1.40283
2.7468,1.61865,3.74742,0.40221,0.99081,-4.28697,1.19682,0.6867,-0.52974,-2.23668,2.58984,-0.52974
1.78542,1.03005,2.98224,-1.05948,0.55917,-4.03191,1.75599,-0.60822,-0.7848,-1.13796,1.61865,0.45126
1.6677,-0.3924,2.69775,-1.03986,0.8829,-2.42307,1.38321,-0.99081,-0.50031,-0.95157,1.52055,0.34335
1.67751,-0.24525,2.29554,-1.92276,0.62784,-2.98224,1.72656,-1.00062,0.42183,-1.79523,3.22749,-0.25506
1.82466,-0.70632,1.57941,-1.8639,0.46107,-2.86452,2.32497,-2.58003,-1.03005,-1.08891,3.58065,-1.65789
2.46231,-1.11834,1.57941,-1.93257,0.05886,-2.19744,2.90376,-2.67813,-0.46107,-2.72718,2.46231,-1.02024
2.85471,-1.69713,0.6867,-1.1772,0.07848,-2.86452,3.34521,-3.30597,-0.17658,-4.49298,2.41326,-1.962
2.83509,-3.36483,1.4715,-1.6677,-0.97119,-1.32435,3.28635,-2.60946,0.37278,-3.99267,3.6297,-1.25568
4.1202,-4.14963,0.56898,-1.74618,-1.12815,-0.70632,2.68794,-3.30597,-0.96138,-3.14901,4.57146,-1.13796
4.33602,-5.85657,1.18701,-2.37402,-0.95157,-0.80442,3.30597,-3.83571,-0.59841,-4.08096,4.17906,0.10791
4.77747,-6.36669,0.66708,-1.35378,-0.73575,-0.26487,2.46231,-4.32621,0.02943,-3.41388,6.09201,0.981
5.83695,-7.01415,0.93195,-2.08953,-0.44145,1.12815,2.87433,-4.39488,-0.41202,-3.08034,5.83695,0.38259
6.02334,-5.81733,1.22625,-1.97181,-0.45126,1.74618,2.81547,-3.94362,-1.40283,-3.27654,5.52303,-0.73575
6.12144,-5.97429,1.33416,-1.19682,-0.14715,1.4715,2.51136,-4.06134,-0.7848,-1.59903,3.99267,-0.48069
6.50403,-5.03253,1.88352,-0.44145,0.41202,2.26611,2.37402,-2.59965,0.60822,-1.40283,6.03315,0.22563
6.70023,-4.53222,0.82404,-0.41202,0.92214,2.17782,2.27592,-1.29492,-0.73575,-1.11834,5.50341,-0.81423
6.23916,-4.81671,1.55979,-0.34335,1.20663,2.56041,1.65789,-0.31392,-0.52974,0.23544,5.87619,-0.83385
7.20054,-4.34583,1.2753,1.20663,1.36359,0.67689,1.61865,-0.72594,-0.03924,1.00062,5.42493,0.32373
6.50403,-4.14963,2.19744,1.85409,1.44207,1.54998,1.23606,0.84366,0.27468,1.10853,6.60213,1.04967
5.69961,-2.99205,2.62908,1.87371,2.06991,2.61927,1.61865,1.30473,-0.22563,1.88352,5.89581,0.03924
5.46417,-3.06072,2.91357,1.50093,1.99143,1.8639,1.75599,0.8829,-0.51993,1.12815,5.56227,-0.92214
5.37588,-3.2373,3.14901,2.50155,2.27592,1.69713,1.58922,0.8829,0.22563,1.54998,5.57208,-1.7658
4.88538,-2.82528,3.17844,2.08953,2.01105,2.30535,1.78542,0.65727,0.0981,2.5506,5.81733,-1.59903
3.81609,-3.71799,3.03129,1.82466,1.962,0.59841,1.48131,1.34397,-0.01962,1.45188,5.47398,-2.63889
3.27654,-4.5126,3.21768,2.96262,2.01105,1.0791,0.73575,0.37278,-0.42183,2.04048,5.69961,-2.72718
3.71799,-5.44455,3.1392,3.19806,1.62846,0.17658,0.01962,-0.22563,0.56898,1.18701,5.62113,-2.58003
3.63951,-5.16987,2.75661,2.37402,1.99143,0.83385,0.25506,0.36297,0.55917,0.48069,6.12144,-1.78542
3.56103,-6.07239,3.03129,2.79585,1.88352,0.2943,0.81423,0.33354,0.08829,0.48069,4.69899,-2.66832
3.61989,-5.4936,2.23668,2.97243,1.88352,1.73637,0.46107,-0.96138,-0.77499,0.77499,4.6107,-2.96262
3.35502,-5.45436,2.42307,2.47212,1.75599,0.4905,0.62784,-0.61803,0.21582,-0.23544,4.86576,-3.11958
2.69775,-5.09139,1.65789,1.2753,1.79523,0.82404,1.2753,0.59841,0.21582,-0.47088,4.60089,-2.78604
3.49236,-5.99391,1.88352,0.79461,1.85409,1.40283,0.5886,0.15696,-0.15696,-1.10853,3.94362,-3.48255
3.51198,-5.64075,1.35378,1.25568,1.46169,1.0791,0.0981,-0.66708,-0.92214,-0.74556,2.0601,-2.56041
3.24711,-4.39488,1.05948,1.11834,1.43226,0.36297,0.05886,0.14715,0.43164,-0.7848,3.05091,-2.02086
2.98224,-3.78666,0.85347,0.30411,1.49112,0.06867,0.13734,0.17658,0.90252,-1.29492,2.19744,-0.17658
3.52179,-4.16925,0.40221,2.34459,1.46169,-0.17658,1.05948,0.07848,-0.62784,-0.76518,1.92276,-1.61865
3.4335,-2.19744,1.01043,3.01167,1.16739,-0.05886,1.11834,-0.36297,-0.81423,-0.17658,2.36421,-0.57879
3.2373,-1.69713,0.31392,2.23668,0.82404,-0.24525,1.962,-0.30411,0.72594,-1.1772,2.89395,-1.18701
3.02148,-0.93195,0.13734,2.10915,-0.00981,-0.30411,2.40345,0.77499,0.26487,-1.48131,2.73699,-1.18701
3.26673,-2.2563,0.0981,1.73637,-0.21582,0.67689,1.80504,0.46107,-0.8829,-1.15758,2.24649,-2.54079
3.1392,-2.17782,0.34335,1.42245,0.07848,1.97181,2.14839,-0.30411,0.35316,-1.7658,2.72718,-1.94238
2.61927,-2.09934,0.46107,0.30411,-0.20601,0.37278,2.59965,-1.25568,0.83385,-1.34397,4.46355,-1.2753
3.7278,-2.65851,-0.10791,0.46107,-0.14715,-0.31392,2.58003,-1.8639,0.1962,-1.80504,3.79647,-1.81485
4.25754,-4.27716,0.0,0.82404,-0.69651,-0.72594,3.08034,-4.32621,-0.41202,0.0,3.8259,-1.5696
3.4335,-4.34583,0.42183,0.44145,-0.34335,-0.43164,3.38445,-4.25754,-0.30411,-0.99081,4.38507,-1.5696
3.86514,-3.84552,1.14777,-0.81423,-0.80442,-0.33354,2.16801,-4.14963,0.97119,-0.53955,4.1202,-2.69775
4.88538,-5.23854,1.12815,0.51993,-1.00062,0.05886,3.26673,-3.0411,-1.21644,-0.0981,5.12082,-2.92338
4.05153,-6.70023,0.92214,0.81423,-0.65727,1.20663,2.65851,-3.4335,-0.14715,0.75537,4.32621,-2.85471
3.7278,-5.27778,2.17782,0.02943,-0.73575,1.73637,3.0411,-3.06072,-0.00981,-0.28449,3.78666,-2.69775
4.6107,-4.88538,2.69775,-0.45126,-0.16677,0.92214,2.87433,-2.66832,0.40221,0.51993,2.943,-2.61927
4.64994,-4.99329,2.59965,-0.4905,-0.17658,0.3924,2.57022,-3.14901,-1.18701,1.95219,3.07053,-2.40345
3.79647,-5.70942,2.62908,0.04905,0.21582,1.54017,2.71737,-2.78604,-0.48069,1.72656,-0.02943,-2.98224
4.0221,-3.60027,3.46293,0.57879,-0.02943,2.60946,2.93319,-2.17782,-0.35316,1.8639,1.78542,-1.75599
4.3164,-3.22749,2.93319,-0.76518,-0.05886,0.6867,2.03067,-1.49112,0.30411,2.6487,1.22625,-2.77623
3.97305,-3.28635,2.88414,0.981,0.50031,-0.35316,1.7658,-0.59841,-0.84366,4.26735,0.51993,-2.75661
2.8449,-3.76704,3.11958,1.80504,1.36359,1.33416,2.40345,0.59841,0.14715,4.52241,0.93195,-2.75661
2.70756,-1.75599,3.8259,1.44207,0.94176,2.28573,1.8639,2.21706,0.10791,3.03129,0.76518,-2.31516
2.67813,-1.33416,4.3164,1.32435,1.1772,1.87371,1.87371,2.09934,0.981,4.18887,1.92276,-3.09015
2.00124,-1.31454,3.55122,3.3354,1.64808,1.40283,1.67751,2.00124,0.70632,3.97305,1.57941,-1.91295
1.80504,-0.63765,4.64994,3.58065,1.48131,1.29492,1.57941,2.5506,1.6677,3.02148,2.23668,-2.09934
2.17782,-0.18639,3.97305,2.39364,1.82466,1.01043,1.38321,2.48193,1.58922,2.2563,1.03005,-2.07972
2.23668,-0.54936,3.75723,3.35502,2.30535,-2.65851,1.44207,1.84428,1.3734,4.03191,1.78542,-3.924
1.57941,-1.02024,3.1392,4.26735,2.1582,-0.96138,1.35378,2.02086,1.67751,3.15882,-1.5696,-3.24711
1.44207,-2.56041,3.89457,2.96262,2.17782,-0.90252,0.91233,2.46231,1.73637,2.61927,-1.77561,-3.37464
1.962,-3.03129,4.00248,2.6487,2.07972,0.28449,0.84366,3.11958,2.10915,0.5886,-1.02024,-2.38383
1.39302,-3.25692,3.71799,3.61008,2.90376,-0.06867,1.30473,2.90376,1.15758,1.45188,2.6487,-2.79585
1.4715,-3.81609,3.52179,3.21768,2.20725,0.03924,1.19682,1.26549,2.02086,0.15696,2.11896,-2.17782
1.89333,-3.98286,3.4335,2.44269,2.36421,-1.69713,1.6677,0.63765,1.52055,-1.03986,2.19744,-1.99143
2.18763,-4.05153,2.88414,2.51136,2.49174,-1.6677,2.26611,0.46107,1.70694,-1.82466,1.52055,-2.20725
2.21706,-4.18887,2.96262,2.85471,2.28573,-1.4715,2.61927,-0.45126,1.13796,-1.01043,1.65789,-3.24711
2.38383,-4.40469,2.47212,1.22625,1.49112,-2.8449,2.36421,-0.32373,1.79523,-1.34397,1.10853,-2.50155
2.41326,-4.7088,2.0601,0.0,1.44207,-2.56041,1.70694,-0.52974,1.73637,-1.88352,0.96138,-2.52117
2.51136,-5.43474,2.06991,-0.24525,1.14777,-1.08891,2.42307,-0.33354,1.99143,-2.7468,2.78604,-2.6487
2.30535,-6.21954,1.7658,-1.35378,0.94176,-0.53955,2.58984,-1.13796,2.00124,-1.74618,1.5696,-1.50093
2.2563,-6.11163,1.57941,-1.19682,1.69713,0.0,2.75661,-1.81485,2.17782,-1.35378,2.59965,-1.01043
2.82528,-4.85595,1.38321,-1.03005,1.03005,1.57941,2.92338,-2.91357,2.20725,-2.08953,2.48193,-1.49112
2.57022,-4.05153,1.43226,-0.13734,1.2753,2.53098,3.52179,-3.61989,2.36421,-1.45188,4.16925,-0.76518
2.70756,-4.46355,1.28511,-1.61865,0.93195,2.48193,2.81547,-3.58065,1.77561,-1.09872,4.59108,-0.94176
2.90376,-4.25754,1.75599,-1.31454,1.12815,2.59965,2.3544,-3.32559,1.81485,-1.5696,4.25754,-2.83509
3.25692,-3.38445,2.02086,-1.00062,0.50031,3.09996,2.37402,-3.38445,2.44269,-1.01043,3.51198,-1.75599
2.59965,-4.37526,2.40345,-1.48131,0.13734,3.25692,2.65851,-3.80628,2.54079,-1.18701,3.98286,-2.53098
2.90376,-5.22873,1.79523,-1.90314,0.70632,2.72718,1.90314,-3.924,1.962,-1.38321,2.71737,-2.69775
3.08034,-5.02272,2.34459,-0.40221,1.16739,2.02086,1.91295,-3.63951,1.67751,-0.51993,1.4715,-3.08034
3.69837,-3.95343,2.95281,0.0,0.90252,2.76642,1.962,-4.38507,1.98162,-0.69651,1.03005,-4.37526
2.99205,-4.7088,3.24711,-0.66708,0.93195,1.63827,1.88352,-4.26735,1.36359,-0.30411,2.23668,-3.68856
4.23792,-4.87557,2.73699,-0.38259,1.48131,0.86328,0.79461,-3.40407,0.83385,0.43164,2.75661,-4.42431
3.86514,-4.17906,3.74742,-0.57879,1.54017,1.29492,1.36359,-2.75661,0.03924,0.59841,0.46107,-5.16987
4.73823,-4.74804,4.08096,0.28449,0.92214,1.18701,1.59903,-1.80504,1.22625,2.02086,1.95219,-5.57208
3.68856,-6.19011,4.32621,-0.54936,0.66708,-0.71613,2.23668,-0.52974,0.37278,2.13858,1.65789,-5.3955
3.94362,-6.12144,4.40469,0.92214,1.05948,-1.03005,1.67751,0.84366,0.27468,2.65851,0.76518,-5.35626
3.6297,-3.45312,5.69961,0.981,0.2943,-2.66832,2.41326,0.981,0.05886,2.47212,-0.94176,-5.26797
3.52179,-3.11958,4.95405,2.03067,0.981,-2.52117,2.98224,1.71675,1.32435,3.37464,0.92214,-4.65975
2.63889,-2.88414,4.94424,1.41264,1.30473,-3.19806,2.86452,1.63827,0.89271,3.0411,-0.5886,-4.04172
3.19806,-2.80566,5.26797,2.32497,1.4715,-2.29554,2.87433,2.85471,0.37278,3.86514,-1.13796,-5.31702
3.63951,-2.34459,6.07239,3.28635,0.55917,-1.20663,3.44331,3.27654,-0.2943,3.35502,0.0981,-4.72842
3.30597,-2.49174,5.73885,3.66894,0.20601,-0.51012,3.61008,4.13982,0.74556,3.4335,-0.93195,-3.68856
3.63951,-3.56103,5.886,5.06196,0.3924,-0.67689,3.57084,4.7088,0.55917,2.95281,-0.67689,-4.26735
3.05091,-2.77623,6.20973,5.05215,1.05948,-0.46107,3.18825,4.73823,1.06929,3.1392,-0.82404,-4.22811
3.20787,-3.4335,5.69961,5.35626,0.67689,-1.25568,3.29616,5.33664,1.22625,2.07972,0.63765,-3.3354
3.26673,-4.09077,4.96386,5.91543,0.7848,-2.43288,3.63951,5.08158,2.49174,2.7468,-0.55917,-3.27654
2.30535,-5.0031,4.77747,5.58189,0.92214,-2.19744,3.1392,4.01229,2.68794,1.29492,-0.96138,-3.07053
2.53098,-3.44331,5.57208,6.50403,1.05948,-1.73637,2.52117,3.18825,2.01105,0.20601,-1.83447,-2.8449
2.80566,-4.77747,5.30721,6.52365,0.48069,-1.30473,2.83509,3.61008,1.92276,0.15696,0.4905,-1.18701
2.53098,-5.6898,4.6107,5.40531,0.67689,-0.77499,2.24649,2.98224,2.53098,0.25506,0.57879,-2.00124
2.18763,-6.51384,4.99329,5.15025,0.56898,-1.08891,2.36421,2.30535,1.88352,-0.53955,0.92214,-2.02086
2.75661,-6.71004,4.52241,5.94486,0.8829,-2.02086,2.19744,1.20663,1.88352,-0.66708,1.93257,-1.79523
2.20725,-5.79771,4.29678,3.21768,0.71613,-2.13858,2.02086,1.04967,2.53098,-1.24587,1.6677,-0.21582
2.36421,-5.81733,3.61008,2.88414,1.14777,-1.94238,2.56041,-0.11772,3.14901,-0.46107,3.37464,-1.25568
1.54017,-5.40531,4.18887,2.943,1.28511,-0.85347,2.87433,-1.22625,2.7468,-0.73575,2.68794,-1.64808
1.44207,-4.44393,3.63951,1.35378,2.02086,-1.32435,2.63889,-1.23606,2.10915,-2.17782,2.11896,-1.69713
1.49112,-4.7088,3.8259,-1.20663,1.19682,-0.27468,2.87433,-0.96138,2.53098,-2.18763,1.85409,-1.50093
1.80504,-5.56227,3.84552,-0.34335,1.92276,1.67751,2.77623,-1.50093,1.95219,-0.59841,2.09934,-1.52055
1.03986,-5.65056,3.88476,0.22563,0.92214,1.13796,3.4335,-1.52055,1.38321,-1.77561,1.38321,-2.26611
1.65789,-4.46355,3.35502,-0.66708,0.12753,1.59903,3.27654,-1.6677,0.08829,-0.92214,1.88352,-1.6677
0.59841,-4.64994,3.03129,-1.68732,-0.15696,3.97305,3.30597,-1.91295,1.83447,-1.15758,2.5506,-2.12877
1.06929,-5.1993,2.91357,0.33354,0.81423,2.40345,2.80566,-2.12877,1.58922,0.1962,0.74556,-1.74618
0.2943,-4.99329,2.93319,-0.18639,0.84366,1.84428,3.27654,-1.61865,1.83447,-0.63765,0.27468,-2.14839
1.54017,-3.7278,2.42307,-1.09872,0.53955,2.67813,2.59965,-1.09872,1.48131,-0.41202,0.40221,-1.04967
0.04905,-3.7278,2.61927,-2.59965,0.41202,3.49236,2.46231,-0.31392,1.97181,-0.83385,-0.41202,-1.33416
0.38259,-5.01291,2.70756,-0.36297,1.03986,2.5506,2.01105,1.51074,1.51074,0.46107,-0.61803,-1.58922
0.97119,-5.28759,1.95219,1.08891,0.83385,2.30535,1.99143,1.32435,0.73575,0.27468,0.55917,-1.30473
1.26549,-4.28697,2.65851,0.40221,0.69651,3.79647,2.39364,1.53036,-0.12753,0.26487,0.32373,-1.67751
0.31392,-3.00186,2.69775,0.76518,1.29492,1.98162,1.54998,1.94238,-0.45126,1.72656,-0.13734,-1.5696
1.08891,-2.2563,2.28573,3.74742,2.01105,0.90252,2.28573,1.80504,-0.69651,1.11834,0.00981,-2.60946
1.35378,0.05886,1.78542,4.06134,2.05029,0.30411,2.6487,2.30535,-0.80442,1.26549,0.48069,-3.35502
1.62846,1.23606,2.50155,1.34397,1.78542,0.32373,2.71737,3.17844,-0.5886,1.08891,0.06867,-3.58065
1.16739,1.55979,2.38383,2.02086,2.50155,-0.57879,2.79585,2.90376,-1.25568,1.60884,-0.3924,-5.05215
2.77623,1.79523,2.07972,4.05153,2.19744,-1.98162,3.68856,4.2183,-0.95157,1.18701,0.20601,-5.93505
3.05091,2.34459,2.54079,4.67937,2.63889,-1.11834,4.00248,4.26735,-1.24587,2.65851,-1.40283,-6.40593
2.61927,2.943,2.79585,3.5316,2.40345,-2.2563,4.64013,4.84614,-1.40283,2.3544,-1.49112,-7.15149
2.78604,2.2563,2.6487,5.41512,3.01167,-2.61927,5.1012,4.48317,-2.1582,2.67813,-2.1582,-7.19073
4.32621,2.03067,2.46231,5.67999,3.4335,-2.20725,4.905,4.42431,-2.09934,3.16863,-1.03005,-8.21097
3.93381,1.50093,2.91357,4.10058,2.79585,-1.51074,6.15087,3.97305,-1.34397,2.95281,-0.47088,-8.85843
3.85533,-0.00981,3.09015,4.0221,2.48193,-2.07972,5.84676,4.7088,0.44145,2.58003,-1.02024,-8.67204
3.67875,-2.18763,2.99205,5.79771,2.6487,-0.25506,5.76828,5.51322,-0.41202,3.36483,-1.41264,-10.13373
3.83571,-2.13858,2.5506,3.89457,2.47212,-0.70632,5.64075,6.11163,-0.64746,2.79585,-0.81423,-10.34955
3.84552,-3.25692,2.99205,3.08034,2.39364,0.51993,5.61132,6.25878,1.79523,2.72718,-0.92214,-9.75114
3.64932,-4.16925,2.73699,3.87495,2.943,-0.25506,5.3955,5.5917,1.72656,3.44331,0.66708,-8.17173
3.91419,-6.23916,2.51136,3.18825,3.00186,-1.08891,5.04234,4.905,0.85347,3.57084,0.32373,-7.848
3.85533,-5.2974,2.58984,2.66832,2.68794,-0.81423,4.62051,3.63951,1.40283,2.5506,1.01043,-7.59294
2.41326,-6.36669,1.80504,3.29616,2.57022,0.52974,4.44393,2.50155,4.52241,2.21706,0.84366,-7.08282
2.40345,-6.69042,1.62846,2.14839,2.59965,0.6867,4.13001,1.81485,4.15944,3.0411,0.51993,-5.91543
2.62908,-6.61194,1.57941,0.28449,2.63889,0.6867,4.26735,1.55979,3.5316,2.28573,0.24525,-4.82652
1.52055,-5.72904,1.20663,-0.43164,1.5696,1.36359,3.924,1.2753,1.58922,1.67751,1.03986,-5.27778
0.96138,-5.60151,0.981,-0.82404,1.43226,-0.11772,3.61989,1.39302,3.08034,0.47088,1.16739,-3.42369
0.64746,-3.47274,0.28449,0.43164,1.61865,0.18639,3.6297,0.23544,3.21768,1.43226,0.42183,-3.77685
0.81423,-1.58922,0.48069,0.43164,1.35378,0.92214,3.30597,-1.10853,2.66832,1.45188,0.04905,-3.58065
0.03924,-2.47212,0.3924,-1.24587,0.64746,1.88352,3.10977,-2.28573,3.2373,2.31516,0.47088,-3.95343
-0.21582,-1.63827,0.01962,-0.64746,1.02024,1.53036,3.05091,-2.95281,3.14901,0.06867,-1.48131,-4.43412
-0.17658,-1.6677,-0.38259,0.95157,0.981,2.19744,3.46293,-3.86514,3.52179,1.72656,-1.16739,-2.38383
0.06867,-1.58922,-0.60822,-1.61865,0.54936,2.57022,3.09015,-2.80566,3.27654,1.44207,-2.36421,-1.54998
-0.76518,-2.91357,-1.03986,-3.48255,0.37278,1.95219,2.58984,-1.4715,2.46231,1.73637,-1.97181,-1.82466
-0.64746,-3.47274,-1.71675,-0.8829,0.0,1.22625,2.93319,-1.09872,1.26549,0.85347,-3.59046,-2.5506
0.03924,-3.63951,-0.59841,1.29492,0.31392,2.50155,2.5506,-0.46107,3.44331,2.04048,-2.73699,-1.92276
-0.22563,-3.48255,-0.99081,0.28449,-0.27468,3.7278,2.08953,0.0,3.76704,1.98162,-1.83447,-2.65851
-0.43164,-3.03129,-0.93195,-1.06929,0.02943,2.92338,1.7658,0.30411,1.94238,2.21706,-2.49174,-3.1392
-0.0981,-2.88414,-0.76518,2.30535,0.38259,5.79771,1.95219,0.3924,1.35378,1.94238,-2.58984,-2.7468
0.43164,-3.4335,-0.7848,2.44269,0.51012,6.42555,1.24587,0.981,2.96262,2.07972,-2.34459,-2.47212
1.04967,-2.63889,-1.38321,0.0981,0.25506,5.62113,1.93257,1.09872,2.0601,2.03067,-1.51074,-1.48131
1.48131,-2.72718,-1.32435,1.57941,0.79461,5.22873,1.55979,1.92276,0.63765,1.52055,-2.58984,-0.76518
2.01105,-2.77623,-0.92214,2.97243,1.4715,5.87619,2.46231,2.34459,0.61803,1.59903,-2.58984,-1.12815
1.84428,-3.39426,-0.7848,2.95281,1.64808,4.25754,2.02086,3.15882,1.28511,1.35378,-0.16677,-2.19744
2.37402,-1.09872,-1.69713,2.76642,1.94238,2.14839,3.01167,2.65851,0.57879,2.93319,-0.47088,-1.38321
2.69775,-1.02024,-1.88352,3.66894,1.98162,2.58984,3.28635,2.19744,-1.54998,1.70694,-0.28449,-2.42307
2.86452,-0.0981,-1.09872,3.80628,3.31578,0.20601,3.54141,2.2563,-1.23606,1.46169,0.0,-1.51074
3.2373,0.60822,-1.25568,3.65913,2.69775,-0.28449,2.90376,2.26611,-0.40221,0.46107,1.79523,-1.67751
3.7278,1.97181,-1.95219,3.00186,2.26611,-1.52055,4.04172,1.95219,-0.23544,1.36359,0.73575,-2.23668
4.07115,1.92276,-1.49112,3.91419,3.08034,-0.54936,3.86514,2.61927,-1.31454,0.79461,1.08891,-2.02086
4.99329,1.23606,-1.06929,4.26735,2.86452,-1.99143,4.55184,3.4335,0.21582,0.14715,1.33416,-0.17658
4.96386,1.68732,-0.95157,3.86514,2.34459,-2.56041,4.57146,3.73761,-0.11772,0.36297,1.10853,-0.91233
5.82714,1.1772,-1.09872,3.90438,1.87371,-3.61989,4.34583,2.98224,-0.02943,0.67689,0.50031,-2.95281
5.70942,-0.24525,-1.16739,4.06134,3.1392,-4.45374,4.43412,2.943,-0.79461,0.05886,1.46169,-2.82528
5.72904,-0.77499,-0.8829,3.66894,2.61927,-3.76704,4.18887,2.06991,0.42183,0.45126,0.95157,-2.90376
5.07177,-1.36359,-1.2753,4.04172,1.78542,-3.71799,3.52179,1.99143,1.03986,-0.24525,1.98162,-3.3354
5.94486,-2.90376,-1.50093,2.72718,1.43226,-3.03129,3.46293,1.63827,1.73637,-0.05886,0.02943,-3.69837
5.67018,-3.5316,-1.18701,2.65851,1.77561,-2.77623,3.05091,1.3734,0.36297,-0.20601,-0.13734,-2.19744
5.47398,-4.68918,-1.44207,1.98162,0.8829,-2.34459,2.46231,1.33416,2.66832,0.56898,0.33354,0.92214
4.25754,-4.92462,-1.45188,2.52117,-0.06867,-1.33416,2.39364,1.70694,2.00124,-0.44145,0.24525,0.05886
4.37526,-5.05215,-1.53036,2.88414,0.62784,-1.28511,1.72656,1.28511,1.57941,0.22563,0.38259,-1.62846
3.29616,-5.90562,-2.20725,2.90376,0.05886,-0.04905,1.72656,0.81423,1.03005,0.61803,1.16739,-0.28449
2.44269,-5.04234,-2.95281,2.58003,-0.25506,0.02943,1.48131,-0.85347,2.26611,1.94238,2.03067,0.05886
1.92276,-4.22811,-3.32559,2.86452,-0.41202,-0.40221,0.91233,-0.89271,1.57941,0.96138,-0.03924,-0.72594
1.03986,-3.89457,-3.77685,3.39426,-0.72594,0.42183,1.1772,-1.0791,0.04905,0.30411,-0.14715,-0.51993
-0.33354,-3.93381,-3.90438,2.90376,-1.02024,0.59841,0.30411,-0.92214,-0.71613,1.23606,-1.16739,0.52974
-0.38259,-3.08034,-4.82652,5.1993,-1.51074,0.06867,-0.00981,-1.42245,0.50031,0.48069,-1.32435,0.79461
-0.96138,-2.5506,-5.55246,5.58189,-1.85409,-0.11772,0.44145,-0.43164,-0.61803,-1.20663,-1.14777,-0.87309
-1.78542,-1.23606,-5.48379,5.89581,-1.10853,-0.10791,-0.05886,0.31392,-1.64808,-1.15758,-1.90314,-0.61803
-2.48193,-0.71613,-5.74866,5.6898,-1.22625,0.14715,-0.12753,1.79523,-1.49112,-0.77499,-2.00124,-1.48131
-2.0601,0.48069,-6.40593,6.26859,-0.7848,-1.02024,-0.0981,0.94176,-1.75599,-0.43164,-2.27592,-2.54079
-2.03067,0.95157,-6.48441,6.2784,-1.06929,-1.46169,-0.70632,1.6677,-1.83447,-0.4905,-3.29616,-3.41388
-2.02086,1.59903,-6.09201,4.66956,-0.61803,-2.40345,-0.32373,2.1582,-2.66832,-0.38259,-3.77685,-3.61008
-2.78604,1.59903,-5.80752,5.56227,-0.08829,-2.33478,-0.53955,2.87433,-1.55979,0.3924,-3.47274,-2.87433
-1.50093,1.13796,-5.36607,6.42555,-0.13734,-3.24711,0.20601,3.08034,-1.65789,0.11772,-4.35564,-3.09996
-2.05029,1.12815,-5.63094,5.02272,-0.53955,-2.78604,-0.0981,3.99267,-0.75537,0.16677,-4.63032,-4.64013
-1.95219,1.8639,-4.99329,4.78728,-0.51993,-1.16739,0.73575,4.62051,-1.18701,0.18639,-4.6107,-5.65056
-1.55979,1.2753,-4.44393,4.35564,0.23544,-1.28511,0.46107,4.82652,-1.03986,1.35378,-3.71799,-5.45436
-1.39302,1.58922,-4.16925,2.34459,0.48069,-1.8639,0.91233,4.75785,-1.67751,1.54017,-3.25692,-5.54265
-1.44207,1.57941,-4.08096,1.46169,0.25506,-2.10915,0.47088,4.75785,-1.63827,2.23668,-3.44331,-5.5917
-0.66708,1.68732,-2.7468,0.77499,0.0981,-1.41264,1.03005,4.81671,-1.77561,2.0601,-2.96262,-5.65056
-0.84366,1.11834,-2.1582,0.51012,0.50031,-1.55979,0.61803,4.37526,-0.3924,2.54079,-2.63889,-5.85657
-0.46107,-0.24525,-1.68732,-0.981,1.03005,-1.34397,1.25568,3.78666,-0.43164,3.09996,-2.49174,-5.52303
-0.59841,1.19682,-1.54998,-1.06929,0.48069,-0.65727,1.35378,3.83571,-0.52974,3.32559,-2.46231,-5.74866
0.01962,0.59841,-0.74556,-0.62784,1.2753,1.12815,1.63827,4.28697,0.43164,1.71675,-1.16739,-6.50403
-0.13734,1.65789,-0.26487,-0.6867,1.52055,1.59903,1.28511,3.91419,0.32373,2.01105,-0.25506,-6.94548
-0.07848,2.59965,-0.36297,-2.68794,1.00062,0.53955,1.39302,3.38445,-0.53955,2.46231,-0.03924,-6.48441
0.73575,2.6487,-0.65727,-1.64808,0.5886,1.02024,1.6677,2.60946,0.28449,2.72718,-1.69713,-5.55246
1.03986,4.08096,-0.36297,-1.62846,1.12815,1.03986,1.09872,2.47212,0.06867,2.48193,-1.84428,-4.88538
0.84366,4.5126,-0.53955,-1.55979,0.53955,0.50031,0.13734,1.81485,0.61803,3.0411,0.55917,-3.32559
0.71613,3.1392,-0.53955,-3.25692,0.85347,0.40221,0.66708,1.35378,0.18639,2.23668,-0.21582,-3.18825
0.7848,2.69775,-0.44145,-0.51012,0.59841,-1.16739,0.14715,0.45126,0.7848,3.38445,-0.63765,-2.80566
0.74556,2.37402,-0.24525,0.89271,0.55917,-0.7848,0.0,0.60822,1.65789,2.2563,-0.72594,-2.57022
0.37278,2.96262,-0.76518,1.61865,1.04967,0.50031,-0.20601,0.87309,1.35378,1.61865,1.41264,-2.31516
0.59841,3.99267,-1.38321,-0.42183,0.16677,0.83385,0.92214,-0.20601,1.32435,2.30535,-0.54936,-2.07972
0.28449,3.64932,-1.73637,0.69651,-0.83385,-0.31392,0.01962,-1.29492,2.10915,1.89333,-0.81423,-1.48131
-0.38259,3.00186,-2.0601,2.20725,-1.38321,1.57941,0.18639,-1.54017,1.95219,3.25692,0.85347,-0.17658
-0.92214,1.45188,-2.17782,2.3544,-2.28573,0.77499,-0.51012,-2.19744,0.74556,2.82528,1.04967,1.23606
-1.42245,1.10853,-2.44269,0.83385,-2.89395,1.70694,0.38259,-1.71675,0.5886,2.82528,-0.53955,1.38321
-2.31516,0.3924,-2.67813,2.58984,-2.80566,2.12877,-0.35316,-1.63827,1.28511,2.79585,0.12753,0.7848
-2.71737,-0.81423,-3.61989,4.54203,-3.18825,2.52117,-0.06867,-2.12877,0.83385,2.83509,0.4905,0.66708
-3.25692,-0.77499,-3.93381,3.85533,-3.39426,2.6487,-0.27468,-0.38259,-0.28449,1.25568,-0.62784,0.08829
-3.79647,-0.56898,-4.44393,3.45312,-3.95343,3.09015,-0.18639,-0.04905,-0.21582,1.2753,-1.55979,-0.65727
-4.11039,0.0,-4.74804,4.32621,-3.46293,2.39364,-0.81423,0.61803,0.24525,0.92214,-1.06929,-0.35316
-4.00248,0.20601,-5.17968,4.64013,-4.37526,1.94238,-1.4715,0.92214,-0.81423,1.46169,-1.69713,-0.14715
-4.05153,-0.37278,-5.55246,2.38383,-4.57146,1.41264,-1.54017,2.6487,-2.79585,0.81423,-2.79585,-0.12753
-4.29678,0.26487,-5.18949,1.99143,-5.28759,0.23544,-1.85409,2.39364,-1.84428,1.41264,-4.86576,-0.13734
-4.32621,0.87309,-5.36607,4.62051,-4.7088,-0.13734,-2.28573,2.27592,-1.44207,2.79585,-3.50217,1.35378
-4.15944,0.64746,-5.36607,4.85595,-5.1012,-0.05886,-1.74618,1.98162,-2.4525,2.52117,-3.03129,-0.11772
-4.30659,2.36421,-6.22935,2.76642,-4.48317,-0.95157,-2.17782,2.51136,-3.52179,2.52117,-3.8259,-1.19682
-3.924,2.76642,-6.09201,4.09077,-4.79709,-1.42245,-2.41326,2.65851,-2.39364,2.27592,-3.52179,-1.99143
-3.52179,3.79647,-6.19011,4.44393,-4.17906,-1.92276,-1.70694,3.19806,-1.62846,2.24649,-3.95343,-0.50031
-3.20787,3.40407,-5.51322,3.58065,-4.14963,-2.83509,-1.53036,3.01167,-2.2563,1.55979,-4.24773,-1.09872
-2.78604,3.81609,-4.96386,1.54998,-3.60027,-4.13001,-1.72656,3.01167,-3.18825,2.76642,-5.35626,-2.00124
-2.37402,2.97243,-4.59108,1.82466,-3.3354,-4.82652,-1.21644,3.10977,-1.62846,2.7468,-4.13982,-1.50093
-1.81485,3.89457,-3.86514,2.00124,-2.81547,-4.74804,-1.04967,2.18763,0.0,2.96262,-4.47336,-2.27592
-2.04048,2.66832,-4.06134,0.1962,-2.80566,-2.52117,-0.70632,1.10853,-1.38321,2.99205,-3.47274,-2.943
-2.09934,3.34521,-3.90438,0.27468,-2.30535,-4.00248,-0.38259,0.51993,-1.71675,3.7278,-3.7278,-4.0221
-2.02086,3.5316,-3.48255,0.37278,-2.44269,-2.91357,0.16677,0.3924,-0.56898,3.77685,-3.924,-4.71861
-2.16801,2.49174,-3.24711,-1.4715,-2.17782,-1.75599,0.95157,0.34335,0.91233,2.75661,-3.73761,-4.20849
-2.33478,1.90314,-3.2373,-2.69775,-1.962,-1.87371,0.70632,0.40221,-0.17658,3.60027,-3.22749,-3.85533
-2.69775,2.48193,-2.72718,-3.05091,-1.70694,-1.46169,0.48069,1.09872,0.45126,4.47336,-3.6297,-4.62051
-2.23668,1.93257,-2.30535,-1.94238,-2.17782,-0.34335,0.77499,1.06929,1.72656,3.12939,-3.69837,-5.36607
-2.32497,1.68732,-1.94238,-2.59965,-1.962,-0.99081,1.10853,0.4905,1.84428,3.94362,-3.46293,-3.87495
-2.63889,2.40345,-2.03067,-1.75599,-1.70694,-0.60822,0.40221,-0.2943,0.93195,4.56165,-3.41388,-3.55122
-3.45312,3.1392,-2.24649,-1.92276,-1.40283,-0.6867,0.47088,-0.72594,1.41264,5.30721,-1.26549,-4.27716
-3.09996,3.78666,-2.57022,-0.77499,-1.12815,-0.15696,0.45126,-1.35378,2.1582,2.88414,-2.52117,-4.16925
-3.4335,4.09077,-2.5506,-0.23544,-1.03986,0.981,0.0,-1.89333,1.77561,2.47212,-0.65727,-1.62846
-4.32621,4.59108,-3.20787,-0.3924,-1.34397,1.12815,-0.33354,-2.36421,2.48193,2.40345,-2.02086,-0.24525
-4.66956,4.13001,-3.41388,-0.67689,-2.76642,1.13796,-0.43164,-1.92276,2.47212,3.73761,-1.962,-0.05886
-4.57146,3.10977,-3.08034,-0.31392,-2.68794,1.71675,-0.35316,-1.73637,2.42307,1.4715,-1.57941,-0.42183
-5.17968,2.92338,-3.85533,1.31454,-2.31516,1.08891,-0.70632,-1.82466,2.02086,1.54998,-2.12877,1.05948
-5.53284,4.16925,-4.74804,3.51198,-3.54141,0.65727,-1.19682,-2.40345,2.57022,1.49112,-2.38383,1.4715
-4.76766,4.13982,-5.53284,4.16925,-4.09077,1.05948,-1.03005,-2.95281,2.11896,1.33416,-2.01105,-0.31392
-5.1012,3.81609,-6.09201,2.98224,-3.97305,1.91295,-0.96138,-3.57084,1.62846,-0.15696,-1.18701,-0.00981
-5.83695,3.70818,-7.05339,3.73761,-3.6297,1.38321,-1.04967,-3.08034,2.23668,-0.46107,-2.34459,1.35378
-5.94486,3.26673,-7.39674,4.54203,-5.25816,1.95219,-1.19682,-3.95343,2.01105,-1.19682,-3.10977,2.38383
-5.87619,2.91357,-7.92648,3.69837,-5.26797,1.3734,-0.89271,-3.29616,0.3924,-1.01043,-1.05948,1.84428
-5.74866,1.92276,-8.22078,2.65851,-5.1012,1.15758,-0.93195,-2.3544,-0.70632,-1.1772,-2.943,1.97181
-5.96448,0.54936,-8.39736,2.51136,-5.85657,-0.67689,-0.76518,-1.03986,-1.00062,0.17658,-2.08953,1.89333
-5.4936,0.26487,-8.45622,4.73823,-6.78852,-0.64746,-0.96138,-1.02024,-1.78542,0.99081,-4.18887,1.0791
-5.23854,0.28449,-8.08344,3.57084,-6.90624,1.04967,-0.92214,0.03924,-2.54079,1.51074,-4.19868,0.01962
-5.26797,1.00062,-8.38755,2.3544,-6.51384,0.84366,-1.23606,0.03924,-1.11834,-0.24525,-3.93381,0.48069
-5.73885,0.44145,-8.76033,4.54203,-6.23916,1.53036,-1.03005,0.32373,-1.90314,0.65727,-4.35564,0.7848
-4.94424,0.65727,-8.99577,3.97305,-7.33788,-0.00981,-1.30473,0.3924,-2.65851,0.87309,-4.63032,0.87309
-5.0031,-0.0981,-7.68123,3.61008,-5.35626,0.32373,-1.06929,-0.01962,-3.68856,1.31454,-3.77685,1.67751
-4.77747,-0.30411,-6.70023,2.42307,-5.27778,-1.82466,-1.71675,0.81423,-3.19806,0.89271,-4.36545,0.63765
-4.38507,-0.8829,-6.45498,3.94362,-5.60151,-1.33416,-1.69713,1.97181,-3.22749,1.88352,-4.44393,0.06867
-4.28697,-0.03924,-6.19011,4.73823,-5.31702,-3.10977,-2.29554,1.78542,-3.02148,2.53098,-4.88538,-1.32435
-4.00248,0.45126,-5.13063,3.66894,-4.7088,-2.51136,-2.3544,2.0601,-3.32559,2.59965,-4.88538,-3.07053
-3.58065,0.5886,-6.00372,1.94238,-4.68918,-1.69713,-2.14839,1.22625,-1.57941,2.04048,-4.68918,-2.75661
-4.37526,1.23606,-5.67999,2.07972,-4.3164,-1.94238,-1.91295,0.36297,-2.21706,2.27592,-4.56165,-2.97243
-4.13982,1.69713,-5.01291,1.95219,-3.71799,-2.12877,-2.0601,-0.11772,-1.71675,1.99143,-4.44393,-1.54017
-3.95343,1.69713,-5.66037,0.54936,-2.92338,-0.90252,-2.33478,-1.55979,-1.22625,1.32435,-4.32621,-1.36359
-3.85533,1.02024,-4.92462,1.21644,-3.67875,-2.72718,-2.58984,-1.04967,0.04905,1.61865,-3.61008,-1.6677
-3.8259,0.84366,-4.89519,3.48255,-3.0411,-3.17844,-1.81485,-0.63765,-0.28449,1.46169,-3.76704,-2.46231
-3.3354,1.23606,-5.16987,3.16863,-1.74618,-5.13063,-1.67751,-1.24587,0.07848,0.96138,-3.59046,-2.19744
-4.09077,1.28511,-5.48379,1.08891,-2.00124,-3.61989,-2.07972,-1.36359,0.8829,1.16739,-0.69651,-2.42307
-4.3164,2.17782,-5.84676,2.07972,-2.90376,-4.2183,-1.70694,-1.69713,1.72656,1.11834,-1.93257,-3.28635
-4.76766,1.52055,-5.3955,0.76518,-2.16801,-3.99267,-1.1772,-2.83509,1.19682,1.43226,-1.45188,-3.02148
-5.38569,1.91295,-5.75847,-0.38259,-1.98162,-3.7278,-1.46169,-3.16863,2.26611,2.03067,-1.68732,-1.77561
-5.61132,1.08891,-6.43536,-1.97181,-2.28573,-2.75661,-1.80504,-3.61989,2.41326,2.4525,-2.01105,-0.71613
-5.2974,0.01962,-6.15087,-0.54936,-2.48193,-2.69775,-2.06991,-3.77685,2.62908,3.70818,-1.62846,0.12753
-5.73885,0.00981,-6.19011,0.30411,-2.42307,-2.77623,-1.79523,-3.0411,2.02086,4.78728,-1.33416,0.41202
-5.99391,0.05886,-6.41574,-0.01962,-2.31516,-1.91295,-1.99143,-3.0411,2.00124,4.37526,-0.7848,-0.15696
-6.23916,0.4905,-7.29864,0.62784,-2.36421,-1.35378,-2.63889,-2.72718,1.35378,3.1392,-0.59841,0.12753
-6.05277,0.28449,-6.90624,1.13796,-3.2373,-0.63765,-2.48193,-3.01167,1.23606,4.2183,-0.69651,-0.04905
-5.67999,0.76518,-6.48441,0.3924,-2.98224,-0.32373,-2.20725,-2.24649,0.95157,3.21768,-0.92214,0.36297
-6.0822,0.59841,-6.60213,-0.33354,-2.46231,0.85347,-2.86452,-2.63889,1.14777,3.25692,-1.05948,1.41264
-6.79833,0.00981,-7.4556,0.22563,-3.94362,1.13796,-3.64932,-2.51136,0.26487,3.16863,-0.56898,2.17782
-6.00372,0.30411,-6.90624,0.69651,-4.83633,0.65727,-3.75723,-2.27592,1.10853,3.4335,-1.18701,2.90376
-5.71923,-0.36297,-6.78852,1.41264,-4.25754,-0.6867,-3.10977,-2.19744,-0.03924,3.49236,-2.17782,3.93381
-5.50341,-0.30411,-7.56351,2.27592,-4.68918,-0.10791,-4.16925,-1.20663,-1.10853,2.98224,-3.19806,4.78728
-5.69961,-0.64746,-7.22997,4.04172,-5.81733,0.77499,-4.6107,-2.11896,-3.31578,1.06929,-4.20849,4.38507
-5.48379,-0.99081,-7.41636,4.64013,-5.46417,0.51012,-3.8259,-1.35378,-1.95219,1.03986,-1.70694,4.73823
-5.57208,-1.09872,-8.36793,5.66037,-5.80752,1.39302,-3.21768,-1.11834,-3.09015,1.39302,-2.24649,4.60089
-4.71861,-1.04967,-8.60337,5.17968,-4.81671,1.4715,-3.88476,-1.41264,-4.13001,-0.41202,-2.57022,5.85657
-4.93443,-0.50031,-8.5347,4.24773,-5.63094,0.28449,-3.66894,-1.79523,-5.07177,-0.02943,-2.21706,5.56227
-4.86576,-0.05886,-8.76033,3.14901,-6.11163,-2.61927,-3.99267,-1.46169,-2.86452,1.22625,-2.70756,5.40531
-4.5126,-0.81423,-8.7309,3.99267,-5.67999,-2.32497,-3.7278,-3.14901,-3.38445,0.00981,-2.96262,5.87619
-4.14963,0.26487,-8.32869,3.34521,-5.48379,-3.20787,-4.23792,-2.76642,-3.69837,-0.00981,-4.03191,5.2974
-4.17906,0.03924,-8.66223,1.93257,-6.23916,-2.07972,-4.18887,-2.63889,-4.30659,0.15696,-2.59965,4.46355
-4.77747,-0.26487,-8.61318,1.59903,-5.7879,-4.01229,-4.11039,-2.16801,-2.13858,-0.42183,-2.61927,3.00186
-4.74804,0.15696,-9.14292,2.19744,-5.27778,-0.8829,-3.97305,-2.14839,-2.51136,-0.81423,-1.6677,2.26611
-4.30659,0.63765,-8.6328,2.02086,-4.94424,-1.61865,-4.34583,-1.77561,-2.85471,-0.48069,-1.90314,0.74556
-4.94424,0.20601,-8.61318,-0.66708,-5.12082,-0.92214,-4.5126,-1.68732,-2.11896,-0.34335,-1.38321,-0.1962
-4.905,-0.27468,-8.38755,-2.00124,-5.1993,-2.56041,-4.4145,-2.48193,-0.65727,0.69651,0.28449,-2.0601
-4.77747,0.14715,-8.41698,0.35316,-4.34583,-1.16739,-4.75785,-2.63889,-0.61803,0.26487,-1.22625,-1.81485
-4.66956,-0.51993,-7.88724,0.8829,-4.84614,-1.94238,-4.56165,-2.40345,-0.31392,-0.01962,-1.23606,-2.4525
-4.77747,-0.85347,-7.74009,0.10791,-5.1993,-2.11896,-5.03253,-2.69775,-0.03924,0.65727,-0.70632,-3.29616
-4.67937,-0.52974,-7.32807,0.67689,-4.0221,-2.16801,-4.10058,-3.08034,0.5886,1.42245,-0.32373,-5.22873
-5.21892,-1.10853,-6.90624,1.71675,-3.57084,-1.06929,-4.23792,-3.4335,1.05948,0.15696,-0.96138,-4.73823
-5.08158,-1.13796,-6.83757,3.06072,-4.19868,-3.30597,-4.1202,-3.19806,1.02024,1.41264,0.13734,-3.73761
-5.75847,-1.77561,-6.93567,1.39302,-3.95343,-3.79647,-4.05153,-4.04172,0.32373,2.12877,0.81423,-3.19806
-6.19011,-2.18763,-6.58251,1.11834,-3.54141,-3.80628,-3.66894,-4.29678,1.34397,2.57022,0.28449,-3.42369
-6.14106,-2.58003,-6.60213,3.30597,-3.66894,-5.74866,-4.24773,-5.35626,1.24587,2.81547,0.53955,-1.81485
-5.82714,-2.79585,-6.77871,4.57146,-3.924,-5.11101,-4.08096,-6.48441,0.62784,2.63889,-0.24525,1.30473
-6.55308,-2.41326,-6.91605,3.51198,-4.27716,-5.37588,-3.67875,-7.72047,0.50031,2.05029,1.28511,2.27592
-6.02334,-1.34397,-6.63156,3.69837,-3.56103,-2.68794,-3.51198,-8.83881,0.79461,1.02024,0.91233,1.55979
-6.02334,-1.3734,-7.14168,3.36483,-3.83571,-4.63032,-3.95343,-9.46665,0.63765,1.06929,0.24525,2.52117
-6.42555,-0.77499,-6.88662,4.13001,-4.57146,-2.88414,-3.52179,-9.35874,-0.15696,0.55917,-0.03924,4.40469
-6.87681,-0.26487,-7.12206,1.58922,-4.43412,-3.24711,-3.89457,-9.37836,0.22563,2.1582,-0.05886,5.14044
-7.01415,-0.54936,-6.12144,1.30473,-4.19868,-2.71737,-4.10058,-8.76033,0.51993,2.69775,-1.68732,3.86514
-7.22997,-0.07848,-6.6708,1.69713,-6.09201,-3.09015,-4.53222,-8.6328,0.46107,2.23668,-2.4525,4.82652
-6.82776,0.62784,-6.0822,2.26611,-6.45498,-3.37464,-5.0031,-9.07425,-1.53036,3.09015,-1.50093,7.14168
-6.45498,1.82466,-5.26797,1.54017,-6.78852,-3.37464,-5.35626,-8.76033,-1.71675,3.0411,-2.75661,7.61256
-6.59232,1.36359,-4.81671,1.5696,-6.73947,-0.44145,-5.25816,-7.13187,-1.26549,2.70756,-2.86452,5.886
-6.85719,1.62846,-5.06196,1.77561,-7.69104,0.04905,-4.8069,-6.69042,-1.55979,1.40283,-4.19868,3.49236
-6.83757,1.46169,-4.99329,1.91295,-7.54389,0.72594,-5.48379,-6.17049,-2.51136,2.19744,-4.65975,4.39488
-6.05277,2.08953,-4.48317,0.91233,-7.64199,1.34397,-5.55246,-5.83695,-3.71799,3.49236,-6.26859,3.15882
-6.39612,2.29554,-4.71861,0.27468,-7.48503,-0.50031,-6.10182,-5.28759,-3.66894,3.3354,-5.75847,2.10915
-6.867,2.14839,-4.78728,1.4715,-9.38817,0.0,-5.90562,-5.16006,-4.07115,2.42307,-5.84676,2.24649
-6.59232,2.11896,-4.17906,2.33478,-8.22078,-2.11896,-6.29802,-5.03253,-5.16006,3.52179,-4.98348,2.79585
-5.95467,2.40345,-3.87495,1.99143,-8.77995,-2.17782,-5.93505,-4.47336,-5.20911,1.63827,-5.69961,2.36421
-6.39612,2.79585,-4.01229,3.6297,-8.27964,-3.29616,-5.62113,-3.99267,-4.01229,0.38259,-4.72842,2.49174
-6.99453,2.6487,-4.82652,2.39364,-9.39798,-2.88414,-5.41512,-3.54141,-4.93443,-0.85347,-4.65975,1.70694
-6.98472,2.81547,-4.73823,2.50155,-8.49546,-2.12877,-4.85595,-3.20787,-5.13063,0.13734,-3.6297,1.05948
-7.74009,3.77685,-5.2974,2.23668,-8.2404,-1.04967,-5.17968,-3.32559,-3.95343,0.4905,-3.60027,1.00062
-8.12268,3.77685,-5.94486,2.85471,-8.41698,-1.71675,-5.1012,-3.59046,-3.64932,0.28449,-2.99205,-0.45126
-8.34831,4.45374,-6.16068,2.27592,-7.95591,0.16677,-4.73823,-4.57146,-3.29616,0.4905,-2.54079,0.27468
-8.81919,5.44455,-6.07239,2.58984,-7.50465,-0.21582,-4.43412,-4.08096,-3.29616,0.92214,-1.32435,-0.08829
-8.99577,5.03253,-5.77809,2.58003,-7.89705,-1.60884,-4.52241,-4.5126,-1.50093,0.18639,-1.19682,-0.21582
-9.30969,6.06258,-6.06258,3.22749,-8.61318,-1.85409,-4.01229,-4.08096,-1.89333,0.61803,-0.63765,-0.36297
-9.57456,4.87557,-6.32745,1.71675,-7.6518,-0.34335,-3.8259,-2.99205,-0.86328,1.20663,0.45126,0.13734
-9.73152,4.08096,-5.77809,1.36359,-6.92586,0.02943,-3.47274,-2.78604,0.14715,2.65851,0.85347,-0.03924
-9.94734,3.78666,-5.92524,1.31454,-7.33788,-1.44207,-3.50217,-3.03129,1.40283,3.4335,0.28449,-1.71675
-10.01601,3.56103,-5.55246,2.17782,-8.09325,0.15696,-3.27654,-2.30535,-0.02943,4.50279,0.54936,-1.63827
-10.40841,2.86452,-5.85657,2.52117,-6.10182,1.11834,-3.09015,-2.21706,-0.11772,5.26797,0.8829,-1.70694
-9.73152,2.14839,-5.73885,3.44331,-6.2784,0.33354,-3.22749,-2.5506,0.86328,6.52365,0.51993,-1.34397
-9.58437,1.80504,-5.62113,3.60027,-5.72904,0.37278,-3.27654,-3.02148,0.8829,6.50403,1.3734,-1.41264
-9.14292,1.88352,-6.03315,5.53284,-6.19992,0.31392,-2.6487,-2.90376,0.08829,5.6898,1.35378,-0.63765
-9.13311,0.85347,-6.33726,5.23854,-5.56227,-0.65727,-3.20787,-2.7468,-0.07848,5.69961,1.84428,-0.52974
-9.49608,-1.24587,-5.91543,5.67018,-5.03253,-2.26611,-2.943,-4.17906,0.57879,6.9651,0.6867,0.90252
-9.32931,-1.05948,-5.97429,3.74742,-5.16987,-3.78666,-2.75661,-5.44455,-0.71613,7.62237,1.44207,1.29492
-9.1233,-0.34335,-5.85657,4.28697,-6.06258,-4.40469,-2.72718,-4.82652,-1.95219,7.38693,0.18639,2.03067
-9.13311,0.36297,-6.35688,4.34583,-4.96386,-4.78728,-2.98224,-5.43474,-2.72718,7.05339,0.13734,2.18763
-8.75052,0.59841,-5.89581,5.27778,-5.97429,-6.29802,-2.91357,-6.28821,-2.53098,7.58313,-0.93195,3.27654
-8.79957,0.92214,-5.64075,4.68918,-5.44455,-5.73885,-3.06072,-6.73947,-3.38445,6.80814,-0.67689,5.61132
-9.00558,1.74618,-6.49422,4.78728,-5.43474,-6.1803,-3.47274,-7.01415,-3.8259,4.88538,-0.36297,6.1803
-8.85843,3.25692,-5.91543,4.64013,-6.25878,-5.82714,-4.15944,-6.90624,-4.46355,5.15025,-2.69775,6.05277
-9.16254,2.41326,-5.3955,5.28759,-6.70023,-4.55184,-4.64994,-6.99453,-4.83633,5.3955,-4.05153,7.26921
-9.38817,3.67875,-5.1993,2.42307,-7.50465,-5.32683,-5.16006,-7.02396,-4.97367,4.2183,-4.25754,8.83881
-8.98596,1.30473,-5.31702,2.08953,-8.18154,-4.44393,-5.91543,-7.78914,-6.17049,4.46355,-4.78728,7.23978
-9.11349,1.48131,-4.95405,2.57022,-7.60275,-4.18887,-6.17049,-7.46541,-7.56351,4.79709,-5.5917,6.35688
-8.42679,1.09872,-3.75723,1.63827,-7.86762,-1.36359,-6.55308,-6.77871,-6.90624,4.60089,-5.70942,5.75847
-8.91729,0.94176,-3.18825,-0.0981,-9.35874,-2.66832,-6.87681,-5.69961,-6.94548,3.69837,-7.52427,6.19992
-8.57394,-0.15696,-2.75661,-0.10791,-8.72109,-1.5696,-6.82776,-4.37526,-7.51446,3.06072,-6.89643,5.17968
-8.32869,-1.00062,-2.50155,-0.54936,-9.23121,-0.83385,-7.4556,-3.86514,-8.6328,2.92338,-7.38693,3.11958
-8.42679,-0.75537,-2.26611,-0.03924,-8.7309,-1.73637,-8.01477,-4.49298,-8.03439,3.44331,-8.25021,2.76642
-8.96634,-0.89271,-2.58984,-0.4905,-10.23183,-2.27592,-8.58375,-3.89457,-7.37712,2.60946,-6.98472,2.11896
-9.14292,-2.08953,-2.66832,0.42183,-9.37836,-1.63827,-8.28945,-4.97367,-7.39674,2.93319,-6.867,0.95157
-8.97615,-2.61927,-2.76642,0.87309,-10.51632,-2.62908,-8.13249,-5.61132,-7.74009,2.59965,-5.20911,-0.69651
-8.68185,-2.60946,-2.50155,0.16677,-9.59418,-0.95157,-8.09325,-6.3765,-6.64137,2.39364,-6.48441,-0.80442
-8.42679,-2.83509,-2.48193,-0.24525,-9.78057,-2.5506,-7.74009,-6.50403,-6.95529,1.54998,-4.75785,-0.47088
-8.86824,-2.60946,-1.87371,-0.87309,-9.17235,-1.57941,-7.53408,-5.67018,-5.67999,1.74618,-4.5126,-2.18763
-9.4176,-1.18701,-2.14839,0.13734,-9.49608,-2.4525,-6.99453,-6.12144,-5.79771,1.06929,-2.76642,-2.28573
-9.95715,-0.36297,-2.85471,0.96138,-10.0062,-3.22749,-7.11225,-5.13063,-5.16987,0.7848,-2.77623,-0.72594
-10.2024,-0.43164,-2.48193,2.7468,-8.77995,-4.52241,-7.20054,-5.06196,-3.88476,0.94176,-1.94238,1.03005
-10.46727,0.32373,-2.81547,2.11896,-8.56413,-3.20787,-6.867,-4.56165,-2.81547,0.59841,-1.1772,0.85347
-10.3986,-0.06867,-2.92338,2.21706,-9.00558,-3.36483,-6.05277,-4.83633,-2.81547,1.24587,-2.0601,0.30411
-10.28088,-1.03005,-2.81547,2.69775,-9.20178,-2.04048,-6.05277,-4.96386,-1.91295,0.95157,-1.26549,0.83385
-10.42803,-0.67689,-2.65851,2.63889,-7.44579,-0.90252,-5.51322,-4.15944,-1.03986,1.03986,-0.33354,2.04048
-10.81062,0.27468,-2.61927,2.68794,-7.43598,0.66708,-4.73823,-3.3354,-0.43164,1.12815,1.33416,2.07972
-10.43784,0.11772,-2.12877,2.59965,-7.04358,-1.09872,-4.0221,-3.0411,-0.52974,2.7468,0.83385,1.46169
-10.47708,0.7848,-2.78604,2.65851,-6.58251,0.45126,-4.81671,-1.71675,-0.02943,3.79647,1.11834,2.30535
-10.2024,1.62846,-2.8449,3.76704,-7.23978,0.63765,-4.73823,-0.42183,-0.42183,4.44393,1.8639,4.26735
-10.42803,0.12753,-3.24711,2.86452,-7.33788,-0.07848,-3.97305,-0.03924,0.26487,4.98348,0.42183,4.7088
-9.43722,-0.2943,-3.21768,3.79647,-6.59232,-2.76642,-3.924,-1.46169,-0.14715,5.97429,1.06929,4.81671
-9.30969,-0.37278,-3.64932,4.13982,-5.89581,-2.44269,-4.84614,-1.72656,-0.01962,6.83757,0.17658,3.7278
-8.64261,-1.06929,-3.77685,4.60089,-5.2974,-2.39364,-4.11039,-2.66832,-0.95157,6.58251,1.94238,5.20911
-8.39736,-0.56898,-3.83571,3.96324,-6.38631,-2.63889,-3.74742,-3.05091,-0.60822,6.14106,-0.21582,4.55184
-7.97553,-1.60884,-3.65913,3.63951,-5.57208,-3.88476,-4.18887,-4.67937,-1.38321,6.31764,-0.90252,4.65975
-8.60337,0.64746,-3.1392,3.11958,-5.11101,-3.61989,-5.17968,-4.28697,-1.77561,5.71923,-0.73575,5.16987
-8.29926,0.85347,-2.97243,4.17906,-5.41512,-3.26673,-5.13063,-4.08096,-2.40345,5.13063,-1.12815,7.20054
-8.21097,1.31454,-2.81547,3.38445,-6.94548,-4.98348,-5.17968,-4.84614,-1.72656,4.47336,-2.13858,7.83819
-8.3385,1.21644,-3.55122,3.39426,-6.48441,-5.61132,-5.35626,-6.92586,-2.07972,4.07115,-3.63951,8.00496
-8.7309,1.39302,-2.92338,2.8449,-5.9841,-3.61008,-5.77809,-7.66161,-3.28635,2.29554,-3.16863,8.44641
-8.39736,2.67813,-3.19806,3.42369,-6.83757,-3.14901,-5.45436,-8.90748,-3.31578,0.62784,-5.40531,8.11287
-8.5347,2.2563,-2.62908,2.26611,-8.45622,-2.96262,-5.45436,-8.10306,-2.52117,-0.8829,-5.14044,8.07363
-8.26002,2.2563,-2.1582,1.63827,-7.30845,-3.5316,-5.40531,-8.10306,-3.29616,-0.96138,-6.3765,7.09263
-8.32869,2.61927,-1.75599,1.69713,-7.19073,-0.37278,-5.74866,-6.23916,-3.45312,-2.42307,-5.24835,6.30783
-8.68185,3.90438,-1.87371,2.10915,-7.57332,0.44145,-5.75847,-4.53222,-3.07053,-2.46231,-6.19011,4.87557
-8.49546,2.8449,-2.0601,1.52055,-7.74009,0.95157,-5.81733,-3.61008,-3.36483,-2.99205,-5.38569,4.14963
-8.48565,2.38383,-2.28573,1.20663,-7.93629,-0.06867,-6.35688,-4.35564,-2.00124,-1.85409,-5.3955,2.86452
-8.40717,2.17782,-2.23668,-0.2943,-8.30907,0.28449,-6.33726,-3.40407,-2.3544,-2.7468,-5.61132,1.46169
-7.92648,2.30535,-2.6487,1.35378,-8.88786,0.20601,-6.01353,-3.55122,-2.65851,-2.6487,-5.95467,1.25568
-7.71066,1.12815,-2.0601,0.03924,-8.22078,-0.25506,-5.84676,-3.27654,-2.24649,-2.33478,-5.45436,-0.95157
-7.73028,0.10791,-2.01105,-1.03986,-7.2594,-1.34397,-6.0822,-3.46293,-3.11958,-1.38321,-3.24711,-2.86452
-7.9461,0.14715,-2.00124,-0.02943,-8.61318,-1.19682,-5.83695,-2.68794,-2.07972,-1.15758,-4.64013,-2.95281
-7.56351,0.01962,-2.34459,1.7658,-8.97615,-1.70694,-6.06258,-2.22687,-2.00124,0.45126,-2.83509,-1.99143
-7.59294,-0.28449,-1.74618,0.46107,-6.9651,-0.28449,-6.01353,-1.5696,-2.22687,1.01043,-3.00186,-3.15882
-7.60275,-1.21644,-1.44207,-0.10791,-6.97491,-1.90314,-5.6898,-1.90314,-1.41264,1.46169,-2.943,-2.92338
-7.1613,-2.48193,-1.54998,0.12753,-6.3765,-0.59841,-5.61132,-2.19744,-1.39302,1.6677,-4.00248,-1.33416
-7.36731,-2.44269,-1.42245,0.83385,-7.5537,-0.92214,-5.46417,-2.54079,-0.96138,1.31454,-2.4525,-1.05948
-7.91667,-3.21768,-1.20663,0.40221,-5.77809,0.65727,-5.35626,-3.05091,-0.59841,1.85409,-2.07972,0.31392
-7.5537,-3.10977,-1.40283,-1.12815,-4.905,-1.09872,-4.62051,-3.25692,-0.28449,2.46231,-0.61803,1.35378
-7.54389,-2.61927,-1.91295,0.50031,-6.21954,0.04905,-4.52241,-2.2563,0.31392,2.80566,-0.08829,2.31516
-7.29864,-1.62846,-1.29492,1.58922,-4.85595,0.13734,-4.14963,-2.44269,-0.48069,3.35502,-1.19682,2.32497
-7.00434,-1.05948,-1.49112,1.1772,-3.52179,1.26549,-4.68918,-1.05948,-0.70632,4.27716,-0.7848,3.91419
-5.84676,-0.76518,-1.67751,0.3924,-4.33602,-0.33354,-3.36483,-1.1772,-0.56898,4.00248,0.06867,5.17968
-5.58189,-0.07848,-2.49174,0.31392,-4.04172,1.99143,-3.4335,-0.70632,0.50031,4.26735,-0.05886,6.06258
-5.73885,-0.10791,-1.94238,1.54998,-2.14839,1.80504,-3.31578,-1.09872,0.07848,4.43412,0.0981,5.58189
-5.20911,0.10791,-2.1582,0.93195,-1.65789,0.85347,-3.55122,-0.31392,-0.97119,4.76766,0.10791,6.06258
-4.92462,-0.35316,-2.51136,1.40283,-2.38383,-0.22563,-3.59046,-0.50031,-1.09872,4.43412,0.90252,7.08282
-4.58127,0.44145,-2.07972,2.4525,-1.55979,-0.12753,-4.39488,-1.0791,-0.42183,5.22873,-0.20601,6.23916
-4.28697,0.80442,-1.75599,2.42307,-0.46107,-0.69651,-4.55184,-1.65789,-1.67751,5.07177,1.03005,5.91543
-4.08096,1.95219,-2.58984,2.49174,-0.18639,-2.32497,-4.53222,-1.23606,-2.62908,6.09201,-0.38259,5.89581
-3.37464,2.16801,-3.11958,3.03129,-0.91233,-3.40407,-4.35564,-1.53036,-2.27592,5.75847,-0.35316,6.44517
-3.67875,1.10853,-3.02148,2.79585,-2.12877,-3.1392,-4.79709,-3.65913,-2.69775,5.07177,-0.73575,7.39674
-4.28697,0.20601,-2.76642,2.21706,-0.8829,-5.58189,-4.84614,-2.96262,-3.59046,4.19868,-2.87433,7.75971
-4.97367,1.41264,-3.31578,1.95219,-2.0601,-6.6708,-5.13063,-3.96324,-4.49298,3.86514,-2.20725,7.18092
-5.3955,1.16739,-2.82528,2.27592,-2.73699,-6.14106,-5.42493,-5.07177,-4.18887,3.57084,-3.31578,5.70942
-6.40593,-0.08829,-2.80566,1.29492,-2.47212,-6.05277,-5.75847,-5.22873,-4.07115,2.36421,-5.02272,6.3765
-6.84738,-0.14715,-2.72718,2.36421,-2.39364,-6.3765,-6.12144,-4.905,-5.69961,1.72656,-5.31702,6.55308
-7.08282,0.69651,-2.41326,1.84428,-3.06072,-6.2784,-6.14106,-4.71861,-4.95405,1.6677,-5.03253,4.95405
-7.24959,0.73575,-1.83447,2.37402,-3.29616,-4.53222,-5.85657,-5.22873,-3.64932,1.20663,-5.26797,4.17906
-7.05339,0.01962,-1.90314,1.65789,-4.47336,-4.6107,-5.52303,-4.71861,-3.96324,-0.2943,-3.924,4.3164
-7.41636,0.4905,-2.0601,0.1962,-4.13001,-3.58065,-5.25816,-4.29678,-3.98286,0.21582,-5.03253,2.72718
-7.36731,0.51993,-1.44207,-1.05948,-5.3955,-2.47212,-5.43474,-4.05153,-3.58065,-0.46107,-4.34583,1.49112
-7.95591,1.39302,-0.94176,0.01962,-5.96448,-1.28511,-4.96386,-3.48255,-2.2563,-0.56898,-4.3164,-0.51993
-7.90686,0.83385,-0.40221,-0.41202,-5.35626,-1.69713,-5.11101,-3.01167,-2.57022,0.51993,-3.89457,-1.53036
-7.39674,2.24649,-1.05948,-0.28449,-5.18949,-1.52055,-5.20911,-3.20787,-2.2563,1.82466,-3.93381,-1.55979
-7.10244,2.76642,-0.40221,0.55917,-6.42555,-1.70694,-5.21892,-2.5506,-1.91295,1.06929,-2.78604,-1.95219
-6.54327,2.2563,-0.50031,1.82466,-4.64013,-1.42245,-4.24773,-2.44269,-0.57879,2.18763,-2.75661,-3.51198
-5.81733,1.54017,-0.01962,1.63827,-4.42431,-1.20663,-4.27716,-1.77561,-2.04048,2.85471,-1.1772,-3.08034
-5.16987,1.14777,-0.22563,0.60822,-4.71861,0.4905,-4.25754,-1.79523,-1.69713,2.75661,-1.38321,-2.57022
-4.83633,-0.20601,-0.03924,1.40283,-4.27716,-0.30411,-3.99267,-1.05948,-1.62846,3.6297,0.12753,-3.20787
-4.57146,-0.99081,-0.26487,1.75599,-5.11101,-0.75537,-3.61989,-0.76518,-0.22563,4.08096,-0.02943,-3.08034
-4.6107,-2.47212,0.08829,1.32435,-4.96386,-1.05948,-3.8259,-0.6867,-1.45188,4.35564,0.54936,-2.78604
-4.05153,-2.95281,0.54936,0.63765,-4.78728,-1.63827,-4.22811,-0.52974,-0.31392,4.96386,-0.99081,-1.95219
-4.01229,-2.27592,0.53955,2.14839,-4.10058,-1.78542,-4.22811,-0.31392,-0.66708,4.81671,0.08829,-1.46169
-3.64932,-2.17782,0.5886,2.77623,-4.27716,-1.99143,-3.87495,-0.55917,-0.67689,4.93443,-0.66708,0.48069
-3.71799,-3.00186,0.53955,2.90376,-3.42369,-1.24587,-3.36483,-0.66708,-2.22687,5.01291,-1.42245,2.63889
-3.67875,-3.49236,1.28511,2.07972,-3.60027,-1.78542,-3.59046,-0.38259,-1.30473,3.48255,-1.28511,3.3354
-4.05153,-2.83509,1.29492,3.10977,-3.37464,-2.22687,-3.59046,0.34335,-1.49112,3.24711,-1.03986,3.25692
-3.78666,-3.97305,1.19682,1.3734,-1.73637,-2.5506,-3.6297,1.40283,-2.22687,3.22749,-0.08829,4.08096
-3.47274,-4.36545,1.53036,1.52055,-2.78604,-2.98224,-3.73761,0.79461,-2.28573,2.83509,-0.74556,4.52241
-3.34521,-3.86514,1.61865,1.12815,-2.28573,-3.2373,-4.38507,0.72594,-2.10915,2.68794,-1.38321,4.13982
-3.28635,-2.98224,1.77561,0.44145,-1.12815,-2.07972,-4.36545,0.981,-3.4335,3.66894,-0.981,3.60027
-3.44331,-2.16801,1.41264,0.00981,-1.03005,-1.23606,-4.25754,1.05948,-3.88476,2.19744,0.64746,4.57146
-3.05091,0.4905,1.78542,-0.59841,-0.1962,-1.6677,-4.33602,0.46107,-4.50279,2.5506,-1.55979,6.63156
-3.24711,0.96138,1.43226,-0.2943,-0.26487,-1.34397,-4.52241,0.21582,-4.32621,2.02086,-1.54998,5.37588
-3.06072,1.83447,1.10853,-0.60822,-1.14777,-1.67751,-4.0221,-0.06867,-5.14044,1.09872,-2.92338,6.10182
-3.29616,2.48193,1.48131,-0.81423,-0.26487,-0.67689,-4.36545,0.4905,-5.17968,1.18701,-1.60884,5.79771
-3.1392,3.36483,1.20663,-0.80442,-1.28511,-2.47212,-4.58127,0.0981,-4.63032,0.54936,-2.13858,4.13001
-3.22749,3.64932,0.8829,-0.64746,-0.92214,-1.962,-4.99329,0.1962,-5.25816,0.56898,-2.82528,3.40407
-3.66894,4.06134,0.79461,-1.33416,0.08829,-1.44207,-4.67937,0.36297,-6.82776,1.11834,-3.37464,3.8259
-3.84552,5.21892,1.2753,0.0981,-0.30411,-1.35378,-4.63032,-0.26487,-7.3575,0.65727,-3.3354,3.93381
-4.30659,6.00372,1.40283,-0.54936,-1.09872,-2.20725,-4.28697,-0.0981,-5.38569,-0.24525,-4.99329,3.24711
-4.74804,5.96448,0.6867,-2.19744,-1.80504,-2.02086,-4.1202,0.13734,-5.54265,0.52974,-5.70942,2.65851
-5.38569,4.64013,0.87309,-1.87371,-2.63889,-1.73637,-3.90438,0.13734,-5.5917,0.65727,-5.77809,1.71675
-5.75847,4.99329,0.94176,-1.89333,-3.27654,-2.03067,-3.66894,-0.33354,-5.9841,0.5886,-5.45436,3.19806
-6.09201,4.23792,0.67689,-0.69651,-2.86452,-2.0601,-3.59046,0.14715,-4.47336,1.67751,-5.11101,2.6487
-5.87619,3.90438,0.99081,-0.97119,-3.01167,-2.26611,-3.65913,0.32373,-3.73761,1.57941,-5.85657,2.66832
-5.74866,2.42307,1.28511,-1.00062,-3.08034,-3.924,-3.16863,-0.05886,-4.81671,1.69713,-4.50279,1.03986
-5.76828,2.67813,2.03067,-1.29492,-2.52117,-4.25754,-3.0411,-0.65727,-5.58189,2.28573,-4.42431,3.40407
-5.97429,4.00248,1.52055,-1.53036,-1.91295,-0.77499,-2.90376,0.26487,-1.87371,1.91295,-3.39426,2.11896
-5.80752,1.40283,2.07972,-1.94238,-1.49112,1.19682,-2.44269,0.42183,-0.46107,3.30597,-3.35502,0.35316
-5.90562,1.24587,2.23668,-1.67751,-2.40345,0.92214,-2.11896,0.06867,-2.17782,3.79647,-2.14839,0.01962
-5.33664,1.78542,2.01105,-1.13796,-1.75599,1.29492,-1.83447,0.1962,-2.30535,4.48317,-1.04967,2.42307
-5.03253,1.6677,2.51136,0.27468,-1.50093,1.55979,-1.88352,0.50031,-0.46107,4.11039,-0.42183,1.45188
-4.2183,0.47088,2.36421,1.08891,-2.07972,2.02086,-1.94238,0.86328,0.57879,4.18887,-0.52974,1.34397
-3.36483,1.1772,2.48193,1.39302,-1.12815,1.12815,-1.52055,0.41202,-0.65727,3.68856,0.17658,1.10853
-3.09996,2.0601,1.95219,3.10977,-0.47088,2.57022,-1.30473,0.3924,-0.13734,3.42369,-0.23544,1.34397
-2.70756,3.24711,2.02086,3.28635,-0.21582,3.09996,-1.01043,1.46169,-0.12753,1.72656,-1.19682,1.75599
-2.16801,1.69713,2.47212,4.62051,-1.03005,4.06134,-1.01043,1.50093,1.08891,2.08953,-1.54998,1.48131
-2.04048,2.39364,3.08034,3.80628,-1.16739,4.04172,-0.70632,1.40283,0.00981,2.1582,-3.41388,2.69775
-1.91295,2.67813,2.6487,3.19806,-1.25568,4.00248,-0.69651,1.82466,0.05886,2.28573,-2.73699,2.50155
-1.52055,1.5696,2.82528,3.3354,-1.6677,2.52117,-0.7848,1.32435,-0.55917,1.19682,-3.75723,3.39426
-0.95157,-0.41202,3.10977,4.00248,-2.48193,1.44207,-0.73575,1.53036,-0.18639,1.74618,-2.31516,4.30659
-0.89271,-0.37278,2.943,3.51198,-2.69775,0.13734,-0.42183,2.26611,-1.15758,-0.12753,-2.943,4.64013
-0.8829,-0.62784,3.08034,3.35502,-1.57941,0.47088,-0.44145,1.81485,-1.13796,-1.41264,-3.89457,4.94424
-1.01043,-0.10791,2.69775,2.18763,-1.19682,-1.81485,-0.2943,1.63827,-2.2563,-1.78542,-5.0031,4.65975
-0.71613,-0.80442,3.65913,1.69713,-2.09934,-1.28511,-0.25506,1.46169,-3.09015,-2.66832,-5.92524,5.16006
-1.00062,-0.22563,3.52179,0.27468,-1.65789,-2.07972,-0.10791,2.42307,-3.47274,-2.88414,-5.09139,5.46417
-1.23606,0.24525,3.80628,-0.33354,-1.01043,-0.99081,-0.21582,2.42307,-3.03129,-3.50217,-5.53284,5.9841
-0.84366,-0.08829,3.31578,-2.83509,-1.57941,-1.42245,-0.28449,1.89333,-4.76766,-2.65851,-4.79709,4.905
-0.7848,1.19682,3.1392,-1.46169,-1.77561,-1.44207,-0.51012,1.20663,-5.26797,-3.30597,-5.35626,5.67999
-1.00062,1.962,3.45312,-1.7658,-1.12815,-3.07053,-0.51012,2.1582,-3.29616,-4.11039,-3.96324,4.82652
-1.16739,2.33478,3.25692,-2.03067,-0.0981,-3.11958,-0.70632,1.02024,-4.16925,-3.89457,-5.55246,4.86576
-0.79461,2.58984,3.25692,-2.37402,-0.56898,-4.46355,-0.21582,0.95157,-5.14044,-4.60089,-4.18887,2.22687
-0.92214,3.74742,3.25692,-1.67751,-1.01043,-2.51136,-0.4905,0.00981,-5.33664,-4.89519,-5.24835,3.20787
-1.84428,4.905,2.92338,-3.17844,-0.4905,-2.23668,-0.64746,0.92214,-3.84552,-5.24835,-5.27778,3.30597
-1.58922,4.67937,2.02086,-3.36483,-1.41264,-1.74618,-0.93195,1.42245,-3.86514,-3.93381,-4.52241,2.92338
-1.64808,5.61132,1.48131,-3.05091,-1.73637,-1.77561,-0.73575,1.0791,-4.24773,-3.924,-5.4936,2.7468
-2.31516,5.41512,1.74618,-2.61927,-2.88414,-1.25568,-1.4715,1.14777,-4.6107,-3.49236,-6.31764,4.00248
-2.19744,4.64994,1.65789,-1.87371,-1.57941,-2.42307,-1.09872,1.45188,-2.73699,-2.58003,-6.75909,3.99267
-2.22687,4.40469,1.19682,-1.32435,-2.02086,-3.09996,-1.28511,2.63889,-3.07053,-2.47212,-4.64013,3.38445
-2.02086,3.44331,2.1582,-1.40283,-2.0601,-2.943,-1.12815,1.83447,-3.64932,-1.13796,-4.40469,3.08034
-2.77623,3.38445,2.56041,-0.6867,-1.38321,-2.98224,-1.03986,2.93319,-2.943,0.21582,-4.47336,3.11958
-3.3354,3.01167,2.22687,-0.73575,-1.54017,-4.09077,-1.29492,3.15882,-2.21706,0.27468,-4.905,3.56103
-3.05091,2.72718,2.19744,-0.65727,-1.53036,-4.33602,-1.30473,3.29616,-1.80504,1.962,-3.60027,2.6487
-2.72718,2.3544,2.3544,-1.35378,-1.53036,-4.3164,-1.10853,3.4335,-0.7848,3.60027,-2.26611,1.70694
-2.72718,1.95219,2.51136,-0.99081,-1.12815,-2.5506,-0.94176,3.26673,-1.97181,5.42493,-2.39364,2.65851
-2.59965,0.74556,2.52117,-1.03986,-1.16739,-3.27654,-0.81423,2.85471,-1.35378,4.57146,-1.54017,2.24649
-1.95219,1.25568,2.83509,-0.82404,-0.17658,-4.24773,-0.70632,2.36421,0.15696,5.80752,-1.29492,1.21644
-1.58922,0.6867,3.01167,-0.56898,0.30411,-2.07972,-0.92214,2.44269,0.23544,5.46417,0.15696,0.87309
-1.70694,-0.03924,3.05091,0.51993,0.35316,-1.72656,-0.86328,2.4525,-0.22563,5.67999,-0.47088,2.77623
-0.83385,0.50031,3.07053,0.79461,1.42245,-0.6867,-0.67689,2.48193,0.05886,4.81671,-0.25506,3.50217
-0.84366,0.73575,3.64932,0.92214,1.55979,-1.70694,-0.6867,2.01105,1.53036,4.66956,-0.40221,2.37402
-0.67689,0.43164,2.91357,1.04967,0.56898,-0.89271,-0.21582,1.95219,1.33416,3.84552,-0.20601,1.03005
-0.80442,1.52055,2.90376,2.57022,0.55917,0.0981,-0.32373,0.66708,0.73575,2.52117,-0.18639,3.65913
0.00981,0.76518,2.99205,2.10915,2.14839,2.36421,-0.54936,0.26487,0.96138,0.59841,-0.54936,2.33478
-0.02943,0.66708,3.14901,3.16863,1.73637,2.44269,-0.74556,-0.10791,1.13796,-0.53955,-1.44207,1.49112
-0.28449,-0.08829,2.5506,3.44331,0.69651,2.7468,0.20601,0.26487,1.05948,-1.7658,-1.98162,1.89333
-0.4905,0.56898,2.78604,3.25692,0.71613,1.63827,0.06867,0.45126,1.04967,-2.07972,-2.23668,4.50279
-0.56898,0.56898,3.30597,2.83509,2.00124,0.59841,0.21582,0.55917,-0.35316,-2.75661,-2.48193,3.22749
-0.4905,0.16677,2.93319,3.22749,1.36359,1.72656,0.28449,1.05948,-1.35378,-3.25692,-2.40345,3.52179
-0.70632,-0.03924,2.81547,3.35502,1.08891,-0.32373,0.92214,1.57941,-1.92276,-3.5316,-3.01167,3.22749
-1.01043,1.49112,3.11958,3.59046,0.97119,-0.27468,1.21644,0.85347,-1.93257,-3.11958,-3.1392,6.1803
-1.01043,1.69713,2.7468,2.34459,2.11896,-0.13734,1.2753,0.8829,-3.01167,-4.03191,-3.67875,3.87495
-1.31454,2.63889,3.24711,2.29554,2.38383,-0.65727,1.4715,1.1772,-3.32559,-3.47274,-4.05153,2.19744
-1.36359,1.49112,2.62908,2.10915,1.89333,-2.70756,1.58922,0.15696,-2.4525,-2.65851,-3.11958,2.01105
-1.54998,2.58984,2.37402,-0.27468,3.06072,-1.85409,1.45188,0.46107,-2.32497,-2.46231,-3.58065,2.01105
-1.58922,1.09872,2.47212,-0.73575,3.42369,-2.08953,1.71675,0.74556,-4.44393,-3.5316,-3.03129,0.06867
-1.95219,1.46169,2.79585,-2.48193,2.83509,-0.86328,1.35378,0.65727,-5.67018,-3.35502,-2.87433,-0.79461
-1.91295,1.54998,2.26611,-2.70756,2.10915,-3.18825,1.13796,1.43226,-3.924,-3.25692,-3.09015,-0.76518
-1.11834,1.49112,2.3544,-3.81609,2.58984,-1.40283,1.50093,2.20725,-3.77685,-2.00124,-4.13982,-0.34335
-0.7848,2.3544,2.96262,-4.58127,2.58984,-3.36483,1.05948,2.01105,-4.44393,-2.51136,-4.905,0.08829
-1.49112,3.0411,2.13858,-3.61008,1.61865,-2.67813,0.91233,1.87371,-4.62051,-1.74618,-4.4145,-0.73575
-1.09872,3.76704,2.28573,-3.94362,1.3734,-4.19868,1.15758,1.7658,-2.13858,-1.04967,-4.35564,-1.88352
-1.22625,3.80628,2.21706,-3.97305,2.22687,-2.76642,1.08891,1.55979,-1.75599,-0.15696,-5.75847,-0.20601
-1.16739,3.28635,3.00186,-4.50279,2.04048,-4.99329,0.55917,0.93195,-2.79585,-2.37402,-4.63032,-1.60884
-1.59903,2.57022,2.32497,-3.58065,0.61803,-4.49298,0.26487,0.62784,-2.20725,-1.40283,-3.21768,-2.87433
-0.75537,3.16863,2.43288,-3.61989,0.38259,-2.88414,0.0,0.85347,-2.37402,-1.35378,-4.06134,-2.30535
-0.57879,3.51198,2.75661,-3.60027,0.55917,-3.85533,0.23544,1.03986,-1.40283,-0.70632,-4.58127,0.4905
-0.12753,2.46231,3.16863,-2.43288,1.57941,-4.8069,0.01962,0.69651,-1.62846,0.17658,-3.4335,-0.0981
-0.13734,3.88476,2.65851,-3.25692,1.31454,-4.85595,0.13734,0.53955,-1.05948,0.21582,-3.97305,0.40221
-0.2943,1.0791,2.91357,-3.31578,0.44145,-4.64013,-0.00981,0.85347,-0.46107,1.09872,-3.74742,0.90252
0.2943,1.50093,3.51198,-2.69775,1.50093,-4.55184,-0.59841,0.71613,1.20663,2.81547,-5.2974,2.21706
0.10791,1.81485,3.24711,-1.23606,1.97181,-4.1202,-1.00062,0.64746,0.96138,2.72718,-2.5506,0.53955
0.0,1.2753,3.4335,-1.88352,1.24587,-4.43412,-0.17658,0.25506,0.57879,2.52117,-2.86452,0.04905
0.73575,0.47088,3.91419,0.74556,2.01105,-3.46293,-0.32373,1.31454,0.56898,2.96262,-1.1772,0.81423
1.36359,1.40283,3.60027,0.20601,2.4525,-3.05091,-1.00062,0.79461,1.99143,2.47212,-0.76518,2.39364
1.44207,1.34397,3.64932,0.32373,2.65851,-3.0411,-0.94176,1.71675,1.54017,3.10977,-0.30411,1.18701
2.23668,0.97119,4.36545,-2.03067,2.78604,-1.30473,-0.82404,0.25506,1.58922,2.98224,-0.71613,2.09934
2.4525,0.61803,4.17906,0.42183,3.35502,-2.0601,-0.52974,2.06991,1.69713,3.2373,-1.62846,3.27654
1.98162,0.50031,3.64932,-0.46107,4.13001,-2.13858,-1.22625,1.97181,2.60946,2.52117,-1.80504,1.2753
2.0601,0.17658,3.39426,0.20601,3.28635,-1.75599,-0.43164,2.5506,1.97181,2.0601,-1.16739,0.34335
1.95219,-0.10791,4.1202,1.13796,3.58065,-0.71613,-0.26487,1.7658,1.78542,-0.05886,-1.54017,1.10853
2.24649,-0.18639,4.13001,1.79523,2.92338,-1.59903,-0.54936,1.61865,0.46107,-1.30473,-2.12877,1.74618
1.83447,0.65727,3.59046,1.62846,5.01291,-0.43164,-0.45126,1.2753,0.96138,-1.90314,-2.12877,1.44207
2.18763,-0.0981,3.02148,0.05886,4.08096,-1.21644,0.42183,1.64808,0.67689,-3.78666,-2.21706,1.92276
2.02086,-0.40221,3.03129,0.77499,3.31578,-2.91357,0.6867,1.00062,0.0,-5.67018,-1.99143,2.14839
1.63827,0.3924,2.80566,-0.41202,4.50279,-3.34521,0.85347,1.34397,-0.02943,-5.48379,-1.97181,2.943
1.06929,0.21582,2.40345,-1.36359,4.09077,-3.03129,0.90252,1.58922,0.2943,-6.25878,-3.16863,1.70694
1.03005,-0.73575,2.33478,-0.41202,2.05029,-2.943,1.4715,1.80504,0.22563,-5.72904,-3.34521,1.12815
0.45126,0.34335,2.11896,-0.63765,3.42369,-3.45312,1.50093,2.01105,-0.37278,-7.66161,-4.23792,1.84428
0.32373,-0.01962,2.3544,-0.8829,3.09996,-2.33478,1.08891,1.962,-1.21644,-7.34769,-2.82528,0.90252
0.96138,0.37278,1.77561,-1.71675,3.40407,-2.02086,1.61865,3.28635,-1.1772,-6.49422,-3.68856,-0.52974
1.40283,-0.84366,1.50093,-1.06929,2.4525,-2.57022,1.82466,2.8449,0.15696,-6.87681,-3.79647,0.35316
1.40283,1.23606,2.00124,-2.98224,2.97243,-3.46293,1.20663,2.76642,-1.46169,-5.77809,-4.2183,0.981
1.54998,0.48069,1.88352,-3.06072,2.92338,-1.69713,1.81485,2.27592,-2.57022,-4.58127,-4.19868,0.24525
2.1582,-0.18639,2.00124,-3.93381,2.4525,-1.97181,2.09934,3.83571,-1.5696,-3.8259,-4.64013,-0.0981
2.01105,1.10853,2.02086,-4.22811,3.11958,-3.25692,1.6677,3.5316,-0.89271,-4.48317,-4.05153,-0.33354
2.19744,0.981,2.51136,-5.71923,3.31578,-2.31516,1.42245,4.17906,-0.32373,-4.52241,-4.4145,0.67689
1.80504,0.60822,2.43288,-5.09139,4.08096,-2.66832,1.71675,3.42369,-1.69713,-3.84552,-3.71799,-0.17658
1.94238,-1.11834,1.92276,-5.23854,3.03129,-2.51136,1.55979,4.1202,-1.52055,-3.52179,-3.96324,0.53955
2.30535,-0.55917,1.81485,-5.31702,3.19806,-3.35502,0.72594,2.90376,-0.65727,-2.97243,-4.72842,0.54936
2.47212,-0.17658,2.1582,-5.55246,3.58065,-3.76704,0.80442,3.79647,-0.81423,-2.65851,-4.06134,1.72656
2.31516,-1.77561,2.37402,-5.0031,3.09015,-2.78604,0.93195,1.7658,-2.28573,-1.55979,-4.05153,1.12815
2.53098,-0.94176,2.62908,-6.03315,1.19682,-3.21768,-0.03924,2.33478,-0.5886,-1.64808,-4.35564,0.51993
1.92276,-0.69651,2.75661,-4.13001,2.68794,-3.09015,-0.30411,1.71675,0.46107,-1.39302,-2.98224,0.8829
1.68732,-1.29492,3.29616,-6.41574,1.6677,-2.81547,-0.05886,1.81485,0.43164,-2.62908,-4.29678,2.02086
1.79523,-1.35378,3.19806,-4.35564,1.99143,-2.19744,-0.17658,1.64808,-0.05886,-2.4525,-2.7468,2.05029
1.90314,-0.99081,2.68794,-4.16925,1.42245,-1.55979,-0.94176,2.65851,-0.13734,-2.61927,-3.49236,2.81547
1.74618,-0.67689,2.78604,-3.71799,1.80504,-2.72718,-1.83447,2.33478,0.50031,-3.85533,-1.74618,3.09015
2.28573,-0.90252,3.6297,-3.69837,2.1582,-1.36359,-1.32435,2.01105,0.79461,-3.75723,-2.51136,3.31578
2.38383,-0.97119,3.1392,-2.01105,1.38321,-0.04905,-1.962,3.1392,0.42183,-3.15882,-1.50093,2.5506
2.79585,-1.44207,3.45312,-1.7658,1.28511,-0.51012,-2.53098,2.67813,0.77499,-2.80566,-1.84428,2.69775
2.4525,-0.23544,4.04172,-1.06929,1.54017,-1.18701,-1.97181,3.35502,1.05948,-2.8449,-1.48131,2.31516
2.2563,-0.87309,4.46355,-1.962,0.69651,0.61803,-2.03067,1.98162,-0.01962,-1.98162,-1.5696,1.23606
2.71737,0.70632,3.73761,-1.51074,1.97181,1.83447,-2.49174,3.34521,1.18701,-2.56041,-1.51074,1.54017
2.65851,0.76518,3.95343,-1.00062,3.58065,0.61803,-2.03067,2.50155,0.66708,-3.25692,-1.69713,2.50155
2.61927,1.3734,4.35564,-2.10915,2.943,-0.27468,-1.68732,2.72718,-0.05886,-3.27654,-2.59965,4.29678
3.14901,0.55917,4.09077,-3.08034,3.6297,-0.00981,-1.30473,1.87371,-0.77499,-3.3354,-1.49112,4.28697
2.93319,0.52974,3.47274,-2.98224,3.98286,0.99081,-1.54017,3.20787,0.08829,-3.47274,-2.7468,4.04172
2.52117,0.89271,3.60027,-2.67813,4.44393,-2.53098,-1.06929,2.06991,-0.01962,-4.04172,-2.4525,3.63951
2.58984,0.51993,4.18887,-2.61927,4.22811,-2.92338,-0.15696,1.94238,-1.6677,-3.61008,-3.64932,3.38445
2.22687,-0.61803,3.60027,-2.86452,2.77623,-0.11772,0.28449,1.57941,-2.23668,-3.83571,-3.01167,1.30473
1.59903,0.38259,3.30597,-4.09077,3.88476,-1.54998,0.0981,2.54079,-1.21644,-4.06134,-2.1582,2.26611
1.1772,0.26487,2.82528,-4.54203,3.85533,-3.65913,0.92214,1.65789,-1.61865,-4.04172,-1.89333,1.52055
1.09872,-0.08829,2.69775,-4.01229,3.50217,-5.23854,1.32435,0.76518,-2.97243,-4.04172,-1.72656,2.62908
1.64808,0.97119,2.00124,-3.47274,3.97305,-3.30597,1.58922,1.3734,-2.65851,-3.97305,-2.47212,2.72718
1.94238,1.35378,1.0791,-3.94362,3.84552,-3.54141,1.54998,1.60884,-1.7658,-3.70818,-3.07053,2.82528
1.04967,1.24587,1.18701,-2.20725,4.88538,-4.87557,1.74618,1.19682,-1.08891,-3.38445,-3.42369,2.49174
1.48131,1.38321,1.25568,-2.79585,2.8449,-5.3955,1.88352,0.65727,-2.2563,-4.13982,-1.84428,2.01105
1.99143,2.1582,1.4715,-1.80504,1.78542,-3.01167,1.41264,1.12815,-2.0601,-3.83571,-1.0791,1.19682
1.83447,2.86452,1.18701,-1.42245,3.86514,-1.80504,1.85409,0.73575,-1.01043,-3.46293,-1.79523,0.22563
2.19744,2.21706,0.981,-0.95157,3.66894,-4.92462,1.98162,1.59903,-0.51993,-3.50217,-2.00124,-0.18639
2.16801,3.52179,1.24587,-1.00062,2.76642,-4.7088,2.00124,1.51074,-0.95157,-2.99205,-0.90252,0.10791
2.59965,4.36545,1.30473,-1.18701,2.82528,-3.06072,1.58922,1.43226,-0.48069,-3.29616,-1.42245,0.97119
2.3544,3.97305,0.99081,-1.10853,3.58065,-4.40469,1.33416,0.37278,0.03924,-2.46231,-2.68794,1.39302
2.8449,4.26735,1.0791,-0.24525,3.03129,-4.57146,1.15758,2.07972,0.47088,-2.7468,-2.40345,-0.82404
2.79585,4.15944,2.37402,-0.30411,2.72718,-3.12939,1.30473,1.78542,-0.02943,-2.02086,-2.52117,-0.30411
2.41326,3.69837,2.48193,1.03986,3.57084,-1.68732,0.73575,2.33478,-0.46107,-1.61865,-2.32497,1.15758
1.99143,4.33602,2.33478,-0.21582,3.07053,-1.01043,0.75537,2.24649,0.16677,-1.12815,-2.91357,0.77499
1.69713,4.28697,2.71737,-1.06929,1.81485,-2.03067,0.85347,2.88414,-0.85347,-1.99143,-3.32559,0.59841
2.27592,4.53222,3.38445,-1.40283,1.0791,-4.42431,0.50031,3.54141,0.28449,-1.10853,-1.84428,1.28511
2.71737,4.06134,3.07053,-1.73637,2.30535,-2.17782,0.43164,2.63889,-0.24525,-1.90314,-2.16801,2.0601
2.13858,3.89457,2.19744,-2.32497,2.93319,-1.1772,-0.61803,2.27592,0.6867,-2.19744,-1.15758,1.57941
1.43226,3.15882,3.83571,-1.94238,1.42245,-1.20663,-0.48069,2.53098,-0.14715,-3.42369,-1.64808,1.63827
1.7658,2.2563,3.73761,-2.09934,1.01043,-2.36421,0.18639,2.57022,-0.4905,-3.11958,-2.83509,-0.07848
1.92276,1.08891,2.91357,-1.93257,1.21644,0.2943,-1.03986,2.1582,-0.80442,-3.64932,-2.93319,-0.52974
1.29492,2.12877,3.28635,-2.28573,1.89333,0.89271,-0.7848,3.09996,-0.03924,-3.4335,-2.63889,-1.4715
1.4715,1.64808,3.64932,-2.56041,1.25568,1.69713,0.0,2.24649,-1.02024,-4.07115,-2.41326,0.0981
1.91295,0.94176,4.64013,-3.80628,0.5886,1.02024,-0.46107,2.2563,0.31392,-5.08158,-1.77561,0.36297
2.17782,2.13858,4.64013,-3.4335,0.57879,0.38259,-0.73575,1.90314,0.52974,-5.31702,-1.04967,0.17658
1.85409,2.57022,3.8259,-3.25692,2.58984,1.81485,-0.28449,1.74618,1.31454,-6.30783,-1.69713,0.14715
1.71675,2.30535,4.47336,-2.91357,2.54079,-1.0791,0.03924,2.41326,0.69651,-7.08282,-1.88352,1.55979
2.39364,2.19744,4.76766,-3.57084,2.70756,-1.87371,0.34335,2.30535,0.71613,-7.11225,-3.1392,-0.62784
2.13858,1.98162,4.07115,-3.05091,3.63951,-1.18701,0.20601,2.77623,1.46169,-6.95529,-4.11039,-1.13796
1.49112,1.34397,4.55184,-4.06134,3.41388,-0.62784,0.73575,2.3544,0.15696,-6.34707,-4.34583,-1.44207
1.88352,1.48131,5.25816,-5.32683,2.943,-1.69713,1.61865,2.44269,0.97119,-6.55308,-4.0221,-1.0791
2.01105,0.52974,4.76766,-5.05215,5.53284,-1.63827,1.79523,1.58922,0.95157,-6.1803,-3.70818,-1.18701
2.29554,1.31454,4.50279,-5.07177,3.89457,-0.94176,2.12877,2.54079,1.03005,-5.72904,-3.46293,-1.18701
1.8639,2.28573,4.01229,-5.71923,4.23792,-0.96138,3.02148,2.26611,-0.24525,-5.34645,-3.19806,-0.87309
1.77561,1.52055,4.01229,-5.81733,3.7278,-2.32497,3.02148,1.92276,0.3924,-5.40531,-3.0411,-0.31392
2.09934,0.95157,2.73699,-6.26859,4.17906,-3.29616,3.0411,2.67813,-0.00981,-4.36545,-4.17906,-1.13796
1.93257,1.02024,2.70756,-5.67018,5.23854,-2.61927,3.12939,2.03067,0.35316,-4.73823,-3.21768,-1.45188
1.46169,0.89271,2.18763,-6.25878,3.61008,-3.85533,3.28635,2.62908,-0.46107,-4.44393,-3.00186,-1.39302
2.41326,0.46107,1.59903,-6.64137,3.88476,-6.69042,3.6297,2.59965,0.15696,-3.60027,-3.60027,-2.39364
2.58984,0.37278,0.48069,-6.12144,4.50279,-4.76766,3.37464,2.51136,0.23544,-2.62908,-3.8259,-3.37464
2.90376,0.35316,0.83385,-5.87619,2.88414,-6.09201,3.16863,2.22687,0.51993,-2.88414,-3.29616,-4.2183
2.38383,0.54936,0.13734,-4.76766,3.61989,-5.17968,3.16863,2.59965,0.45126,-2.50155,-1.30473,-4.65975
3.14901,0.07848,0.00981,-3.41388,3.45312,-5.58189,2.63889,1.87371,1.69713,-3.31578,-2.58984,-4.83633
3.3354,0.22563,-0.0981,-3.59046,2.82528,-4.28697,2.27592,1.8639,1.81485,-3.08034,-1.78542,-3.11958
2.85471,-0.32373,0.4905,-2.85471,2.87433,-5.46417,2.16801,2.17782,1.64808,-3.22749,-2.61927,-3.29616
2.34459,0.12753,-0.3924,-3.56103,3.09015,-6.13125,2.09934,2.97243,0.82404,-3.49236,-1.73637,-2.48193
2.99205,0.45126,0.14715,-3.54141,4.27716,-6.98472,1.72656,2.68794,1.58922,-3.35502,-2.56041,-2.56041
2.73699,1.01043,0.20601,-3.21768,2.97243,-5.84676,1.3734,3.08034,1.31454,-2.83509,-2.81547,-1.12815
2.54079,0.91233,0.90252,-2.16801,3.20787,-5.15025,1.8639,3.3354,1.48131,-3.17844,-2.82528,-0.95157
2.52117,0.21582,1.59903,-2.53098,4.18887,-5.14044,1.53036,2.47212,1.23606,-2.68794,-1.60884,-0.25506
1.95219,0.44145,2.39364,-1.4715,3.52179,-3.42369,0.8829,1.962,2.37402,-2.63889,-0.85347,1.0791
1.60884,-0.33354,2.47212,-1.8639,3.14901,-4.26735,0.63765,2.1582,1.70694,-3.27654,-1.32435,2.85471
1.83447,-1.16739,2.82528,-1.42245,3.8259,-3.30597,1.20663,2.5506,1.46169,-3.2373,-1.25568,3.77685
1.21644,-0.80442,2.41326,-2.8449,2.91357,-3.55122,1.2753,2.51136,0.62784,-3.31578,-1.30473,4.83633
1.68732,-1.42245,2.81547,-4.06134,3.56103,-2.83509,1.85409,2.82528,-0.24525,-3.24711,-0.13734,5.1012
1.14777,-0.66708,3.39426,-5.1012,3.60027,-3.68856,1.50093,1.79523,-1.00062,-3.88476,-0.4905,5.79771
0.92214,-1.41264,3.20787,-4.28697,3.64932,-1.94238,2.33478,1.94238,-1.16739,-4.34583,-1.23606,5.95467
0.92214,-1.20663,3.17844,-5.67999,3.49236,-1.32435,2.37402,2.5506,-0.67689,-4.64013,-2.0601,6.02334
1.01043,-3.07053,3.86514,-3.91419,3.11958,-0.52974,2.85471,2.30535,0.03924,-4.74804,-0.94176,5.15025
0.96138,-4.08096,3.68856,-5.17968,4.05153,-0.72594,2.4525,1.79523,1.01043,-6.07239,-1.36359,4.49298
1.60884,-3.70818,3.45312,-4.42431,3.52179,1.40283,2.39364,1.97181,0.94176,-5.92524,-1.63827,3.3354
1.75599,-4.13982,3.18825,-5.1012,2.88414,1.77561,3.20787,1.15758,0.55917,-6.21954,-2.47212,1.94238
2.19744,-4.07115,3.84552,-4.30659,3.61989,0.43164,3.42369,-0.12753,0.8829,-8.46603,-2.8449,0.96138
2.29554,-3.78666,3.38445,-5.77809,4.30659,0.76518,3.14901,-0.50031,0.03924,-7.97553,-2.12877,0.53955
2.39364,-2.21706,3.61989,-4.86576,4.62051,2.01105,3.76704,-0.54936,-0.17658,-7.7499,-2.91357,0.17658
2.75661,-1.54998,3.17844,-4.8069,4.62051,2.99205,3.90438,0.33354,0.55917,-7.27902,-3.61008,-1.7658
1.77561,-1.45188,3.15882,-5.58189,4.59108,2.29554,3.47274,0.0,1.02024,-8.22078,-4.44393,-2.96262
2.61927,-0.76518,3.30597,-5.90562,4.71861,3.01167,3.83571,0.50031,1.54017,-6.87681,-4.905,-3.03129
2.4525,-0.12753,3.18825,-5.27778,4.50279,3.08034,3.74742,0.23544,2.52117,-6.48441,-4.63032,-2.77623
3.02148,1.50093,2.52117,-6.00372,5.01291,0.11772,3.42369,0.93195,2.11896,-5.67999,-3.49236,-3.08034
3.89457,1.3734,2.7468,-5.44455,5.47398,-1.61865,3.78666,-0.69651,3.0411,-6.7689,-2.38383,-2.46231
3.56103,2.63889,1.63827,-6.20973,3.55122,-2.21706,3.3354,-0.32373,1.91295,-6.66099,-3.70818,-1.46169
4.14963,2.943,1.35378,-7.12206,4.64013,-1.962,3.86514,-0.55917,1.26549,-6.59232,-4.05153,0.1962
3.96324,3.57084,0.10791,-5.80752,4.96386,-2.79585,3.39426,-0.47088,1.09872,-5.63094,-2.20725,-1.49112
3.75723,2.8449,0.47088,-6.32745,4.55184,-3.34521,3.05091,0.50031,1.60884,-5.17968,-2.17782,-2.34459
3.924,2.1582,0.73575,-6.44517,4.00248,-3.36483,2.67813,0.71613,1.69713,-4.05153,-2.11896,-1.62846
4.06134,2.17782,0.63765,-5.86638,3.17844,-3.1392,2.47212,0.981,1.4715,-3.30597,-2.93319,0.0981
3.95343,2.32497,-0.53955,-6.41574,4.17906,-4.08096,2.36421,0.17658,1.7658,-2.943,-1.40283,-0.21582
4.88538,1.92276,-0.37278,-4.99329,4.15944,-4.57146,1.58922,-0.37278,3.24711,-2.71737,-2.13858,0.92214
4.85595,2.78604,-0.63765,-5.16006,2.00124,-4.94424,1.09872,-0.92214,3.26673,-3.18825,-2.61927,1.84428
4.40469,3.71799,-0.85347,-3.96324,2.2563,-5.23854,1.03005,-0.66708,2.3544,-4.16925,-3.49236,1.80504
4.35564,3.39426,-0.51993,-3.45312,2.82528,-5.05215,0.35316,-0.6867,2.66832,-3.97305,-2.26611,2.14839
4.14963,3.31578,-0.00981,-1.80504,2.06991,-5.09139,-0.42183,-1.2753,1.84428,-3.87495,-0.92214,1.1772
3.95343,3.0411,1.13796,-2.83509,3.00186,-4.32621,-0.61803,-1.28511,2.71737,-4.05153,-0.52974,1.51074
3.87495,2.82528,1.31454,-0.23544,3.3354,-4.10058,-1.20663,-1.50093,1.85409,-3.69837,-1.18701,0.05886
4.13001,3.09996,0.74556,-0.37278,2.39364,-2.49174,-1.52055,-1.00062,2.89395,-3.14901,-1.00062,0.76518
3.86514,2.80566,1.81485,0.13734,3.50217,-2.91357,-1.8639,-0.40221,3.17844,-3.02148,-1.46169,0.47088
3.75723,3.58065,1.52055,0.83385,3.27654,-3.67875,-1.21644,-0.81423,1.89333,-4.2183,-0.76518,2.11896
3.74742,3.46293,2.17782,0.76518,3.61008,-1.91295,-1.21644,0.20601,1.58922,-4.77747,-0.20601,2.29554
3.50217,2.83509,1.63827,-0.05886,3.52179,-3.7278,-0.95157,0.45126,1.78542,-4.94424,0.33354,3.25692
3.26673,2.97243,2.13858,1.03005,3.00186,-3.50217,-1.42245,1.5696,1.3734,-5.24835,-0.20601,3.57084
3.69837,1.25568,2.76642,0.93195,4.09077,-3.6297,-0.86328,1.52055,1.31454,-5.38569,0.74556,5.1012
3.29616,1.04967,3.54141,-0.21582,3.57084,-5.14044,-0.99081,1.94238,1.23606,-5.31702,-0.02943,4.01229
4.11039,0.0,2.66832,0.80442,2.88414,-4.59108,-0.51993,1.31454,0.84366,-5.13063,1.13796,3.25692
3.65913,-0.6867,2.88414,-0.90252,4.11039,-3.69837,0.0,1.08891,-0.47088,-5.21892,0.02943,4.05153
3.64932,-1.91295,2.65851,-1.46169,4.38507,-2.47212,0.32373,1.40283,-0.28449,-4.23792,-0.00981,3.56103
3.55122,-2.16801,3.51198,-1.7658,4.14963,-2.66832,0.94176,0.74556,-0.24525,-4.50279,0.54936,2.81547
2.87433,-3.05091,2.69775,-2.90376,3.08034,-0.26487,0.85347,1.4715,-0.33354,-5.02272,-0.82404,1.52055
2.3544,-2.27592,2.05029,-1.78542,4.07115,1.57941,1.15758,0.70632,-0.981,-4.64994,-1.77561,2.40345
2.48193,-3.47274,2.79585,-3.20787,4.64013,-0.25506,1.14777,1.11834,0.52974,-5.16987,-2.32497,1.54017
2.60946,-2.52117,3.14901,-3.34521,4.11039,0.28449,1.40283,0.53955,1.73637,-5.1012,-1.74618,-0.30411
2.7468,-2.23668,1.52055,-4.13982,4.94424,-0.02943,1.32435,0.25506,1.54017,-5.4936,-1.5696,-1.68732
3.00186,-1.8639,1.95219,-3.73761,3.2373,0.8829,0.981,-0.56898,1.26549,-5.18949,-2.22687,-1.75599
2.61927,-1.62846,2.43288,-4.75785,3.26673,-0.77499,1.19682,-0.1962,2.10915,-5.46417,-1.62846,-1.82466
2.70756,-1.11834,1.99143,-4.20849,3.58065,-0.7848,1.45188,0.20601,1.63827,-5.33664,-1.57941,-2.19744
2.33478,-0.93195,0.85347,-4.45374,4.10058,1.30473,1.25568,1.36359,1.09872,-5.07177,-3.09015,-2.81547
1.92276,-0.48069,0.82404,-3.18825,3.03129,0.47088,0.64746,2.33478,1.60884,-5.73885,-2.49174,-4.42431
2.73699,-0.20601,1.43226,-4.01229,1.88352,-3.26673,0.8829,2.6487,3.46293,-5.69961,-1.43226,-2.33478
2.39364,0.35316,1.64808,-3.56103,3.30597,-1.58922,0.79461,2.96262,2.50155,-5.44455,-1.03986,-0.75537
2.63889,0.33354,0.00981,-3.66894,3.17844,-1.85409,0.56898,2.3544,1.35378,-4.81671,-0.51012,-0.3924
2.80566,0.4905,-0.25506,-2.80566,1.63827,-4.64013,0.27468,2.23668,2.30535,-4.34583,-1.23606,0.50031
3.00186,-0.12753,-0.01962,-3.61989,2.01105,-5.26797,0.30411,2.21706,3.61008,-3.22749,0.40221,1.40283
3.20787,-0.02943,-0.50031,-4.57146,2.75661,-5.89581,0.23544,2.01105,2.21706,-4.14963,-0.47088,1.61865
3.57084,0.50031,-1.03005,-3.8259,1.83447,-4.97367,0.36297,1.69713,1.30473,-3.4335,-0.33354,0.5886
3.32559,-0.27468,-0.23544,-3.73761,0.44145,-4.5126,0.54936,2.41326,1.5696,-3.70818,0.05886,0.45126
3.61008,0.21582,0.11772,-4.7088,1.40283,-4.94424,0.40221,1.2753,3.3354,-2.98224,0.93195,1.67751
3.924,-0.00981,-0.85347,-3.74742,2.92338,-3.4335,-0.13734,1.11834,2.70756,-3.06072,-0.11772,2.47212
4.18887,0.35316,-0.24525,-3.74742,1.88352,-1.98162,-0.56898,0.54936,2.51136,-2.51136,-0.3924,3.65913
4.75785,0.56898,0.26487,-4.46355,2.01105,-3.15882,0.06867,-0.44145,1.91295,-3.07053,0.61803,3.8259
4.60089,-0.40221,0.42183,-5.17968,2.53098,-2.77623,-0.02943,-1.25568,1.30473,-2.61927,0.95157,3.66894
4.14963,0.93195,0.87309,-4.97367,3.66894,-2.58984,-0.54936,-1.09872,0.79461,-3.09996,0.97119,2.90376
4.43412,1.83447,1.88352,-5.67018,2.11896,1.6677,-0.31392,-0.3924,1.50093,-1.69713,0.28449,2.19744
3.68856,1.77561,2.46231,-4.81671,1.82466,2.57022,-0.47088,0.02943,0.57879,-2.71737,-0.40221,2.3544
4.09077,1.32435,1.59903,-4.8069,1.54998,2.19744,-0.42183,0.08829,1.36359,-2.5506,-1.34397,3.19806
4.44393,2.7468,2.02086,-3.77685,2.12877,1.31454,-0.99081,-0.5886,2.12877,-3.60027,-0.51993,3.02148
4.96386,1.98162,2.93319,-3.87495,0.08829,2.40345,-0.51012,0.62784,2.48193,-3.35502,-1.35378,3.14901
4.89519,2.58984,3.10977,-3.16863,0.71613,3.11958,-0.20601,-0.34335,0.80442,-4.92462,-0.31392,2.62908
4.27716,2.69775,2.0601,-3.20787,2.1582,1.7658,-0.17658,0.08829,0.16677,-5.6898,-0.03924,1.23606
4.01229,2.71737,2.73699,-3.14901,2.2563,0.97119,0.01962,1.52055,0.77499,-5.11101,0.02943,1.22625
3.95343,3.61989,3.22749,-3.61008,1.03986,4.60089,0.0,2.58984,1.00062,-4.49298,-1.63827,1.11834
3.87495,2.27592,2.88414,-1.90314,2.18763,5.92524,-0.24525,1.82466,-0.53955,-3.70818,-1.09872,1.81485
3.32559,0.57879,2.10915,-1.88352,3.49236,4.00248,0.40221,2.06991,-0.84366,-4.08096,-0.80442,1.1772
3.61989,0.54936,2.66832,-0.8829,3.01167,4.08096,0.43164,2.48193,0.65727,-4.42431,-0.6867,0.16677
3.57084,0.56898,1.98162,-1.43226,2.19744,4.64013,0.76518,2.51136,1.61865,-5.04234,-1.0791,-0.11772
3.59046,0.67689,2.89395,-1.45188,2.01105,3.27654,1.03005,1.57941,0.46107,-5.73885,-0.57879,-0.03924
2.96262,1.02024,2.04048,-1.7658,3.22749,1.59903,1.54017,0.50031,1.64808,-5.7879,0.33354,-0.7848
2.47212,0.59841,2.07972,-0.30411,3.49236,0.20601,1.51074,1.03986,1.2753,-5.92524,0.20601,-1.62846
1.95219,1.10853,2.58984,-1.68732,3.40407,0.36297,1.82466,1.43226,0.04905,-4.64013,0.84366,-2.19744
0.75537,0.40221,3.06072,-1.21644,2.38383,0.83385,1.49112,2.0601,0.3924,-4.03191,0.53955,-1.34397
1.0791,-0.18639,2.13858,-0.89271,3.41388,-0.48069,2.27592,1.64808,1.38321,-3.47274,1.54998,-2.59965
0.94176,-0.23544,2.40345,-0.63765,2.56041,0.33354,1.99143,1.98162,0.85347,-3.8259,2.08953,-1.98162
0.77499,-0.05886,1.95219,-1.58922,2.13858,-1.68732,2.02086,1.71675,0.1962,-4.16925,1.89333,-0.3924
0.15696,0.90252,2.48193,-1.83447,1.74618,-1.13796,2.31516,1.99143,0.99081,-4.29678,1.21644,0.46107
0.2943,1.61865,1.70694,-2.08953,0.51993,-0.59841,2.16801,1.57941,1.87371,-5.45436,0.76518,0.59841
0.16677,2.12877,1.41264,-1.80504,-0.01962,-2.75661,1.90314,2.7468,0.99081,-5.11101,1.52055,0.02943
0.60822,2.56041,1.34397,-2.50155,0.51993,-4.2183,2.33478,2.26611,1.23606,-5.34645,2.44269,-0.72594
0.25506,2.59965,2.27592,-1.69713,0.21582,-4.63032,1.99143,3.12939,2.4525,-5.28759,1.92276,-0.04905
1.03005,2.52117,1.53036,0.65727,-0.44145,-4.13001,2.36421,2.50155,1.0791,-3.99267,0.97119,-0.05886
1.51074,2.32497,1.64808,0.83385,-0.00981,-3.18825,2.12877,3.12939,1.13796,-2.88414,1.60884,-0.02943
2.1582,1.48131,0.71613,0.18639,-0.30411,-3.22749,2.16801,2.41326,1.13796,-2.90376,2.16801,2.07972
2.95281,0.7848,0.08829,0.35316,0.35316,-4.36545,2.41326,1.90314,1.52055,-2.53098,1.91295,2.23668
3.09015,1.61865,0.2943,0.05886,-1.34397,-4.36545,2.50155,1.2753,1.2753,-1.81485,0.84366,1.54017
3.31578,2.40345,0.56898,-0.41202,-0.50031,-5.7879,2.26611,0.66708,0.7848,-2.79585,1.50093,1.44207
3.57084,1.33416,0.42183,-1.8639,-0.67689,-5.72904,2.53098,0.0981,1.93257,-3.15882,1.20663,2.69775
3.68856,1.41264,0.38259,-1.22625,-0.13734,-4.99329,1.95219,-1.13796,1.88352,-2.87433,0.53955,1.45188
4.36545,1.55979,1.01043,-1.68732,-0.92214,-4.40469,1.75599,-1.92276,1.43226,-2.00124,-0.30411,0.70632
4.1202,-0.13734,1.03005,-2.09934,0.17658,-3.88476,1.59903,-2.87433,0.981,-1.50093,-0.45126,1.97181
4.3164,-0.70632,0.50031,-2.7468,-0.84366,-2.18763,1.25568,-2.50155,1.42245,-1.80504,0.84366,2.11896
5.09139,-0.87309,1.23606,-2.98224,0.41202,-0.89271,1.70694,-3.47274,0.35316,-2.08953,1.29492,1.31454
5.14044,-0.26487,0.55917,-4.62051,0.48069,-0.53955,1.15758,-2.86452,1.46169,-1.99143,0.86328,0.82404
4.64994,-0.80442,0.0981,-5.1012,0.57879,3.00186,0.6867,-1.73637,0.80442,-2.3544,0.52974,2.6487
4.40469,0.53955,0.23544,-5.50341,0.22563,2.58003,0.21582,-2.08953,1.71675,-2.58003,-0.83385,2.01105
4.29678,0.8829,0.52974,-4.93443,0.59841,3.25692,-0.03924,-2.34459,1.4715,-3.07053,-0.13734,1.69713
4.30659,1.84428,1.03005,-3.8259,0.93195,5.08158,-0.15696,-1.29492,1.55979,-2.62908,-0.8829,2.23668
4.25754,0.53955,0.97119,-2.72718,1.52055,7.30845,-0.28449,-0.33354,1.36359,-2.56041,-0.86328,1.94238
4.08096,1.33416,0.15696,-2.34459,1.28511,9.89829,-0.30411,-1.15758,0.65727,-3.10977,0.80442,0.70632
4.62051,2.48193,0.0,-1.88352,1.52055,7.90686,0.38259,-0.81423,1.20663,-4.17906,0.20601,0.79461
4.00248,2.48193,-0.64746,-2.48193,1.18701,7.66161,0.42183,0.23544,0.8829,-3.47274,-0.47088,-1.26549
3.36483,4.59108,-1.21644,-2.42307,1.91295,9.05463,0.07848,0.72594,0.31392,-4.24773,-0.21582,-0.26487
3.2373,4.07115,-0.75537,-1.5696,2.6487,6.55308,0.22563,-0.22563,0.87309,-3.91419,-0.69651,-1.18701
2.38383,4.6107,0.4905,-1.1772,2.10915,5.65056,0.07848,-0.27468,0.1962,-3.28635,-0.13734,-1.18701
1.72656,3.88476,-0.40221,0.10791,1.962,4.08096,0.81423,0.0,0.53955,-2.68794,0.13734,-1.42245
2.1582,3.54141,0.22563,-0.20601,1.95219,4.95405,0.4905,-0.32373,0.70632,-3.39426,-0.32373,1.43226
1.95219,3.2373,1.03005,-0.53955,2.68794,1.75599,0.86328,-0.72594,1.0791,-3.4335,-0.07848,0.82404
1.05948,1.83447,0.54936,-0.95157,1.99143,0.62784,1.34397,-0.45126,-0.00981,-2.85471,-1.02024,-0.52974
0.79461,2.36421,1.16739,-1.2753,2.0601,0.34335,1.40283,0.11772,1.12815,-3.19806,-0.24525,0.59841
0.51012,2.90376,-0.23544,-2.21706,1.82466,-0.51993,1.44207,-0.25506,0.40221,-3.78666,0.0981,0.46107
-0.08829,3.00186,0.46107,-2.31516,0.94176,-2.30535,1.74618,0.11772,1.38321,-2.96262,0.77499,0.8829
-0.22563,3.51198,0.46107,-1.36359,1.46169,-4.29678,1.54998,1.05948,0.40221,-2.47212,1.41264,1.08891
-0.3924,2.79585,0.51012,-2.00124,1.32435,-4.76766,1.21644,1.57941,0.95157,-2.4525,1.3734,3.46293
-0.42183,2.2563,0.90252,-1.52055,0.20601,-4.13001,1.19682,2.21706,-0.33354,-2.43288,0.96138,4.14963
-0.0981,0.64746,1.35378,-1.25568,0.46107,-4.67937,1.74618,3.12939,0.59841,-2.30535,0.71613,5.84676
0.1962,-0.48069,0.80442,-0.50031,0.0981,-5.0031,1.68732,3.83571,0.1962,-1.95219,2.50155,5.73885
0.93195,-2.09934,0.55917,-1.70694,-0.76518,-5.57208,1.72656,4.7088,1.41264,-3.0411,0.96138,5.79771
1.42245,-1.99143,0.24525,-0.53955,-1.03005,-5.09139,1.71675,4.2183,0.37278,-2.91357,0.50031,4.46355
1.10853,-1.2753,-0.26487,0.02943,-0.90252,-4.57146,1.88352,4.36545,0.77499,-2.85471,0.54936,1.98162
1.82466,-2.63889,0.04905,0.23544,-1.43226,-4.15944,1.2753,3.49236,-0.02943,-2.11896,2.09934,1.40283
2.34459,-3.42369,0.07848,0.23544,-2.02086,-4.62051,1.28511,3.42369,0.56898,-2.23668,0.51993,0.99081
2.70756,-3.78666,0.57879,1.77561,-0.5886,-2.58003,1.02024,2.42307,0.32373,-1.01043,0.33354,-0.0981
2.79585,-4.0221,0.2943,1.00062,-1.77561,-2.87433,0.65727,1.83447,1.23606,-0.70632,0.50031,-1.24587
3.6297,-5.76828,0.32373,0.60822,-1.8639,-2.95281,0.77499,0.17658,1.50093,0.3924,1.14777,-2.58984
3.55122,-6.90624,0.74556,-0.54936,-3.08034,-1.42245,0.44145,-0.34335,1.95219,0.67689,-0.2943,-2.78604
3.80628,-7.26921,-0.00981,-0.13734,-0.70632,-0.89271,0.76518,-1.42245,2.52117,1.36359,-1.45188,-3.68856
3.40407,-6.41574,-1.3734,0.44145,-1.03005,-0.61803,0.46107,-1.80504,2.53098,0.95157,-2.39364,-4.50279
3.28635,-4.33602,-0.63765,0.10791,-2.43288,-0.66708,-0.03924,-2.71737,2.65851,1.29492,-0.50031,-6.00372
3.34521,-3.69837,-0.35316,-1.12815,-2.60946,1.48131,0.46107,-2.78604,3.08034,1.99143,-1.28511,-4.01229
2.53098,-3.35502,-0.33354,-0.92214,-0.5886,2.7468,-0.47088,-3.1392,2.39364,2.57022,-0.3924,-3.08034
2.49174,-4.07115,0.01962,-1.02024,0.24525,3.20787,-0.26487,-3.55122,2.31516,1.51074,-0.75537,-1.85409
2.53098,-3.61989,-0.8829,-2.943,-0.69651,4.06134,-0.43164,-2.58984,2.31516,0.15696,0.54936,-0.7848
1.8639,-4.75785,0.1962,-3.12939,-0.96138,4.57146,-0.67689,-1.44207,3.78666,-0.83385,0.4905,-0.34335
1.85409,-3.6297,-0.06867,-3.14901,0.62784,3.71799,-0.43164,-1.12815,3.26673,-0.94176,0.13734,0.42183
1.49112,-3.00186,-0.6867,-3.64932,0.71613,4.52241,-0.22563,0.50031,2.77623,-2.12877,-0.66708,-0.37278
0.74556,-0.82404,-0.95157,-3.08034,0.47088,7.83819,-0.77499,1.04967,2.80566,-2.48193,0.52974,-0.93195
0.7848,-0.36297,0.32373,-3.08034,0.05886,8.61318,-0.01962,1.29492,2.73699,-2.90376,0.45126,0.52974
0.60822,1.43226,0.76518,-2.8449,1.10853,7.98534,-0.31392,1.19682,2.20725,-3.49236,0.74556,2.33478
0.0981,2.41326,0.34335,-2.80566,1.34397,8.85843,-0.37278,2.0601,1.53036,-4.37526,0.13734,1.52055
0.21582,1.72656,1.20663,-2.72718,0.72594,7.60275,0.0,1.44207,2.54079,-4.39488,2.29554,1.28511
0.00981,0.53955,1.40283,-2.26611,0.24525,5.99391,-0.41202,1.65789,1.21644,-3.48255,0.80442,0.90252
-0.51012,1.31454,1.38321,-1.72656,1.00062,3.00186,0.15696,2.20725,1.31454,-3.56103,0.30411,0.70632
-0.28449,2.8449,1.19682,-0.84366,0.38259,3.01167,-0.01962,2.11896,1.7658,-4.16925,0.50031,0.8829
-0.60822,2.46231,0.79461,0.33354,-0.24525,3.94362,0.03924,1.65789,2.09934,-2.76642,-0.38259,-0.77499
-1.16739,4.09077,0.47088,1.03005,0.23544,0.99081,0.00981,0.81423,1.52055,-2.05029,-0.26487,-0.57879
-0.61803,5.5917,0.53955,1.89333,0.75537,0.06867,0.08829,0.67689,1.88352,-1.79523,-0.46107,1.72656
-1.03005,4.77747,0.02943,2.09934,-0.15696,0.95157,0.10791,1.50093,0.90252,-1.03005,-0.25506,3.01167
-0.57879,3.45312,0.0,1.83447,-0.94176,0.14715,0.72594,0.92214,1.28511,-1.24587,0.45126,2.43288
-0.28449,2.02086,-0.5886,3.09015,-1.34397,-2.81547,0.3924,0.62784,1.15758,0.77499,-0.63765,5.32683
-0.1962,1.87371,-0.77499,2.52117,-0.24525,-5.1993,0.52974,1.06929,1.34397,0.10791,-1.26549,7.20054
0.25506,0.34335,-0.34335,2.70756,-1.05948,-6.40593,0.07848,0.83385,0.81423,0.54936,-0.92214,6.55308
0.61803,1.23606,-1.57941,2.60946,-1.74618,-4.49298,0.37278,0.48069,1.04967,0.36297,-0.51012,6.2784
0.84366,1.1772,-1.50093,3.38445,-1.89333,-5.99391,0.05886,1.2753,1.20663,1.03005,0.0,6.44517
0.84366,1.60884,-0.52974,2.58984,-1.48131,-5.99391,-0.06867,0.54936,0.77499,0.62784,0.36297,6.10182
1.31454,0.31392,-1.55979,2.46231,-1.3734,-4.26735,0.32373,0.76518,0.85347,0.7848,0.21582,4.5126
2.42307,-0.03924,-1.70694,2.41326,-2.13858,-2.27592,0.2943,0.01962,0.33354,1.20663,-0.50031,2.30535
2.04048,-0.32373,0.05886,1.93257,-2.48193,-2.50155,0.05886,-0.7848,0.76518,1.36359,0.60822,4.36545
2.66832,-2.19744,-0.36297,1.00062,-2.89395,-2.22687,0.28449,-1.05948,1.48131,0.7848,-0.03924,3.8259
2.98224,-2.77623,0.45126,1.1772,-3.19806,-3.58065,-0.10791,-1.35378,0.63765,1.61865,-0.56898,3.22749
3.03129,-1.962,-0.67689,0.8829,-2.51136,-1.78542,-0.00981,-1.46169,1.84428,1.94238,0.72594,2.91357
3.26673,-2.05029,-0.55917,0.44145,-2.66832,-0.97119,-0.15696,-1.42245,1.16739,2.01105,1.60884,1.06929
3.08034,-1.34397,-0.43164,0.28449,-2.24649,0.4905,-0.65727,-2.38383,1.30473,1.75599,1.60884,0.59841
2.6487,-1.53036,-0.38259,-0.08829,-2.71737,1.54017,-0.50031,-2.57022,1.962,1.15758,1.50093,-0.8829
2.63889,-0.86328,-0.8829,-0.28449,-2.48193,3.68856,-0.50031,-3.10977,2.66832,1.46169,1.1772,-0.90252
2.17782,-0.44145,0.11772,0.16677,-1.60884,5.35626,-1.04967,-3.27654,2.21706,1.18701,1.74618,-0.84366
1.45188,-1.0791,-0.90252,1.04967,-2.943,5.16006,-0.8829,-3.4335,2.34459,0.54936,1.21644,-0.13734
1.46169,-0.18639,-0.25506,1.64808,-3.27654,4.57146,-1.00062,-2.30535,3.16863,0.70632,0.20601,0.51993
1.21644,0.57879,0.08829,1.35378,-0.96138,6.16068,-1.01043,-1.92276,2.78604,0.7848,1.33416,1.34397
1.58922,0.99081,-0.01962,0.65727,-1.00062,7.20054,-1.25568,-1.05948,1.71675,-0.37278,1.60884,1.42245
1.09872,2.58984,-0.21582,0.95157,-1.67751,5.40531,-2.0601,-0.52974,1.22625,0.17658,1.39302,2.59965
0.4905,3.73761,0.14715,0.69651,-1.55979,6.26859,-1.19682,-0.13734,1.54998,-1.52055,1.15758,1.7658
0.56898,3.50217,0.04905,0.17658,-1.24587,6.91605,-1.54998,-0.86328,2.19744,-1.70694,1.25568,1.88352
0.36297,2.60946,0.15696,0.73575,0.0,9.1233,-1.1772,0.10791,0.04905,-2.46231,1.8639,1.2753
-0.2943,3.50217,0.981,1.03005,-0.80442,6.91605,-1.11834,1.8639,-0.17658,-3.09015,1.26549,-0.5886
-0.24525,3.20787,0.95157,1.69713,-0.38259,6.73947,-0.69651,1.39302,0.21582,-3.65913,0.26487,-0.51993
-0.12753,2.8449,1.43226,1.13796,-0.44145,8.00496,-0.84366,2.1582,-0.76518,-4.10058,-1.38321,-1.38321
0.08829,3.32559,0.69651,1.79523,-0.36297,7.34769,-0.92214,2.68794,-0.85347,-4.0221,0.27468,-0.33354
-0.20601,4.13982,0.6867,1.65789,-2.01105,5.81733,-0.59841,2.60946,-0.60822,-3.40407,1.67751,-0.34335
-0.41202,,0.28449,-2.16801,-1.05948,,-0.63765,,-2.00124,,1.01043,
-0.15696,,0.62784,-2.58003,-0.73575,,-0.76518,,-2.12877,,1.16739,
-0.31392,,-0.05886,-1.88352,-1.97181,,-0.60822,,-2.0601,,0.65727,
-1.03005,,-0.47088,-3.49236,-2.71737,,-0.06867,,-1.33416,,0.89271,
-0.7848,,-0.65727,-3.73761,-1.8639,,0.06867,,-1.95219,,0.81423,
-0.93195,,-0.21582,-3.78666,-1.87371,,-0.1962,,-2.8449,,-0.50031,
-0.79461,,-0.67689,-4.92462,-1.97181,,-0.04905,,-2.24649,,1.5696,
-0.46107,,-0.84366,-4.27716,-2.98224,,0.23544,,-1.3734,,1.99143,
-0.26487,,-0.77499,-3.31578,-3.42369,,-0.18639,,-2.24649,,1.20663,
0.32373,,0.12753,-3.22749,-3.03129,,-0.27468,,-1.2753,,0.981,
0.5886,,0.16677,-3.01167,-4.27716,,0.36297,,-1.16739,,1.43226,
1.09872,,0.21582,-2.41326,-4.48317,,0.0981,,-0.66708,,1.38321,
1.24587,,0.34335,-3.66894,-3.01167,,0.38259,,-2.1582,,1.49112,
1.59903,,0.48069,-3.86514,-2.92338,,0.35316,,-0.51993,,2.46231,
1.55979,,0.92214,-3.6297,-3.31578,,0.12753,,-0.50031,,1.90314,
2.34459,,0.93195,-2.88414,-3.10977,,-0.07848,,-1.01043,,1.64808,
2.41326,,1.54998,-2.46231,-3.4335,,-0.04905,,-0.33354,,1.90314,
2.39364,,1.29492,-1.06929,-4.05153,,-0.23544,,0.23544,,3.08034,
2.39364,,1.73637,-0.94176,-3.91419,,-0.17658,,-0.16677,,3.90438,
2.68794,,0.981,-0.14715,-4.3164,,0.04905,,0.99081,,3.61989,
2.16801,,0.43164,-0.83385,-3.28635,,0.10791,,-0.21582,,3.54141,
1.42245,,0.56898,-1.45188,-3.83571,,-0.05886,,0.77499,,3.06072,
1.81485,,0.1962,-0.52974,-2.73699,,0.16677,,0.04905,,4.60089,
1.16739,,0.04905,-0.36297,-2.41326,,0.32373,,-0.45126,,2.0601,
1.11834,,-0.42183,-1.51074,-1.4715,,0.41202,,0.04905,,2.60946,
1.31454,,-0.27468,0.04905,-1.98162,,0.07848,,0.8829,,4.2183,
0.96138,,-0.36297,0.32373,-1.50093,,0.37278,,0.46107,,3.27654,
0.27468,,-0.73575,0.56898,-2.18763,,0.59841,,-0.07848,,2.32497,
0.85347,,-0.75537,0.10791,-1.14777,,0.45126,,-0.14715,,1.91295,
0.32373,,-0.54936,-1.29492,-0.83385,,0.21582,,-0.03924,,1.49112,
0.42183,,-0.18639,-2.17782,-1.89333,,-0.16677,,0.12753,,1.18701,
-0.2943,,-0.72594,-1.31454,-0.37278,,0.02943,,-1.06929,,-0.54936,
0.16677,,0.28449,-2.66832,-0.03924,,-0.21582,,-0.85347,,-0.08829,
-0.01962,,0.13734,-2.07972,-0.93195,,-0.24525,,-1.24587,,0.66708,
-0.27468,,0.70632,-0.86328,-0.51993,,0.30411,,-1.97181,,-1.46169,
-0.05886,,-0.00981,0.13734,-0.6867,,0.21582,,-2.23668,,-2.32497,
-0.80442,,0.20601,-1.1772,-0.94176,,0.53955,,-2.1582,,-2.68794,
-1.13796,,-0.03924,-2.20725,-1.38321,,0.73575,,-1.52055,,-2.04048,
-1.2753,,-0.57879,-2.75661,-2.00124,,1.12815,,-2.34459,,-1.67751,
-1.24587,,-0.71613,-1.88352,-0.92214,,1.29492,,-2.58003,,-1.31454,
-1.70694,,-0.50031,-3.42369,-0.83385,,1.88352,,-2.2563,,-1.52055,
-1.962,,-0.90252,-2.77623,-2.61927,,2.31516,,-1.79523,,-1.81485,
-1.49112,,-0.34335,-2.09934,-0.33354,,3.03129,,-1.64808,,-2.07972,
-1.34397,,-0.1962,-2.52117,-0.55917,,3.05091,,-1.38321,,-0.80442,
-1.16739,,-0.01962,-3.61989,-1.10853,,3.40407,,-1.59903,,0.22563,
-0.67689,,0.30411,-3.08034,-1.40283,,3.51198,,-0.40221,,0.20601,
-1.1772,,-0.13734,-4.47336,-0.07848,,3.73761,,-0.16677,,1.13796,
-1.35378,,-0.06867,-4.23792,0.5886,,3.67875,,0.07848,,1.88352,
-0.56898,,0.79461,-5.44455,-1.74618,,3.75723,,1.42245,,1.88352,
-0.41202,,0.89271,-3.96324,-0.66708,,4.1202,,1.62846,,1.06929,
-0.35316,,0.80442,-4.0221,-0.13734,,3.6297,,1.1772,,1.61865,
0.35316,,1.13796,-2.77623,-0.3924,,3.83571,,2.26611,,1.0791,
0.86328,,0.95157,-3.81609,-0.55917,,3.36483,,3.17844,,1.77561,
1.02024,,0.36297,-2.91357,-0.12753,,2.77623,,4.40469,,1.20663,
1.31454,,0.02943,-1.80504,-0.03924,,2.66832,,2.90376,,1.12815,
1.55979,,-0.4905,-1.83447,-0.26487,,2.28573,,3.34521,,1.32435,
0.7848,,-0.74556,-2.61927,-1.36359,,2.29554,,4.05153,,1.53036,
1.34397,,-1.58922,-2.20725,-1.24587,,1.95219,,4.35564,,1.14777,
1.0791,,-1.82466,-2.24649,-1.84428,,1.32435,,4.32621,,0.46107,
0.90252,,-2.22687,-0.90252,-0.50031,,1.58922,,4.76766,,-0.17658,
0.96138,,-2.78604,-1.1772,-0.51993,,0.66708,,3.99267,,-0.90252,
0.63765,,-2.39364,-3.24711,-1.97181,,-0.10791,,3.18825,,-0.55917,
0.48069,,-2.5506,-2.23668,-0.35316,,-0.2943,,3.21768,,-0.5886,
-0.42183,,-2.48193,-2.1582,-0.35316,,-1.01043,,1.93257,,-0.26487,
-0.80442,,-2.80566,-4.54203,-1.44207,,-1.32435,,2.22687,,-0.52974,
-1.28511,,-2.62908,-5.60151,-0.56898,,-1.64808,,2.09934,,-0.90252,
-2.03067,,-2.14839,-4.60089,-0.14715,,-2.05029,,0.34335,,0.31392,
-2.40345,,-2.11896,-4.56165,-0.22563,,-1.74618,,-0.04905,,0.38259,
-2.59965,,-1.78542,-6.0822,0.05886,,-1.962,,-0.40221,,-1.48131,
-2.66832,,-1.38321,-6.28821,-1.4715,,-2.50155,,0.21582,,-1.62846,
-2.82528,,-1.88352,-5.4936,-0.57879,,-2.29554,,-0.70632,,0.0981,
-2.63889,,-1.02024,-5.52303,0.1962,,-2.11896,,-0.92214,,1.4715,
-2.95281,,-1.11834,-7.59294,0.96138,,-2.06991,,-1.44207,,1.09872,
-3.66894,,-0.89271,-5.97429,0.42183,,-1.45188,,-1.81485,,-0.41202,
-3.96324,,-0.92214,-4.57146,0.10791,,-1.22625,,-1.39302,,-0.20601,
-2.91357,,-0.61803,-4.56165,0.16677,,-0.83385,,-1.12815,,-0.36297,
-3.18825,,-0.67689,-4.46355,-0.04905,,-0.52974,,-1.25568,,-1.57941,
-2.93319,,-0.75537,-3.07053,-0.90252,,0.38259,,-0.61803,,-1.53036,
-2.4525,,-0.46107,-3.78666,-0.12753,,0.54936,,-1.21644,,-0.46107,
-2.82528,,-0.33354,-3.35502,-0.08829,,0.94176,,0.59841,,-0.93195,
-2.98224,,-0.81423,-3.09015,-0.86328,,1.44207,,-0.16677,,-0.72594,
-2.68794,,-0.22563,-1.962,-0.1962,,2.1582,,-0.3924,,0.2943,
-2.43288,,-0.37278,-2.37402,-0.61803,,2.52117,,-0.51993,,-0.24525,
-1.89333,,0.02943,-0.81423,0.07848,,2.88414,,-0.06867,,-0.20601,
-1.85409,,0.23544,-1.42245,-1.39302,,2.87433,,0.64746,,0.0,
-1.2753,,0.73575,0.22563,-0.96138,,3.58065,,1.68732,,0.21582,
-1.22625,,1.60884,-0.73575,-1.81485,,3.30597,,1.29492,,1.65789,
-0.53955,,1.4715,-0.67689,-2.11896,,3.25692,,2.10915,,0.01962,
-0.4905,,1.31454,-1.24587,-2.02086,,3.66894,,2.13858,,0.7848,
-0.52974,,1.23606,-0.96138,-2.19744,,3.6297,,0.17658,,2.01105,
-0.31392,,1.33416,-1.09872,-1.65789,,2.69775,,2.97243,,2.71737,
0.12753,,0.89271,0.32373,-2.07972,,2.36421,,3.77685,,2.0601,
0.62784,,0.23544,0.02943,-2.98224,,1.77561,,2.47212,,1.16739,
0.96138,,0.23544,-0.59841,-2.77623,,1.28511,,3.28635,,1.0791,
0.92214,,0.46107,-0.10791,-2.4525,,1.12815,,3.08034,,1.72656,
0.95157,,1.06929,-1.23606,-2.51136,,0.27468,,3.20787,,-0.50031,
0.92214,,-0.17658,-1.43226,-1.75599,,0.46107,,1.26549,,-0.45126,
0.86328,,-0.79461,-2.73699,-2.18763,,-0.77499,,2.81547,,0.51993,
0.82404,,-0.12753,-2.22687,-1.42245,,-1.53036,,1.61865,,1.19682,
0.55917,,-0.59841,-2.49174,-1.13796,,-1.61865,,-0.13734,,-0.54936,
1.12815,,-1.71675,-2.13858,-0.74556,,-1.53036,,-0.55917,,-1.59903,
0.34335,,-1.2753,-1.29492,-1.34397,,-1.99143,,0.13734,,-0.55917,
0.04905,,0.36297,-2.08953,-1.04967,,-2.76642,,0.0,,-0.38259,
0.08829,,-0.07848,-3.6297,-1.43226,,-3.09015,,-1.09872,,-2.00124,
-0.03924,,0.11772,-4.25754,-0.28449,,-2.8449,,-1.90314,,-1.36359,
-0.80442,,0.31392,-3.14901,-0.25506,,-3.17844,,-1.74618,,-0.55917,
-1.1772,,0.43164,-3.1392,-0.31392,,-3.52179,,-3.0411,,0.26487,
-1.4715,,0.61803,-3.95343,-0.63765,,-3.18825,,-3.41388,,-1.11834,
-1.67751,,0.57879,-3.58065,0.67689,,-3.09015,,-2.95281,,-0.20601,
-1.91295,,0.45126,-2.44269,-0.8829,,-2.17782,,-2.05029,,0.45126,
-2.4525,,1.34397,-3.36483,-0.81423,,-1.88352,,-2.22687,,1.49112,
-2.2563,,1.02024,-3.39426,-0.15696,,-0.89271,,-1.62846,,-0.32373,
-2.69775,,0.27468,-3.44331,0.76518,,-1.43226,,-0.8829,,-0.10791,
-2.99205,,1.19682,-3.36483,-0.15696,,-0.48069,,-0.72594,,-1.09872,
-3.18825,,0.6867,-3.6297,0.99081,,-0.02943,,-0.94176,,0.07848,
-2.61927,,0.95157,-3.14901,0.92214,,0.38259,,-0.04905,,-0.91233,
-2.49174,,-0.03924,-3.14901,1.55979,,1.11834,,0.27468,,-1.58922,
-2.1582,,1.00062,-1.2753,0.28449,,1.31454,,1.41264,,-0.73575,
-1.91295,,1.30473,-1.34397,0.40221,,1.83447,,1.22625,,0.45126,
-1.94238,,0.00981,-0.83385,1.46169,,1.57941,,2.36421,,-0.76518,
-1.2753,,0.72594,0.07848,0.79461,,1.8639,,1.32435,,-1.33416,
-1.57941,,0.93195,0.981,-0.94176,,2.44269,,2.2563,,1.10853,
-1.6677,,0.96138,0.47088,-0.34335,,2.7468,,2.71737,,1.72656,
-1.29492,,0.55917,1.23606,-0.85347,,2.8449,,3.3354,,0.10791,
-0.66708,,0.34335,1.18701,-1.49112,,2.47212,,2.79585,,-0.22563,
-1.09872,,0.51012,0.42183,-2.23668,,3.09996,,2.70756,,1.12815,
-0.40221,,0.54936,0.82404,-3.07053,,2.81547,,1.95219,,1.1772,
-0.37278,,0.45126,1.34397,-2.65851,,2.83509,,2.21706,,0.69651,
-0.21582,,0.93195,1.0791,-2.79585,,2.52117,,1.84428,,1.32435,
-1.19682,,0.36297,0.16677,-2.33478,,2.19744,,2.95281,,0.97119,
-0.51012,,-0.18639,1.14777,-2.69775,,1.7658,,2.18763,,0.83385,
-0.40221,,-0.0981,0.74556,-2.75661,,1.23606,,0.87309,,0.03924,
-0.7848,,0.52974,-1.42245,-3.18825,,0.93195,,0.92214,,-0.24525,
-0.72594,,-0.46107,-1.24587,-2.18763,,0.41202,,-0.60822,,-0.95157,
-0.5886,,0.08829,-1.59903,-3.2373,,-0.20601,,0.53955,,-1.61865,
-1.03005,,0.55917,-3.0411,-2.52117,,-0.59841,,0.31392,,-1.32435,
-1.10853,,0.92214,-2.99205,-1.61865,,-0.74556,,-0.07848,,-1.62846,
-1.05948,,-0.18639,-2.51136,-1.16739,,-1.58922,,-1.61865,,-1.55979,
-1.01043,,0.67689,-2.66832,-1.11834,,-1.84428,,-1.84428,,-1.48131,
-1.03986,,1.34397,-2.13858,-0.8829,,-2.40345,,-2.96262,,-1.11834,
-1.10853,,1.83447,-2.12877,-1.52055,,-2.72718,,-3.66894,,-2.88414,
-1.3734,,1.06929,-2.44269,-1.99143,,-2.51136,,-4.27716,,-2.75661,
-1.31454,,1.99143,-2.89395,-1.38321,,-2.3544,,-3.27654,,-2.02086,
-1.89333,,2.49174,-1.72656,-0.981,,-2.1582,,-3.11958,,-2.81547,
-2.00124,,2.48193,-2.86452,-1.20663,,-1.93257,,-3.61008,,-2.47212,
-2.40345,,2.01105,-2.89395,-1.26549,,-1.70694,,-2.91357,,-1.13796,
-2.38383,,1.98162,-2.43288,-1.42245,,-1.54017,,-2.40345,,-1.53036,
-2.49174,,2.61927,-1.49112,-0.96138,,-1.60884,,-1.82466,,-2.00124,
-3.01167,,1.70694,-1.91295,-1.85409,,-1.55979,,-2.31516,,0.31392,
-2.17782,,2.06991,-1.49112,-1.78542,,-1.20663,,-2.24649,,0.87309,
-2.29554,,1.962,-1.7658,-0.83385,,-0.83385,,-0.83385,,-0.52974,
-2.61927,,2.02086,-1.89333,-0.90252,,-0.54936,,-1.05948,,-0.44145,
-2.02086,,2.32497,-1.30473,-0.4905,,-0.44145,,-0.11772,,1.35378,
-1.63827,,2.1582,-3.37464,0.15696,,-0.10791,,0.56898,,1.78542,
-1.52055,,1.40283,-2.17782,-0.32373,,0.55917,,1.4715,,0.17658,
-1.03986,,1.49112,-3.15882,0.67689,,0.08829,,0.44145,,1.82466,
-1.15758,,1.16739,-2.01105,0.34335,,0.79461,,1.46169,,3.58065,
-0.44145,,1.31454,-1.42245,0.1962,,1.22625,,1.21644,,3.21768,
0.12753,,1.45188,-0.76518,0.10791,,1.61865,,2.26611,,2.40345,
1.20663,,1.18701,-1.79523,0.97119,,2.1582,,0.90252,,2.33478,
0.90252,,1.6677,-1.28511,-0.38259,,2.58984,,1.55979,,4.01229,
1.3734,,1.59903,-3.08034,0.54936,,2.97243,,2.78604,,2.18763,
1.88352,,0.981,-1.13796,0.1962,,2.13858,,1.85409,,1.22625,
1.90314,,0.32373,-1.10853,0.23544,,2.09934,,1.49112,,2.01105,
1.68732,,1.06929,-0.76518,0.28449,,2.43288,,1.34397,,1.3734,
2.07972,,0.56898,-0.83385,-0.27468,,2.58984,,1.79523,,1.03005,
2.46231,,-0.05886,-0.41202,-0.35316,,2.04048,,1.13796,,0.4905,
2.27592,,0.05886,-1.95219,0.59841,,3.18825,,0.41202,,1.48131,
1.45188,,-0.08829,-1.28511,0.25506,,2.47212,,0.33354,,-0.15696,
2.27592,,-0.72594,-1.57941,1.02024,,1.82466,,1.22625,,-0.89271,
2.06991,,0.15696,-2.86452,1.40283,,1.26549,,-0.1962,,-1.8639,
1.48131,,0.75537,-2.8449,1.23606,,1.4715,,-1.35378,,-1.32435,
1.30473,,0.63765,-1.26549,2.08953,,1.03005,,-0.8829,,-3.42369,
0.56898,,0.66708,-1.38321,2.11896,,0.64746,,-1.46169,,-1.7658,
1.03986,,1.38321,-0.82404,2.10915,,1.05948,,-2.26611,,-2.10915,
-0.20601,,0.93195,-1.36359,2.87433,,1.78542,,-3.2373,,-1.92276,
-0.32373,,0.59841,-1.26549,2.87433,,1.72656,,-2.49174,,-2.80566,
-0.72594,,0.40221,-1.78542,1.43226,,1.42245,,-2.24649,,-0.27468,
-0.981,,1.99143,-2.05029,1.95219,,1.68732,,-2.29554,,-1.24587,
-1.49112,,2.3544,-1.1772,1.14777,,1.82466,,-1.04967,,-1.82466,
-1.48131,,2.12877,0.42183,1.79523,,1.46169,,-1.65789,,-2.1582,
-2.2563,,2.70756,-0.38259,1.35378,,1.25568,,-1.65789,,-1.81485,
-2.03067,,2.02086,-0.06867,0.41202,,1.8639,,-1.35378,,-2.0601,
-2.14839,,1.50093,1.25568,1.41264,,2.14839,,-0.981,,-2.1582,
-1.74618,,1.44207,0.40221,0.73575,,1.49112,,-0.07848,,-0.42183,
-2.07972,,1.75599,-1.58922,0.24525,,1.73637,,0.18639,,1.03986,
-1.41264,,1.77561,-1.6677,-0.00981,,1.80504,,-0.38259,,0.7848,
-0.92214,,2.51136,-1.29492,0.51993,,1.60884,,0.71613,,-0.81423,
-0.87309,,1.70694,-1.2753,-0.31392,,0.981,,0.73575,,-0.95157,
-0.82404,,2.31516,-1.38321,0.8829,,1.41264,,0.84366,,-0.54936,
0.04905,,1.65789,-1.12815,0.67689,,2.30535,,2.41326,,-0.48069,
0.99081,,1.75599,-1.30473,0.47088,,2.58984,,0.89271,,0.76518,
1.26549,,1.57941,-0.73575,1.03005,,2.44269,,3.0411,,1.50093,
1.98162,,2.57022,-2.33478,1.13796,,2.98224,,1.1772,,2.34459,
2.3544,,2.41326,-1.30473,0.82404,,3.09015,,1.65789,,1.12815,
2.12877,,2.40345,-1.4715,0.90252,,2.62908,,1.48131,,2.43288,
1.83447,,2.65851,-2.86452,1.54998,,2.93319,,1.88352,,2.34459,
2.61927,,3.5316,-1.97181,1.38321,,3.17844,,1.48131,,1.91295,
2.82528,,2.943,-1.18701,1.61865,,3.67875,,2.04048,,-1.28511,
2.21706,,2.22687,-1.50093,1.69713,,3.7278,,2.08953,,2.00124,
2.93319,,1.46169,-1.30473,2.16801,,3.44331,,2.34459,,1.60884,
2.7468,,0.93195,-0.8829,2.41326,,3.63951,,3.29616,,1.69713,
2.76642,,0.79461,0.6867,1.49112,,3.8259,,1.65789,,0.6867,
1.88352,,0.92214,-0.52974,1.73637,,2.68794,,0.61803,,1.93257,
1.69713,,0.27468,-0.57879,2.98224,,3.02148,,1.36359,,1.1772,
1.2753,,1.09872,1.2753,2.21706,,3.08034,,1.2753,,-1.0791,
0.28449,,1.15758,2.02086,3.57084,,2.99205,,0.55917,,-1.79523,
0.87309,,1.03986,0.42183,3.88476,,3.0411,,-0.3924,,-2.79585,
0.66708,,0.30411,0.46107,5.20911,,2.97243,,-0.01962,,-1.55979,
0.16677,,0.03924,1.67751,4.23792,,2.87433,,-0.76518,,-1.62846,
-0.90252,,1.21644,1.69713,5.35626,,2.92338,,0.22563,,-0.72594,
-0.8829,,0.96138,1.75599,4.72842,,2.69775,,-0.40221,,-1.45188,
-2.05029,,1.71675,1.13796,4.84614,,2.87433,,-0.24525,,-1.06929,
-2.29554,,2.48193,3.05091,4.37526,,2.73699,,-0.60822,,-2.01105,
-2.27592,,3.03129,2.27592,6.1803,,2.92338,,-0.24525,,-3.37464,
-2.08953,,2.58003,1.28511,5.53284,,2.62908,,-0.93195,,-4.48317,
-2.8449,,3.02148,0.82404,5.41512,,3.1392,,-0.5886,,-3.60027,
-2.4525,,2.943,0.46107,4.32621,,2.19744,,-0.70632,,-2.09934,
-2.37402,,2.81547,0.08829,4.67937,,2.22687,,-0.83385,,-3.76704,
-2.33478,,2.67813,0.46107,3.78666,,2.12877,,0.42183,,-4.14963,
-2.92338,,2.31516,0.13734,2.49174,,1.72656,,-1.21644,,-3.78666,
-2.16801,,2.05029,0.71613,2.36421,,1.6677,,0.83385,,-4.59108,
-1.88352,,2.22687,0.34335,2.0601,,1.7658,,0.50031,,-6.44517,
-1.87371,,2.02086,-0.22563,1.84428,,1.1772,,-0.12753,,-5.85657,
-1.28511,,2.41326,-0.26487,1.19682,,1.13796,,0.73575,,-4.22811,
-0.71613,,2.27592,-0.26487,2.41326,,0.70632,,-0.2943,,-4.28697,
-0.72594,,2.80566,0.4905,1.65789,,0.27468,,0.18639,,-6.1803,
-0.15696,,2.47212,-0.02943,1.45188,,-0.48069,,-0.95157,,-6.16068,
0.21582,,2.50155,-0.66708,0.44145,,-0.21582,,0.47088,,-4.33602,
0.21582,,2.44269,1.75599,1.49112,,-0.13734,,-0.24525,,-4.10058,
0.77499,,2.26611,0.74556,1.42245,,-0.12753,,0.79461,,-5.09139,
0.8829,,2.00124,0.03924,1.15758,,-0.50031,,0.06867,,-4.905,
1.67751,,1.85409,0.1962,1.53036,,-0.01962,,0.5886,,-3.75723,
1.33416,,2.06991,1.21644,1.92276,,0.41202,,0.51012,,-4.2183,
1.57941,,2.85471,0.37278,2.39364,,-0.27468,,-0.97119,,-4.08096,
1.0791,,1.59903,0.35316,2.19744,,-0.11772,,0.981,,-4.79709,
1.48131,,1.52055,1.46169,2.4525,,0.54936,,-0.12753,,-3.27654,
1.13796,,0.77499,1.91295,2.57022,,0.02943,,0.23544,,-4.04172,
0.63765,,1.23606,1.45188,2.87433,,0.31392,,0.06867,,-4.53222,
0.37278,,0.17658,2.14839,3.2373,,1.01043,,1.11834,,-4.20849,
0.38259,,-0.69651,2.81547,2.72718,,0.81423,,0.56898,,-3.47274,
-0.13734,,-0.67689,2.40345,2.62908,,0.10791,,-0.00981,,-4.40469,
-1.24587,,-0.34335,1.88352,3.11958,,-0.05886,,-0.59841,,-1.81485,
-1.25568,,-0.65727,2.5506,3.37464,,0.03924,,0.0981,,-3.14901,
-2.04048,,-0.55917,2.73699,3.11958,,-0.35316,,0.36297,,-3.18825,
-2.00124,,-0.63765,3.09015,3.46293,,0.14715,,-0.89271,,-3.07053,
-2.78604,,-0.65727,2.05029,3.89457,,0.16677,,0.53955,,-1.40283,
-2.76642,,-0.6867,2.43288,2.59965,,0.37278,,0.01962,,-2.86452,
-2.68794,,0.23544,2.29554,2.69775,,0.41202,,0.97119,,-1.91295,
-2.72718,,1.23606,1.31454,2.75661,,0.60822,,-0.87309,,-2.05029,
-2.43288,,0.8829,1.33416,2.96262,,1.09872,,-0.59841,,0.59841,
-2.28573,,0.91233,0.45126,2.56041,,0.92214,,0.32373,,-0.26487,
-2.20725,,1.93257,0.89271,2.08953,,1.42245,,-0.21582,,-0.52974,
-1.52055,,1.88352,0.20601,2.52117,,1.59903,,-0.14715,,-1.78542,
-1.7658,,1.58922,-0.41202,2.42307,,2.98224,,-0.38259,,-0.70632,
-1.09872,,1.49112,-0.11772,1.24587,,3.02148,,-0.8829,,-2.0601,
-0.72594,,1.92276,0.52974,1.03986,,2.61927,,0.03924,,-1.4715,
0.04905,,1.98162,0.53955,0.87309,,2.28573,,-1.88352,,-1.70694,
-0.22563,,1.7658,-0.47088,0.94176,,2.50155,,-1.64808,,-1.89333,
-0.30411,,1.52055,0.81423,0.25506,,1.4715,,-1.74618,,-3.84552,
0.31392,,2.49174,0.43164,0.08829,,1.40283,,-1.01043,,-3.09996,
0.48069,,2.62908,-0.00981,0.46107,,1.09872,,-2.10915,,-2.04048,
-0.06867,,1.94238,-0.37278,1.83447,,1.5696,,-2.07972,,-3.31578,
-0.06867,,1.41264,0.17658,0.8829,,0.71613,,-2.10915,,-3.36483,
0.43164,,1.4715,1.38321,1.10853,,0.55917,,-1.68732,,-2.92338,
0.36297,,1.78542,1.99143,0.99081,,0.59841,,-3.54141,,-2.43288,
-0.04905,,1.55979,1.88352,0.91233,,-0.20601,,-2.85471,,-3.17844,
0.08829,,1.38321,1.99143,0.7848,,-0.70632,,-2.08953,,-3.80628,
0.11772,,1.03005,3.06072,1.29492,,-0.60822,,-3.19806,,-2.29554,
0.03924,,1.54998,1.41264,1.23606,,-1.0791,,-3.24711,,-1.20663,
-0.27468,,1.54998,2.24649,1.38321,,-0.70632,,-1.78542,,-1.68732,
0.23544,,0.51012,2.53098,0.981,,-0.46107,,-2.26611,,-1.06929,
-0.14715,,0.60822,3.57084,2.1582,,-0.83385,,-1.50093,,-0.73575,
-0.38259,,0.4905,1.88352,1.12815,,-0.72594,,-2.37402,,-0.52974,
-0.35316,,0.0981,3.52179,1.65789,,-0.72594,,-0.34335,,-0.92214,
-1.08891,,0.1962,3.08034,2.18763,,-0.77499,,-3.19806,,-1.5696,
-1.30473,,0.0981,3.09015,3.19806,,-1.30473,,-2.4525,,-1.42245,
-1.68732,,0.15696,2.18763,3.8259,,-0.5886,,-1.10853,,-1.61865,
-1.84428,,0.91233,1.15758,2.46231,,-0.59841,,0.62784,,-2.44269,
-2.31516,,0.63765,1.25568,3.42369,,0.08829,,-1.28511,,-0.7848,
-2.41326,,0.65727,0.95157,5.09139,,-0.63765,,-0.80442,,-1.54998,
-2.80566,,0.57879,0.26487,4.4145,,0.13734,,-0.96138,,-1.18701,
-3.29616,,1.1772,1.19682,4.13982,,-0.06867,,-0.76518,,-0.32373,
-3.24711,,1.35378,0.52974,4.1202,,-0.43164,,-1.39302,,-0.32373,
-2.96262,,1.00062,0.10791,3.89457,,-0.66708,,-0.43164,,-0.61803,
-2.52117,,0.93195,-0.50031,4.71861,,-0.1962,,-0.71613,,-1.28511,
-3.12939,,1.59903,-1.28511,3.52179,,0.23544,,-0.42183,,-0.14715,
-2.89395,,1.46169,-1.58922,3.64932,,0.03924,,-0.59841,,-0.04905,
-1.91295,,2.24649,-1.55979,4.16925,,0.50031,,0.42183,,1.13796,
-2.16801,,1.55979,-1.97181,2.52117,,0.18639,,-0.25506,,0.3924,
-1.55979,,1.68732,-1.8639,2.21706,,0.43164,,-0.37278,,0.3924,
-1.85409,,1.89333,-2.07972,2.91357,,0.67689,,1.0791,,-0.14715,
-0.82404,,1.68732,-1.73637,2.30535,,0.11772,,-0.32373,,-0.44145,
-0.18639,,2.20725,-1.42245,1.99143,,0.84366,,-0.47088,,-2.75661,
-0.32373,,1.84428,-1.67751,2.77623,,1.18701,,-1.16739,,-2.32497,
0.17658,,2.13858,-2.80566,2.23668,,1.59903,,-1.0791,,-1.74618,
0.8829,,1.77561,-1.97181,3.55122,,0.8829,,-1.88352,,-3.15882,
0.79461,,2.8449,-1.80504,2.13858,,1.25568,,-1.90314,,-2.58984,
0.3924,,2.22687,-2.48193,2.79585,,0.8829,,-1.97181,,-3.09015,
0.38259,,2.23668,-1.71675,2.42307,,0.72594,,-1.73637,,-2.60946,
0.62784,,2.57022,-0.00981,4.50279,,0.25506,,-3.01167,,-4.62051,
0.65727,,2.69775,0.51012,2.67813,,0.41202,,-2.5506,,-5.17968,
0.65727,,1.79523,-0.27468,3.55122,,0.3924,,-3.49236,,-4.33602,
0.981,,2.05029,0.76518,2.46231,,0.26487,,-3.60027,,-3.68856,
1.20663,,2.2563,1.95219,2.91357,,-0.18639,,-3.42369,,-5.27778,
1.80504,,2.01105,0.981,1.0791,,0.80442,,-3.8259,,-4.64013,
0.67689,,0.56898,0.35316,1.43226,,-0.50031,,-4.43412,,-3.00186,
1.1772,,0.35316,2.42307,2.70756,,0.10791,,-3.48255,,-2.31516,
0.38259,,0.21582,2.7468,2.49174,,0.08829,,-3.42369,,-1.80504,
0.0981,,-0.31392,2.0601,2.87433,,0.04905,,-2.20725,,-2.48193,
-0.07848,,-1.2753,1.85409,2.4525,,0.47088,,-2.42307,,-2.47212,
0.45126,,-1.12815,3.77685,4.38507,,0.48069,,-2.23668,,-2.19744,
-0.70632,,-0.74556,2.96262,4.00248,,0.64746,,-2.03067,,-1.67751,
0.10791,,-1.44207,1.71675,4.26735,,1.15758,,-1.45188,,-1.98162,
-0.13734,,-1.34397,0.24525,5.31702,,0.20601,,-2.1582,,-1.22625,
-0.81423,,-0.8829,1.06929,5.84676,,0.71613,,-1.75599,,-0.26487,
-1.21644,,-0.47088,0.42183,5.56227,,1.11834,,-0.57879,,-0.84366,
-0.97119,,-0.25506,-0.86328,5.86638,,1.14777,,0.61803,,0.0,
-1.26549,,0.04905,-1.21644,6.39612,,1.13796,,0.25506,,1.64808,
-0.81423,,0.71613,-0.40221,7.0632,,1.28511,,-0.31392,,0.43164,
-1.06929,,1.21644,-1.03986,6.56289,,1.57941,,0.67689,,0.32373,
-0.4905,,1.68732,-2.11896,5.67018,,2.13858,,0.95157,,-1.32435,
-0.55917,,1.52055,-2.26611,5.34645,,1.58922,,0.03924,,-0.12753,
-0.74556,,1.80504,-2.39364,5.89581,,2.09934,,0.10791,,1.69713,
-0.65727,,1.62846,-3.58065,5.11101,,2.29554,,-0.24525,,-0.34335,
-0.42183,,1.99143,-3.0411,4.83633,,2.66832,,1.28511,,0.83385,
-0.42183,,2.32497,-1.67751,4.08096,,2.59965,,-0.24525,,1.70694,
-0.10791,,1.962,-2.62908,4.64013,,2.05029,,-0.03924,,1.60884,
0.25506,,1.59903,-1.90314,3.78666,,2.92338,,-0.12753,,-0.87309,
0.67689,,1.09872,-1.33416,2.943,,2.943,,1.06929,,0.74556,
0.63765,,1.13796,-0.96138,2.33478,,1.71675,,0.48069,,0.75537,
0.61803,,1.09872,-1.0791,2.12877,,0.96138,,-0.65727,,-0.20601,
0.37278,,1.03005,-0.71613,2.69775,,0.76518,,-0.8829,,-1.90314,
0.50031,,1.3734,1.04967,3.16863,,0.77499,,-0.42183,,-0.99081,
0.16677,,1.55979,0.2943,2.87433,,-0.01962,,-2.52117,,-0.55917,
0.51012,,2.14839,1.71675,2.1582,,-0.90252,,-1.83447,,-0.82404,
0.3924,,1.72656,1.962,2.96262,,-0.61803,,-1.82466,,-2.92338,
0.69651,,1.99143,3.63951,1.45188,,-0.37278,,-0.23544,,-1.59903,
0.87309,,1.70694,2.67813,2.82528,,-1.45188,,-1.30473,,-2.93319,
0.38259,,0.95157,3.59046,2.12877,,-0.84366,,-1.43226,,-5.42493,
0.38259,,1.25568,4.48317,2.28573,,-0.07848,,-1.30473,,-6.73947,
0.12753,,0.92214,4.6107,2.1582,,-0.90252,,-0.34335,,-5.27778,
-0.31392,,1.1772,4.25754,2.28573,,-0.72594,,-0.75537,,-5.44455,
0.15696,,0.87309,3.87495,2.91357,,-0.46107,,-0.70632,,-6.6708,
-0.32373,,0.63765,4.48317,1.98162,,0.63765,,-0.03924,,-4.85595,
-0.28449,,-0.10791,3.86514,2.38383,,0.41202,,0.26487,,-5.33664,
-0.05886,,-0.6867,2.58003,3.50217,,0.10791,,0.43164,,-4.69899,
0.43164,,-1.5696,3.37464,2.80566,,0.64746,,-0.11772,,-5.38569,
0.13734,,-1.98162,3.37464,3.07053,,1.26549,,0.46107,,-4.35564,
-0.11772,,-2.26611,2.95281,3.4335,,0.60822,,1.20663,,-4.17906,
0.06867,,-2.19744,1.88352,3.71799,,0.0,,0.56898,,-2.62908,
0.20601,,-1.65789,1.93257,3.35502,,0.14715,,0.65727,,-3.20787,
-0.83385,,-1.69713,2.2563,4.64013,,0.89271,,1.02024,,-0.67689,
-1.13796,,-1.08891,-0.01962,5.13063,,-0.45126,,1.92276,,-0.85347,
0.13734,,-0.63765,-0.21582,5.50341,,-0.20601,,0.12753,,-1.84428,
-0.12753,,-1.01043,-0.85347,4.24773,,0.22563,,0.76518,,-2.40345,
-1.01043,,-1.31454,-1.06929,4.65975,,0.95157,,1.53036,,1.11834,
-0.44145,,-0.26487,-2.05029,5.25816,,-0.28449,,1.44207,,-0.15696,
-0.14715,,0.03924,-1.42245,4.64013,,0.17658,,0.45126,,-2.43288,
-0.96138,,0.89271,-1.92276,3.60027,,0.82404,,0.90252,,-2.16801,
-0.59841,,1.04967,-1.74618,4.84614,,1.33416,,0.46107,,-0.27468,
-0.43164,,1.1772,-2.4525,3.63951,,-0.03924,,1.44207,,-0.62784,
-0.06867,,1.83447,-2.08953,3.40407,,0.97119,,1.03986,,-2.0601,
-0.01962,,1.93257,-2.69775,2.81547,,0.75537,,2.08953,,-0.51993,
0.21582,,1.03005,-2.30535,1.60884,,0.6867,,1.52055,,-0.70632,
-0.10791,,1.11834,-1.92276,2.68794,,-0.26487,,2.02086,,-1.97181,
-0.13734,,1.8639,-0.92214,1.60884,,-0.60822,,0.08829,,-3.99267,
-0.54936,,1.29492,-0.32373,2.34459,,-1.18701,,0.37278,,-2.24649,
-0.25506,,1.25568,-0.46107,1.54998,,-1.10853,,-0.44145,,-1.7658,
-0.36297,,1.88352,1.19682,0.65727,,-3.17844,,0.17658,,-3.78666,
-0.17658,,2.10915,2.23668,1.55979,,-2.96262,,-0.56898,,-3.66894,
-0.11772,,1.68732,2.54079,0.95157,,-3.00186,,1.02024,,-0.64746,
-0.55917,,1.38321,2.28573,0.31392,,-3.65913,,1.12815,,-2.04048,
-0.52974,,1.16739,3.25692,0.30411,,-4.29678,,0.95157,,-3.48255,
-0.66708,,1.59903,3.54141,0.37278,,-4.23792,,0.07848,,-2.92338,
-1.2753,,0.94176,3.94362,0.7848,,-4.16925,,-0.76518,,-3.26673,
-0.28449,,1.04967,4.0221,1.1772,,-4.25754,,-1.10853,,-5.14044,
-0.10791,,1.05948,4.14963,0.37278,,-3.81609,,-1.52055,,-7.34769,
-0.76518,,0.57879,4.17906,0.6867,,-3.60027,,-1.65789,,-3.78666,
-0.34335,,0.54936,3.52179,1.2753,,-2.72718,,-0.94176,,-3.12939,
-0.17658,,0.66708,2.60946,1.87371,,-2.71737,,-0.11772,,-3.26673,
-0.81423,,-0.07848,2.37402,1.46169,,-2.1582,,0.12753,,-4.66956,
-1.11834,,-0.43164,1.52055,1.05948,,-1.58922,,0.53955,,-1.22625,
-0.8829,,-0.63765,0.41202,1.73637,,-1.98162,,0.2943,,-2.85471,
-0.96138,,-0.10791,0.57879,2.28573,,-1.51074,,0.16677,,-3.06072,
-0.83385,,-0.04905,-0.03924,3.29616,,-1.15758,,0.28449,,-2.12877,
-0.81423,,0.0,-0.06867,3.02148,,-1.19682,,-1.45188,,-0.44145,
-0.54936,,0.24525,-0.64746,3.68856,,-1.44207,,-0.7848,,-0.17658,
-1.49112,,0.26487,-0.22563,3.25692,,-0.84366,,-1.0791,,0.04905,
-1.65789,,-0.55917,-0.75537,2.95281,,-0.63765,,0.50031,,3.34521,
-1.20663,,-0.31392,-0.27468,3.27654,,-0.87309,,0.12753,,2.54079,
-2.33478,,0.54936,-1.20663,3.55122,,-0.99081,,-0.00981,,2.57022,
-1.6677,,0.63765,-1.09872,2.97243,,-0.99081,,0.03924,,2.07972,
-1.13796,,0.99081,-0.64746,2.59965,,-0.67689,,0.56898,,5.1012,
-0.73575,,1.18701,-1.58922,2.78604,,-1.05948,,-0.81423,,1.78542,
-0.87309,,1.16739,-1.04967,2.98224,,-0.65727,,-0.82404,,1.61865,
-1.09872,,1.78542,-1.48131,2.49174,,-0.53955,,-1.01043,,0.61803,
-1.1772,,1.11834,-1.1772,2.00124,,-1.33416,,-1.31454,,1.03005,
-0.92214,,1.29492,-1.74618,2.39364,,-1.15758,,-0.40221,,0.06867,
-1.41264,,1.54998,-2.21706,3.11958,,-1.40283,,-1.08891,,1.50093,
-1.39302,,1.03005,-2.01105,2.29554,,-1.38321,,-0.15696,,-0.01962,
-1.16739,,0.41202,-1.80504,1.93257,,-2.24649,,-1.19682,,-0.40221,
-0.72594,,0.85347,-0.67689,2.11896,,-2.08953,,-0.20601,,-1.39302,
-0.71613,,0.86328,-1.53036,2.52117,,-2.61927,,-0.86328,,-1.67751,
-1.10853,,0.53955,-0.23544,2.12877,,-2.69775,,-2.29554,,-1.91295,
-0.94176,,0.00981,0.05886,2.01105,,-3.68856,,-2.34459,,-2.30535,
-0.2943,,0.33354,-0.28449,2.96262,,-3.06072,,-3.09015,,-1.55979,
-0.46107,,0.53955,0.21582,3.2373,,-3.29616,,-3.44331,,-1.54998,
-0.50031,,1.20663,0.44145,2.30535,,-3.70818,,-3.87495,,-1.78542,
-0.10791,,0.84366,1.45188,3.1392,,-3.86514,,-2.8449,,-2.42307,
0.33354,,0.7848,1.42245,3.41388,,-2.79585,,-2.29554,,-1.35378,
0.52974,,0.25506,1.89333,2.62908,,-2.83509,,-2.49174,,-1.59903,
0.26487,,0.65727,2.37402,1.33416,,-3.06072,,-2.70756,,-2.36421,
0.03924,,0.82404,1.03005,2.01105,,-2.39364,,-2.60946,,-1.02024,
0.24525,,0.77499,1.32435,1.72656,,-1.69713,,-2.56041,,-0.87309,
0.11772,,1.14777,0.76518,1.54998,,-1.41264,,-3.36483,,-1.29492,
-0.03924,,1.2753,-0.0981,1.74618,,-1.41264,,-3.58065,,-0.27468,
0.22563,,1.01043,-0.10791,2.28573,,-1.13796,,-2.39364,,0.13734,
-0.24525,,1.03005,0.25506,2.19744,,-0.63765,,-2.31516,,2.24649,
0.21582,,1.13796,1.13796,2.4525,,-0.37278,,-2.08953,,1.03005,
-0.03924,,0.81423,-2.10915,1.99143,,-0.75537,,-1.58922,,1.92276,
-0.40221,,0.76518,-1.41264,1.59903,,0.0981,,-1.30473,,1.7658,
-1.06929,,0.42183,-1.32435,1.64808,,0.38259,,-1.29492,,1.90314,
-0.55917,,1.09872,-1.71675,1.64808,,0.33354,,-1.29492,,2.98224,
-0.85347,,1.71675,-2.92338,2.52117,,0.42183,,-1.36359,,4.0221,
-0.63765,,2.24649,-2.08953,1.87371,,0.5886,,-1.55979,,4.28697,
-0.72594,,2.61927,-1.69713,1.45188,,0.26487,,-0.87309,,5.72904,
-0.75537,,2.09934,-0.84366,2.01105,,0.65727,,-1.21644,,4.22811,
-0.99081,,1.91295,-1.8639,1.69713,,0.10791,,-0.64746,,4.1202,
-0.81423,,1.43226,-1.64808,1.71675,,0.48069,,-0.96138,,4.74804,
-1.11834,,1.95219,-1.45188,1.73637,,0.62784,,-0.50031,,5.1012,
-1.43226,,1.12815,-2.33478,1.52055,,0.72594,,-0.99081,,5.45436,
-1.16739,,1.10853,-2.09934,1.21644,,0.02943,,-1.19682,,1.962,
-0.87309,,0.73575,-2.13858,0.95157,,-0.62784,,-1.22625,,3.24711,
-0.64746,,0.96138,-2.87433,1.58922,,-0.5886,,-0.26487,,1.79523,
-1.24587,,1.05948,-1.39302,1.72656,,-1.65789,,-0.36297,,1.60884,
-1.34397,,0.41202,-0.5886,0.97119,,-2.21706,,-0.84366,,2.54079,
-0.77499,,0.06867,0.23544,1.59903,,-2.58984,,-0.7848,,1.46169,
-1.21644,,-0.14715,-0.53955,1.89333,,-2.37402,,-1.81485,,0.0981,
-0.92214,,0.13734,-0.21582,1.94238,,-2.87433,,-2.05029,,-1.22625,
-0.75537,,-0.53955,0.33354,2.00124,,-2.44269,,-1.67751,,-0.75537,
-0.26487,,-0.56898,0.37278,2.00124,,-3.48255,,-2.26611,,-2.31516,
0.79461,,-0.35316,-0.02943,1.94238,,-2.6487,,-2.46231,,-2.06991,
0.45126,,-0.52974,0.38259,1.20663,,-2.78604,,-2.51136,,-3.47274,
0.64746,,-0.06867,1.5696,1.54998,,-2.65851,,-3.34521,,-1.68732,
0.81423,,0.11772,1.14777,1.08891,,-2.58003,,-2.81547,,-2.53098,
1.03005,,0.17658,1.81485,0.96138,,-2.0601,,-2.23668,,-2.30535,
1.23606,,0.81423,2.26611,0.77499,,-1.10853,,-3.36483,,-2.47212,
2.18763,,0.42183,2.13858,1.39302,,-0.24525,,-3.3354,,-0.18639,
2.0601,,0.42183,0.8829,0.82404,,-0.81423,,-2.62908,,-1.77561,
2.58003,,-0.45126,2.50155,0.75537,,-0.3924,,-3.0411,,-0.73575,
2.96262,,-0.55917,1.53036,0.63765,,1.29492,,-2.54079,,0.02943,
2.33478,,-0.00981,0.27468,1.54017,,0.61803,,-1.87371,,0.69651,
1.98162,,-1.09872,0.42183,0.83385,,0.41202,,-1.64808,,1.97181,
2.19744,,-1.15758,1.49112,0.56898,,1.21644,,-1.40283,,3.09015,
1.71675,,-0.2943,-0.13734,0.44145,,1.70694,,-0.87309,,3.0411,
1.64808,,0.36297,0.92214,1.32435,,1.33416,,0.48069,,3.18825,
1.5696,,0.31392,1.20663,0.52974,,-0.00981,,-0.16677,,4.8069,
1.59903,,0.6867,0.95157,1.04967,,-0.14715,,1.11834,,3.89457,
1.52055,,1.03986,-0.26487,1.10853,,0.81423,,0.40221,,6.30783,
0.45126,,1.51074,-0.23544,1.71675,,-0.27468,,1.42245,,3.79647,
0.04905,,0.69651,-0.21582,0.95157,,-0.47088,,1.24587,,5.56227,
0.12753,,0.69651,-1.1772,0.85347,,0.15696,,1.30473,,4.69899,
0.38259,,1.80504,-2.36421,1.58922,,-0.28449,,1.02024,,3.73761,
-0.02943,,1.53036,-0.52974,1.45188,,-0.72594,,1.55979,,3.58065,
0.32373,,2.51136,-1.59903,0.84366,,-0.81423,,0.53955,,4.87557,
0.59841,,2.31516,-1.97181,1.40283,,-1.52055,,0.28449,,4.14963,
-0.08829,,1.26549,-1.75599,2.36421,,-1.81485,,0.85347,,3.25692,
0.15696,,1.78542,-1.79523,2.19744,,-1.42245,,0.12753,,2.59965,
0.41202,,1.65789,-3.3354,2.1582,,-1.50093,,-1.32435,,3.5316,
0.14715,,0.8829,-2.14839,2.39364,,-2.03067,,-1.82466,,1.84428,
-0.08829,,0.27468,-3.35502,2.72718,,-2.2563,,-1.22625,,1.30473,
0.80442,,0.16677,-2.67813,2.11896,,-2.40345,,-0.67689,,1.22625,
1.20663,,0.20601,-2.73699,1.83447,,-2.19744,,-0.8829,,-0.65727,
0.81423,,-0.74556,-1.40283,2.58003,,-3.4335,,-1.00062,,0.46107,
0.70632,,-0.70632,0.11772,2.38383,,-3.40407,,-1.42245,,-1.59903,
0.59841,,-1.04967,1.49112,2.71737,,-2.72718,,-0.63765,,-1.82466,
0.8829,,-1.7658,0.65727,2.86452,,-2.93319,,-0.92214,,-2.44269,
0.84366,,-1.58922,1.84428,2.79585,,-2.69775,,-1.16739,,-2.12877,
1.3734,,-0.80442,0.0981,1.34397,,-2.58984,,-1.72656,,-0.94176,
1.84428,,-0.27468,1.05948,0.67689,,-2.31516,,-1.15758,,-2.17782,
1.962,,-1.20663,0.65727,1.3734,,-1.18701,,-2.53098,,-2.61927,
2.95281,,-1.01043,2.88414,0.74556,,-0.94176,,-2.75661,,-1.10853,
3.07053,,-1.23606,2.79585,0.67689,,-1.23606,,-2.19744,,-0.45126,
2.62908,,-1.41264,2.40345,0.40221,,-0.57879,,-3.06072,,-1.72656,
2.89395,,-2.10915,2.5506,0.65727,,0.94176,,-2.99205,,-0.67689,
3.46293,,-1.26549,2.66832,0.42183,,0.34335,,-2.31516,,0.94176,
3.18825,,-1.01043,2.3544,-0.40221,,0.89271,,-2.78604,,1.42245,
3.25692,,-1.10853,1.08891,-0.92214,,1.70694,,-2.5506,,0.57879,
3.66894,,-0.70632,1.4715,-1.01043,,1.41264,,-2.98224,,2.77623,
3.58065,,-0.71613,2.32497,-1.58922,,1.91295,,-2.7468,,3.55122,
3.64932,,-1.04967,2.68794,-1.25568,,1.44207,,-1.58922,,3.05091,
3.48255,,-1.32435,2.29554,-0.77499,,1.30473,,-1.03005,,1.85409,
2.66832,,-1.58922,2.17782,-0.76518,,1.28511,,-1.54017,,3.51198,
2.51136,,-1.83447,1.98162,-1.39302,,0.74556,,-0.51993,,3.18825,
2.48193,,-0.66708,1.49112,-1.36359,,0.12753,,-0.11772,,2.70756,
1.92276,,-1.0791,1.35378,-1.41264,,0.35316,,0.16677,,1.95219,
2.17782,,-0.1962,0.46107,-1.79523,,-0.8829,,0.92214,,4.29678,
1.81485,,-0.07848,1.43226,-2.01105,,-1.05948,,1.71675,,5.11101,
1.33416,,0.20601,1.95219,-1.62846,,-1.62846,,1.38321,,2.22687,
2.00124,,0.13734,2.13858,-0.95157,,-1.82466,,1.36359,,1.99143,
1.73637,,0.96138,1.44207,-0.52974,,-2.3544,,2.32497,,4.46355,
1.21644,,0.46107,1.0791,-1.1772,,-2.88414,,0.7848,,4.39488,
2.06991,,0.22563,-0.57879,-0.99081,,-3.39426,,0.76518,,2.31516,
2.10915,,0.13734,0.10791,-0.55917,,-3.86514,,1.82466,,2.65851,
1.22625,,0.18639,-1.89333,-0.8829,,-3.32559,,1.34397,,3.85533,
1.57941,,0.02943,-0.06867,-1.1772,,-3.88476,,0.67689,,3.6297,
1.63827,,-0.17658,-0.21582,-0.82404,,-3.56103,,1.29492,,2.76642,
1.23606,,-1.54998,-0.7848,-0.42183,,-3.77685,,0.80442,,2.79585,
1.11834,,-1.26549,-0.64746,-0.11772,,-3.69837,,-0.46107,,3.56103,
1.2753,,-1.33416,-0.10791,0.02943,,-3.7278,,-0.22563,,3.09015,
0.56898,,-1.97181,-1.10853,0.02943,,-3.35502,,-0.34335,,1.39302,
0.61803,,-1.88352,-1.04967,-0.11772,,-4.08096,,1.62846,,2.40345,
1.49112,,-2.22687,-2.46231,-0.1962,,-4.11039,,-1.15758,,2.80566,
0.35316,,-1.55979,0.05886,-0.42183,,-3.17844,,-1.06929,,0.10791,
-0.42183,,-2.67813,-0.20601,-0.63765,,-2.78604,,-0.24525,,1.55979,
-0.06867,,-2.16801,-0.01962,-0.42183,,-2.69775,,0.20601,,0.97119,
0.11772,,-1.46169,-0.17658,-0.82404,,-2.28573,,-0.15696,,3.71799,
-0.10791,,-1.02024,0.90252,-0.74556,,-2.1582,,0.0,,0.97119,
-0.45126,,-1.01043,0.53955,-0.96138,,-1.95219,,-0.81423,,0.59841,
0.46107,,-1.34397,0.70632,-1.21644,,-2.23668,,-0.15696,,1.7658,
0.70632,,-0.13734,0.8829,-1.71675,,-1.88352,,0.2943,,3.20787,
0.30411,,0.14715,1.79523,-1.61865,,-1.13796,,-1.26549,,2.05029,
-0.16677,,0.00981,2.41326,-1.64808,,-1.21644,,-0.60822,,0.37278,
0.80442,,0.69651,3.30597,-2.12877,,-1.15758,,-0.99081,,0.92214,
1.4715,,0.50031,2.5506,-2.17782,,-1.00062,,0.14715,,2.36421,
0.45126,,0.70632,3.22749,-2.30535,,-0.14715,,-1.33416,,3.57084,
1.32435,,-0.24525,3.77685,-1.87371,,-0.32373,,-1.82466,,1.26549,
1.95219,,0.3924,3.7278,-1.49112,,-0.70632,,-0.52974,,3.18825,
2.07972,,-0.01962,2.7468,-1.13796,,-0.64746,,-0.93195,,2.41326,
1.55979,,0.59841,3.09996,-1.43226,,0.04905,,-1.65789,,1.61865,
1.39302,,0.80442,2.943,-1.8639,,0.12753,,-1.03005,,1.0791,
2.48193,,0.2943,1.85409,-2.0601,,0.04905,,0.26487,,1.82466,
1.82466,,0.83385,1.93257,-2.20725,,-0.18639,,0.38259,,0.76518,
0.86328,,1.10853,1.24587,-2.30535,,-0.15696,,-0.65727,,4.27716,
1.71675,,0.22563,1.04967,-2.12877,,-0.48069,,-1.25568,,2.04048,
2.70756,,0.74556,1.31454,-2.3544,,-0.46107,,1.23606,,5.61132,
1.33416,,0.43164,0.90252,-2.58003,,-1.41264,,0.90252,,0.76518,
1.02024,,0.5886,1.99143,-2.91357,,-0.85347,,1.54017,,1.49112,
1.95219,,0.73575,1.46169,-2.33478,,-1.36359,,0.86328,,1.25568,
0.59841,,0.11772,-0.20601,-2.6487,,-1.41264,,1.15758,,3.2373,
0.62784,,0.65727,0.41202,-2.59965,,-2.02086,,2.46231,,4.44393,
0.27468,,0.41202,0.55917,-2.41326,,-2.72718,,2.23668,,3.59046,
-0.0981,,0.63765,-0.1962,-2.27592,,-2.17782,,0.75537,,4.82652,
0.41202,,0.2943,1.54017,-2.69775,,-2.91357,,1.58922,,5.22873,
0.15696,,0.42183,1.95219,-3.12939,,-3.924,,1.29492,,4.27716,
-0.08829,,0.06867,1.45188,-2.58003,,-3.46293,,1.50093,,3.95343,
-0.14715,,-0.30411,1.64808,-2.60946,,-3.05091,,0.79461,,3.31578,
-0.23544,,-0.64746,1.24587,-1.90314,,-3.12939,,0.15696,,-0.0981,
-0.67689,,-0.36297,0.57879,-1.64808,,-3.59046,,2.21706,,2.33478,
-0.51993,,-0.82404,-0.11772,-1.62846,,-2.79585,,1.70694,,2.0601,
-0.79461,,-0.52974,-1.61865,-0.96138,,-2.42307,,-1.00062,,2.59965,
-0.69651,,-0.40221,-0.65727,-1.38321,,-2.07972,,0.62784,,1.03005,
0.1962,,-0.47088,-0.61803,-1.74618,,-1.58922,,0.73575,,2.3544,
-0.96138,,-0.43164,0.85347,-1.84428,,-1.44207,,-0.36297,,1.87371,
-0.44145,,0.15696,0.13734,-2.22687,,-1.5696,,-1.31454,,-1.57941,
0.21582,,-0.36297,0.26487,-1.83447,,-0.60822,,-1.83447,,-2.17782,
-1.0791,,-0.18639,1.13796,-2.12877,,-0.84366,,0.02943,,-1.49112,
-1.03986,,0.87309,0.40221,-1.67751,,-0.57879,,-0.01962,,0.62784,
-0.75537,,0.60822,-0.06867,-1.04967,,-0.55917,,-1.18701,,-1.2753,
-0.53955,,0.57879,1.03005,-1.7658,,0.08829,,-1.38321,,2.97243,
-1.03005,,1.34397,2.32497,-1.23606,,-0.40221,,-1.19682,,2.00124,
0.0,,1.71675,1.94238,-1.22625,,0.07848,,-1.31454,,0.3924,
1.0791,,1.48131,1.23606,-1.71675,,0.01962,,-0.70632,,0.74556,
0.25506,,1.03986,3.47274,-1.85409,,1.13796,,-2.91357,,1.72656,
0.8829,,1.44207,2.0601,-1.91295,,0.18639,,-1.80504,,0.72594,
1.3734,,1.01043,2.65851,-2.17782,,0.10791,,-1.41264,,-1.51074,
1.72656,,0.80442,1.26549,-1.82466,,0.50031,,-1.74618,,1.25568,
1.28511,,0.13734,1.30473,-2.11896,,0.02943,,-3.40407,,3.81609,
2.07972,,0.86328,0.83385,-1.64808,,0.61803,,-3.01167,,1.65789,
2.87433,,0.82404,-0.12753,-1.69713,,0.23544,,-1.09872,,1.06929,
2.5506,,-0.04905,0.44145,-2.39364,,0.94176,,-1.70694,,4.19868,
2.71737,,-0.53955,-0.15696,-1.80504,,1.43226,,-2.10915,,2.40345,
3.11958,,0.03924,0.42183,-2.01105,,1.42245,,-1.8639,,1.65789,
2.57022,,-0.70632,-0.1962,-2.51136,,0.981,,-0.74556,,2.27592,
1.87371,,-1.31454,1.13796,-2.38383,,0.91233,,-1.54017,,2.52117,
1.7658,,-2.10915,0.40221,-2.02086,,0.57879,,-0.66708,,1.89333,
0.92214,,-1.88352,0.31392,-2.62908,,0.12753,,-1.39302,,2.10915,
0.47088,,-1.57941,-0.01962,-2.02086,,0.30411,,-0.21582,,4.55184,
0.66708,,-2.27592,0.81423,-1.38321,,-0.0981,,0.0,,3.88476,
0.04905,,-2.52117,0.59841,-0.81423,,0.08829,,-0.11772,,4.60089,
0.20601,,-1.44207,0.74556,-0.6867,,-0.03924,,0.46107,,3.94362,
-0.51993,,-2.51136,1.54998,-0.76518,,-1.0791,,1.58922,,4.48317,
-0.2943,,-3.27654,1.34397,-0.31392,,-0.75537,,1.88352,,0.99081,
-0.08829,,-3.37464,1.00062,-0.46107,,-0.72594,,1.14777,,3.95343,
-0.35316,,-2.26611,1.93257,-1.55979,,-1.57941,,1.35378,,2.14839,
-0.53955,,-3.63951,1.43226,-1.88352,,-0.92214,,1.46169,,1.65789,
-0.17658,,-3.39426,1.99143,-0.81423,,-0.85347,,0.85347,,-0.07848,
0.3924,,-3.15882,0.62784,-1.05948,,-1.01043,,0.45126,,0.83385,
0.55917,,-2.13858,0.75537,-0.37278,,-1.34397,,0.34335,,1.70694,
0.12753,,-2.39364,0.97119,-0.18639,,-1.12815,,1.18701,,-0.50031,
1.20663,,-2.79585,0.38259,0.07848,,-0.35316,,0.96138,,0.10791,
1.21644,,-1.67751,0.20601,-1.00062,,-0.27468,,1.31454,,-0.21582,
0.69651,,-0.97119,0.59841,-1.06929,,-0.12753,,0.34335,,-0.77499,
1.14777,,-1.33416,0.56898,-1.00062,,0.63765,,0.08829,,-2.96262,
1.1772,,-1.24587,-0.92214,-1.21644,,1.1772,,-0.47088,,-0.14715,
0.90252,,-0.84366,-0.32373,-1.13796,,1.94238,,-0.27468,,-1.19682,
1.23606,,-0.11772,1.64808,-0.79461,,1.55979,,-0.82404,,-1.83447,
0.82404,,0.07848,1.42245,-0.27468,,1.2753,,-0.35316,,0.25506,
1.18701,,0.46107,0.84366,-0.63765,,2.18763,,-0.11772,,3.37464,
1.63827,,0.83385,1.94238,-0.95157,,2.27592,,-0.13734,,-0.4905,
0.94176,,1.5696,3.49236,-1.80504,,1.69713,,0.10791,,-0.02943,
0.96138,,1.87371,2.59965,-1.48131,,2.46231,,-0.57879,,1.32435,
1.82466,,1.21644,1.71675,-2.61927,,3.03129,,-0.28449,,3.14901,
2.30535,,0.83385,1.46169,-2.42307,,2.1582,,0.31392,,-0.32373,
1.72656,,1.23606,3.31578,-3.00186,,2.07972,,-0.01962,,0.1962,
2.34459,,0.71613,2.42307,-2.92338,,1.69713,,0.45126,,2.82528,
2.09934,,0.66708,1.50093,-3.34521,,1.6677,,-0.03924,,4.14963,
2.1582,,0.74556,1.84428,-2.96262,,1.78542,,1.25568,,2.02086,
1.50093,,0.05886,2.11896,-3.56103,,1.49112,,1.0791,,2.99205,
0.84366,,-0.61803,0.71613,-3.87495,,1.57941,,1.53036,,4.79709,
1.05948,,-0.67689,0.44145,-4.25754,,1.75599,,1.90314,,2.68794,
1.41264,,-1.38321,1.19682,-3.83571,,1.2753,,1.99143,,-0.06867,
0.20601,,-1.4715,1.12815,-3.924,,1.03005,,1.88352,,1.54998,
0.14715,,-2.0601,0.43164,-3.25692,,1.03005,,2.5506,,2.92338,
-0.40221,,-2.62908,0.13734,-3.2373,,0.59841,,2.69775,,1.43226,
-0.33354,,-1.88352,2.37402,-2.66832,,1.02024,,3.09015,,0.95157,
-1.19682,,-2.46231,2.44269,-2.83509,,0.55917,,2.8449,,2.12877,
-1.29492,,-2.76642,2.54079,-2.1582,,0.1962,,3.46293,,2.03067,
-1.80504,,-2.34459,2.12877,-2.0601,,0.35316,,4.35564,,-0.38259,
-1.75599,,-3.09015,2.93319,-1.89333,,-0.27468,,2.4525,,-1.43226,
-0.81423,,-2.23668,2.93319,-1.64808,,-0.83385,,3.51198,,0.69651,
-0.62784,,-2.92338,3.71799,-1.38321,,-0.64746,,3.09015,,-0.36297,
-1.01043,,-1.75599,2.68794,-0.8829,,-0.8829,,2.96262,,-4.0221,
-0.16677,,-2.67813,3.4335,-1.63827,,-1.69713,,2.75661,,-2.97243,
0.61803,,-1.32435,3.61008,-1.42245,,-0.64746,,1.50093,,-1.85409,
0.80442,,-2.46231,3.14901,-1.41264,,-1.18701,,1.20663,,-2.79585,
0.27468,,-1.34397,2.61927,-1.55979,,-1.45188,,1.31454,,-4.13001,
1.31454,,-1.10853,3.06072,-1.46169,,-0.47088,,0.18639,,-1.55979,
2.33478,,-1.2753,2.6487,-1.22625,,0.11772,,1.00062,,-0.82404,
1.89333,,-1.10853,2.57022,-1.54017,,0.0,,1.08891,,-1.8639,
1.48131,,-0.79461,2.48193,-1.52055,,0.03924,,-0.77499,,-3.95343,
2.18763,,0.16677,0.73575,-1.25568,,0.67689,,-0.21582,,0.26487,
2.92338,,-0.26487,0.33354,-1.05948,,0.89271,,-0.33354,,0.51993,
2.1582,,0.28449,-0.17658,-1.25568,,0.53955,,-1.11834,,0.00981,
1.58922,,0.22563,1.52055,-1.73637,,0.99081,,-0.97119,,0.06867,
2.96262,,-0.23544,1.11834,-1.11834,,2.11896,,-1.58922,,0.76518,
2.03067,,-0.26487,1.46169,-0.66708,,1.72656,,-0.33354,,4.10058,
1.50093,,-0.64746,0.54936,-1.1772,,2.09934,,-0.42183,,2.80566,
2.12877,,-0.41202,1.50093,-1.31454,,2.37402,,-0.33354,,2.65851,
1.80504,,-0.72594,0.4905,-0.93195,,2.29554,,-0.06867,,3.18825,
1.68732,,-0.87309,0.6867,-1.46169,,2.20725,,-1.13796,,3.87495,
1.05948,,-0.70632,0.05886,-1.18701,,2.7468,,-0.15696,,2.17782,
1.34397,,-1.51074,1.82466,-1.09872,,1.99143,,-0.17658,,1.52055,
0.77499,,-1.33416,1.94238,-1.16739,,2.69775,,-0.85347,,1.72656,
-0.06867,,-2.19744,1.45188,-1.97181,,2.11896,,-1.57941,,3.34521,
0.71613,,-2.46231,1.05948,-1.88352,,2.28573,,0.53955,,3.3354,
0.08829,,-3.48255,1.21644,-1.01043,,1.58922,,1.2753,,1.31454,
-0.47088,,-3.8259,0.53955,-1.50093,,1.93257,,0.96138,,1.00062,
-1.33416,,-2.92338,1.71675,-2.0601,,1.29492,,-0.35316,,-0.42183,
-0.91233,,-3.57084,1.77561,-1.70694,,1.03005,,1.74618,,0.3924,
-2.56041,,-3.17844,0.59841,-1.8639,,0.35316,,1.18701,,-1.92276,
-2.93319,,-2.80566,0.99081,-2.17782,,0.54936,,0.17658,,-0.77499,
-2.72718,,-2.20725,0.86328,-1.1772,,0.25506,,0.82404,,-0.47088,
-2.4525,,-3.18825,2.2563,-1.34397,,-0.73575,,2.37402,,-1.34397,
-3.15882,,-3.36483,1.87371,-1.22625,,-0.81423,,1.1772,,-2.76642,
-3.0411,,-3.27654,3.15882,-1.67751,,-0.5886,,1.38321,,-2.32497,
-2.47212,,-3.29616,1.58922,-0.99081,,-1.59903,,2.08953,,-1.13796,
-2.26611,,-3.31578,2.08953,-0.80442,,-1.5696,,1.79523,,-3.18825,
-3.09996,,-2.79585,1.60884,-1.39302,,-1.99143,,1.03986,,-2.61927,
-2.07972,,-1.59903,2.22687,-1.60884,,-1.70694,,0.7848,,-3.51198,
-0.92214,,-1.75599,1.20663,-1.33416,,-2.14839,,1.57941,,-1.64808,
-0.94176,,-2.1582,2.90376,-2.22687,,-1.88352,,0.41202,,-3.48255,
-0.96138,,-2.51136,3.76704,-1.93257,,-2.2563,,-1.01043,,-2.19744,
0.42183,,-2.61927,2.52117,-2.2563,,-1.67751,,-0.94176,,-2.58984,
0.74556,,-2.78604,1.7658,-1.85409,,-1.32435,,-0.30411,,-0.95157,
-0.08829,,-2.88414,2.56041,-2.13858,,-1.6677,,-0.87309,,-0.63765,
0.43164,,-2.56041,2.0601,-1.93257,,-1.38321,,-0.83385,,0.37278,
1.41264,,-1.58922,1.59903,-2.58003,,-0.96138,,-0.06867,,0.0,
1.02024,,-2.09934,1.57941,-2.83509,,-0.34335,,-0.0981,,1.6677,
0.89271,,-1.4715,1.49112,-2.62908,,-0.48069,,-0.94176,,2.51136,
0.72594,,-2.19744,0.76518,-2.76642,,-0.37278,,-0.28449,,2.43288,
1.05948,,-1.29492,-0.32373,-2.93319,,0.80442,,0.981,,3.15882,
0.85347,,-2.42307,0.62784,-2.72718,,1.04967,,1.22625,,3.71799,
1.03005,,-1.55979,0.45126,-2.46231,,0.75537,,0.33354,,3.94362,
0.48069,,-1.84428,1.53036,-2.02086,,0.93195,,1.01043,,4.89519,
0.15696,,-1.65789,0.38259,-2.14839,,1.30473,,2.22687,,4.89519,
0.81423,,-0.99081,-0.05886,-2.11896,,1.32435,,3.42369,,5.1993,
0.1962,,0.01962,0.69651,-1.80504,,1.57941,,2.17782,,4.6107,
0.48069,,-0.67689,-0.73575,-1.52055,,1.5696,,3.14901,,5.81733,
0.14715,,-1.26549,-0.23544,-1.77561,,2.30535,,3.45312,,2.11896,
-0.27468,,-0.69651,-0.14715,-0.85347,,2.38383,,3.05091,,1.91295,
-0.95157,,-1.12815,0.20601,-1.59903,,1.80504,,3.40407,,0.35316,
-0.82404,,-1.09872,0.60822,-1.20663,,2.13858,,2.57022,,1.97181,
-1.26549,,-1.25568,0.17658,-1.15758,,1.94238,,3.18825,,-1.10853,
-0.92214,,-0.56898,-0.2943,-0.24525,,1.3734,,2.76642,,-2.54079,
-1.03005,,-1.10853,1.11834,-1.13796,,1.77561,,3.32559,,-2.18763,
-0.82404,,-0.7848,0.62784,-0.76518,,1.61865,,1.89333,,-1.80504,
-1.09872,,-0.52974,1.95219,-0.18639,,1.92276,,2.77623,,-1.94238,
-1.06929,,-0.87309,0.76518,0.50031,,1.80504,,1.21644,,-5.32683,
-0.87309,,-0.93195,1.32435,-0.0981,,1.42245,,1.52055,,-4.48317,
-1.15758,,-0.64746,2.24649,-0.2943,,1.21644,,2.32497,,-5.20911,
-0.82404,,-0.77499,2.19744,-0.32373,,0.28449,,1.1772,,-6.89643,
0.13734,,-1.05948,1.87371,-0.70632,,-0.07848,,0.26487,,-7.93629,
0.43164,,-0.60822,2.37402,-1.03986,,0.06867,,-0.52974,,-4.62051,
0.07848,,-0.99081,3.34521,-1.05948,,-0.13734,,0.07848,,-3.18825,
0.99081,,-0.66708,3.19806,-1.05948,,-1.05948,,-0.27468,,-4.20849,
1.23606,,-0.63765,3.61008,-0.87309,,-0.91233,,-0.32373,,-5.43474,
0.17658,,-0.981,3.29616,-1.29492,,-0.53955,,-0.56898,,-2.90376,
0.02943,,-1.10853,2.98224,-1.08891,,-0.74556,,0.17658,,-3.61008,
0.51012,,-1.15758,2.4525,-1.81485,,-0.87309,,-0.70632,,-6.0822,
0.44145,,-1.64808,2.68794,-2.73699,,-0.50031,,-1.30473,,-2.38383,
-0.51012,,-1.26549,2.87433,-3.15882,,0.51993,,-1.61865,,-2.41326,
-1.1772,,-1.99143,2.91357,-2.58984,,-0.35316,,-0.23544,,0.22563,
-0.89271,,-2.20725,1.0791,-2.3544,,-0.01962,,-0.00981,,-2.57022,
-1.05948,,-2.10915,2.40345,-2.08953,,1.32435,,-0.56898,,0.8829,
-1.60884,,-2.39364,2.85471,-2.36421,,1.53036,,-0.08829,,1.02024,
-2.3544,,-2.92338,1.95219,-1.64808,,1.82466,,0.28449,,2.09934,
-1.18701,,-2.59965,0.52974,-1.58922,,2.16801,,0.35316,,0.05886,
-1.59903,,-2.26611,1.0791,-1.30473,,3.19806,,0.97119,,-0.45126,
-2.14839,,-2.7468,0.84366,-0.27468,,2.54079,,2.12877,,1.98162,
-1.94238,,-3.35502,0.14715,-0.10791,,2.21706,,2.70756,,2.75661,
-1.7658,,-2.23668,-0.42183,-0.06867,,2.52117,,3.08034,,0.36297,
-2.02086,,-2.34459,-0.84366,0.4905,,1.82466,,2.86452,,2.18763,
-1.10853,,-2.49174,-0.6867,0.95157,,1.65789,,3.06072,,1.61865,
-1.82466,,-2.73699,-1.1772,0.83385,,1.49112,,4.5126,,1.15758,
-1.2753,,-1.22625,-1.74618,1.03986,,1.53036,,3.93381,,-2.09934,
-0.67689,,-0.96138,-1.962,0.87309,,2.01105,,4.40469,,-0.12753,
-0.05886,,-1.67751,-1.4715,0.95157,,1.95219,,4.18887,,-2.52117,
-1.12815,,-0.57879,-3.02148,1.01043,,1.33416,,3.68856,,-2.77623,
-0.8829,,-0.37278,,1.64808,,1.24587,,2.79585,,-3.61008,
-1.04967,,-0.47088,,1.54017,,1.60884,,1.77561,,-3.49236,
-0.52974,,-0.46107,,1.01043,,0.8829,,1.85409,,-3.0411,
-0.90252,,-0.38259,,0.73575,,0.71613,,0.66708,,-6.05277,
-1.80504,,0.01962,,0.4905,,1.53036,,0.48069,,-5.24835,
-0.52974,,-0.02943,,0.32373,,2.42307,,0.16677,,-5.74866,
0.42183,,-1.57941,,-0.16677,,1.64808,,-1.36359,,-5.36607,
0.43164,,-0.99081,,-0.20601,,1.83447,,-2.72718,,-5.04234,
-0.48069,,-1.67751,,-0.72594,,2.44269,,-2.91357,,-4.16925,
0.50031,,-2.02086,,-0.52974,,1.53036,,-0.99081,,-4.54203,
1.22625,,-1.38321,,-0.48069,,0.981,,-1.91295,,-3.20787,
0.5886,,-1.6677,,-0.85347,,2.13858,,-2.61927,,-3.29616,
0.24525,,-1.41264,,-0.90252,,1.78542,,-3.67875,,-1.52055,
1.57941,,-1.72656,,-1.41264,,1.74618,,-2.32497,,-1.05948,
1.69713,,-1.97181,,-1.97181,,1.93257,,-1.73637,,0.56898,
1.03005,,-2.37402,,-1.21644,,1.95219,,-1.87371,,-1.31454,
0.42183,,-3.02148,,-1.79523,,2.40345,,-2.83509,,-1.80504,
1.58922,,-3.37464,,-1.88352,,1.25568,,-0.48069,,0.97119,
0.66708,,-3.20787,,-2.38383,,1.84428,,-1.54017,,1.13796,
-0.62784,,-2.30535,,-2.09934,,2.37402,,-0.65727,,-0.25506,
-0.86328,,-2.20725,,-1.77561,,1.7658,,-0.77499,,0.53955,
-0.20601,,-2.59965,,-1.69713,,2.19744,,1.05948,,2.72718,
-0.96138,,-2.41326,,-1.2753,,2.01105,,0.44145,,0.63765,
-1.65789,,-2.75661,,-1.4715,,2.28573,,1.64808,,-2.30535,
-1.01043,,-2.38383,,-0.41202,,2.18763,,2.65851,,-0.35316,
-0.99081,,-2.93319,,-0.63765,,2.20725,,3.3354,,1.69713,
-2.07972,,-2.85471,,-0.63765,,1.77561,,2.07972,,-0.59841,
-2.03067,,-2.20725,,-0.11772,,2.19744,,4.06134,,-2.81547,
-1.18701,,-2.06991,,0.5886,,1.59903,,5.01291,,-1.4715,
-0.91233,,-1.10853,,0.45126,,1.74618,,6.84738,,1.42245,
-0.81423,,-1.01043,,0.37278,,1.03986,,6.1803,,-3.11958,
-0.73575,,-0.52974,,1.59903,,1.49112,,6.28821,,-3.42369,
0.21582,,-0.84366,,1.77561,,1.77561,,6.41574,,-3.1392,
0.1962,,-0.48069,,1.57941,,0.56898,,6.43536,,-0.84366,
0.13734,,-0.52974,,1.84428,,0.82404,,6.3765,,-4.40469,
-0.27468,,-0.80442,,2.00124,,1.34397,,5.84676,,-3.22749,
-0.34335,,0.0,,1.1772,,0.61803,,4.64013,,-4.74804,
-0.22563,,-0.36297,,0.51993,,0.84366,,3.83571,,-3.29616,
0.07848,,-0.52974,,0.35316,,1.12815,,3.12939,,-7.38693,
0.1962,,-1.20663,,0.64746,,1.29492,,2.77623,,-7.12206,
0.3924,,-1.21644,,0.06867,,0.96138,,1.48131,,-4.00248,
0.20601,,-1.46169,,0.10791,,0.46107,,0.93195,,-5.22873,
0.45126,,-2.36421,,0.03924,,1.30473,,-0.00981,,-6.6708,
-0.13734,,-2.42307,,0.24525,,1.23606,,-0.32373,,-6.4746,
0.20601,,-2.23668,,-0.64746,,1.26549,,-2.72718,,-2.54079,
0.2943,,-1.71675,,-1.00062,,1.0791,,-2.90376,,-3.08034,
1.02024,,-2.32497,,-1.48131,,2.16801,,-1.40283,,-3.83571,
0.77499,,-1.53036,,-1.61865,,2.2563,,-0.56898,,-5.86638,
0.67689,,-2.04048,,-1.59903,,1.80504,,-1.68732,,-1.02024,
1.30473,,-2.19744,,-1.25568,,1.81485,,-0.45126,,-4.09077,
0.97119,,-1.962,,-1.68732,,3.22749,,0.0981,,0.21582,
0.74556,,-2.37402,,-1.87371,,2.58984,,-0.1962,,-1.52055,
0.48069,,-2.21706,,-1.06929,,3.0411,,-1.19682,,2.4525,
0.04905,,-1.5696,,-2.28573,,3.40407,,-0.21582,,0.86328,
-0.55917,,-1.99143,,-1.87371,,3.81609,,1.23606,,2.16801,
-0.81423,,-0.90252,,-2.91357,,3.61989,,2.31516,,-0.77499,
-0.94176,,-0.67689,,-2.58003,,3.16863,,2.2563,,0.89271,
-1.4715,,-1.03005,,-2.56041,,3.27654,,2.79585,,-1.19682,
-1.84428,,-1.80504,,-2.66832,,3.2373,,2.4525,,0.65727,
-1.95219,,-1.42245,,-1.97181,,3.18825,,3.51198,,-1.34397,
-2.23668,,-1.15758,,-1.67751,,3.11958,,3.2373,,-1.06929,
-3.35502,,-1.32435,,-2.42307,,3.39426,,4.42431,,-1.71675,
-3.71799,,-1.62846,,-2.1582,,2.6487,,2.72718,,-1.03005,
-3.20787,,-0.0981,,-1.61865,,2.57022,,3.6297,,-1.69713,
-3.25692,,-0.86328,,-1.68732,,2.29554,,2.91357,,-3.79647,
-2.67813,,-0.02943,,-1.63827,,1.64808,,3.89457,,-4.53222,
-2.72718,,-0.71613,,-1.06929,,2.01105,,4.10058,,-2.88414,
-1.97181,,0.04905,,-1.22625,,1.45188,,4.40469,,-3.14901,
-1.80504,,-0.67689,,-1.42245,,0.99081,,3.16863,,-2.69775,
-1.82466,,-1.03986,,-1.15758,,1.78542,,3.25692,,-4.29678,
-2.05029,,-1.36359,,-0.65727,,1.94238,,3.08034,,-2.21706,
-1.58922,,-0.89271,,-0.08829,,1.51074,,2.19744,,-3.52179,
-1.15758,,-0.64746,,0.18639,,1.0791,,1.70694,,-1.50093,
-1.12815,,-1.29492,,0.77499,,1.18701,,1.43226,,-3.64932,
-1.2753,,-0.47088,,0.0,,1.31454,,0.40221,,-2.88414,
-0.57879,,-0.92214,,-0.24525,,0.51012,,-0.38259,,-2.99205,
-1.24587,,-2.38383,,-0.80442,,1.26549,,-0.11772,,-1.26549,
-1.16739,,-2.54079,,-0.90252,,1.68732,,-0.64746,,-3.98286,
-0.77499,,-2.6487,,-0.71613,,1.50093,,-1.58922,,-2.5506,
-1.12815,,-2.14839,,-1.20663,,1.55979,,-0.83385,,-3.27654,
-0.92214,,-3.21768,,-1.15758,,1.7658,,-1.0791,,-1.08891,
-0.92214,,-1.81485,,-0.90252,,1.15758,,-2.00124,,-2.2563,
-0.82404,,-1.2753,,-1.20663,,0.7848,,-3.58065,,-0.76518,
0.06867,,-1.55979,,-1.98162,,1.25568,,-3.36483,,-1.55979,
-0.18639,,-1.7658,,-2.33478,,1.61865,,-1.49112,,-1.79523,
-0.53955,,-1.26549,,-2.49174,,1.77561,,-1.16739,,-3.19806,
-0.44145,,-2.19744,,-2.14839,,1.87371,,-0.53955,,-3.14901,
-0.05886,,-2.66832,,-2.70756,,2.00124,,-0.10791,,-2.31516,
-0.72594,,-1.80504,,-2.78604,,2.19744,,0.53955,,-1.6677,
-0.73575,,-0.81423,,-2.08953,,1.78542,,0.32373,,-1.8639,
-0.56898,,-1.28511,,-2.04048,,1.12815,,0.76518,,-1.24587,
-0.14715,,0.0981,,-2.07972,,1.61865,,2.33478,,0.43164,
-0.1962,,-0.04905,,-1.62846,,2.82528,,2.2563,,-1.92276,
-1.16739,,-0.44145,,-1.33416,,2.09934,,1.78542,,-3.7278,
-0.70632,,-1.15758,,-1.22625,,1.78542,,2.04048,,-4.23792,
-0.66708,,-1.53036,,-1.20663,,2.29554,,2.01105,,-3.42369,
-0.93195,,-0.52974,,-0.50031,,2.1582,,2.47212,,-5.37588,
-0.95157,,-0.94176,,-0.26487,,1.88352,,2.57022,,-4.58127,
-0.8829,,-0.51993,,0.17658,,1.72656,,2.68794,,-3.67875,
-0.35316,,-0.46107,,0.73575,,2.18763,,3.19806,,-4.01229,
-0.47088,,0.21582,,0.85347,,2.52117,,2.59965,,-4.84614,
-0.59841,,0.30411,,0.32373,,1.73637,,2.30535,,-4.64994,
-0.59841,,0.23544,,-0.11772,,2.05029,,0.72594,,-3.93381,
-0.24525,,0.3924,,0.13734,,2.99205,,1.63827,,-6.91605,
-0.14715,,-0.7848,,0.7848,,2.40345,,1.90314,,-7.1613,
-0.95157,,0.51012,,0.99081,,2.24649,,1.2753,,-7.23978,
-0.35316,,0.43164,,0.89271,,2.32497,,-1.02024,,-4.83633,
0.11772,,0.33354,,1.02024,,2.22687,,0.28449,,-6.5727,
-0.54936,,-0.07848,,0.35316,,1.34397,,-0.34335,,-5.08158,
-0.70632,,0.03924,,0.54936,,2.12877,,-1.8639,,-3.41388,
-0.86328,,-0.12753,,0.42183,,1.60884,,-0.47088,,-2.50155,
-0.28449,,-0.27468,,0.74556,,1.3734,,0.70632,,-1.55979,
-1.05948,,-0.06867,,0.57879,,1.29492,,-1.51074,,-0.66708,
-0.93195,,-0.54936,,0.83385,,1.7658,,-2.6487,,-2.77623,
-0.2943,,-0.10791,,0.94176,,1.02024,,-1.90314,,-1.73637,
-0.27468,,-0.77499,,0.3924,,-0.36297,,-2.04048,,-0.25506,
-0.52974,,-0.03924,,0.52974,,0.36297,,-2.58003,,0.93195,
-0.63765,,-0.02943,,0.42183,,1.09872,,-2.06991,,0.2943,
0.03924,,-0.47088,,0.20601,,0.59841,,0.59841,,0.06867,
-0.0981,,-0.70632,,-0.2943,,0.48069,,0.07848,,0.50031,
0.60822,,-0.33354,,0.08829,,1.1772,,-1.05948,,1.48131,
0.7848,,-0.99081,,-0.36297,,2.00124,,-0.16677,,0.96138,
0.95157,,-0.16677,,-0.8829,,1.12815,,0.65727,,-1.52055,
0.53955,,-0.21582,,-0.70632,,1.28511,,0.70632,,-0.12753,
0.41202,,-0.54936,,-1.09872,,1.48131,,0.2943,,-0.14715,
0.28449,,-0.82404,,-0.83385,,2.12877,,1.34397,,-0.16677,
0.57879,,-1.14777,,-0.66708,,0.95157,,1.67751,,-4.10058,
-0.51993,,-0.63765,,-1.16739,,1.39302,,1.29492,,-1.41264,
-0.04905,,-0.54936,,-1.2753,,2.00124,,2.0601,,-0.54936,
0.13734,,-2.07972,,-0.7848,,2.46231,,2.82528,,-0.86328,
-0.53955,,-2.20725,,-0.8829,,1.52055,,2.48193,,-1.40283,
-0.72594,,-1.80504,,0.36297,,1.61865,,3.32559,,-1.43226,
-1.08891,,-2.23668,,1.00062,,1.67751,,3.41388,,-3.31578,
-1.42245,,-3.08034,,1.02024,,2.38383,,2.1582,,-2.44269,
-1.42245,,-2.95281,,1.42245,,1.77561,,1.46169,,-3.00186,
-1.87371,,-2.59965,,1.38321,,2.30535,,1.64808,,-2.78604,
-1.6677,,-3.71799,,1.55979,,1.75599,,1.77561,,-3.55122,
-2.12877,,-3.26673,,2.04048,,3.16863,,2.05029,,-1.42245,
-1.35378,,-2.58003,,1.84428,,2.10915,,1.70694,,-2.0601,
-2.40345,,-2.61927,,2.19744,,1.97181,,0.45126,,-1.7658,
-2.46231,,-2.75661,,2.36421,,2.06991,,-0.07848,,-4.04172,
-2.58984,,-2.50155,,2.31516,,1.94238,,-1.14777,,-3.97305,
-2.51136,,-2.50155,,1.28511,,1.61865,,-1.01043,,-4.16925,
-3.03129,,-1.38321,,1.43226,,1.38321,,-2.80566,,-4.65975,
-2.53098,,-1.2753,,0.81423,,1.0791,,-1.22625,,-4.18887,
-2.95281,,-0.64746,,0.34335,,0.56898,,-1.02024,,-3.20787,
-2.75661,,-0.46107,,-0.72594,,1.03005,,-1.40283,,-3.7278,
-2.71737,,-0.86328,,-1.29492,,0.23544,,-2.18763,,-3.52179,
-2.66832,,-0.35316,,-1.85409,,-0.13734,,-1.00062,,-1.51074,
-2.8449,,0.22563,,-2.07972,,-0.20601,,-1.32435,,-1.45188,
-2.44269,,-0.46107,,-2.07972,,-0.21582,,-1.22625,,-1.53036,
-2.96262,,0.18639,,-1.25568,,0.22563,,-0.77499,,-3.44331,
-1.87371,,0.26487,,-1.93257,,-0.16677,,0.65727,,-1.6677,
-1.32435,,1.18701,,-1.8639,,0.3924,,-0.71613,,-2.28573,
-0.87309,,1.06929,,-2.19744,,1.34397,,-0.04905,,-1.23606,
-1.21644,,1.23606,,-1.25568,,1.05948,,1.69713,,-0.70632,
-1.29492,,1.01043,,-1.40283,,0.99081,,1.34397,,-0.14715,
-0.91233,,1.31454,,-1.30473,,1.39302,,0.8829,,0.86328,
-0.61803,,0.85347,,-1.05948,,1.8639,,0.99081,,-0.25506,
-1.44207,,0.62784,,-0.42183,,1.88352,,1.61865,,-0.48069,
-0.50031,,0.63765,,-0.59841,,2.5506,,2.57022,,-2.05029,
0.13734,,0.79461,,-0.60822,,2.90376,,1.61865,,-1.70694,
-0.13734,,1.05948,,-0.70632,,3.17844,,3.61989,,-3.37464,
-1.25568,,-0.32373,,-0.46107,,2.69775,,2.96262,,-3.28635,
-0.87309,,-1.42245,,-0.61803,,2.17782,,3.45312,,-4.1202,
-0.46107,,-0.76518,,-0.75537,,2.39364,,3.38445,,-2.44269,
-1.15758,,-1.82466,,-0.25506,,2.53098,,3.69837,,-2.89395,
-1.75599,,-2.59965,,-0.40221,,2.20725,,1.49112,,-3.41388,
-1.03986,,-2.71737,,-0.32373,,2.42307,,1.74618,,-3.55122,
-0.57879,,-2.0601,,-0.24525,,1.90314,,2.69775,,-1.62846,
-0.70632,,-2.4525,,0.61803,,2.44269,,3.06072,,-3.2373,
-1.23606,,-2.12877,,0.95157,,1.78542,,1.92276,,-3.38445,
-0.59841,,-2.42307,,0.67689,,2.62908,,1.33416,,-2.78604,
-0.33354,,-2.51136,,0.63765,,2.12877,,2.42307,,0.1962,
-1.43226,,-2.81547,,1.10853,,2.00124,,2.0601,,-3.47274,
-1.31454,,-2.56041,,0.80442,,2.03067,,0.34335,,-1.28511,
-0.47088,,-0.86328,,1.46169,,2.18763,,1.16739,,-2.49174,
-1.48131,,-0.91233,,1.75599,,1.55979,,0.86328,,0.56898,
-2.46231,,-0.31392,,1.97181,,1.74618,,0.20601,,-2.77623,
-1.22625,,0.38259,,1.23606,,0.84366,,-0.67689,,-1.30473,
-1.78542,,0.71613,,0.65727,,0.70632,,0.55917,,-0.17658,
-2.57022,,0.1962,,0.8829,,-0.08829,,1.22625,,-0.10791,
-2.59965,,0.69651,,0.46107,,0.04905,,0.26487,,-2.78604,
-2.33478,,1.88352,,-0.30411,,0.35316,,0.64746,,-1.59903,
-2.80566,,1.70694,,-0.24525,,0.22563,,1.26549,,-0.62784,
-3.64932,,1.2753,,-0.1962,,-0.21582,,1.38321,,-3.05091,
-3.01167,,2.19744,,-1.00062,,0.40221,,0.77499,,-4.0221,
-2.24649,,2.14839,,-0.86328,,0.26487,,1.72656,,-2.12877,
-2.80566,,1.962,,-0.41202,,0.1962,,1.24587,,-1.13796,
-3.05091,,1.19682,,-0.46107,,0.38259,,1.7658,,-3.09015,
-1.90314,,0.67689,,-0.16677,,0.48069,,1.4715,,-0.80442,
-1.68732,,1.3734,,-0.03924,,1.57941,,3.20787,,-1.82466,
-1.64808,,0.46107,,-0.69651,,1.90314,,1.52055,,-2.26611,
-2.4525,,0.50031,,-0.81423,,2.81547,,2.46231,,-4.59108,
-1.79523,,0.37278,,-0.97119,,3.06072,,2.79585,,-2.37402,
-1.73637,,0.04905,,-1.40283,,3.2373,,2.89395,,-2.14839,
-1.89333,,0.33354,,-0.7848,,3.44331,,1.5696,,-3.24711,
-1.82466,,-0.7848,,-0.4905,,4.13001,,2.7468,,-3.70818,
-1.61865,,-1.3734,,-0.6867,,3.27654,,2.3544,,-2.08953,
-2.19744,,-0.92214,,-0.83385,,4.05153,,1.89333,,-2.21706,
-1.68732,,-1.28511,,-1.00062,,3.6297,,1.01043,,-2.7468,
-2.39364,,-1.52055,,-0.63765,,3.57084,,1.81485,,-2.41326,
-1.93257,,-2.05029,,-0.59841,,3.56103,,1.24587,,-1.82466,
-1.91295,,-2.33478,,-1.21644,,3.52179,,0.4905,,-1.68732,
-1.69713,,-2.04048,,-0.08829,,2.61927,,0.05886,,-1.5696,
-2.00124,,-2.44269,,-0.4905,,2.21706,,-0.01962,,0.47088,
-1.23606,,-2.78604,,-0.35316,,1.65789,,-1.24587,,-0.89271,
-1.04967,,-2.71737,,0.26487,,1.54017,,-1.1772,,1.09872,
-1.38321,,-2.09934,,0.83385,,0.84366,,-2.05029,,0.3924,
-1.58922,,-1.92276,,0.71613,,1.21644,,-0.77499,,1.77561,
-1.21644,,-0.93195,,0.07848,,0.82404,,-1.25568,,-1.25568,
-1.1772,,-0.74556,,0.33354,,0.37278,,-2.02086,,1.80504,
-1.7658,,-0.50031,,-0.01962,,-0.12753,,-2.03067,,1.34397,
-1.35378,,-0.24525,,0.24525,,0.51012,,-1.49112,,1.62846,
-0.7848,,0.60822,,-0.08829,,-0.08829,,-1.59903,,-1.01043,
-0.77499,,0.87309,,0.56898,,-0.80442,,-1.42245,,2.58984,
-1.2753,,0.27468,,0.40221,,-0.90252,,-0.94176,,1.69713,
-1.87371,,1.12815,,-0.30411,,-0.01962,,-0.00981,,0.85347,
-1.91295,,1.50093,,0.01962,,-0.60822,,-0.24525,,0.60822,
-1.54017,,1.55979,,0.15696,,-0.50031,,-0.15696,,1.09872,
-2.18763,,1.36359,,-0.15696,,-1.16739,,-0.12753,,-0.91233,
-1.34397,,1.79523,,-0.0981,,-0.63765,,0.01962,,-0.51993,
-1.42245,,1.93257,,1.0791,,-0.92214,,1.23606,,0.45126,
-0.8829,,1.03005,,1.38321,,-0.54936,,0.79461,,-0.60822,
-1.28511,,0.81423,,0.7848,,-0.20601,,1.13796,,-1.10853,
-1.70694,,0.94176,,0.99081,,0.71613,,0.93195,,0.20601,
-1.57941,,1.01043,,0.57879,,0.33354,,0.32373,,0.62784,
-1.98162,,0.69651,,0.80442,,0.63765,,0.97119,,0.32373,
-2.57022,,1.24587,,0.96138,,1.80504,,1.10853,,-1.51074,
-1.85409,,1.69713,,1.01043,,1.64808,,0.91233,,-0.22563,
-1.73637,,1.4715,,1.25568,,1.2753,,1.3734,,0.46107,
-2.44269,,0.15696,,0.4905,,2.1582,,1.09872,,-2.90376,
-2.48193,,0.55917,,0.95157,,2.18763,,1.88352,,-3.25692,
-2.78604,,0.42183,,0.13734,,2.67813,,1.19682,,-1.92276,
-3.31578,,0.0981,,0.0,,2.62908,,1.32435,,-1.79523,
-3.5316,,0.06867,,-0.48069,,2.17782,,1.61865,,-3.65913,
-4.42431,,0.7848,,0.17658,,2.59965,,1.54998,,-3.4335,
-3.31578,,0.72594,,-0.2943,,1.72656,,0.89271,,-1.60884,
-3.83571,,0.44145,,-0.02943,,0.96138,,1.13796,,-3.75723,
-4.13982,,0.17658,,0.3924,,1.32435,,0.82404,,-2.943,
-3.45312,,0.47088,,0.24525,,1.12815,,0.14715,,-2.67813,
-3.18825,,-0.27468,,0.81423,,1.01043,,-0.8829,,-1.90314,
-3.6297,,0.11772,,0.5886,,1.18701,,-1.11834,,-2.00124,
-3.41388,,0.63765,,1.19682,,0.32373,,-1.2753,,-2.8449,
-2.7468,,0.70632,,1.58922,,0.99081,,-2.81547,,-0.07848,
-2.39364,,0.40221,,1.70694,,1.02024,,-2.59965,,-0.63765,
-1.51074,,0.65727,,1.61865,,-0.26487,,-3.21768,,-0.75537,
-1.54017,,0.67689,,1.5696,,-0.23544,,-2.50155,,-0.01962,
-0.71613,,0.66708,,2.02086,,-0.45126,,-3.27654,,2.17782,
-0.60822,,0.92214,,1.92276,,0.60822,,-3.07053,,2.28573,
-0.83385,,1.31454,,1.63827,,0.07848,,-2.6487,,0.97119,
-1.42245,,0.86328,,2.30535,,0.61803,,-2.48193,,0.23544,
-0.70632,,1.26549,,2.14839,,0.61803,,-1.62846,,0.99081,
-0.0981,,-0.04905,,1.3734,,0.35316,,-3.2373,,-0.87309,
-0.37278,,0.34335,,0.80442,,0.02943,,-1.71675,,-0.41202,
-1.50093,,-0.07848,,1.14777,,0.61803,,-1.65789,,0.03924,
-0.51012,,-0.42183,,0.69651,,0.3924,,-0.46107,,-0.08829,
-0.4905,,-0.85347,,0.46107,,0.81423,,-1.68732,,-0.52974,
-0.76518,,-0.32373,,0.76518,,0.85347,,0.51012,,-0.08829,
-1.0791,,-1.34397,,1.54998,,1.31454,,-0.00981,,-0.50031,
-0.91233,,-0.8829,,1.52055,,1.78542,,0.38259,,-0.89271,
-0.83385,,-0.90252,,1.32435,,1.34397,,-0.01962,,-1.85409,
-1.26549,,-2.20725,,2.01105,,1.6677,,2.21706,,-2.16801,
-1.3734,,-2.50155,,1.80504,,2.02086,,1.69713,,-1.80504,
-0.76518,,-1.72656,,1.1772,,2.3544,,1.09872,,-1.42245,
-1.00062,,-1.89333,,2.0601,,2.65851,,0.53955,,-1.65789,
-2.08953,,-1.73637,,1.59903,,2.61927,,2.32497,,-0.46107,
-1.03005,,-1.15758,,1.0791,,2.29554,,1.06929,,1.55979,
-0.64746,,-0.44145,,1.34397,,2.31516,,0.95157,,-0.62784,
-1.26549,,-0.76518,,1.81485,,2.49174,,0.3924,,-2.27592,
-2.20725,,-0.61803,,1.33416,,3.10977,,1.71675,,-1.5696,
-2.13858,,-0.25506,,0.56898,,2.87433,,1.35378,,-0.26487,
-2.1582,,0.08829,,0.18639,,2.48193,,0.51012,,-0.41202,
-2.37402,,-0.36297,,0.13734,,2.76642,,0.6867,,0.20601,
-2.90376,,0.76518,,-0.32373,,2.91357,,1.20663,,0.2943,
-1.68732,,1.6677,,-0.44145,,1.92276,,0.3924,,1.41264,
-2.27592,,1.38321,,-0.13734,,2.47212,,-0.20601,,1.49112,
-2.67813,,1.65789,,-0.0981,,2.33478,,-0.66708,,-0.26487,
-2.2563,,1.38321,,0.1962,,1.71675,,-0.90252,,0.95157,
-1.29492,,0.89271,,0.13734,,1.54998,,-1.1772,,1.34397,
-2.31516,,1.46169,,0.53955,,1.72656,,-1.88352,,1.64808,
-2.0601,,1.03005,,0.46107,,1.79523,,-1.50093,,0.6867,
-1.04967,,1.82466,,0.7848,,0.80442,,-1.0791,,2.20725,
-1.03005,,1.99143,,1.74618,,0.63765,,-1.55979,,2.07972,
-1.21644,,1.30473,,1.30473,,0.57879,,-1.71675,,2.19744,
-0.61803,,1.84428,,1.41264,,-0.06867,,-1.71675,,2.41326,
0.38259,,2.12877,,1.94238,,-0.41202,,-1.87371,,2.77623,
0.3924,,1.64808,,1.50093,,-0.32373,,-1.23606,,2.53098,
-0.35316,,1.05948,,0.67689,,-0.11772,,-1.67751,,0.63765,
-0.55917,,0.67689,,1.08891,,-0.12753,,-0.6867,,0.99081,
0.61803,,0.1962,,1.41264,,-0.5886,,-1.46169,,0.81423,
0.41202,,0.81423,,1.2753,,-0.65727,,-0.86328,,0.84366,
-0.43164,,1.42245,,1.18701,,-0.26487,,-0.85347,,-0.85347,
-0.16677,,1.13796,,1.43226,,-0.3924,,-0.17658,,-0.26487,
0.02943,,0.15696,,2.09934,,-0.89271,,-0.13734,,-1.20663,
-0.46107,,-0.13734,,0.81423,,-0.08829,,-0.87309,,-1.85409,
-0.26487,,-0.01962,,0.53955,,0.38259,,-0.71613,,-2.76642,
-0.63765,,-0.50031,,1.55979,,0.90252,,0.22563,,-1.8639,
-0.84366,,-1.28511,,0.76518,,0.99081,,-0.40221,,-1.98162,
-0.38259,,-1.70694,,-0.00981,,0.52974,,0.95157,,-2.05029,
-1.09872,,0.03924,,0.53955,,1.03986,,0.48069,,-1.13796,
-1.29492,,-1.12815,,1.05948,,0.70632,,0.73575,,-0.23544,
-0.86328,,-0.82404,,0.07848,,0.35316,,1.19682,,0.11772,
-1.25568,,-0.92214,,0.51993,,0.0,,1.45188,,-0.81423,
-1.51074,,-0.71613,,0.81423,,0.52974,,0.59841,,0.38259,
-1.97181,,-0.32373,,0.62784,,1.08891,,1.03005,,0.15696,
-1.8639,,0.2943,,-0.56898,,0.1962,,0.3924,,0.13734,
-1.25568,,0.13734,,-0.97119,,0.41202,,0.57879,,0.79461,
-1.4715,,0.16677,,-1.2753,,0.56898,,-0.15696,,2.13858,
-2.19744,,1.08891,,-0.77499,,0.21582,,-0.05886,,2.87433,
-1.74618,,1.4715,,-1.45188,,0.40221,,-0.3924,,3.08034,
-0.80442,,2.81547,,-1.2753,,0.32373,,-0.65727,,1.41264,
-0.76518,,1.69713,,-1.00062,,0.44145,,-0.74556,,2.02086,
-1.75599,,2.58984,,-2.37402,,1.52055,,-0.03924,,0.91233,
-1.2753,,3.15882,,-2.17782,,1.02024,,-0.8829,,1.54017,
-0.25506,,3.29616,,-2.23668,,1.26549,,-2.16801,,1.05948,
-0.75537,,3.1392,,-2.06991,,1.18701,,-0.83385,,2.20725,
-1.03986,,3.8259,,-1.99143,,1.75599,,-0.55917,,2.85471,
0.05886,,3.24711,,-1.23606,,1.67751,,-0.17658,,3.41388,
0.60822,,3.41388,,-0.77499,,1.8639,,-0.89271,,3.83571,
-0.01962,,3.20787,,-0.8829,,0.96138,,-0.36297,,4.88538,
-0.08829,,2.75661,,-1.38321,,2.04048,,-0.12753,,4.33602,
1.44207,,1.75599,,-1.1772,,1.75599,,-0.31392,,1.6677,
1.45188,,2.5506,,-0.11772,,1.49112,,0.07848,,2.60946,
-0.08829,,2.67813,,-0.72594,,1.35378,,0.05886,,1.43226,
0.56898,,2.85471,,-0.36297,,2.2563,,0.74556,,3.28635,
1.52055,,1.64808,,0.43164,,1.57941,,0.46107,,2.08953,
1.28511,,1.93257,,0.53955,,1.85409,,1.42245,,2.8449,
-0.15696,,1.57941,,0.46107,,1.23606,,0.25506,,2.77623,
0.87309,,1.19682,,0.80442,,2.56041,,1.06929,,1.73637,
1.05948,,0.81423,,0.83385,,2.03067,,0.81423,,-1.28511,
-0.11772,,1.50093,,1.18701,,1.73637,,0.77499,,-0.59841,
-0.46107,,0.31392,,1.49112,,1.91295,,0.17658,,-1.6677,
0.26487,,-0.20601,,1.13796,,1.97181,,-0.02943,,-2.71737,
0.07848,,0.56898,,1.64808,,1.41264,,-0.5886,,-2.50155,
-1.03986,,0.51993,,1.23606,,2.19744,,0.23544,,-1.31454,
-0.45126,,0.50031,,1.23606,,2.58984,,0.28449,,-0.95157,
0.16677,,0.3924,,1.09872,,1.83447,,0.4905,,-0.86328,
-0.81423,,0.65727,,0.42183,,1.98162,,1.23606,,-0.42183,
-1.02024,,1.45188,,-0.08829,,1.90314,,0.77499,,-0.13734,
-0.93195,,1.05948,,-0.45126,,1.74618,,1.29492,,0.12753,
-0.61803,,1.2753,,-0.42183,,0.73575,,1.38321,,-0.71613,
-1.51074,,1.34397,,-0.70632,,0.89271,,1.13796,,1.18701,
-0.75537,,1.83447,,-0.86328,,1.21644,,1.87371,,2.11896,
-0.97119,,1.81485,,-0.981,,0.3924,,1.53036,,2.62908,
-0.7848,,2.60946,,-1.54017,,0.20601,,0.46107,,4.00248,
-1.01043,,2.77623,,-1.19682,,-0.20601,,0.65727,,5.30721,
-1.03986,,2.81547,,-1.33416,,0.03924,,1.06929,,4.7088,
-1.68732,,3.39426,,-1.87371,,-0.5886,,0.79461,,4.82652,
-1.14777,,3.67875,,-1.42245,,-0.66708,,0.40221,,3.48255,
-0.99081,,3.17844,,-1.34397,,0.25506,,-0.04905,,2.97243,
-0.46107,,2.52117,,-0.51993,,-0.22563,,-1.11834,,1.39302,
-0.67689,,2.7468,,-0.21582,,-0.65727,,-2.19744,,3.02148,
0.34335,,2.41326,,0.27468,,-0.0981,,-1.91295,,2.62908,
0.21582,,1.63827,,0.6867,,0.03924,,-2.54079,,4.04172,
0.50031,,1.4715,,0.26487,,-0.25506,,-2.87433,,3.06072,
0.74556,,2.79585,,0.57879,,0.27468,,-1.71675,,3.18825,
1.15758,,2.34459,,0.45126,,0.85347,,-1.64808,,4.84614,
0.67689,,1.82466,,0.51993,,0.27468,,-2.04048,,3.06072,
1.21644,,1.21644,,0.3924,,0.01962,,-1.70694,,3.84552,
1.39302,,0.5886,,0.13734,,0.00981,,-1.14777,,1.64808,
1.64808,,-0.03924,,0.97119,,0.27468,,-1.2753,,4.10058,
1.38321,,0.42183,,0.6867,,-0.07848,,-0.07848,,3.91419,
1.38321,,-0.71613,,0.10791,,-0.25506,,-0.8829,,2.90376,
1.25568,,-0.01962,,0.74556,,0.28449,,0.37278,,1.57941,
1.10853,,-0.35316,,0.57879,,0.44145,,-0.50031,,4.53222,
0.44145,,-0.03924,,0.4905,,0.27468,,-0.44145,,3.73761,
0.06867,,-0.66708,,0.00981,,0.60822,,-0.51993,,-0.67689,
0.03924,,-1.15758,,0.27468,,0.87309,,-0.11772,,-0.69651,
-0.30411,,-0.81423,,0.27468,,1.18701,,-1.03005,,-0.01962,
-0.44145,,-0.3924,,-0.31392,,0.95157,,-0.37278,,-1.87371,
-1.02024,,-0.56898,,-0.1962,,1.55979,,-0.86328,,-3.00186,
-1.18701,,-0.51993,,0.67689,,1.10853,,-0.36297,,-1.82466,
-1.5696,,0.31392,,0.14715,,1.36359,,-1.18701,,-0.94176,
-1.13796,,0.04905,,0.0981,,1.94238,,-1.84428,,-1.55979,
-1.41264,,0.31392,,-0.1962,,2.33478,,-1.08891,,-2.90376,
-1.35378,,-0.31392,,-0.30411,,2.12877,,-2.09934,,-0.20601,
-0.57879,,1.03005,,-0.24525,,1.13796,,-1.62846,,-1.38321,
-0.40221,,1.85409,,-0.55917,,1.13796,,-1.93257,,-1.83447,
-0.81423,,2.24649,,-0.65727,,1.3734,,-0.72594,,-1.49112,
0.11772,,2.09934,,-0.97119,,0.35316,,0.55917,,1.04967,
0.30411,,2.98224,,-0.44145,,-0.31392,,0.32373,,0.59841,
-0.17658,,2.943,,-0.55917,,0.01962,,0.56898,,-0.17658,
0.20601,,2.79585,,0.28449,,0.14715,,0.62784,,0.59841,
1.36359,,2.91357,,0.80442,,-1.21644,,0.23544,,1.98162,
1.01043,,2.29554,,0.24525,,-1.09872,,0.36297,,2.943,
0.57879,,2.32497,,0.73575,,-0.56898,,0.05886,,1.49112,
1.32435,,1.8639,,0.50031,,-1.51074,,0.63765,,1.7658,
1.97181,,1.69713,,1.02024,,-1.90314,,0.66708,,1.2753,
1.36359,,1.69713,,1.39302,,-1.99143,,0.0,,2.62908,
0.73575,,1.83447,,1.40283,,-1.49112,,-0.52974,,0.67689,
1.32435,,0.52974,,1.69713,,-2.39364,,0.46107,,2.36421,
1.18701,,-0.12753,,1.70694,,-1.80504,,-0.50031,,2.01105,
1.34397,,-0.73575,,1.32435,,-1.67751,,-0.72594,,3.25692,
1.54998,,-1.1772,,1.38321,,-1.50093,,-0.67689,,2.2563,
2.30535,,-1.40283,,1.32435,,-1.7658,,-0.47088,,3.39426,
2.6487,,-1.70694,,0.94176,,-2.16801,,0.50031,,4.14963,
2.23668,,-2.04048,,0.91233,,-1.64808,,0.50031,,3.08034,
1.84428,,-1.80504,,0.62784,,-1.31454,,0.48069,,2.21706,
1.95219,,-1.67751,,0.81423,,-1.21644,,1.24587,,3.5316,
1.87371,,-1.49112,,-0.13734,,-0.77499,,0.8829,,2.52117,
2.12877,,-1.77561,,0.1962,,-0.48069,,-0.32373,,0.01962,
1.67751,,-1.42245,,-0.44145,,-0.22563,,0.51012,,1.28511,
2.18763,,-0.62784,,-0.80442,,0.13734,,0.71613,,-0.11772,
1.85409,,-0.63765,,-0.90252,,0.10791,,0.30411,,0.30411,
1.05948,,-0.13734,,-0.82404,,0.33354,,-0.12753,,-1.03986,
1.00062,,-0.66708,,-0.37278,,0.53955,,0.40221,,-1.962,
0.89271,,-0.07848,,-0.35316,,1.46169,,-0.99081,,-0.38259,
0.32373,,0.0981,,-0.95157,,1.3734,,-0.91233,,-0.75537,
0.54936,,0.50031,,-0.41202,,1.89333,,-1.1772,,-2.58984,
0.71613,,0.53955,,-1.14777,,2.63889,,-0.85347,,-2.50155,
1.25568,,0.81423,,-1.25568,,2.39364,,-1.02024,,-1.98162,
1.29492,,1.21644,,-1.71675,,1.72656,,-1.11834,,-1.7658,
1.02024,,1.61865,,-1.0791,,2.13858,,-1.06929,,-0.96138,
1.3734,,0.91233,,-1.10853,,2.91357,,-0.79461,,-0.33354,
2.8449,,0.93195,,-0.53955,,2.04048,,-1.63827,,0.06867,
2.21706,,1.5696,,-0.52974,,1.98162,,-1.62846,,-0.81423,
2.38383,,1.58922,,-0.22563,,2.17782,,-0.4905,,-1.34397,
3.21768,,1.04967,,-0.32373,,2.52117,,-0.27468,,-0.42183,
3.84552,,0.91233,,-0.42183,,1.06929,,-0.48069,,0.80442,
3.8259,,1.12815,,-0.59841,,0.14715,,-0.03924,,3.66894,
3.71799,,0.56898,,-0.4905,,-0.50031,,-0.16677,,2.63889,
4.64013,,-0.36297,,-0.12753,,-0.04905,,0.56898,,3.19806,
3.85533,,0.12753,,-0.03924,,-1.40283,,0.70632,,4.3164,
3.2373,,0.06867,,0.6867,,-1.64808,,-0.20601,,5.01291,
3.20787,,-0.75537,,0.22563,,-1.77561,,0.16677,,3.7278,
3.15882,,-1.34397,,0.21582,,-2.53098,,-0.05886,,5.20911,
3.06072,,-1.78542,,0.3924,,-2.97243,,-0.10791,,5.53284,
2.07972,,-1.87371,,0.21582,,-2.80566,,-0.03924,,5.24835,
1.68732,,-2.28573,,-0.17658,,-2.58984,,-0.10791,,4.34583,
2.2563,,-3.15882,,-0.35316,,-3.30597,,-0.07848,,4.49298,
1.88352,,-3.07053,,-0.00981,,-2.89395,,0.32373,,5.43474,
0.25506,,-3.38445,,-0.12753,,-2.63889,,0.21582,,6.52365,
1.00062,,-2.83509,,-0.24525,,-2.49174,,0.23544,,3.42369,
1.46169,,-2.78604,,-0.36297,,-2.1582,,0.5886,,3.22749,
1.1772,,-1.67751,,-0.60822,,-2.2563,,0.73575,,4.33602,
0.84366,,-2.01105,,-0.22563,,-1.48131,,1.63827,,2.76642,
1.53036,,-1.90314,,-0.12753,,-1.22625,,1.49112,,1.88352,
2.86452,,-0.51012,,0.13734,,-1.69713,,0.41202,,1.32435,
1.8639,,-0.11772,,0.14715,,-1.03986,,0.52974,,2.81547,
1.95219,,-0.22563,,0.10791,,-0.17658,,0.57879,,2.85471,
2.57022,,1.00062,,-0.33354,,-0.07848,,0.57879,,1.36359,
2.58003,,0.62784,,-0.01962,,-0.27468,,1.36359,,2.23668,
2.3544,,1.50093,,-0.17658,,-0.00981,,1.14777,,0.77499,
1.94238,,3.0411,,-0.72594,,0.63765,,1.24587,,1.81485,
3.10977,,3.01167,,-1.08891,,0.38259,,1.44207,,-0.47088,
2.58984,,2.92338,,-1.45188,,-0.17658,,0.0,,0.35316,
2.39364,,2.49174,,-1.13796,,0.73575,,0.14715,,0.37278,
2.19744,,3.27654,,-1.09872,,1.94238,,0.31392,,0.04905,
2.48193,,2.943,,-1.98162,,1.31454,,1.13796,,0.05886,
1.50093,,1.91295,,-1.62846,,1.69713,,0.05886,,1.73637,
1.79523,,1.35378,,-2.05029,,1.75599,,0.70632,,1.7658,
2.12877,,1.34397,,-2.44269,,1.89333,,0.76518,,1.25568,
2.28573,,-0.26487,,-2.5506,,1.82466,,0.16677,,0.80442,
2.29554,,-0.56898,,-2.42307,,0.83385,,0.0,,0.12753,
2.23668,,-1.2753,,-1.73637,,1.54998,,-0.00981,,0.981,
2.40345,,-1.25568,,-1.40283,,1.14777,,0.13734,,0.85347,
2.82528,,-2.03067,,-1.46169,,0.43164,,0.76518,,1.46169,
1.95219,,-2.72718,,-0.94176,,0.20601,,0.84366,,2.03067,
3.15882,,-2.20725,,-0.73575,,-0.85347,,0.59841,,0.82404,
3.22749,,-2.66832,,-1.23606,,-1.20663,,0.80442,,2.06991,
2.98224,,-2.69775,,-0.7848,,-1.2753,,0.79461,,1.60884,
2.06991,,-2.36421,,-0.56898,,-1.92276,,0.95157,,1.89333,
1.98162,,-2.17782,,-0.81423,,-2.56041,,1.09872,,3.16863,
2.39364,,-2.61927,,-0.66708,,-2.27592,,1.95219,,5.33664,
1.34397,,-2.43288,,-0.72594,,-3.37464,,1.65789,,2.96262,
0.91233,,-0.92214,,-1.26549,,-3.01167,,1.92276,,2.39364,
1.61865,,-0.89271,,-1.39302,,-3.36483,,2.70756,,3.51198,
1.14777,,-1.00062,,-0.91233,,-3.29616,,3.54141,,6.63156,
0.5886,,-0.8829,,-0.21582,,-2.34459,,2.22687,,4.07115,
0.73575,,-0.42183,,-0.59841,,-3.42369,,2.11896,,2.5506,
0.85347,,0.10791,,-0.45126,,-2.99205,,1.8639,,3.03129,
0.67689,,-0.35316,,-0.54936,,-1.79523,,2.48193,,2.73699,
0.7848,,0.0,,-0.63765,,-2.02086,,1.84428,,-1.23606,
1.65789,,0.38259,,-0.37278,,-1.36359,,2.01105,,-1.62846,
2.57022,,0.32373,,-0.17658,,-1.42245,,2.16801,,1.54017,
2.34459,,0.7848,,0.34335,,-1.16739,,3.17844,,-0.80442,
2.14839,,2.14839,,0.60822,,-0.43164,,1.40283,,-1.22625,
3.22749,,1.79523,,0.67689,,-0.3924,,1.80504,,-1.15758,
2.70756,,2.54079,,0.74556,,-0.26487,,1.46169,,0.32373,
3.42369,,2.5506,,0.15696,,0.46107,,0.45126,,-1.19682,
3.61008,,3.01167,,0.04905,,0.81423,,-0.25506,,0.55917,
3.65913,,2.97243,,-0.40221,,1.03005,,1.69713,,0.51012,
3.36483,,2.91357,,-0.17658,,0.8829,,2.0601,,1.38321,
3.36483,,2.97243,,-0.56898,,1.03986,,2.38383,,1.90314,
3.27654,,2.66832,,-0.60822,,0.62784,,0.22563,,1.8639,
2.93319,,2.79585,,-0.59841,,0.61803,,1.23606,,1.81485,
1.94238,,2.12877,,-0.06867,,0.50031,,1.20663,,2.56041,
2.06991,,1.85409,,-0.67689,,0.46107,,0.35316,,3.1392,
1.55979,,0.93195,,-1.13796,,1.0791,,-0.26487,,1.77561,
1.80504,,0.28449,,-0.82404,,0.92214,,0.04905,,2.69775,
1.84428,,-0.16677,,-1.02024,,0.30411,,0.50031,,2.29554,
2.00124,,-0.55917,,-0.30411,,0.2943,,0.57879,,3.2373,
1.43226,,-2.07972,,-0.50031,,-1.10853,,-0.22563,,3.15882,
1.61865,,-1.73637,,0.20601,,-1.5696,,0.66708,,1.64808,
1.29492,,-2.43288,,0.92214,,-1.35378,,0.24525,,1.81485,
1.60884,,-2.8449,,0.86328,,-1.75599,,0.67689,,2.42307,
1.11834,,-3.4335,,0.15696,,-2.2563,,-0.42183,,1.84428,
1.64808,,-3.924,,0.74556,,-1.90314,,0.94176,,1.28511,
1.91295,,-2.71737,,0.57879,,-2.23668,,0.02943,,0.85347,
1.85409,,-2.24649,,0.97119,,-2.32497,,1.70694,,1.88352,
2.13858,,-2.65851,,1.33416,,-1.5696,,1.26549,,2.62908,
1.71675,,-2.12877,,1.62846,,-2.40345,,0.91233,,0.54936,
1.98162,,-2.16801,,2.24649,,-2.05029,,2.3544,,2.79585,
1.58922,,-1.55979,,2.12877,,-2.08953,,1.962,,3.45312,
1.49112,,-1.16739,,1.67751,,-1.82466,,1.67751,,2.32497,
1.69713,,-1.51074,,1.13796,,-1.18701,,1.06929,,0.14715,
1.09872,,-0.36297,,0.81423,,-1.0791,,1.15758,,0.22563,
2.05029,,-0.47088,,0.60822,,-1.20663,,1.50093,,1.41264,
1.5696,,0.37278,,0.61803,,-0.70632,,-0.06867,,2.09934,
1.54998,,0.50031,,0.56898,,-0.8829,,-0.30411,,2.30535,
0.7848,,0.6867,,0.87309,,-0.44145,,1.75599,,2.78604,
1.45188,,0.60822,,1.02024,,-0.45126,,1.43226,,1.77561,
1.18701,,1.38321,,0.74556,,-0.14715,,-0.7848,,1.02024,
0.59841,,1.44207,,0.82404,,-0.06867,,-0.08829,,1.40283,
0.92214,,0.8829,,-0.12753,,0.37278,,0.37278,,1.24587,
0.96138,,1.95219,,0.04905,,0.34335,,0.31392,,2.01105,
1.36359,,2.17782,,-0.21582,,0.55917,,-1.64808,,0.23544,
0.44145,,1.55979,,-0.42183,,0.38259,,-0.71613,,1.41264,
0.35316,,0.86328,,-0.56898,,0.32373,,-0.35316,,0.64746,
0.90252,,1.50093,,-0.59841,,-0.24525,,0.03924,,3.01167,
0.2943,,1.63827,,-0.46107,,-0.62784,,0.20601,,2.54079,
0.06867,,1.19682,,-1.02024,,0.32373,,0.23544,,3.02148,
0.42183,,1.55979,,-0.7848,,-0.60822,,-0.40221,,3.05091,
0.53955,,1.13796,,-1.03005,,-0.5886,,-0.24525,,1.98162,
0.32373,,0.70632,,-1.62846,,-1.41264,,-0.15696,,0.50031,
0.56898,,-0.11772,,-1.22625,,-2.00124,,-0.32373,,2.05029,
0.76518,,-0.22563,,-1.31454,,-2.23668,,0.05886,,2.11896,
0.0981,,-1.3734,,-0.91233,,-3.4335,,-0.55917,,2.21706,
0.00981,,-1.38321,,-1.52055,,-3.61008,,0.51012,,2.61927,
0.67689,,-2.27592,,-0.74556,,-3.32559,,0.36297,,0.76518,
0.96138,,-2.81547,,-1.04967,,-3.97305,,0.73575,,-0.23544,
0.72594,,-2.44269,,-0.27468,,-4.26735,,0.65727,,-1.88352,
1.15758,,-2.81547,,0.46107,,-3.67875,,0.32373,,-0.12753,
1.32435,,-3.97305,,1.25568,,-3.93381,,0.13734,,-0.86328,
1.54998,,-3.74742,,0.69651,,-3.77685,,0.7848,,0.70632,
0.71613,,-3.71799,,1.49112,,-3.58065,,-0.33354,,-1.11834,
0.89271,,-3.97305,,1.88352,,-3.42369,,-0.05886,,-0.76518,
1.20663,,-3.84552,,2.19744,,-2.83509,,0.13734,,-0.07848,
1.51074,,-3.1392,,1.98162,,-2.19744,,-0.0981,,0.63765,
1.6677,,-3.10977,,2.23668,,-2.14839,,-0.02943,,-1.15758,
1.54017,,-2.41326,,2.21706,,-0.93195,,-0.55917,,0.18639,
2.03067,,-2.20725,,2.52117,,-1.08891,,0.12753,,0.42183,
1.97181,,-1.15758,,2.17782,,-0.82404,,0.28449,,1.04967,
1.29492,,-1.59903,,2.07972,,0.47088,,0.63765,,2.33478,
0.21582,,-1.55979,,1.7658,,0.13734,,0.83385,,2.05029,
0.37278,,-0.43164,,1.04967,,-0.47088,,0.69651,,4.26735,
0.90252,,-0.12753,,1.01043,,0.59841,,-0.06867,,2.46231,
-0.27468,,-0.27468,,1.43226,,0.69651,,0.04905,,2.0601,
-0.21582,,0.60822,,0.73575,,0.37278,,0.20601,,2.90376,
0.0,,0.60822,,-0.00981,,0.07848,,0.30411,,2.26611,
0.18639,,1.11834,,-0.1962,,-0.10791,,0.32373,,2.38383,
-0.96138,,1.11834,,-1.13796,,-0.0981,,-0.57879,,1.90314,
-0.77499,,1.23606,,-1.38321,,-0.05886,,0.04905,,2.21706,
-1.03005,,1.82466,,-1.72656,,-0.55917,,0.57879,,2.56041,
-0.80442,,1.67751,,-1.38321,,0.04905,,-0.64746,,4.49298,
-0.64746,,1.87371,,-1.59903,,-1.02024,,-1.81485,,3.09015,
0.01962,,1.26549,,-1.39302,,-1.42245,,-0.3924,,3.8259,
0.8829,,0.79461,,-1.46169,,-2.1582,,1.98162,,3.36483,
0.92214,,0.97119,,-1.80504,,-1.69713,,0.04905,,2.33478,
1.09872,,0.90252,,-2.26611,,-2.63889,,0.1962,,2.02086,
1.36359,,-0.23544,,-2.51136,,-2.22687,,1.63827,,2.39364,
1.25568,,-0.81423,,-2.23668,,-2.89395,,1.88352,,3.67875,
1.5696,,-0.56898,,-1.36359,,-2.75661,,0.95157,,1.61865,
2.49174,,-1.31454,,-0.93195,,-2.89395,,1.19682,,3.1392,
2.1582,,-1.55979,,-0.6867,,-2.88414,,2.60946,,1.11834,
2.01105,,-1.962,,-0.40221,,-3.68856,,1.20663,,1.92276,
2.23668,,-1.03986,,-0.46107,,-3.22749,,2.1582,,-0.44145,
2.11896,,-1.98162,,-0.63765,,-3.36483,,1.8639,,0.14715,
1.35378,,-1.4715,,0.13734,,-3.11958,,2.43288,,-0.7848,
1.69713,,-2.05029,,-0.27468,,-3.25692,,1.69713,,-0.41202,
1.63827,,-1.3734,,0.13734,,-3.14901,,1.51074,,-0.67689,
1.35378,,-2.09934,,0.8829,,-1.73637,,2.31516,,-1.35378,
1.02024,,-1.90314,,1.00062,,-1.63827,,0.67689,,0.91233,
1.00062,,-1.69713,,0.42183,,-1.78542,,-0.89271,,0.3924,
1.31454,,-1.03005,,0.28449,,-0.44145,,-0.72594,,0.69651,
0.85347,,-1.53036,,0.25506,,-0.36297,,0.44145,,-0.91233,
0.1962,,-1.3734,,-0.01962,,-0.43164,,-0.70632,,0.37278,
0.6867,,-0.84366,,-0.25506,,0.56898,,-0.03924,,-1.24587,
0.96138,,-0.82404,,0.51993,,0.47088,,0.22563,,-0.52974,
0.0,,-0.63765,,0.06867,,0.7848,,-0.12753,,0.22563,
-0.71613,,-0.94176,,0.32373,,1.20663,,0.44145,,1.15758,
0.11772,,-0.52974,,0.56898,,0.82404,,-0.76518,,0.36297,
-0.63765,,-0.44145,,0.63765,,1.31454,,0.53955,,0.42183,
-0.89271,,-1.12815,,0.23544,,1.15758,,-0.14715,,1.25568,
-1.79523,,-0.42183,,-0.13734,,0.99081,,1.32435,,1.03005,
-0.15696,,-0.30411,,-0.55917,,0.85347,,0.55917,,0.95157,
-1.39302,,0.23544,,-0.11772,,0.0981,,1.67751,,0.26487,
-1.36359,,-0.37278,,-0.01962,,-0.3924,,0.90252,,0.16677,
-1.68732,,-0.92214,,-0.31392,,-0.7848,,0.46107,,0.59841,
-1.03986,,-1.29492,,-0.24525,,-1.90314,,0.5886,,-0.26487,
-1.8639,,-0.4905,,-0.15696,,-2.03067,,0.62784,,0.46107,
-2.31516,,-0.45126,,-1.12815,,-1.89333,,1.54998,,1.13796,
-1.19682,,-0.40221,,-1.79523,,-2.03067,,0.89271,,2.11896,
-0.42183,,-0.70632,,-2.10915,,-2.06991,,1.94238,,-1.0791,
-0.71613,,0.50031,,-2.65851,,-2.59965,,0.51993,,-0.03924,
0.08829,,-0.15696,,-2.7468,,-2.29554,,1.40283,,-0.14715,
0.62784,,-1.12815,,-2.65851,,-2.61927,,2.04048,,-0.06867,
1.36359,,-1.21644,,-2.58984,,-3.25692,,2.04048,,-1.04967,
0.4905,,-0.26487,,-2.5506,,-3.71799,,1.72656,,-0.77499,
1.20663,,-0.33354,,-1.99143,,-3.06072,,1.7658,,-0.59841,
1.44207,,-0.20601,,-1.79523,,-3.61008,,3.18825,,-1.23606,
1.31454,,-0.28449,,-2.00124,,-3.80628,,2.3544,,-1.58922,
1.72656,,0.11772,,-1.59903,,-3.4335,,2.51136,,-0.25506,
1.48131,,0.51012,,-1.16739,,-2.46231,,2.72718,,-0.00981,
1.78542,,0.32373,,-0.83385,,-3.69837,,2.48193,,-1.49112,
1.02024,,0.62784,,-0.31392,,-3.48255,,2.08953,,-0.25506,
0.94176,,0.82404,,-0.23544,,-3.12939,,2.37402,,-0.55917,
0.59841,,1.88352,,0.36297,,-2.58984,,2.1582,,-0.73575,
0.70632,,1.91295,,0.51012,,-3.11958,,2.09934,,-0.37278,
0.10791,,2.72718,,0.67689,,-1.93257,,1.8639,,0.70632,
-0.21582,,2.943,,0.46107,,-1.33416,,1.33416,,1.25568,
-0.15696,,3.40407,,0.06867,,-0.2943,,1.25568,,1.78542,
0.28449,,3.55122,,-0.43164,,-1.90314,,1.13796,,0.0981,
-0.21582,,2.943,,-0.24525,,-0.21582,,0.79461,,0.89271,
0.21582,,3.19806,,-0.64746,,0.36297,,1.44207,,1.97181,
0.6867,,2.89395,,-0.4905,,-0.50031,,1.19682,,1.78542,
0.77499,,3.22749,,-0.13734,,-0.46107,,1.50093,,1.81485,
0.8829,,2.38383,,-0.8829,,0.54936,,2.07972,,0.1962,
1.10853,,2.28573,,-1.11834,,0.95157,,2.54079,,1.38321,
0.99081,,1.75599,,-1.34397,,-0.37278,,1.72656,,1.18701,
0.73575,,0.981,,-1.12815,,-0.43164,,0.51993,,0.51012,
0.37278,,-0.06867,,-1.11834,,0.51012,,1.45188,,0.32373,
-0.35316,,-0.52974,,-1.22625,,0.67689,,2.87433,,2.23668,
-0.02943,,-0.97119,,-0.90252,,-0.3924,,3.27654,,1.28511,
-0.22563,,-0.41202,,-0.79461,,-0.47088,,2.28573,,-0.12753,
-0.97119,,-0.93195,,-0.92214,,-0.21582,,1.99143,,1.16739,
-0.69651,,-1.05948,,-0.57879,,-0.31392,,3.34521,,1.53036,
-0.81423,,-0.89271,,-0.65727,,-1.22625,,3.19806,,0.63765,
-0.45126,,-1.53036,,-0.74556,,-1.20663,,1.08891,,-0.23544,
-1.49112,,-1.93257,,-0.72594,,-1.59903,,1.50093,,0.56898,
-1.30473,,-1.57941,,-0.80442,,-1.75599,,2.07972,,0.42183,
-0.41202,,-2.02086,,-0.59841,,-1.74618,,3.01167,,-0.31392,
-0.71613,,-1.03986,,-0.45126,,-1.94238,,2.7468,,-1.83447,
-1.18701,,-0.73575,,-0.73575,,-2.69775,,1.41264,,0.21582,
-0.76518,,-1.03986,,-0.17658,,-2.38383,,2.5506,,-0.37278,
-0.06867,,-0.60822,,-0.51012,,-3.07053,,2.51136,,-1.45188,
0.25506,,-0.53955,,-0.46107,,-3.61008,,2.31516,,-1.18701,
0.36297,,-0.46107,,0.06867,,-4.03191,,2.30535,,-2.34459,
0.7848,,-0.67689,,0.02943,,-2.92338,,2.27592,,-2.77623,
0.40221,,-0.60822,,-0.43164,,-3.41388,,2.22687,,-2.60946,
0.20601,,-0.22563,,-0.77499,,-2.91357,,1.6677,,-2.50155,
-0.34335,,0.07848,,-0.22563,,-2.943,,1.36359,,-1.98162,
0.0,,0.69651,,0.50031,,-2.51136,,1.6677,,-1.22625,
-0.08829,,0.81423,,0.42183,,-2.83509,,1.06929,,-0.47088,
-0.60822,,1.01043,,0.05886,,-2.59965,,0.36297,,-1.11834,
-0.46107,,1.33416,,0.64746,,-2.37402,,0.92214,,-1.06929,
-0.50031,,0.53955,,0.42183,,-1.79523,,0.70632,,-1.46169,
-1.14777,,0.70632,,0.16677,,-1.92276,,0.60822,,-1.05948,
-0.76518,,1.13796,,0.60822,,-1.04967,,-0.03924,,-1.38321,
-0.32373,,0.91233,,0.0,,-0.69651,,0.07848,,-0.61803,
-0.44145,,1.54017,,0.10791,,-0.2943,,-1.20663,,0.43164,
-0.71613,,1.46169,,-0.14715,,-1.0791,,-0.62784,,-0.02943,
-0.52974,,1.23606,,0.43164,,-0.59841,,-0.24525,,0.73575,
-0.4905,,1.20663,,0.28449,,-0.2943,,-1.92276,,1.30473,
-0.06867,,0.66708,,-0.47088,,-0.37278,,-0.44145,,1.31454,
-1.04967,,0.75537,,-0.56898,,-0.86328,,-0.86328,,0.42183,
-0.27468,,0.44145,,-0.36297,,-0.28449,,0.10791,,0.0981,
0.08829,,0.66708,,-1.09872,,-1.05948,,-1.22625,,0.28449,
-0.54936,,0.38259,,-1.29492,,-1.21644,,-0.22563,,0.07848,
-0.79461,,0.02943,,-1.44207,,-1.57941,,-0.65727,,0.41202,
-0.03924,,-0.55917,,-1.20663,,-1.53036,,-0.99081,,0.38259,
-0.84366,,-0.08829,,-1.99143,,-1.95219,,-0.83385,,1.99143,
-0.96138,,-0.41202,,-2.09934,,-1.73637,,-0.25506,,0.04905,
-0.73575,,-1.52055,,-1.52055,,-2.07972,,-0.53955,,1.00062,
-0.89271,,-1.10853,,-2.08953,,-1.59903,,-0.55917,,-0.32373,
-1.23606,,-0.44145,,-1.81485,,-1.962,,0.20601,,-0.57879,
-1.06929,,-0.23544,,-1.83447,,-2.4525,,0.36297,,-1.06929,
-1.30473,,-0.67689,,-1.46169,,-1.42245,,0.03924,,-0.23544,
-0.1962,,0.57879,,-1.42245,,-2.0601,,0.10791,,-0.64746,
-0.94176,,1.00062,,-1.39302,,-3.12939,,0.87309,,0.48069,
-0.26487,,1.01043,,-1.08891,,-2.65851,,1.40283,,0.41202,
-0.18639,,0.56898,,-0.6867,,-2.31516,,-0.31392,,0.7848,
-0.4905,,1.45188,,-0.93195,,-2.48193,,1.08891,,0.76518,
-0.42183,,1.69713,,-0.30411,,-2.90376,,0.83385,,-0.74556,
-0.24525,,2.0601,,0.51012,,-2.83509,,0.63765,,-0.66708,
-0.24525,,1.73637,,0.67689,,-2.28573,,0.73575,,-1.83447,
0.23544,,2.17782,,1.0791,,-2.51136,,1.26549,,-1.77561,
0.0,,2.85471,,1.15758,,-2.83509,,2.04048,,-1.14777,
-1.18701,,2.53098,,1.62846,,-2.50155,,0.75537,,0.22563,
-0.8829,,2.18763,,1.20663,,-2.13858,,-0.90252,,2.07972,
-0.8829,,2.18763,,0.59841,,-2.16801,,0.45126,,1.70694,
-1.00062,,2.09934,,1.0791,,-1.80504,,0.60822,,3.01167,
-1.19682,,1.26549,,0.85347,,-1.71675,,-0.33354,,0.92214,
-0.91233,,0.77499,,1.06929,,-1.73637,,-0.71613,,-0.51993,
-1.6677,,0.48069,,0.67689,,-1.57941,,1.36359,,-2.21706,
-1.52055,,0.85347,,0.93195,,-1.31454,,0.82404,,0.51993,
-2.12877,,0.76518,,0.18639,,-1.51074,,0.74556,,1.3734,
-1.88352,,0.55917,,0.37278,,-1.23606,,0.47088,,0.8829,
-1.88352,,-0.26487,,0.10791,,-0.95157,,1.2753,,1.74618,
-1.82466,,-0.18639,,0.15696,,-0.96138,,0.86328,,1.13796,
-1.75599,,-0.43164,,-0.67689,,-1.5696,,0.07848,,2.1582,
-1.51074,,-0.94176,,-0.43164,,-1.2753,,-0.17658,,1.73637,
-1.89333,,-0.63765,,-0.00981,,-0.96138,,-0.84366,,0.79461,
-2.20725,,0.02943,,0.57879,,-1.70694,,-0.50031,,0.50031,
-2.50155,,0.02943,,0.00981,,-1.93257,,-0.5886,,0.99081,
-2.57022,,0.32373,,-0.24525,,-0.7848,,-0.20601,,0.13734,
-2.86452,,0.48069,,-0.03924,,-0.60822,,-1.38321,,-0.3924,
-2.53098,,1.22625,,-0.77499,,-1.12815,,-1.55979,,0.13734,
-2.93319,,0.99081,,-1.0791,,-0.86328,,-0.94176,,3.39426,
-2.4525,,1.61865,,-0.87309,,-0.27468,,-1.83447,,3.48255,
-1.8639,,1.82466,,-1.0791,,-0.79461,,-2.80566,,1.28511,
-2.3544,,2.29554,,-0.76518,,-1.26549,,-0.5886,,0.31392,
-1.62846,,2.3544,,-0.89271,,-1.01043,,-0.17658,,-1.15758,
-1.24587,,3.0411,,-0.80442,,-0.04905,,-1.20663,,-1.6677,
-1.06929,,2.97243,,-1.15758,,-0.31392,,-1.21644,,-1.98162,
-1.14777,,3.22749,,-1.81485,,-0.82404,,0.86328,,0.20601,
-0.70632,,3.20787,,-1.72656,,0.43164,,1.31454,,-0.28449,
-0.53955,,4.00248,,-1.6677,,1.26549,,-0.26487,,-0.05886,
0.35316,,2.78604,,-1.87371,,0.15696,,0.21582,,-2.61927,
0.32373,,2.3544,,-1.29492,,0.06867,,2.56041,,-0.82404,
-0.24525,,3.08034,,-0.54936,,0.61803,,2.32497,,0.75537,
0.79461,,3.45312,,-0.35316,,0.48069,,-0.03924,,-0.5886,
-0.27468,,3.0411,,-0.07848,,1.40283,,0.61803,,-1.61865,
0.32373,,3.50217,,0.16677,,1.31454,,1.04967,,-0.44145,
-0.34335,,3.44331,,0.8829,,2.00124,,1.26549,,-1.31454,
-0.05886,,3.88476,,0.67689,,2.01105,,-0.0981,,-3.74742,
-0.34335,,2.98224,,0.65727,,1.4715,,0.00981,,-2.0601,
-0.14715,,3.27654,,1.09872,,1.49112,,0.21582,,-0.6867,
-0.8829,,2.48193,,0.97119,,1.08891,,-0.10791,,0.46107,
-0.93195,,1.99143,,1.25568,,0.74556,,-0.67689,,-2.16801,
-1.26549,,1.962,,1.43226,,0.01962,,0.91233,,-3.10977,
-1.40283,,2.22687,,1.43226,,-0.08829,,1.42245,,-1.60884,
-1.23606,,1.52055,,1.11834,,-0.72594,,-0.72594,,-2.60946,
-1.36359,,0.74556,,0.85347,,-0.50031,,0.03924,,-2.4525,
-1.59903,,0.80442,,-0.03924,,-1.26549,,1.05948,,-2.04048,
-1.54017,,0.23544,,-0.0981,,-1.92276,,0.56898,,-1.57941,
-2.00124,,-0.43164,,-0.87309,,-1.50093,,-0.6867,,-3.69837,
-2.41326,,-0.38259,,-1.16739,,-0.8829,,0.71613,,-2.59965,
-2.43288,,-0.52974,,-1.11834,,-1.16739,,1.34397,,-2.27592,
-2.57022,,-0.75537,,-1.45188,,-1.84428,,0.18639,,-0.65727,
-2.76642,,-0.53955,,-1.22625,,-1.38321,,-1.5696,,-1.57941,
-2.72718,,-0.2943,,-2.23668,,-0.67689,,-0.82404,,-2.78604,
-2.88414,,0.6867,,-2.09934,,-1.3734,,0.51012,,-2.81547,
-2.24649,,0.90252,,-1.72656,,-0.76518,,-0.82404,,-4.19868,
-2.39364,,1.7658,,-1.87371,,-0.76518,,-1.90314,,-2.91357,
-2.52117,,2.0601,,-1.64808,,-0.43164,,-0.26487,,-2.88414,
-1.98162,,2.36421,,-1.78542,,-0.57879,,0.06867,,-0.42183,
-1.42245,,2.38383,,-1.69713,,-1.19682,,-1.10853,,-1.95219,
-1.72656,,2.92338,,-2.08953,,-0.31392,,-1.70694,,-1.34397,
-1.74618,,3.86514,,-1.79523,,0.3924,,-0.13734,,-2.42307,
-0.61803,,3.51198,,-1.60884,,-0.92214,,1.31454,,-1.91295,
0.79461,,3.50217,,-0.96138,,-1.36359,,1.3734,,-1.54017,
-0.06867,,4.35564,,-0.71613,,-0.81423,,0.43164,,-0.51993,
-0.06867,,4.69899,,-0.50031,,-1.1772,,1.32435,,0.46107,
0.15696,,3.80628,,-0.7848,,-1.00062,,1.92276,,0.22563,
0.73575,,3.67875,,-0.83385,,-0.89271,,1.06929,,1.33416,
0.12753,,3.52179,,-0.32373,,0.28449,,0.92214,,0.3924,
-0.65727,,3.32559,,0.10791,,0.25506,,1.52055,,0.67689,
0.8829,,3.00186,,0.25506,,-0.16677,,2.27592,,-0.21582,
0.79461,,3.16863,,1.61865,,-0.12753,,1.14777,,-1.25568,
0.01962,,2.14839,,2.39364,,0.45126,,0.61803,,-0.67689,
-0.50031,,1.95219,,2.71737,,-0.16677,,0.60822,,-2.5506,
-0.08829,,1.29492,,3.26673,,0.0,,0.80442,,-1.79523,
-0.7848,,1.58922,,3.26673,,-0.03924,,0.99081,,-1.29492,
-1.58922,,0.20601,,3.63951,,0.50031,,0.55917,,-0.7848,
-1.00062,,0.30411,,3.66894,,0.31392,,-0.02943,,-0.84366,
-0.70632,,0.34335,,3.16863,,0.20601,,-0.46107,,-2.36421,
-1.5696,,0.26487,,3.10977,,-0.2943,,0.22563,,-2.08953,
-2.39364,,0.50031,,2.79585,,-0.56898,,0.14715,,-3.56103,
-1.4715,,0.69651,,2.89395,,-0.1962,,0.79461,,-2.28573,
-1.88352,,0.51012,,2.89395,,-0.70632,,-0.46107,,-2.81547,
-2.86452,,-0.52974,,1.94238,,-0.18639,,0.51012,,-3.25692,
-2.42307,,-0.30411,,1.20663,,-0.40221,,0.30411,,-2.60946,
-2.58003,,-0.10791,,0.59841,,-0.57879,,0.13734,,-3.35502,
-3.01167,,0.33354,,-0.52974,,-0.74556,,-1.05948,,-3.20787,
-3.09996,,0.01962,,-1.28511,,0.1962,,-0.84366,,-1.92276,
-3.77685,,0.51993,,-1.8639,,-0.79461,,0.93195,,-1.34397,
-3.08034,,0.86328,,-2.13858,,-0.28449,,0.56898,,-1.87371,
-3.78666,,1.25568,,-1.13796,,-0.64746,,-0.64746,,-2.10915,
-3.64932,,0.65727,,-2.03067,,0.22563,,0.46107,,-1.78542,
-2.943,,1.79523,,-1.98162,,0.6867,,-0.22563,,-0.67689,
-2.77623,,1.70694,,-1.70694,,0.62784,,0.17658,,-0.99081,
-2.77623,,1.28511,,-1.59903,,0.73575,,0.35316,,-1.44207,
-1.53036,,2.49174,,-1.2753,,0.75537,,0.0981,,-0.46107,
-1.18701,,3.67875,,-1.38321,,-0.05886,,-0.86328,,0.94176,
-1.0791,,4.0221,,-1.38321,,-0.14715,,-0.20601,,-1.71675,
-0.93195,,3.4335,,-1.63827,,1.04967,,1.29492,,-0.70632,
0.16677,,4.45374,,-1.49112,,0.3924,,0.48069,,-0.27468,
0.44145,,4.58127,,-1.70694,,0.74556,,-0.07848,,0.0981,
0.52974,,4.65975,,-0.61803,,1.05948,,1.19682,,0.18639,
0.86328,,3.67875,,-0.31392,,0.81423,,2.47212,,0.74556,
1.08891,,3.61008,,-0.62784,,0.44145,,0.3924,,0.00981,
0.80442,,3.20787,,-0.85347,,-0.25506,,0.03924,,0.86328,
0.33354,,2.4525,,-0.64746,,-0.72594,,0.64746,,-0.23544,
0.67689,,1.89333,,-1.11834,,0.0981,,1.42245,,1.05948,
0.17658,,0.72594,,-1.10853,,-0.3924,,0.33354,,1.50093,
0.05886,,-0.69651,,-1.57941,,-0.15696,,0.33354,,1.91295,
0.18639,,-1.08891,,-1.15758,,0.40221,,1.1772,,1.77561,
0.55917,,-1.26549,,-1.5696,,0.42183,,0.42183,,1.98162,
0.10791,,-2.00124,,-1.35378,,0.35316,,-0.05886,,0.11772,
-1.22625,,-2.07972,,-1.45188,,-0.22563,,0.24525,,-0.51012,
-0.64746,,-1.67751,,-1.04967,,-0.27468,,0.76518,,0.0,
-1.03986,,-1.83447,,-1.2753,,0.02943,,-1.08891,,0.34335,
-1.30473,,-1.64808,,-1.81485,,0.21582,,-1.06929,,-0.10791,
-1.62846,,-1.21644,,-1.61865,,0.24525,,-1.04967,,1.62846,
-1.28511,,-0.74556,,-2.29554,,0.14715,,-1.25568,,1.29492,
-0.81423,,-0.67689,,-2.86452,,0.81423,,-1.75599,,0.04905,
-1.83447,,-1.70694,,-2.78604,,0.38259,,-0.28449,,-1.52055,
-2.04048,,0.25506,,-2.80566,,0.37278,,-0.71613,,1.34397,
-2.43288,,0.8829,,-2.42307,,0.10791,,-0.97119,,0.01962,
-2.52117,,0.95157,,-2.11896,,0.63765,,-0.92214,,-0.63765,
-3.31578,,1.11834,,-2.30535,,0.76518,,-1.2753,,-0.66708,
-3.31578,,1.48131,,-3.03129,,0.63765,,-1.38321,,-0.1962,
-2.65851,,2.19744,,-3.65913,,1.79523,,-1.7658,,-0.0981,
-2.1582,,1.59903,,-3.85533,,1.71675,,-1.78542,,0.14715,
-2.19744,,1.69713,,-3.47274,,1.36359,,-1.02024,,0.37278,
-2.02086,,1.45188,,-3.25692,,0.97119,,-1.22625,,3.01167,
-1.32435,,1.69713,,-3.05091,,1.63827,,-1.5696,,1.59903,
-1.16739,,2.04048,,-3.06072,,1.40283,,-2.27592,,-0.42183,
-1.3734,,3.21768,,-2.69775,,2.24649,,-3.37464,,-0.33354,
-0.05886,,2.87433,,-2.47212,,1.43226,,-3.24711,,1.49112,
-0.31392,,4.14963,,-1.13796,,1.44207,,-1.54017,,1.36359,
1.14777,,4.39488,,-1.05948,,1.58922,,-0.73575,,2.7468,
1.15758,,3.83571,,-1.13796,,1.63827,,-2.18763,,3.91419,
1.69713,,3.61008,,-1.1772,,0.82404,,-2.54079,,3.4335,
1.65789,,4.00248,,-0.55917,,0.71613,,-1.05948,,1.81485,
1.6677,,4.06134,,-0.08829,,0.21582,,-0.75537,,0.43164,
0.87309,,4.13001,,0.85347,,0.51993,,-2.47212,,2.27592,
1.15758,,3.16863,,1.7658,,0.70632,,-1.73637,,2.60946,
0.82404,,3.61008,,1.962,,0.25506,,0.02943,,3.50217,
0.60822,,3.07053,,1.77561,,0.981,,1.08891,,1.80504,
0.10791,,2.61927,,1.09872,,0.32373,,-0.17658,,3.51198,
0.11772,,0.74556,,0.81423,,-0.5886,,-0.05886,,1.44207,
0.26487,,0.92214,,0.17658,,-0.11772,,0.54936,,3.52179,
-0.03924,,0.44145,,0.60822,,0.01962,,0.47088,,2.5506,
-1.01043,,-0.38259,,0.21582,,-0.24525,,-0.72594,,2.56041,
-0.48069,,-0.18639,,0.47088,,-0.10791,,-0.46107,,1.5696,
-0.55917,,-0.38259,,-0.5886,,0.51993,,0.3924,,0.75537,
-0.43164,,-0.83385,,-0.53955,,0.07848,,-0.37278,,-1.22625,
-0.2943,,-0.51993,,-1.29492,,0.03924,,-0.55917,,-1.82466,
0.02943,,-0.60822,,-1.05948,,-0.35316,,-0.52974,,0.97119,
-0.07848,,-0.25506,,-2.13858,,-0.18639,,-0.03924,,-0.71613,
-0.36297,,-0.31392,,-2.04048,,-0.30411,,-0.99081,,-0.10791,
-1.15758,,-0.25506,,-2.78604,,-0.18639,,-1.31454,,-0.89271,
-0.66708,,0.2943,,-2.6487,,0.53955,,-1.00062,,-0.85347,
-1.18701,,0.46107,,-2.61927,,1.05948,,-0.17658,,-0.81423,
-1.18701,,0.04905,,-2.27592,,0.36297,,-2.38383,,-0.74556,
-1.45188,,1.89333,,-1.87371,,1.21644,,-2.26611,,-0.00981,
-1.36359,,1.88352,,-1.34397,,1.41264,,-1.28511,,0.13734,
-1.84428,,2.39364,,-1.55979,,1.09872,,-2.28573,,0.8829,
-1.25568,,2.41326,,-1.62846,,1.2753,,-3.16863,,1.18701,
-1.91295,,2.29554,,-2.67813,,1.55979,,-3.24711,,2.48193,
-1.16739,,2.5506,,-1.90314,,1.53036,,-2.43288,,1.88352,
-1.03005,,2.79585,,-1.16739,,1.54017,,-2.52117,,2.30535,
-0.73575,,3.14901,,-0.95157,,1.72656,,-3.56103,,2.95281,
0.12753,,3.71799,,-0.11772,,1.72656,,-2.41326,,2.65851,
0.70632,,3.06072,,0.83385,,2.26611,,-2.60946,,2.48193,
1.12815,,3.02148,,-0.03924,,1.03005,,-3.87495,,2.68794,
2.14839,,3.3354,,0.23544,,1.22625,,-2.83509,,4.24773,
2.42307,,3.31578,,0.74556,,1.5696,,-2.48193,,4.72842,
2.22687,,2.49174,,0.77499,,1.52055,,-2.37402,,4.52241,
2.05029,,2.23668,,0.77499,,0.50031,,-1.88352,,5.2974,
3.00186,,2.29554,,0.7848,,1.38321,,-1.26549,,4.22811,
2.5506,,1.54017,,1.30473,,0.92214,,-1.41264,,3.40407,
2.42307,,1.49112,,1.57941,,1.19682,,-1.01043,,1.91295,
1.59903,,1.03005,,1.89333,,0.72594,,-1.0791,,2.53098,
1.95219,,0.16677,,2.34459,,0.52974,,0.03924,,2.10915,
1.11834,,0.56898,,2.62908,,0.45126,,-0.40221,,-0.72594,
0.10791,,0.21582,,2.12877,,0.65727,,0.15696,,0.45126,
-0.27468,,0.03924,,1.84428,,-0.28449,,0.46107,,-0.00981,
-0.18639,,-0.53955,,1.52055,,-0.02943,,-0.26487,,-0.0981,
-0.31392,,-0.8829,,0.94176,,-0.37278,,0.50031,,-1.1772,
-1.30473,,-0.43164,,1.39302,,-0.6867,,0.15696,,0.60822,
-1.32435,,-0.55917,,1.32435,,-1.1772,,0.3924,,0.43164,
-0.7848,,-0.20601,,1.08891,,-0.92214,,-0.70632,,-2.17782,
-2.04048,,0.80442,,0.77499,,-1.54998,,0.11772,,-2.53098,
-1.52055,,0.50031,,0.3924,,-1.54017,,-0.61803,,-1.59903,
-1.73637,,-0.14715,,-1.04967,,-1.39302,,-0.46107,,-0.63765,
-1.46169,,0.11772,,-1.42245,,-1.40283,,-0.86328,,-1.83447,
-1.93257,,0.981,,-1.64808,,-1.30473,,-0.24525,,-2.4525,
-1.46169,,0.99081,,-2.19744,,-0.99081,,-1.89333,,-1.2753,
-1.46169,,1.73637,,-1.92276,,-1.25568,,-0.96138,,-0.2943,
-1.32435,,1.16739,,-2.19744,,-1.09872,,-2.44269,,-0.53955,
-1.84428,,2.80566,,-2.07972,,-1.24587,,-1.89333,,-0.14715,
-1.52055,,2.18763,,-1.82466,,-1.29492,,-1.45188,,-1.21644,
-1.04967,,1.71675,,-2.09934,,-0.65727,,-1.5696,,-0.67689,
-1.59903,,1.89333,,-1.88352,,0.08829,,-2.20725,,-0.15696,
-0.77499,,2.13858,,-1.29492,,-0.21582,,-2.0601,,-1.03986,
-0.21582,,1.95219,,-1.29492,,0.67689,,-2.21706,,1.5696,
-0.57879,,1.4715,,-1.55979,,0.55917,,-2.07972,,1.20663,
0.74556,,1.78542,,-0.96138,,1.08891,,-2.54079,,1.3734,
1.05948,,1.55979,,-0.21582,,1.06929,,-2.80566,,2.13858,
1.55979,,1.81485,,-0.17658,,1.25568,,-1.71675,,2.10915,
1.962,,0.51012,,-0.01962,,1.90314,,-1.59903,,1.82466,
2.28573,,1.05948,,-0.17658,,1.75599,,-1.75599,,1.19682,
2.87433,,0.981,,-0.10791,,1.3734,,-0.1962,,1.3734,
3.1392,,0.7848,,0.01962,,2.23668,,-0.87309,,-0.15696,
3.09996,,0.00981,,0.44145,,2.28573,,-0.20601,,-0.90252,
3.17844,,0.10791,,0.54936,,2.44269,,-1.15758,,0.82404,
2.96262,,0.02943,,0.55917,,1.94238,,0.62784,,-0.11772,
2.97243,,0.21582,,0.96138,,1.7658,,0.45126,,2.1582,
2.42307,,0.41202,,1.39302,,1.69713,,0.23544,,-0.0981,
1.63827,,-0.69651,,1.09872,,1.02024,,-0.07848,,0.67689,
1.16739,,-0.00981,,0.91233,,1.11834,,0.57879,,-0.28449,
1.3734,,-0.64746,,1.81485,,1.02024,,0.4905,,-0.94176,
1.02024,,-0.56898,,2.19744,,0.10791,,0.35316,,-0.23544,
-0.0981,,-0.44145,,2.37402,,-0.15696,,0.60822,,-0.30411,
-0.24525,,0.57879,,2.46231,,-0.70632,,0.80442,,-1.00062,
-0.75537,,0.53955,,2.56041,,-1.13796,,0.83385,,-1.67751,
-1.30473,,0.38259,,2.44269,,-1.12815,,0.74556,,-1.54017,
-1.20663,,-0.35316,,2.77623,,-1.23606,,-0.06867,,-1.58922,
-1.24587,,-0.1962,,2.37402,,-1.24587,,0.8829,,-1.4715,
-1.73637,,-0.30411,,1.80504,,-1.55979,,0.63765,,-1.31454,
-1.22625,,0.04905,,1.59903,,-1.89333,,-0.27468,,-1.92276,
-1.34397,,1.15758,,0.76518,,-2.12877,,-0.13734,,-1.91295,
-1.78542,,0.99081,,-0.07848,,-2.6487,,0.94176,,-2.39364,
-0.96138,,0.67689,,-0.27468,,-3.07053,,0.08829,,-0.70632,
-1.31454,,1.16739,,0.10791,,-2.85471,,-0.27468,,-1.23606,
-1.1772,,0.87309,,-0.21582,,-2.1582,,0.31392,,0.82404,
-1.60884,,0.01962,,-0.80442,,-2.60946,,0.51993,,0.40221,
-1.03986,,-0.22563,,-1.02024,,-1.44207,,-1.18701,,2.46231,
-1.23606,,0.33354,,-1.03986,,-1.53036,,0.0,,0.43164,
-0.36297,,0.2943,,-2.32497,,-1.48131,,-0.36297,,-0.42183,
-0.17658,,-0.04905,,-1.67751,,-1.59903,,-0.6867,,0.24525,
0.06867,,0.00981,,-1.13796,,-0.56898,,-2.34459,,-0.21582,
0.10791,,0.23544,,-0.73575,,-1.16739,,-2.24649,,1.98162,
0.53955,,0.3924,,-1.70694,,-1.21644,,-1.45188,,3.15882,
1.31454,,-0.99081,,-1.20663,,-0.74556,,-1.46169,,5.37588,
0.90252,,-0.17658,,-1.4715,,0.67689,,-3.21768,,3.69837,
1.29492,,-0.24525,,-1.71675,,0.30411,,-2.71737,,4.94424,
1.88352,,-0.13734,,-1.2753,,0.48069,,-0.92214,,4.47336,
1.93257,,-0.52974,,-1.03005,,1.28511,,-2.38383,,4.89519,
2.41326,,-0.17658,,-0.34335,,1.85409,,-3.75723,,2.59965,
2.30535,,0.92214,,-0.60822,,0.74556,,-2.90376,,2.93319,
1.95219,,0.73575,,-0.8829,,0.90252,,-0.74556,,2.88414,
2.22687,,0.04905,,-0.82404,,1.59903,,-1.87371,,4.1202,
1.87371,,-0.14715,,-0.38259,,1.60884,,-3.15882,,3.44331,
1.28511,,0.86328,,-0.08829,,1.49112,,-2.40345,,4.17906,
1.44207,,0.55917,,0.13734,,1.84428,,-0.5886,,2.943,
0.38259,,0.61803,,0.0981,,2.03067,,-1.89333,,1.83447,
0.66708,,0.48069,,-0.11772,,2.13858,,-2.2563,,0.26487,
0.48069,,0.81423,,0.04905,,2.27592,,-1.15758,,-0.99081,
0.62784,,0.15696,,0.1962,,1.74618,,-0.37278,,-2.18763,
0.59841,,-0.84366,,-0.34335,,2.0601,,-1.49112,,-1.35378,
0.18639,,-1.18701,,-0.60822,,1.61865,,-2.19744,,-1.4715,
0.06867,,-0.99081,,-0.92214,,1.54998,,-0.91233,,-0.67689,
-0.08829,,-1.19682,,-2.06991,,1.44207,,-0.56898,,0.80442,
-0.4905,,-1.79523,,-2.47212,,1.23606,,-1.41264,,1.7658,
-0.44145,,-0.50031,,-3.22749,,0.96138,,-0.70632,,0.0981,
-0.61803,,-0.5886,,-3.58065,,1.35378,,0.28449,,-0.26487,
0.2943,,-0.53955,,-4.23792,,0.30411,,-0.01962,,-0.15696,
0.26487,,-0.81423,,-4.5126,,0.36297,,-0.89271,,0.13734,
-0.17658,,-1.05948,,-5.14044,,0.26487,,-1.24587,,1.7658,
0.01962,,-0.69651,,-5.4936,,0.02943,,-0.04905,,3.02148,
0.36297,,-0.28449,,-6.36669,,-0.6867,,0.53955,,4.97367,
0.62784,,0.0,,-6.68061,,-0.13734,,0.50031,,4.86576,
0.72594,,1.14777,,-6.52365,,-0.80442,,0.60822,,4.50279,
0.61803,,1.40283,,-6.63156,,-0.43164,,0.92214,,4.47336,
1.97181,,1.35378,,-6.41574,,-0.87309,,0.7848,,5.886,
1.26549,,1.58922,,-6.13125,,-0.6867,,-0.51993,,5.97429,
1.77561,,1.34397,,-6.32745,,0.17658,,0.31392,,7.04358,
1.84428,,1.40283,,-6.14106,,-0.01962,,0.32373,,6.00372,
2.59965,,0.99081,,-6.14106,,-0.22563,,-0.46107,,6.79833,
2.02086,,0.75537,,-6.14106,,0.28449,,-1.41264,,5.9841,
2.943,,1.01043,,-5.66037,,0.52974,,-0.1962,,6.19011,
2.11896,,1.03005,,-5.4936,,0.50031,,-0.40221,,6.80814,
2.46231,,1.28511,,-4.96386,,0.6867,,-1.77561,,5.67018,
2.26611,,0.63765,,-4.64994,,1.03005,,-2.09934,,5.32683,
2.63889,,0.3924,,-3.97305,,1.57941,,-1.23606,,2.23668,
1.73637,,0.7848,,-3.1392,,1.46169,,-2.57022,,3.25692,
1.80504,,0.45126,,-2.4525,,1.31454,,-4.39488,,-0.16677,
1.49112,,0.08829,,-2.44269,,1.62846,,-4.22811,,1.20663,
1.15758,,0.52974,,-2.01105,,1.63827,,-2.81547,,0.40221,
0.05886,,0.83385,,-1.45188,,1.82466,,-2.69775,,1.09872,
-0.06867,,0.62784,,-0.64746,,1.69713,,-3.86514,,-1.1772,
-0.40221,,-0.24525,,-0.41202,,2.30535,,-3.00186,,-1.61865,
0.0,,0.46107,,0.46107,,2.4525,,-2.7468,,-1.48131,
-1.16739,,0.03924,,0.54936,,2.30535,,-3.21768,,-2.20725,
-1.13796,,0.10791,,0.67689,,2.2563,,-4.56165,,-1.87371,
-1.67751,,0.10791,,0.32373,,3.08034,,-2.90376,,-2.63889,
-0.95157,,0.28449,,0.12753,,2.24649,,-2.59965,,-1.71675,
-1.52055,,-0.64746,,-0.28449,,1.84428,,-2.943,,-1.42245,
-0.81423,,-0.1962,,-0.5886,,2.12877,,-2.14839,,-1.69713,
-0.44145,,-0.2943,,-1.23606,,2.58984,,-2.79585,,-0.75537,
0.02943,,-0.83385,,-1.30473,,1.962,,-2.65851,,0.63765,
0.16677,,-0.67689,,-1.70694,,2.16801,,-2.5506,,0.00981,
0.75537,,0.01962,,-2.69775,,1.95219,,-2.68794,,0.37278,
0.90252,,0.32373,,-3.01167,,2.23668,,-2.61927,,0.35316,
1.53036,,0.32373,,-3.5316,,0.84366,,-1.50093,,-0.62784,
2.46231,,0.55917,,-3.924,,0.38259,,-2.21706,,-0.08829,
2.34459,,1.05948,,-3.67875,,0.13734,,-2.20725,,0.02943,
2.65851,,1.4715,,-3.81609,,-0.23544,,-1.98162,,1.31454,
3.24711,,2.23668,,-4.19868,,-1.02024,,-1.68732,,2.72718,
2.65851,,2.5506,,-3.73761,,-0.55917,,-0.73575,,2.63889,
3.1392,,3.6297,,-3.96324,,-0.3924,,-1.5696,,3.65913,
3.51198,,3.59046,,-3.49236,,-0.57879,,-1.52055,,5.08158,
3.59046,,3.07053,,-3.18825,,-1.79523,,-0.95157,,4.18887,
3.75723,,3.31578,,-2.43288,,-1.19682,,-0.23544,,3.47274,
4.06134,,3.58065,,-1.19682,,-1.64808,,-2.03067,,4.32621,
2.99205,,4.04172,,-1.72656,,-1.14777,,-1.62846,,4.99329,
3.85533,,3.70818,,-1.40283,,-1.58922,,-1.74618,,2.97243,
3.03129,,3.73761,,-0.70632,,-0.72594,,-1.62846,,3.64932,
2.66832,,4.00248,,-0.61803,,-0.65727,,-2.46231,,4.33602,
2.58984,,4.25754,,-1.30473,,-0.59841,,-2.19744,,4.7088,
2.10915,,3.75723,,-0.11772,,-0.90252,,-2.20725,,2.943,
1.67751,,3.14901,,0.73575,,-0.2943,,-2.0601,,2.95281,
1.7658,,2.83509,,0.89271,,-0.65727,,-3.18825,,1.60884,
0.45126,,2.00124,,1.08891,,-1.15758,,-3.38445,,1.69713,
0.60822,,1.93257,,1.95219,,-0.95157,,-3.00186,,-0.75537,
-0.26487,,1.78542,,1.91295,,-1.05948,,-4.50279,,-0.1962,
-0.67689,,0.84366,,0.95157,,-0.37278,,-3.09996,,-0.02943,
-1.75599,,1.08891,,0.56898,,-0.70632,,-2.83509,,-1.40283,
-1.04967,,1.10853,,1.26549,,-0.67689,,-2.33478,,-1.3734,
-2.03067,,-0.21582,,1.01043,,-0.85347,,-2.66832,,-2.27592,
-1.38321,,-1.41264,,0.33354,,-0.72594,,-2.65851,,-1.79523,
-1.53036,,-0.99081,,0.84366,,-0.93195,,-3.02148,,-3.32559,
-2.0601,,-1.02024,,0.66708,,0.13734,,-2.14839,,-2.16801,
-1.03986,,-1.95219,,-0.32373,,0.33354,,-1.38321,,-3.57084,
-0.56898,,-1.16739,,-1.10853,,-0.00981,,-0.54936,,-2.58003,
-0.75537,,-1.57941,,-1.60884,,0.70632,,-0.80442,,-2.87433,
-0.0981,,-1.91295,,-1.962,,1.49112,,-0.28449,,-2.57022,
0.96138,,-2.38383,,-1.93257,,0.96138,,-0.37278,,-2.38383,
1.51074,,-0.67689,,-1.99143,,0.69651,,-0.4905,,-2.53098,
2.40345,,-1.18701,,-1.42245,,1.69713,,-0.47088,,-2.09934,
2.65851,,-1.8639,,-1.58922,,1.97181,,-0.13734,,-2.16801,
2.62908,,-0.96138,,-2.49174,,1.22625,,0.84366,,-1.84428,
3.18825,,0.56898,,-2.59965,,1.14777,,-0.0981,,-1.18701,
3.71799,,0.20601,,-2.76642,,0.92214,,-0.20601,,-0.90252,
3.54141,,-0.18639,,-3.0411,,0.50031,,-0.83385,,-0.30411,
3.08034,,0.77499,,-2.77623,,-0.25506,,-0.72594,,0.13734,
3.40407,,2.13858,,-1.99143,,-0.38259,,-0.36297,,1.25568,
3.80628,,1.84428,,-0.99081,,-0.10791,,-0.86328,,0.981,
3.29616,,1.80504,,-0.48069,,-0.25506,,-2.27592,,0.43164,
2.09934,,2.6487,,-0.77499,,-2.12877,,-1.49112,,1.21644,
2.81547,,2.59965,,-0.96138,,-2.05029,,-1.01043,,1.38321,
1.85409,,2.32497,,-0.75537,,-2.16801,,-1.75599,,1.50093,
1.10853,,2.51136,,-0.45126,,-2.21706,,-2.30535,,1.13796,
0.79461,,3.21768,,-0.63765,,-2.90376,,-2.10915,,2.42307,
0.7848,,3.09996,,-0.13734,,-1.91295,,-1.55979,,1.71675,
0.40221,,3.28635,,0.63765,,-1.99143,,-2.36421,,3.03129,
0.96138,,2.61927,,0.65727,,-1.44207,,-3.76704,,1.36359,
0.12753,,2.06991,,0.8829,,-1.0791,,-3.01167,,3.34521,
-0.18639,,1.3734,,0.70632,,-1.20663,,-2.19744,,1.22625,
0.38259,,1.83447,,1.26549,,-0.35316,,-2.23668,,0.86328,
-0.52974,,1.33416,,1.03986,,-0.40221,,-3.0411,,0.74556,
-0.82404,,0.05886,,0.81423,,-0.28449,,-3.18825,,1.09872,
-1.38321,,-0.00981,,1.61865,,0.0981,,-1.91295,,0.75537,
-1.18701,,-0.90252,,1.93257,,0.86328,,-2.79585,,1.34397,
-1.06929,,-1.59903,,1.42245,,0.48069,,-3.39426,,4.08096,
-1.52055,,-1.04967,,1.962,,1.28511,,-2.72718,,2.10915,
-1.34397,,-1.2753,,1.6677,,1.30473,,-0.52974,,2.8449,
-0.83385,,-1.22625,,0.85347,,1.5696,,-1.02024,,-0.24525,
-0.94176,,-2.44269,,0.37278,,2.05029,,-1.16739,,0.36297,
-1.43226,,-2.39364,,0.30411,,1.98162,,-0.83385,,-1.44207,
-0.71613,,-2.07972,,0.30411,,2.05029,,1.00062,,0.04905,
-0.26487,,-1.70694,,0.05886,,2.1582,,-0.00981,,0.1962,
-0.27468,,-1.91295,,-0.31392,,3.21768,,0.75537,,1.03986,
-0.21582,,-1.54998,,-0.61803,,2.7468,,1.13796,,1.46169,
0.74556,,-1.35378,,-1.42245,,2.95281,,1.8639,,-0.21582,
0.97119,,-2.03067,,-2.04048,,2.63889,,1.53036,,0.66708,
2.2563,,-1.20663,,-2.09934,,2.78604,,1.39302,,-0.53955,
1.80504,,-1.10853,,-2.01105,,2.44269,,2.28573,,-0.27468,
1.54017,,-0.85347,,-2.10915,,2.65851,,1.52055,,-1.11834,
1.99143,,-0.85347,,-2.14839,,2.12877,,1.90314,,-0.93195,
1.93257,,-0.63765,,-1.97181,,1.52055,,1.52055,,0.0,
1.49112,,0.17658,,-1.51074,,0.60822,,1.88352,,-0.32373,
1.18701,,0.13734,,-2.11896,,0.48069,,1.05948,,1.15758,
0.7848,,-0.0981,,-1.77561,,-0.36297,,0.85347,,1.98162,
1.32435,,0.66708,,-1.72656,,-0.79461,,0.62784,,0.63765,
0.35316,,1.13796,,-1.65789,,-1.89333,,0.91233,,1.79523,
-0.24525,,0.72594,,-1.40283,,-1.20663,,0.4905,,0.0,
-0.59841,,1.52055,,-1.21644,,-2.28573,,-0.07848,,1.55979,
-0.8829,,1.18701,,-0.8829,,-2.23668,,-1.13796,,1.92276,
-1.71675,,0.74556,,-0.10791,,-2.65851,,-0.46107,,1.51074,
-1.65789,,0.81423,,0.0,,-2.24649,,-1.44207,,2.2563,
-2.09934,,0.94176,,0.44145,,-2.44269,,-1.93257,,2.98224,
-2.23668,,1.16739,,1.28511,,-1.79523,,-3.31578,,2.26611,
-1.95219,,-0.04905,,1.31454,,-1.95219,,-1.59903,,2.40345,
-2.13858,,0.5886,,1.63827,,-1.54017,,-2.67813,,3.08034,
-1.65789,,-0.08829,,2.21706,,-1.24587,,-2.31516,,2.86452,
-1.84428,,-1.11834,,2.6487,,-0.28449,,-3.28635,,3.48255,
-1.54998,,-1.42245,,3.05091,,0.4905,,-2.2563,,2.943,
-1.51074,,-1.03986,,3.58065,,1.41264,,-1.39302,,2.3544,
-2.39364,,-1.26549,,2.77623,,1.55979,,-1.5696,,2.8449,
-1.42245,,-1.61865,,3.02148,,1.84428,,-1.64808,,4.0221,
-0.76518,,-2.19744,,2.81547,,1.88352,,-1.59903,,2.08953,
-0.89271,,-1.43226,,2.68794,,1.98162,,-1.46169,,3.78666,
-0.82404,,-1.36359,,1.05948,,2.62908,,-0.34335,,2.09934,
0.91233,,-0.75537,,0.57879,,2.47212,,-0.27468,,1.38321,
0.16677,,-1.02024,,0.67689,,2.4525,,0.87309,,0.97119,
0.42183,,-0.55917,,-0.15696,,2.65851,,1.53036,,0.63765,
0.2943,,-0.1962,,-1.75599,,2.38383,,0.8829,,-0.7848,
0.52974,,-0.0981,,-1.84428,,2.0601,,0.94176,,-1.02024,
0.97119,,0.57879,,-1.49112,,1.67751,,0.17658,,-0.96138,
1.03005,,1.77561,,-2.20725,,2.28573,,0.96138,,-0.30411,
0.76518,,1.75599,,-2.77623,,2.06991,,1.0791,,-0.85347,
1.81485,,1.92276,,-2.95281,,2.0601,,1.74618,,-0.44145,
1.39302,,2.05029,,-3.08034,,0.71613,,0.73575,,-0.64746,
1.13796,,1.69713,,-3.42369,,0.80442,,0.981,,-0.14715,
1.64808,,1.69713,,-3.15882,,0.50031,,1.7658,,-1.75599,
1.51074,,2.01105,,-2.75661,,0.48069,,0.40221,,-1.48131,
1.09872,,1.6677,,-2.66832,,0.03924,,-0.12753,,-2.00124,
1.29492,,1.51074,,-2.3544,,0.28449,,0.37278,,-1.80504,
1.25568,,0.94176,,-3.08034,,-0.51012,,0.76518,,-0.44145,
1.1772,,1.53036,,-2.42307,,-0.61803,,0.28449,,0.981,
0.97119,,1.40283,,-2.5506,,-1.16739,,-0.35316,,1.25568,
0.73575,,0.54936,,-2.73699,,-1.84428,,-1.98162,,1.18701,
1.01043,,0.86328,,-2.58003,,-1.45188,,-2.24649,,0.4905,
1.30473,,1.20663,,-2.2563,,-1.3734,,-2.04048,,0.74556,
0.32373,,0.21582,,-1.99143,,-1.31454,,-1.52055,,-0.6867,
0.84366,,0.51012,,-1.42245,,-1.7658,,-2.21706,,-0.84366,
0.66708,,0.74556,,-1.16739,,-1.20663,,-2.99205,,-0.42183,
0.84366,,0.99081,,-0.981,,-0.53955,,-3.03129,,-0.27468,
0.67689,,0.08829,,-0.32373,,0.24525,,-3.94362,,-0.32373,
0.67689,,0.64746,,-0.2943,,0.14715,,-4.99329,,-0.57879,
0.81423,,0.53955,,-0.2943,,0.73575,,-4.92462,,0.0,
0.87309,,0.69651,,0.12753,,1.12815,,-3.46293,,0.56898,
0.5886,,-0.31392,,1.09872,,1.13796,,-3.48255,,-0.56898,
0.76518,,-0.17658,,1.1772,,1.84428,,-3.83571,,0.03924,
1.46169,,-0.66708,,0.55917,,1.98162,,-4.19868,,0.43164,
0.94176,,-0.25506,,0.89271,,3.51198,,-3.01167,,0.73575,
1.43226,,-0.10791,,-0.17658,,3.39426,,-2.75661,,1.94238,
1.40283,,-0.03924,,-0.28449,,3.27654,,-1.61865,,3.25692,
1.11834,,-1.13796,,-0.94176,,3.39426,,-0.84366,,3.58065,
1.42245,,-0.99081,,-1.57941,,3.56103,,-0.7848,,2.17782,
1.83447,,-0.31392,,-2.13858,,3.19806,,0.0,,1.84428,
1.82466,,-0.00981,,-2.61927,,2.85471,,0.77499,,1.4715,
1.70694,,0.56898,,-2.87433,,3.20787,,1.41264,,1.5696,
1.79523,,0.61803,,-3.22749,,3.48255,,1.09872,,0.51012,
1.70694,,1.15758,,-4.04172,,2.21706,,2.57022,,-0.61803,
1.16739,,1.41264,,-4.29678,,1.42245,,2.79585,,1.89333,
0.8829,,1.46169,,-4.25754,,1.15758,,3.21768,,0.92214,
0.65727,,1.95219,,-4.05153,,0.62784,,1.84428,,-0.83385,
0.17658,,1.99143,,-3.46293,,-0.35316,,1.84428,,-0.76518,
0.3924,,3.06072,,-3.61989,,-1.26549,,1.78542,,-0.23544,
-0.57879,,2.58984,,-3.46293,,-1.52055,,1.36359,,-0.51012,
-0.77499,,2.00124,,-3.3354,,-1.55979,,0.90252,,-0.41202,
-1.45188,,2.40345,,-2.85471,,-2.12877,,1.72656,,0.44145,
-1.28511,,2.85471,,-2.72718,,-2.41326,,0.86328,,-0.40221,
-2.07972,,2.18763,,-2.70756,,-2.28573,,0.55917,,-1.02024,
-1.52055,,1.54998,,-2.36421,,-2.46231,,-1.18701,,-1.28511,
-0.8829,,0.86328,,-1.24587,,-3.21768,,-0.77499,,1.10853,
-1.19682,,0.86328,,-1.06929,,-3.15882,,-0.99081,,1.79523,
-1.2753,,0.57879,,-0.99081,,-2.99205,,-1.91295,,2.00124,
-0.83385,,-0.37278,,-0.57879,,-2.17782,,-2.48193,,1.99143,
-0.51993,,-0.44145,,0.17658,,-2.943,,-1.74618,,1.89333,
-0.40221,,-0.38259,,-0.4905,,-1.32435,,-2.58003,,-0.08829,
-0.50031,,-1.48131,,-0.08829,,-1.61865,,-2.58984,,-1.87371,
-0.27468,,-1.4715,,0.61803,,-0.84366,,-3.2373,,-0.48069,
0.57879,,-0.47088,,1.06929,,-1.15758,,-2.29554,,-0.28449,
0.89271,,-1.04967,,0.99081,,-0.18639,,-2.92338,,-1.30473,
1.03005,,-1.19682,,1.52055,,0.27468,,-3.70818,,-0.22563,
1.23606,,-1.01043,,2.19744,,0.46107,,-4.15944,,-0.37278,
1.71675,,-0.08829,,2.44269,,1.11834,,-2.31516,,-1.03005,
1.15758,,-0.48069,,2.06991,,2.30535,,-2.63889,,-0.92214,
1.60884,,-0.23544,,2.73699,,1.57941,,-3.16863,,-0.57879,
1.22625,,-0.38259,,3.00186,,2.36421,,-1.64808,,-0.00981,
1.61865,,-0.05886,,2.59965,,3.10977,,-0.52974,,-2.00124,
1.68732,,0.21582,,2.86452,,2.61927,,-0.45126,,-1.6677,
1.3734,,0.97119,,3.31578,,2.5506,,-0.36297,,-0.82404,
1.18701,,0.23544,,2.76642,,2.28573,,0.24525,,-1.57941,
1.52055,,0.23544,,2.18763,,3.09015,,1.61865,,-0.24525,
1.35378,,-0.33354,,1.93257,,2.81547,,2.52117,,0.54936,
1.13796,,0.37278,,1.34397,,2.22687,,2.38383,,-0.05886,
0.62784,,0.65727,,0.79461,,2.06991,,2.79585,,-0.54936,
0.52974,,-0.00981,,0.50031,,1.88352,,4.48317,,-0.22563,
0.84366,,0.91233,,0.35316,,0.66708,,4.15944,,-1.13796,
0.10791,,1.31454,,-0.16677,,0.13734,,3.74742,,-1.44207,
-0.70632,,0.35316,,-0.55917,,-0.15696,,4.56165,,-0.6867,
-0.30411,,-0.71613,,-1.41264,,-1.31454,,4.65975,,0.36297,
-0.86328,,0.18639,,-1.19682,,-1.13796,,3.69837,,0.04905,
-0.96138,,0.8829,,-1.40283,,-2.83509,,3.57084,,0.57879,
-1.26549,,0.37278,,-2.00124,,-3.18825,,3.93381,,0.31392,
-1.41264,,0.0,,-1.13796,,-2.86452,,3.31578,,-0.14715,
-1.41264,,0.85347,,-1.0791,,-3.56103,,1.12815,,0.60822,
-1.64808,,0.93195,,-0.73575,,-3.80628,,1.40283,,1.83447,
-2.0601,,0.17658,,-0.1962,,-3.36483,,1.64808,,1.43226,
-2.43288,,0.11772,,0.05886,,-4.35564,,0.40221,,1.32435,
-1.6677,,-0.36297,,-0.24525,,-3.57084,,-0.15696,,1.48131,
-1.68732,,-0.90252,,-0.07848,,-3.4335,,-1.02024,,1.75599,
-1.39302,,-1.48131,,0.45126,,-2.43288,,0.12753,,1.90314,
-1.12815,,-2.24649,,1.08891,,-2.11896,,-0.72594,,2.57022,
-1.14777,,-1.04967,,0.71613,,-0.81423,,-2.20725,,2.19744,
-0.35316,,-2.12877,,1.58922,,-0.46107,,-1.70694,,1.95219,
-0.23544,,-2.00124,,1.48131,,0.11772,,-0.65727,,2.53098,
-0.27468,,-1.00062,,1.43226,,0.10791,,-1.54017,,1.6677,
-0.02943,,-1.54998,,1.20663,,1.12815,,-2.56041,,1.73637,
0.57879,,-2.32497,,1.67751,,1.6677,,-0.54936,,1.38321,
0.22563,,-2.47212,,1.77561,,1.46169,,-0.67689,,0.35316,
0.94176,,-0.53955,,1.89333,,1.87371,,-1.69713,,0.89271,
0.86328,,-1.65789,,1.40283,,3.02148,,-1.24587,,-0.5886,
1.00062,,-1.7658,,1.42245,,2.16801,,-1.08891,,-0.67689,
0.40221,,-0.53955,,1.85409,,2.24649,,-0.73575,,-0.54936,
0.69651,,0.52974,,1.83447,,2.86452,,-0.06867,,0.59841,
0.81423,,-1.16739,,1.23606,,2.99205,,-0.53955,,0.64746,
0.30411,,-0.93195,,0.87309,,2.71737,,-0.13734,,0.27468,
0.25506,,-0.23544,,1.85409,,3.49236,,1.14777,,-0.32373,
-0.3924,,0.83385,,1.97181,,3.21768,,-0.04905,,0.33354,
-0.18639,,-0.2943,,1.85409,,3.58065,,0.79461,,-0.3924,
-1.04967,,-0.55917,,1.6677,,2.91357,,1.57941,,0.46107,
-0.77499,,0.08829,,2.12877,,3.63951,,2.8449,,1.65789,
-0.79461,,-0.2943,,1.28511,,2.98224,,2.52117,,1.64808,
-0.92214,,-1.48131,,0.94176,,1.98162,,2.943,,1.81485,
-0.96138,,-1.15758,,0.31392,,1.82466,,3.28635,,1.5696,
-1.50093,,-0.01962,,0.51993,,2.14839,,4.25754,,0.46107,
-1.61865,,-0.54936,,0.11772,,1.04967,,3.31578,,0.48069,
-1.80504,,-1.30473,,0.56898,,0.8829,,3.3354,,0.41202,
-2.17782,,-1.45188,,0.62784,,0.44145,,3.09996,,-0.17658,
-2.5506,,-1.43226,,0.91233,,0.05886,,3.64932,,0.92214,
