RMS,Standard_Deviation,Peak_to_Peak
2.0630603373023293,1.883892096058052,5.43474
0.8300809819830834,0.8775518853891205,2.50155
1.7689491086235352,1.9228667725456177,4.6793700000000005
1.5602115468102395,1.6424178449590714,4.71861
1.241265467577343,1.3560339497519964,3.0901499999999995
2.401079749612661,1.6129819852682794,3.55122
1.2829864898353371,1.4015969196027793,3.5021699999999996
1.2729585428441885,1.3344148433077325,3.7768499999999996
1.7141413609151375,1.8479602960345225,5.50341
1.720217369854752,1.8599347796065322,5.081580000000001
1.383366533695969,1.4998257016033565,4.06134
2.1733043387086863,2.208060084678404,5.90562
1.8022743758651179,1.7941700641466518,4.49298
2.4329591116169627,2.289217678221099,6.85719
2.2689959545358382,1.6736676521699283,4.76766
1.0797315197538693,1.1555122336998427,3.0999600000000003
1.9748864433303501,1.7744054726555598,4.934430000000001
2.4149973928867916,2.4686353833869434,5.95467
2.2708331298666575,2.4714243783211334,6.65118
2.5510778783094805,2.7944188652956092,6.95529
1.8568864228999038,2.0174704851149623,5.6505600000000005
1.5541601701723025,1.7024510024755484,4.74804
1.218435963294748,1.2735694989870008,3.45312
1.1011042211571072,1.1908777029527422,3.22749
1.6573965241908768,1.7707054529085293,4.64013
1.6534143136854718,1.7296896748376571,4.6205099999999995
0.5121596722702794,0.5564498574714527,1.58922
1.2236443115546283,1.1306466547776985,2.91357
1.4865522142191978,1.389630736059044,3.3746400000000003
0.9600109639998909,0.993826112315429,2.54079
2.0050993668643953,2.086022168261881,5.67999
1.9421487741159273,2.0692915521598207,5.77809
1.9167653874039985,2.093376002764434,5.97429
2.212352568782833,2.30843842912043,6.65118
1.2608871525041405,0.7625700295644984,2.30535
2.342293718612164,1.896406891031036,5.7977099999999995
1.0969156389394765,1.1975662386649015,3.1391999999999998
1.6839087173745497,1.8277524520213344,4.75785
3.42291223257331,1.4946912103441299,4.13982
1.9816078588736974,2.1519817578571616,6.1999200000000005
1.436436598687878,1.4702885112895359,4.57146
0.9042865591448321,0.7596112166825869,2.1778199999999996
1.397267977179038,1.458643970470519,3.7866600000000004
2.0342961464717964,2.2175439361216727,5.57208
1.74875001884203,1.8783729361018806,5.26797
1.4872533748827064,1.205329274530408,3.0803399999999996
2.1015926465659325,2.006695387825467,5.81733
1.8274400193029592,1.9971041454440979,5.5132200000000005
1.0862997091963158,1.1876016955023263,2.90376
2.074496092512589,2.0418135041648635,4.50279
2.2589783885420416,2.2541834594548864,6.984719999999999
1.7643187954278559,1.638847532932823,3.78666
1.5227266839620301,1.3992341080855626,3.7964700000000002
1.3723602135372477,1.202163366984704,3.46293
1.6745050278515141,1.7634221990436663,4.9540500000000005
2.103442591764748,1.7280689287033664,3.90438
2.250766203040645,1.661708020823755,5.0227200000000005
2.1232966387318566,1.3563284382884553,3.7572300000000003
2.3877662255233445,2.5221565326660436,7.190729999999999
1.9439978111098786,1.8468107742375774,5.0325299999999995
2.7451002419401735,2.6813848462986436,7.27902
1.0770170806444992,0.7333786986816566,1.77561
1.9233897055589126,1.710350360396957,4.09077
1.7220206235698805,1.867661866912745,5.38569
1.6421082432805703,1.792077847402283,5.1993
2.069131097526206,2.095042580490907,5.87619
1.9776174924893843,2.131548440265902,6.052770000000001
1.350203155214059,1.359715780473993,3.55122
2.6816731507213927,2.283240356572212,6.59232
1.573779014871529,1.6552980952414582,4.17906
2.7228214181341386,2.967666336303662,7.78914
2.8233264079096485,1.5933888284784725,3.81609
0.9905833404110933,1.0677498908826917,2.9626200000000003
1.816819768881878,1.8715361578233,4.20849
1.279230519922035,1.3468669143608807,2.8939500000000002
1.7151095447959002,1.870079522081882,5.38569
2.772414303616976,2.3733442840009538,6.91605
1.3462653938395652,1.4112688866796435,4.36545
1.8807248009211768,1.6948432397245474,4.24773
1.873230566935101,1.9077528632398904,4.74804
1.8010591837443877,1.958960633333401,4.74804
0.9550779412435406,0.9713666960473785,2.8154700000000004
1.476228452899483,1.3026618684178946,3.67875
2.0886893027087585,1.845692690333361,5.38569
2.2293930970670024,0.6587593350154516,1.8246599999999997
2.0116839610510393,2.1503772110748383,4.58127
2.018509312438266,2.2100052536770134,6.45498
1.9329019511863503,2.0769293730119953,4.7088
1.066729434181883,1.103272510375383,2.9331899999999997
1.733573468345083,1.3441406497498691,4.08096
3.5884000238128415,2.2232037176291333,5.79771
0.8014435788625424,0.8767015752238615,2.38383
2.163963112104733,2.222058478166135,6.09201
2.2726652913154632,1.533522971745125,4.27716
1.6716050016526032,1.5470269432139832,3.94362
1.4031729650688114,1.3782078275354557,3.81609
2.0809805731553577,2.194256012472109,5.87619
2.4440061815490566,2.306470572339912,6.23916
1.79358978349287,1.8052470288882905,5.38569
1.701132448018084,1.8630805988362393,5.50341
2.2812943549331814,1.562332974224765,4.38507
1.3796222619978267,1.3547417018900687,3.52179
1.686521322604609,1.8131364180447096,4.83633
3.068954667773703,2.7878730149614057,7.26921
1.8353659710395636,1.8709370082688515,5.33664
1.373242330235272,1.364999605944998,4.28697
1.4144384905502254,1.3653379767625304,3.4825500000000003
1.9026679827021846,1.802806487718524,5.0913900000000005
1.3907325761806257,1.4758546465929496,3.50217
4.081516097928563,1.6818214331937864,4.42431
2.1044031583919467,1.5090499085285416,3.83571
1.576803019260808,1.5469937657243482,4.27716
6.081596074855679,2.741862533797054,6.170490000000001
1.5603040662319636,1.5072706657797066,3.61008
2.1985054113647298,2.2118334145409775,6.4157399999999996
0.9552458640842157,1.0453014186300522,2.8743299999999996
1.3033339711869707,1.1358056806117849,3.3157799999999997
1.3736627427247197,1.3164189072138093,3.4923599999999997
1.269071791586276,1.366064955380966,4.03191
1.7585456821191767,1.2549900448210733,2.943
1.2963003438439717,1.243348002495681,3.31578
2.4797479637354276,2.451757597632768,6.886620000000001
3.8998215223391957,3.1618143881954865,8.84862
1.4094629377709795,1.5410684672362873,4.10058
1.305700804242687,1.2803409295652468,3.44331
1.1118168307549585,1.1875274120246655,3.4531199999999997
2.002441844998251,0.5610313755932015,1.3635899999999999
1.6182436762737555,1.71979120911813,4.57146
1.3233807564340656,1.4490535596312513,3.7670399999999997
2.35652454143809,1.841602918731397,4.69899
1.4989624358535474,1.4910554591295389,4.18887
3.3101979196567686,2.3539557830936415,6.082199999999999
1.6582237385980216,1.3428369566965306,3.5119800000000003
2.89532972194878,2.169041062515876,5.9841
1.328914079897568,1.3247266020088824,3.74742
1.6763957264172442,1.8263724303191833,4.914809999999999
2.1789281302397288,2.1923400349558007,4.71861
1.0119844354040235,1.0187989245577362,2.60946
1.2246401032140013,0.8618444655272782,1.962
1.176395850341202,1.2853071833456777,3.25692
1.8282911852464856,1.4437629552353806,4.07115
1.7555195319477366,1.9120132090835564,5.06196
2.0606760623154723,1.9870872796835068,5.75847
1.916003754863231,2.0950211439768336,4.92462
2.777177329538033,2.6894051335416167,7.90686
1.7240080714573234,1.8182643800586316,5.3072099999999995
3.0347617255148713,3.277417593549836,9.10368
1.5691758645703164,1.7168835976588512,4.08096
1.935895235698461,1.4345784796378342,3.03129
1.5094335584913965,1.3385480485660575,3.63951
1.2251769705230342,1.3028182309593306,3.58065
1.6754530371216017,1.8080941552916983,4.17906
1.4641294911482385,1.5252126222235378,3.34521
2.2169225399864563,2.255947381141679,5.8663799999999995
1.7109944950232892,1.7967000047086326,5.08158
1.9202224071185088,1.6275851384919928,4.38507
1.7077713923561315,1.5449602862177396,4.35564
1.5994662748398292,1.7025791277206475,4.65975
2.0952791331705662,2.2799053468510486,6.19011
2.154733989568086,2.3319424437665695,6.36669
1.5842922211984758,1.6148394328322555,4.669560000000001
1.5249949225817114,1.6593115503123577,5.14044
1.3046992665553239,1.4228998357684914,3.27654
2.2691443969919587,2.192432947289381,5.89581
1.3723426822954972,0.27682631094243915,0.83385
1.391320635996606,1.320418954661739,3.6395100000000005
0.7850145644190304,0.7874055435352231,2.27592
1.5013199983514507,1.2936224976823802,3.46293
2.7345041399310404,2.331595761396044,6.54327
1.374975703239879,1.5012783321289893,3.6983699999999997
1.9495097178265104,2.066881096696179,4.10058
2.3850206285900337,2.612619906316263,7.47522
1.7406646465502769,1.8831972301567355,4.76766
2.37943904240054,2.15826242636988,6.49422
1.0958696509621937,1.0489026447483103,2.8645199999999997
2.124610625467641,1.0938289304045674,2.8449
1.8350819300238341,1.7961571540263397,4.48317
2.253718066196391,2.3169522638932376,5.24835
4.6630756080134494,2.2770254707468687,6.337260000000001
1.5239848945117533,1.397379319812627,3.6297
1.0278676882264566,1.1241249849905481,3.0312900000000003
0.44641788018626666,0.43290527055003614,1.02024
2.558724330169235,1.494377835836707,4.37526
2.82478605057091,2.0783467636080366,4.86576
1.15607565386094,1.162117239296449,2.97243
1.4078403880412012,1.5387092627133951,4.11039
2.1561106477405096,1.1686011952073299,2.6585099999999997
1.9138762757425047,2.0701974610819134,5.24835
3.5009194826216725,3.2418312288334814,8.691659999999999
2.4630134055055404,0.9779148086208737,2.62908
1.4684339056627642,1.5808737130586998,4.33602
1.354318968799448,1.4307911063568994,4.22811
2.3189880005511023,2.5362799624725976,6.54327
0.9500602198018818,0.9816554160549413,3.0705299999999998
1.6837753611007615,1.7870443791999124,4.30659
1.1108065340778295,1.0762498496864006,2.37402
1.9485509927507672,1.8794118401430804,5.52303
1.25530312703745,1.2879512598813667,3.27654
0.8656085924076771,0.8649153090736689,2.1974400000000003
5.814341842156341,3.93801023769492,10.09449
1.3217010730683394,1.4166185744334994,3.3354
1.099807029232856,1.0844805992870503,3.01167
3.155942206196115,1.9205239217125103,5.4936
1.1228058202556663,1.1198649602876234,2.82528
1.7028852703279806,1.808189958040913,5.3955
1.1445163498832158,1.24533303782964,2.97243
2.0121742467291446,2.169369361164668,5.38569
1.744263794112003,1.9071953673889837,5.24835
1.6591955510427334,1.796507168646983,5.57208
1.49770462269768,1.6367684406140046,4.06134
1.442776102640323,1.5660449584063671,4.3164
1.9542511480871643,2.14026833356007,4.42431
2.3913673432369187,2.548702694329019,7.43598
1.8581945836214249,1.9911803045430116,4.93443
0.79760186750659,0.8353470854860272,2.03067
1.2834052242179785,1.1654745167484357,3.0018599999999998
1.844058218047901,1.9734093737463598,5.01291
1.2124448304355955,1.3039368453840086,2.9331899999999997
1.3267458328933996,1.1036315399806222,3.24711
2.149740876663976,1.9088522418353917,5.32683
1.6704483823812095,1.7535568226208125,4.72842
2.0536237848374275,2.2170491482035306,5.30721
1.9921426680461418,2.1440756886336825,5.01291
1.9253192406715307,2.0459311033561223,5.26797
1.185576820750136,1.2933434948844797,3.39426
1.7380042309499708,1.903402930290904,5.52303
2.3701218512663016,2.493990005791924,6.8964300000000005
1.5393731218746156,1.5047199112359748,4.44393
1.9076813985175824,1.699452379218082,4.42431
6.061586484126908,2.245352351678908,5.424930000000001
2.2397327850884357,2.234283584641842,5.69961
1.4615199062106543,1.6006531424484194,4.28697
1.2070220704485897,1.3222155132314855,3.61008
5.3696138206671815,2.1174304201555247,6.317640000000001
0.7299940851815171,0.7825076521031599,1.91295
1.5623997036290043,1.5527094954304879,4.28697
1.4498679977846258,1.08037751651911,2.68794
1.4651150978165504,1.5507093695306027,4.08096
1.632390091935748,1.7508408779412252,4.64013
1.53181613416885,1.3149791803675068,3.56103
3.215111825722396,3.4663881741374554,9.89829
2.718066408956926,1.7375612015696023,4.64994
1.7702996004066656,1.5318014749699127,3.98286
1.682479350081302,1.5565897263794335,4.03191
1.3883258585433031,1.5186015193196667,4.17906
1.4709058300414748,1.5171570176451743,4.29678
1.4658374548530269,1.6033443912615903,4.5126
1.7843596301754867,1.8310166372482801,4.84614
0.6938682648385067,0.6231551067832148,1.6677
1.1379247623854574,1.187867727295426,3.2471099999999997
2.583254467953167,2.7229963665858974,6.4844100000000005
2.331146510936196,2.5488845596672283,7.51446
2.03725067776403,2.0872466608884537,5.75847
1.8323222587880112,1.7313552245654267,4.16925
0.673123761391618,0.7337044965856486,2.0601000000000003
1.4456525397376785,1.5152613349353308,4.48317
2.8172098544038215,2.506786137617248,5.69961
2.2268303851101905,1.935445295065195,4.42431
1.0827650940531839,1.1860610504354319,3.14901
1.5432806485535933,1.1979934083791948,3.37464
1.905292095047371,2.087136001824031,5.40531
1.6547330890207035,1.528543652880087,4.0613399999999995
1.5916554949014563,1.7362693106399132,4.45374
2.4535952054587162,2.2356765446437015,6.29802
0.8904973127415938,0.9231552283771131,2.7271799999999997
2.220753759267335,2.406727108685154,5.738849999999999
0.6958303374027321,0.5164726654044722,1.50093
2.027796844225279,2.209291715702116,5.2974
2.972119711527448,2.8750860183218867,7.87743
1.850353417336807,1.9835365558592564,5.62113
1.689509669327169,1.833944451457023,4.82652
1.9633320728037833,2.1399565569702577,5.58189
2.952557406139633,1.9446156906262997,4.25754
1.6093533479786222,1.3470443413748487,3.7278000000000002
1.8331930314890463,1.7579417812202998,4.40469
3.408550344053906,3.6406305296624097,9.01539
1.6775099999999998,1.760560225837219,4.14963
1.6556875755558473,1.811923199440307,5.11101
5.313973864515143,2.890955014632708,7.49484
1.9880201595557323,1.7906801853150662,5.18949
3.139905014582448,1.704638172117473,4.75785
1.4033615601298193,1.517596748187739,4.09077
1.614090350584502,1.6356156250996137,4.10058
2.1683909733140836,2.3637370917066898,7.122059999999999
2.2085067755386216,2.4039317762033097,6.327450000000001
2.765071666096559,2.2899049104165874,6.64137
2.0469390319450165,0.9346756037898923,2.8449
1.1619226171307624,1.2580383166501727,3.68856
0.9855917786030888,1.0576875531980132,2.78604
1.0459119408678725,0.991047936777026,2.78604
1.715025376590679,1.8786470166984537,5.768280000000001
2.3593610856119502,2.3164537825650657,6.61194
1.5944192728388604,1.5711320647864075,4.0221
2.5558862623461946,1.7792367188291727,5.346450000000001
1.9572609516106942,2.126718103266157,5.25816
1.007170616827159,1.0903790360970813,3.14901
1.6608043172360794,1.4796881883390163,4.2183
0.9345451761150982,0.7277671330583706,1.91295
0.93387558962637,1.0187611397182366,2.41326
2.2806931413497957,2.409865319705647,6.53346
1.3055472440513212,1.0385032989210965,2.77623
1.7652412866092837,1.9075620044208261,5.218920000000001
1.8003822377900756,1.8133425225670963,4.98348
1.0412703878676277,1.136697812943264,3.52179
1.3498467317995773,1.4718977962311106,3.88476
1.7659135380165134,1.8639249550961006,4.33602
1.1991964316366188,1.3060115548148876,3.31578
1.72912207631503,1.4506952463422496,3.30597
1.817146384994891,1.6223458352274953,4.14963
2.2824681984093447,2.4391094178962125,7.33788
0.9243029685930908,0.9898366159270933,2.48193
1.2954401228154082,1.4048340161314432,3.25692
1.0726522140237256,1.0186682460300802,3.07053
1.011009227183412,1.1061124833713794,2.98224
1.083461096578922,1.0917021229987602,3.10977
1.360380918107131,1.4347003422561802,3.60027
2.240133780781853,2.1791364399596462,6.602130000000001
1.5918771767476285,1.369115456121214,3.61008
0.7274849775768569,0.7832697831781844,2.05029
0.9605871986186366,0.8859557951444305,2.31516
0.9992806477411639,0.9645463520588319,2.3544
2.174304121437477,1.2144394355751134,3.1391999999999998
1.7329858547316535,1.7694259771236547,4.98348
3.6572534330149997,3.9970599919791048,12.125160000000001
1.7858556473998677,1.9310348141009783,5.08158
5.454164443436776,4.140421651777751,10.5948
1.4680242450484255,1.5673267256669874,4.6205099999999995
3.4452262830110305,2.317739230662069,5.95467
3.1407452056398975,2.9994380474732263,7.2594
1.0778432909518898,0.8440116418332155,2.59965
3.8568752437627536,1.5012794005081134,3.9239999999999995
2.1218306596545355,1.9629358143225164,5.4445500000000004
2.1616270631286056,2.237346091607197,5.16987
1.6289130092795012,1.7353295696437607,4.208489999999999
1.9928953229660609,2.178632929357307,5.41512
1.261561168731029,1.2483534971593584,3.1686300000000003
1.9058349990489731,1.9543299376819667,4.522410000000001
1.3931869442217724,1.521982850701676,4.14963
1.4761143650815136,1.5036994645473543,4.46355
1.9057340053638125,1.9935278162393422,5.30721
1.2765130961137845,0.9178809035980648,2.6487
2.1935132213757,2.352598767233801,6.26859
4.753818100921616,2.952646495473171,7.70085
1.4229065991308074,1.556630942474805,3.81609
3.895195944660551,3.19357715872969,8.41698
0.9679476178492306,1.0293802108064833,2.6094600000000003
1.6383581114029984,1.6621394238631126,4.483169999999999
2.327403979114928,2.1466467859245033,5.7192300000000005
1.4844575500161667,1.569277054276905,4.345829999999999
2.2538888638750585,2.4689465822167964,6.70023
2.726474153260947,1.0457969199610408,2.9037599999999997
1.3234777127326325,1.4291882814381036,3.73761
0.7916169556673227,0.8119614783966047,1.73637
1.3891112414418076,1.5215433336057174,4.32621
2.1032023815600818,1.5008038966633848,3.924
1.7091889925488053,1.8624890633423865,5.12082
1.4710911932133917,1.5565279001900352,3.51198
1.9032158490039954,1.7577227930933819,4.4145
1.1901205319000256,0.7757905295825672,2.2366800000000002
1.6519634157722745,1.143708853699227,3.0705299999999998
1.328684739300486,1.3589842251733462,3.3354
1.1312167881091582,1.142444594350203,3.26673
1.9244068075253735,2.009909962229652,5.1012
1.870402840539973,1.5979844618643826,3.9926699999999995
1.7374596580928146,1.8967544730196368,5.18949
2.20916030667763,1.6235001697690086,3.99267
5.72528722979031,2.4050711063500803,6.5727
1.1960826827188829,0.8598172597709353,2.14839
1.7385947611792694,1.8982962587014705,4.88538
1.882659725415084,1.4144192128785582,4.01229
0.9693550847857558,1.061270930761792,2.7958499999999997
1.4792621274811304,1.5961807560047827,3.90438
1.8659899072878179,1.9274557252813873,5.12082
1.2170925064472298,1.3329103228162051,4.0221
0.9699588408535695,1.0236630412738363,3.1588200000000004
0.7621555612865395,0.773104351559348,2.1582
1.7422212006659774,1.8007421196912126,4.68918
1.6623439875067976,1.1463129469564581,3.16863
1.3210516704883273,1.3025916838518508,3.0116699999999996
1.568158494317459,1.648360261884519,4.49298
1.6159475167065296,1.0065987413413549,2.29554
1.904218457320483,1.9239708534278788,5.48379
0.7681194501833684,0.8070098978761042,2.11896
3.0794312433386137,1.7940386456790722,4.71861
1.2060516296784312,1.3032675149293025,3.5021699999999996
2.1242104742115364,2.0419737489179433,5.23854
1.9400540998513418,2.124189332048817,5.5132200000000005
1.556928696344184,1.7011758191674369,4.92462
0.9539857222988193,0.9254822144968536,2.27592
1.4659414011821892,1.4561688545494988,4.1202
2.790791265537428,2.689075905972161,7.47522
1.7646914853877433,1.7968928200758107,4.56165
0.954666405452711,1.0290622978809396,2.70756
1.9103364068796886,2.0786531202175125,5.748659999999999
1.624589511799827,1.7765085709756652,5.41512
1.7361806252662768,1.3190383146482136,3.19806
1.5846212165372517,1.6751926274193067,5.15025
3.2007395752778764,2.4452567177435585,6.59232
2.23547493853096,2.1933954922174888,5.94486
1.9551906712517835,1.8495713747541618,5.0325299999999995
1.6237056501102654,1.7195188585531709,4.15944
1.7645915031247317,1.8609201970530598,5.11101
1.7533116725214601,1.80402317011728,4.83633
1.4123617955219547,1.5435518825974073,3.6983699999999997
2.1064029319671964,2.196893958942944,6.0625800000000005
1.7538147420694126,1.74890043143685,4.54203
1.3667093995981734,1.454110944759718,4.15944
1.744746490238625,1.8116673552945644,5.31702
2.014078451426359,1.9706008680805964,6.0822
2.6741833282237777,2.2828139102410425,4.95405
1.9011373354784236,2.0153896324011393,5.209110000000001
1.7233613552589604,1.5715934341425584,4.32621
1.6074087383581066,1.6580283403820333,4.5126
1.8362746070373024,1.8816737592127917,5.38569
1.262800164594541,1.1344138540056712,3.18825
1.3073949100405737,1.432174887882063,4.37526
4.673807007729351,3.1397190695856847,7.72047
0.8542213933752771,0.9295615604574019,2.58003
1.235793959464926,1.169173398273327,3.18825
1.5694875897247482,1.7190486725046503,4.74804
2.9851885341716695,2.977424155996253,8.18154
1.825073098399075,1.9031197730883889,5.16006
1.6097419880061525,1.1317937200700487,2.7958499999999997
3.7278580850737866,1.4521903958744526,3.9828599999999996
1.249270536373127,0.9840315109741151,2.4819299999999997
1.5258150780812203,1.6386361207662914,4.65975
1.9173092254120097,1.986361493271051,5.14044
1.9988381542661227,1.8256064722688732,5.06196
0.8262171240055485,0.8675501662036611,2.2563
1.453707177959165,1.5889464672008304,4.58127
1.8524802535789686,1.841519306105695,4.79709
1.479961323126385,1.5913309776127653,4.13982
1.0340596245381597,1.1013037655615274,2.8056599999999996
2.2681510613382874,1.4387594960207908,3.9338100000000003
2.061286979474231,2.2366663749585003,6.65118
1.3915627060431017,1.3684404989147319,3.4335
1.1007545671265688,0.895270224340115,2.0601
2.505624563995971,0.787875947062734,2.04048
0.7105424828608069,0.7666814691839108,2.0993399999999998
2.3323262105674667,1.3001069298023142,2.9626200000000003
2.0845538281968157,2.096747612000548,5.54265
1.9533234900292376,2.1309975580370804,5.94486
2.7505054470951333,2.7653042643658585,8.12268
1.6521381732924156,1.7861250668276283,4.16925
1.5419497678588625,1.6869321182074872,5.06196
1.1689072283333695,1.192094634611699,2.78604
2.0095939240926266,1.678900607823465,4.42431
1.5288972336131685,1.62650174728157,4.934430000000001
1.8425702846431666,1.9305064744646676,5.9252400000000005
2.005443306378916,1.6337660903936035,4.35564
1.801593435087395,1.77732095743847,4.74804
2.2849965883453742,2.4504881247926913,7.279019999999999
3.0467144705157394,2.011422426490766,5.52303
2.200343126923617,1.398737674304943,3.4825500000000003
1.6943964980487891,1.8098284637279856,5.503410000000001
2.091601508390162,2.0512238495298365,6.0822
1.588033677586845,1.7011843046977597,4.3360199999999995
1.7308975203200216,1.8602141635494553,4.84614
2.075006320966276,2.2000785030061993,5.73885
2.223103433524855,2.194937170652044,5.83695
1.0571687985605704,1.157958205165454,2.99205
1.8289402619686626,2.003003259974881,5.6898
0.7826203795263704,0.8555178706900283,2.05029
1.1441449163458273,0.9445082400487568,2.56041
1.4726930663413882,1.352491528147219,3.32559
1.4569198674944344,1.409484559149195,3.3354
0.8699613606936805,0.8610699209936439,2.1582
2.1049289972229466,1.1211203464704402,3.28635
3.7438315541434286,2.3869862192061353,6.24897
1.6226433921074586,1.6856052304113205,4.46355
1.5862449468004618,1.7159005241184584,4.49298
1.5220576719034007,1.652473073547645,4.6107
1.9234105532101045,2.0234362607603926,4.43412
1.8986679932521116,1.7935513299150376,4.2183
1.5288028135276308,1.2677225307258682,3.68856
1.2933273728836021,1.1355797131465497,3.1686300000000003
3.080845038215976,2.8737752741159146,7.43598
1.4791103204291423,1.5914186642741126,4.9540500000000005
2.41128522860735,2.6085427636057648,6.11163
1.6944296291230274,1.7218799724806604,4.32621
1.0869344241029446,1.1836731528086628,3.11958
4.550299879535413,2.7959911227541476,7.534079999999999
2.775646422763533,2.756904400649395,6.8964300000000005
2.311162576507763,1.0856335978726894,2.79585
1.9352903189185855,2.06411351897128,5.366070000000001
1.19439855452441,1.3003302093660671,3.26673
0.8464406211601615,0.7129492444136538,1.9129500000000002
1.2045545565477722,1.2129963514537048,3.2863499999999997
4.968576963371907,2.5287108956284428,7.01415
2.420228597178374,2.604052751009472,7.5929400000000005
1.2367929374596218,1.284239785519044,3.39426
1.0877383561546408,1.1736207210977487,2.97243
1.6349280584172505,1.595742577773746,4.4733600000000004
2.098484124600422,2.2146684269027723,6.5727
1.9034728703740433,2.0738573570113257,5.69961
2.922886166343123,2.5267558936707752,7.141679999999999
0.5748553975131485,0.6275768120238351,1.65789
2.5575769383735065,1.1595680047845403,3.0018599999999998
1.9784891727906928,2.0719631925953705,5.05215
2.0732779945294357,2.240400116818422,6.40593
2.5258162440288485,2.76555714203124,8.15211
1.862333183563027,2.015583013125483,5.70942
2.1986002517283585,2.3881981090688438,6.592320000000001
1.3996535891605466,1.475358989924147,3.52179
2.1028019702411354,1.1726253739494128,3.15882
0.45067315101967187,0.48706427718526024,1.45188
1.3420292739541861,1.1886506224076105,3.06072
1.9252151035014244,1.8859547466654654,5.25816
0.8574355287425406,0.7343163432131958,2.05029
0.9299169403231667,0.9698315044171333,2.78604
5.241082206181277,3.2224881926098656,9.27045
1.7807154226040725,1.4443971630683854,3.63951
1.2427312233343137,1.0361406644418507,2.7369899999999996
1.2910931521195517,1.0336112580027368,2.9429999999999996
2.445793871363652,2.6409423728964625,7.08282
1.4630061859404422,1.4575824635470886,3.61989
0.8417852716993807,0.8722721169165045,2.1287700000000003
1.3724829259593725,1.4957521177354223,3.38445
1.6567092837006738,1.4382142534963278,3.6983699999999997
1.6507978928536347,1.4713354007941222,4.04172
1.1630333200514935,1.265752333274563,3.38445
1.8061193104692725,1.347215792258241,3.81609
1.6700546612311826,1.8074340428131812,4.32621
2.070491079575085,2.2503863459504014,6.46479
2.6605605007403983,2.451555442106093,6.99453
1.8966817482382226,1.6961335861069433,5.042339999999999
0.5794408628583247,0.625887738168755,1.58922
1.8461401789138332,1.955455625413167,5.06196
1.2706253941661956,1.3829479113401197,3.74742
1.3575837323900135,1.4175829043375205,3.5316
1.5073228073475171,1.5966439283415699,4.26735
1.5520947440636477,1.697166857981265,3.87495
2.584765910029378,1.832842146730045,4.37526
2.0165337307989666,2.1533914591151326,5.61132
1.7203991787373067,1.7918728774441564,4.532220000000001
2.206617709436775,2.0191226609693627,4.7088
1.5945148369488444,1.55426336942939,4.58127
1.6098017704518777,1.5051718002108596,4.11039
2.002545970933002,2.097878687665233,5.46417
1.4194813504939048,1.5078919908269293,3.61989
2.439128487944003,2.6693152408660916,7.563510000000001
1.4382443643032292,1.4130952287337186,3.45312
3.004685190148878,2.205794733596034,6.30783
2.1175326790040336,2.313907777874909,6.81795
1.4320304096806045,1.3511531579913507,3.47274
2.3941626068836674,2.622663947195675,7.52427
2.978101223481163,2.9825755863816763,8.132489999999999
1.4959419075284976,1.599890400421229,4.19868
1.5125066780513732,1.6517012448230461,4.08096
1.314057952660384,1.4065193339837174,3.19806
1.3493713541312486,1.4518590099834074,3.3354
1.5869525954640233,1.7183664875311087,4.60089
2.032702859286128,2.224840090233453,6.56289
1.6139363184463011,1.7184551588912644,4.50279
1.5744464241440546,1.715394750778957,4.71861
1.699915719499058,1.8410837622878542,4.77747
1.8962631036989566,2.0223016192917416,5.7290399999999995
2.570354166345564,2.591286942387894,7.48503
1.6099512168541008,1.423895958176018,3.54141
2.265600332296056,1.7510304991518566,4.68918
2.2971290333479306,2.498107719845163,5.94486
1.818372878097339,1.7756479388212068,4.64994
1.3369222141171864,1.4244399253460989,4.1202
1.7094845688978886,1.5131290331098666,3.60027
1.1624677530366165,1.1993168013289899,2.83509
1.3480810481569718,1.4740309833514353,4.03191
1.3228534321874061,1.2626718737779818,3.25692
2.259546338515765,2.4555117826962265,7.445790000000001
1.7010523027673192,1.723887121406155,4.43412
0.9145775541199336,0.9752870248906216,3.0411
1.831604325898473,1.667531682682521,5.18949
1.3373420508979743,1.3877966295678916,4.05153
2.0662532035183876,0.8599608864303073,2.26611
1.5552949853805869,1.7033250773677935,4.37526
1.690809777784006,1.1931060037188648,3.0410999999999997
1.4653778143025096,1.225311805096972,3.18825
2.404827676581006,2.1095051073154574,5.679989999999999
1.1745606036088558,0.9458878442130441,2.58984
2.3820968082028067,2.595027787047761,6.93567
1.4316495445638922,1.513710867857531,3.59046
1.6585864217760857,1.7728491298246447,4.16925
1.084955250920516,0.9483112757950315,2.18763
2.5674539887405965,1.734800799411852,4.13001
1.9575559419592587,1.626887276697436,4.36545
1.1060167749405974,1.12220139947783,3.18825
1.8229978719954667,1.961254298289745,5.356260000000001
0.9477445010919346,1.0350689013152699,2.88414
2.1820690643629956,2.1195541180988986,6.0723899999999995
1.2309888832154416,1.1641236741515053,3.40407
2.9434713872483966,2.6581763425307208,7.4556000000000004
1.6948129558744824,1.7647278411698504,4.3164
2.2188172902922854,2.341527334395223,6.87681
1.3405105658852525,1.4453085573502982,3.17844
1.664055738865138,1.803767983868768,4.39488
0.6403858999072356,0.6353871695588447,1.82466
2.9569434939054893,2.518964648293024,6.64137
2.587423531739634,2.288079543503678,6.89643
2.0943986238058887,2.2941197657838184,5.44455
1.398839727041665,1.2447249738275519,3.06072
1.0895726362202751,0.9829796225965216,2.5800300000000003
3.6381964745598885,2.924058062303141,8.10306
5.63040874236054,4.209396584170943,11.29131
1.39807701805015,1.4259299845364077,3.60027
1.9640916850289858,1.6145682535340524,3.86514
4.74327787013369,1.7277969546332694,5.15025
2.1174190577563996,2.271182731386887,5.41512
1.5265927670141766,1.5024445495791183,4.05153
1.6067150906430174,1.6881715060739535,4.74804
1.2803271493450412,1.3401156592436338,3.0411
3.563969984722094,2.949715458195926,8.02458
1.3264496134229902,1.170122336027306,2.5898399999999997
1.850648114810052,1.4974497199538954,3.68856
3.1629175364922175,3.0546482323092454,8.112870000000001
2.6727194521965827,2.1343255180759098,4.72842
1.5525648699490788,1.4014458556077007,3.54141
1.7432473969864404,1.8700340643421445,4.77747
1.6802184713750767,1.1070343405649166,2.54079
1.5203179177724637,1.5542788487269588,4.483169999999999
1.8684981440986235,1.991473492135911,4.88538
1.7701501000338926,1.2846144120746894,3.76704
1.0728092088530934,1.0338455498961148,2.7958499999999997
0.6916223933983051,0.6945429194729437,2.05029
1.7965071686469831,1.6889390139611316,3.99267
1.05989623768084,1.129972619008974,3.18825
1.4928508047021982,1.633074798544145,4.16925
1.1962637026801408,1.303902402938962,3.69837
0.792416880909285,0.8642994151507913,2.4721200000000003
1.3173372663255223,1.328213863483588,3.3354
1.8897134500632629,1.1172451614529373,2.49174
1.3071311176580565,1.4180218419439103,3.90438
0.9776917216587241,0.7728138434319095,2.11896
4.070624008189654,1.4674581790940415,3.76704
0.5681336809237769,0.6130111934377708,1.72656
1.2429312584773142,1.1026137433571195,3.29616
1.6006441239700973,1.5074834771631827,3.4825500000000003
1.7761293301305512,1.8715233025506255,4.99329
1.3901558054585106,1.3631794237993764,3.5119800000000003
1.86043315742598,1.9757909887510878,5.67018
0.7640682307883243,0.7002352070840198,1.61865
2.389340913913291,1.05255402863701,2.56041
1.6856366312168232,1.751777791524941,4.07115
1.9975217295814331,2.1838251328689298,5.4936
2.306779312233834,1.8091769630608274,4.777469999999999
1.6449627662655466,1.6655519578085818,4.53222
1.613235535081595,1.596575616358336,4.65975
0.8721433913353926,0.9214039562482895,2.7566100000000002
1.3269936391897288,1.2928882811248619,3.25692
1.5845402394070023,1.2507192164031062,2.83509
1.4337542376746442,1.5588632246704648,3.63951
4.181254775782026,2.9075930916962918,7.26921
2.950794079294589,3.221545848439845,7.8676200000000005
1.7108726249782595,1.2207151327643972,3.29616
2.4351962461883847,2.66651187083613,6.83757
1.2073276641616393,1.2060915261911094,3.29616
0.7541693379805361,0.8218512539322429,2.33478
2.2478354377155814,2.44543774972703,5.9841
7.115154069175172,2.6526283535467234,7.298640000000001
1.4608338432210557,1.580496241374841,4.13001
1.958231793902346,2.1115843649047035,5.6898
1.6959245863687455,1.7689083059192188,4.92462
1.8911430893245493,1.7256196189079447,5.1993
2.8069145534287285,1.7040895251218464,4.47336
4.779797713224902,2.8261683238883704,7.7989500000000005
1.4543524893229975,1.5602033225961287,4.492979999999999
2.230162774810395,1.8214689596888551,5.21892
1.2243781312976805,1.3404303972829026,3.98286
2.0468685087713867,2.161948326801545,6.02334
2.3650544861059752,1.8599037343556253,4.55184
1.5733203253470034,1.7234404630708888,4.59108
1.2630033708981145,1.097995689827606,3.11958
2.1184906424622225,2.1840770385588506,5.33664
0.5344574671103398,0.5851372392097429,1.64808
1.7909184290469513,1.726690051920147,3.97305
1.6622185505221625,1.6310070322227308,3.3354
1.7921628717279017,1.9529408053701984,4.69899
2.401754340622704,1.6724021709863928,4.630319999999999
1.257403231624605,1.3742639425525214,3.3354
2.078431652833453,2.1082600680656074,5.2974
2.3610770008726947,2.1846798785245403,6.356879999999999
0.9900974665657922,0.8901225910176641,2.44269
2.808751076955735,2.9964949704212755,8.6328
1.548903423587152,1.6821408887486209,4.49298
2.2844103916109293,2.372730567182039,6.99453
1.62423404983703,1.7446444456192214,4.68918
0.8370752917748797,0.884025615805334,2.34459
2.0276505087169236,2.092486260858121,6.288209999999999
1.9960477496042022,1.7054697461168873,5.16006
1.138044565823325,1.030165222127014,2.98224
2.1202010254690475,1.537386944136056,3.80628
1.5424541819937474,1.2496017379589388,3.49236
1.8319414391841242,1.9857049084997498,5.778090000000001
1.5169381619235507,1.6448184512705346,4.56165
2.1120719643634307,2.309328314144613,6.25878
2.0875832128205096,0.6687153997553817,1.72656
1.4639596807972548,1.1067140967386293,3.31578
2.087644677633145,1.1998302430052343,3.35502
1.3075850529315483,1.421370490375398,3.46293
1.7401992522122287,1.5889777593157182,3.63951
3.071386557843216,1.4616439120250868,3.67875
1.159739511097212,1.2533274837806756,3.2961599999999995
1.082705839136374,1.0829813469861798,2.62908
1.7308141198724953,1.864895363174567,5.04234
2.0482941721344616,1.4913781355511417,4.04172
1.684027776552394,1.8377039249128244,4.904999999999999
2.495091427242697,1.2113185251947565,3.1686300000000003
1.863366397303547,1.7917153300119972,4.53222
1.5678055836582545,1.6954421809516242,4.47336
1.3060140110465892,1.3084850962964767,3.71799
1.8705571903847258,1.8102963358190836,4.85595
1.8772719415817198,1.8361785225707221,5.503410000000001
1.65223525281662,1.7406093586873534,4.659750000000001
0.9171694227894867,0.9661065444349293,2.9626200000000003
1.9879919213492798,2.171078816733745,5.94486
1.538075359077051,1.3895707154945371,3.54141
0.9354543587476623,1.0204977943533244,3.0803399999999996
0.9012217292653346,0.9267343844705451,2.61927
1.5518415403642216,1.5481991034747435,4.72842
1.3238472934783678,1.306856226166444,3.61008
0.5541419996264495,0.5613429096639593,1.43226
0.5163701718728533,0.542201105015473,1.39302
1.6530068322000366,1.7430099990074641,4.50279
1.7977254377546088,1.9354552396348514,5.1012
1.7242685504439266,1.7969115649107499,5.34645
1.5306377151860593,1.467357619447284,4.27716
0.9301928698393683,0.9539369633890911,2.54079
2.1001153357970606,2.278112803552537,6.52365
2.728023835278937,2.916820020671485,7.70085
1.280527574302873,0.9824981510364281,2.40345
1.02693099208272,1.0651811055027214,2.81547
0.8951770581007983,0.8540993369333569,2.3544
1.053825675645645,1.1536729616100048,3.11958
0.9156116784969489,0.9937228174093619,2.43288
1.6838325150827798,0.604455762971948,1.6677
2.0165297538345426,2.133350606374864,5.28759
1.4869405902052713,1.6146199102451326,3.84552
1.3775512974840536,1.4693271157097727,3.80628
1.0393122849990757,0.9741565450326759,2.7468
1.7132662509808567,1.8767677798145406,5.356260000000001
1.3957806448006076,1.5244247598225371,4.08096
1.8531122024853215,1.8000071357858556,4.26735
1.6931891383864945,1.774720011762419,5.23854
1.2914657906619131,1.370024247708777,4.11039
1.624693173556164,1.52747716933511,3.99267
2.59120523674795,2.796716702504921,7.563509999999999
2.3932446189848626,2.618668593877431,7.0632
1.576080636848889,1.708984405016617,4.05153
0.7009289049896573,0.6063632869740714,1.60884
2.136782995006746,2.0748130673749863,5.66037
3.191241903867521,3.4924353194125155,9.908100000000001
6.975538906245882,1.5386352512502761,4.159440000000001
2.776943415402986,2.1652020481216065,5.5818900000000005
1.7112147765403383,1.647769515396495,4.68918
3.678747819999354,3.4816540889855787,9.62361
2.2889941607068374,2.453460537899479,6.710039999999999
1.1245401158029003,0.765215633785667,2.24649
2.7981323315919138,2.2988718640324435,6.56289
1.4321984062098378,1.5365322549396743,3.78666
2.2688156899250322,0.6906523332256251,1.91295
5.311132852419528,2.2866132907052736,6.05277
1.7987511779148333,1.5332677471955118,4.14963
1.8774983430618521,1.958835357767467,5.04234
1.6141350668392036,1.7430210414908938,4.2183
1.9603274996413225,2.120008108840624,5.61132
1.1141658284339904,1.0567044338082434,2.89395
1.24902657207523,1.281949690459809,3.50217
1.0055688648968801,1.0999586901470435,2.63889
2.9726161575369936,2.1011247530287203,5.69961
1.0556505097095346,1.082579911669342,2.99205
2.1135712729643163,2.3126368454212605,6.17049
1.6462347258972518,1.5388103712121257,4.01229
1.3050004231033798,1.3884621774322843,4.22811
1.135914411432481,1.1927281855645067,3.27654
1.4685649729242487,1.3142568948877535,3.14901
1.884818185435932,1.7112841359137294,4.7088
0.7815128973024055,0.7591042825001055,1.80504
2.352413318052336,2.526599098058495,6.64137
1.8377414546257589,1.2035781283281946,3.14901
1.5640259933421823,1.5070844311683405,4.17906
1.5745992261524835,1.3434853797790283,2.95281
3.69564544204392,2.692402113852981,7.857810000000001
1.3450913570088834,1.4178035214090843,3.9141899999999996
1.495287728164717,1.4051490970711968,3.47274
3.017921248376107,3.274017016657061,8.19135
1.4522169034789534,1.5311448083803179,3.9043799999999997
2.9672939290201774,2.2570647660446075,5.57208
1.3112781545881103,1.4303056254940758,4.23792
2.079608169163124,2.114717621213291,5.28759
1.4768965045662477,1.2157224980726482,3.48255
1.8316087043907605,1.9606228466790852,4.88538
1.7009014308742292,1.8237710818603303,5.14044
1.5028202802730606,1.5852021061303192,4.00248
1.5029910359014123,1.646346767178774,4.15944
1.2856216157174707,1.3959553018058994,3.6493200000000003
0.9560514831587261,1.0447243161092787,2.2661100000000003
1.2955391701527206,1.2767430143768164,3.40407
1.5937753231870544,1.5969241777993093,3.63951
1.2713951757813147,1.2400553998430874,3.30597
1.4983416898357997,1.6412103613248366,4.57146
2.4679056339536163,2.7011735985382352,7.41636
5.16336468797721,3.95983620046461,10.18278
1.3258327810285881,1.171913894119359,2.50155
1.0396826027927946,1.1360598402857132,2.9626200000000003
0.8658309186267259,0.3274493163071195,0.9123300000000001
1.1196085568402914,1.22609172178512,3.32559
0.6411743755406949,0.6998800792921599,1.7167500000000002
1.729261210835425,1.42634836153024,3.924
1.6679452319695633,0.8079236322017076,1.9423800000000002
1.702282352343465,1.7721650282634516,4.07115
0.6634514918590506,0.4752503748867537,1.16739
1.4780526603440083,1.61161013650014,4.37526
1.8619369662800083,2.0396214443763823,4.83633
1.519288944819253,1.6505938417278794,4.65975
2.040574324742914,1.518271951608143,4.24773
2.2320498786765497,1.588129625943676,3.58065
1.394999016773847,1.5277249622101485,3.74742
0.8370848723098514,0.8418195681439106,2.38383
2.312536278126248,2.4365855952849267,6.49422
1.9269805082434022,0.7341765375098827,1.7069400000000001
2.2533728730394356,2.448921971952149,6.44517
3.676811469242066,2.4071889060873475,6.12144
1.8339671904507997,1.9696312365795785,5.93505
1.8459490320157812,2.0114343876547403,5.55246
3.0040712443948463,2.96593578685716,8.61318
2.162910348384787,1.9149805146554362,4.6793700000000005
1.749497368517598,1.45412418111728,4.20849
1.702206972580009,1.8467517160354825,4.42431
2.199475508138247,2.395172656857956,6.4844100000000005
1.4637350626564904,1.3871966697299989,4.0221
1.815331598262422,1.3619928812258895,3.90438
2.328254926216199,2.5386446560536986,5.89581
1.25025874640012,1.1975983821256606,3.35502
1.420486645026978,1.394051280233263,3.9926699999999995
1.7882027215615124,1.958140874676794,5.778090000000001
1.4151640471514246,1.5484943354594487,3.9828599999999996
2.1682652225339036,1.8510588794606182,4.68918
2.2368700248226316,2.20476558180456,6.00372
2.1738024429326597,2.1496364192579174,6.26859
1.0584955148228075,0.9489875783170189,2.5898399999999997
5.4809579986075425,4.231896497070787,11.27169
2.107008203223234,2.300142034420918,5.75847
1.498641392428489,1.6118280787974877,4.32621
2.3447165551618387,2.441719970043658,6.317640000000001
2.181624312364528,1.0523467645600475,2.89395
1.829974799949442,1.728373340372386,4.1202
1.0752434267178759,1.0571642469550322,2.67813
1.0778953730766265,1.136922147413797,2.92338
1.3496150061035925,0.42862702975897354,1.15758
1.0861225132552959,1.184594227691491,3.2078699999999998
3.0044262804984916,3.1664987213119162,7.37712
1.7190048192340823,1.8635531756271404,3.9043799999999997
2.1576388247688723,2.1476903449775997,5.9841
1.4605044185143705,1.4042995868830837,3.85533
2.3531189014582323,2.339726474475168,5.885999999999999
1.209345298518996,1.288882436295103,3.5119800000000003
2.2404022645609873,2.4178767850554337,6.52365
1.9957142462411797,2.0970535750023176,5.16006
1.761575738891178,1.8748832373963986,5.07177
1.6853035625666968,1.845476292863173,4.1202
1.7326294880181394,1.5873103433890932,4.98348
1.6559830156737718,1.7138119602103377,4.1202
1.4573106374929128,1.5727085312129516,4.01229
3.115850175939145,2.109917929967893,5.60151
2.141795083265437,2.209909451185727,5.79771
2.543020574936428,2.5349142503662727,6.50403
1.9635730568914413,1.9740464853873123,4.83633
1.9590056650760355,2.1355508547164126,6.66099
1.064659976001728,1.152992911478644,2.97243
1.3710388990105278,1.3852609263239906,4.20849
2.298294789349269,2.511899619759914,7.23978
2.0180801754638,2.1964295712633266,5.69961
1.9534794987406445,1.5597550373440054,3.66894
2.127330411854256,2.139281884820231,6.160679999999999
2.255589018416254,2.2533436893381356,6.4844100000000005
2.451656194840541,2.6521832873540245,6.59232
0.769256640465326,0.578706858435253,1.4714999999999998
1.770480796055128,1.8401949332502796,4.57146
1.3305605489041077,0.9963019772338104,2.85471
1.0941045692939957,1.1153140246181792,2.75661
1.8872164119543895,1.804745853750605,5.43474
2.0454496932215176,2.1689523246212676,5.17968
1.2015948603002593,1.260326045386669,2.92338
0.9665132090923537,1.0579604797864617,3.0018599999999998
1.9391610069176826,2.0387979292882363,5.63094
3.7200040850784024,1.3333181903056748,3.2961599999999995
1.025657276311147,1.1178709147795194,3.0999600000000003
0.5411528917967638,0.5870501595604928,1.55979
1.348907699603646,1.3944113579679418,3.9828599999999996
1.8800808054309792,1.6101285419214204,4.83633
5.208768209125839,2.87449182138339,7.81857
1.535539216724861,1.6786627092182633,3.924
1.8386358314794151,1.9966053391894953,5.55246
1.6792779280393104,1.8378680026596033,5.179679999999999
1.4029786284901136,1.317314132513578,3.81609
1.1803975324016907,1.0306322068905085,3.01167
1.9675552229480116,2.0680610818227785,5.46417
1.213588593552197,1.2397397607562646,3.32559
2.3653291334611346,2.5132191243582405,6.91605
1.699349502427326,1.8260483427883283,4.93443
1.401606074473138,1.5244752625477396,4.00248
1.0473448078355094,0.7303982560767789,1.97181
1.610424372300668,1.6732881083065163,4.85595
1.4809363932829795,1.610495084646333,4.69899
1.238691365796985,1.3153889497483247,3.7866600000000004
1.98369099700533,2.1073621492282713,6.4157399999999996
1.7363792372635651,1.8986510978060187,5.37588
0.3857214157912417,0.4203444773040321,1.08891
0.9475583220308923,0.9836924202361225,2.5506
2.617076834619114,1.9013052186537542,4.9540500000000005
1.76616329596105,1.8554857127663364,5.1993
1.5010315161747936,1.523777545545937,3.41388
1.862539872163815,1.6680538918632095,4.7480400000000005
1.5405656816572282,1.4479462519997073,3.93381
1.61911070716304,1.7620618849603438,4.69899
1.3093318469356805,1.4061076046305987,4.15944
1.4683519826833074,1.422705939043624,4.42431
1.996011589282487,2.098445143393079,5.1012
1.8507607808547273,1.1583847499298323,3.2667300000000004
7.6294275338815565,2.46348157984386,6.710040000000001
1.1395304895657685,1.1485453150616218,3.22749
1.6208235860666638,1.1026326538562152,3.08034
1.5073494094933662,1.6487883477754202,4.24773
1.8894672902831633,1.4081012607160042,3.8259
1.4664774283977233,1.590515360969519,4.52241
1.3710856929455577,1.1811446410156548,2.83509
1.163867374274234,1.2514679198285508,3.29616
2.2647435490580383,0.903692173585674,2.31516
1.2698740920461367,1.2617772863504875,3.54141
1.86003222383377,1.9074602613003502,5.06196
1.0290139789866801,1.11738297208701,2.9626200000000003
2.3979079675521326,2.0864534745711443,6.09201
2.3046715491041234,2.1342263184278276,5.30721
2.3386067483974298,2.042982059722992,4.97367
2.258736966558966,2.3009640278022596,6.160679999999999
1.6408770723152908,1.0025304849778882,2.65851
1.412469677232046,1.5395971227564695,4.30659
1.05980543612967,1.1094137052831103,2.93319
1.2790424318997398,1.3866866732755456,3.0705299999999998
1.0401992842720091,1.1275043456767695,2.79585
1.2899932412613642,1.009677302171342,2.67813
1.941033548473596,1.4620345164461748,4.46355
1.9029798643968885,2.03828729300852,5.43474
1.9849398305112427,2.0597488343557813,5.54265
1.91987155492236,2.078257240304963,5.31702
2.026336971310547,2.2183415853380204,6.180300000000001
1.5679027698808368,1.6004677524024031,3.85533
1.4431818163003578,1.1661225304229397,2.80566
2.4487922873224672,2.299784978877373,5.71923
1.2431054564074602,1.3496851221785027,3.7866600000000004
2.852419519259045,2.8288117769038648,6.79833
1.8943505410166306,1.7974613264351476,5.2287300000000005
1.5944947186648188,1.7121349654130658,5.1993
2.05770839748979,2.2445114212674433,6.327450000000001
2.1913001724090653,2.0291924334572116,5.44455
1.8549678477402243,1.6252390163634391,4.37526
1.6357862459533032,1.7603351853865787,4.64013
2.394393723544647,2.3048594478080435,6.49422
4.247342944259387,3.084226661033524,7.857810000000001
3.1299434933717256,2.885505513479397,8.45622
1.1135610391217896,1.1644005799509034,3.2961599999999995
1.6229893198816805,1.729085899505863,4.83633
1.7273958772093907,1.8808271375115788,5.56227
2.088616349548188,2.2760863128888587,6.0723899999999995
1.6914594572735109,1.8081473796679297,4.94424
1.6016508736144714,1.4968969245976824,3.96324
2.468838089375243,1.3481726589684275,3.44331
1.7501023503355453,1.8365977633521173,4.82652
1.7930173659644235,1.9281521102107064,4.56165
1.428902073953985,1.126133593633544,3.27654
2.368195768871315,2.548075820214147,7.63218
2.797481655462642,1.921211966116701,5.62113
1.7864124027642665,1.9045797723986253,5.1993
3.2898719038740705,2.669125356404228,7.1809199999999995
1.6247425339726906,1.7197427114891344,5.13063
1.4311957347267354,1.0995080209802928,2.8154700000000004
5.822957413059107,4.5110159045696125,12.14478
1.3556743268204203,1.4742268334554218,3.55122
0.9944698495429612,0.8871498549568726,2.4819299999999997
1.5716526266004203,1.4769138807391582,3.7670399999999997
1.988145209648933,1.6663000447548455,4.15944
2.718815734543259,2.6635839145331994,5.58189
1.4362970160450799,1.3153987046063258,3.1686300000000003
1.8568389145803683,1.0695689636110428,2.2661100000000003
1.673973333255342,1.7768768988621582,3.8945700000000003
1.3970154146071545,1.5173853551784398,3.9730499999999997
1.3699329273544745,1.4568659219948827,3.75723
2.5572821699609136,2.1804138337205625,5.6603699999999995
1.9753087243390588,2.1135340877946587,5.34645
2.7582910354783086,1.7829928007145737,4.777469999999999
2.7257357596711387,2.725413274861264,6.19011
0.8480970530546607,0.7954371620687583,2.07972
5.026960587805518,2.5639500527408874,7.22997
0.7676599236315519,0.8188010786448685,2.50155
0.8470562454170324,0.9000427741835385,2.6094600000000003
1.2804962599711098,1.160414225248898,3.22749
1.947538264386608,1.7747959266433988,4.86576
3.477526235630725,3.6351417963925425,9.55494
1.4741952815858554,1.4105595200593275,4.05153
2.09534419961256,1.5425789600373785,3.6297
2.2481458089946034,2.307790771755533,6.05277
1.4587022484729362,1.5171940191155513,3.60027
0.9026177392728331,0.8750919576078847,2.28573
1.9157819038450072,2.0886777839580715,5.493600000000001
2.084653852741505,2.1953872621999975,6.00372
1.6230881428468389,1.2334321232195957,2.59965
1.0786465638243141,1.1550735194393473,2.8939500000000002
1.022030640147349,1.1195727416295915,2.51136
1.668031775821432,1.7899679520678577,4.59108
3.369710010824374,3.639853289739849,10.63404
1.5619325379317763,1.1739158815306998,2.76642
1.6666272873531143,1.8219831413023557,4.92462
3.099978109124321,3.380346743070894,8.672039999999999
1.1988753867062247,1.2820547843013574,3.12939
2.0424677577626533,2.217086044094816,6.35688
1.4454805587762154,1.5662323748282052,3.9338100000000003
1.7104507000787834,1.836296443714903,4.84614
2.8938557781271688,2.8017882095975777,6.99453
1.0744749292794131,1.176307223964046,2.87433
2.4412482793542325,2.6414919532926846,6.83757
2.3238348811286054,2.5444682969276706,5.40531
1.8533199194418648,1.9708938617997673,5.16987
2.1041249441276055,2.2832965544317716,5.9252400000000005
2.657423800243386,2.7982939739133914,6.710039999999999
1.823776358616922,1.6119166405338707,4.4046899999999996
2.106018361137908,1.8235705537954925,4.77747
2.1496737260570495,2.343663544991047,5.3072099999999995
1.3356378946780447,1.4488011679730244,3.8259
1.8362920764001571,1.4957006451660038,4.30659
1.8229494804985682,1.6463672260677447,4.38507
2.404053873117239,2.632485061752488,6.7689
2.501210153385757,2.549759723126867,7.12206
1.9297793557036513,2.0612270631252634,4.85595
1.636624383082447,1.7893898941482822,5.14044
1.5468257937628271,1.6672084657984434,5.01291
1.9677956898519724,2.128005858243816,5.53284
1.452178246394016,1.545677496814908,4.44393
1.1721479091821134,1.0558039560069852,2.62908
1.780629851667662,1.9054183655958605,4.64994
1.5533859572076734,1.108163873165878,2.80566
1.5065564639767073,1.4226924103789966,3.5610299999999997
1.2494181758322551,0.6582112812159937,1.7657999999999998
0.5857591443588397,0.5648265992674212,1.39302
2.345359486699214,2.535093941413217,7.15149
2.238615346905314,1.0845560251088922,2.3838299999999997
1.1304508710687076,0.8700535400767011,2.49174
1.791849604263706,1.96247736192803,4.81671
2.2164015615181287,2.3316452906048983,5.778090000000001
1.774742605816404,1.8811750402766882,4.394880000000001
2.2189401762102556,2.430051387901087,7.259399999999999
1.9050142703796211,1.781280087686942,4.92462
2.0916628551226895,2.142164995157936,5.0325299999999995
6.023590304245467,3.531799827679932,8.672039999999999
1.557490049615085,1.5985033028273667,4.13001
1.1076325570783843,1.2021099975127068,3.19806
1.4228896906647401,1.4770311645595025,4.09077
3.334618474615949,1.7475104566296593,4.73823
3.187963233257247,2.4270000800247207,7.0337700000000005
1.6016809161159409,0.8235590918143032,1.9227599999999998
2.7825807485587903,1.8205282656278643,4.17906
2.536771919369181,2.5410866815203295,7.19073
1.5879225722465184,1.0852671362710657,2.96262
1.3149669828934871,1.4346902805971748,4.26735
1.7235893620436393,1.7618543333857086,5.0031
1.1132873360233646,1.218722902184906,3.0411
1.6109073455199092,1.6996335782367917,5.1012
1.3974229361578405,1.5230310661572204,4.1202
1.047727595322372,1.1464696480064356,2.4525
0.6538078592751849,0.32967536072627573,0.7749900000000001
2.5486750043502995,2.5392707001972044,6.1803
1.7817509553245652,1.7342422726251372,4.6793700000000005
0.9448715784168769,1.0139889846147245,2.43288
4.615268778933682,1.722069057047365,4.98348
1.7721740789493565,1.6791059951652845,3.5806500000000003
1.2268907525937263,1.321068668268232,3.2078699999999998
1.116552980135739,1.2011022039235462,3.70818
1.5643028583845264,1.7121836785315994,4.94424
1.997068004250231,2.1532000263793423,5.748659999999999
5.791637124017699,2.824078473675971,6.61194
2.182502702163276,2.3356845705681235,5.80752
1.9508626517645982,2.1207826952401323,5.58189
1.7484886003202882,1.7142845181911899,4.34583
1.8268123595761006,1.9004546828377675,5.56227
0.7750106959261918,0.7190669774645474,2.18763
1.799437651031566,1.8398541016042549,5.12082
1.8337529079731545,1.8873685369529716,4.924620000000001
4.2079259062512016,2.5172824463456616,6.867
2.15380331699531,2.216136683844207,6.20973
1.5011757641928543,1.6017019455316897,4.25754
1.274444482274532,0.9522675690581928,2.53098
1.1307133269976082,1.2380631982051642,2.98224
0.4217729612599651,0.46194233435570725,1.26549
1.5218363591069837,1.5281574534713365,4.11039
2.4951364253683606,2.0233633329978082,4.905
1.3566264097937943,1.3777713397476377,4.07115
1.8348328117160975,1.803864016379838,4.8167100000000005
1.8627895902919365,1.8370614370020402,5.53284
1.5073068458346495,1.5637480535815222,4.3164
2.0338900556568933,2.2262144629841933,6.36669
1.7987333439534607,1.6090483493139662,4.40469
2.6920124805988546,2.9107974383869446,8.00496
1.8982709105130384,2.037512833029525,5.55246
3.151657485213138,3.0698623459432186,9.28026
2.4407686118003897,2.6319073957094314,6.71004
2.834979677784305,1.666885186241092,4.08096
1.5772810340741437,1.7150702668141617,5.07177
1.299254167108961,0.947433053714087,2.38383
1.1263927836460956,1.2305158161478462,3.57084
1.3155889098802862,1.3550258180713755,3.47274
0.8370561303759743,0.8440857530369767,2.2464899999999997
1.072839110025357,1.1752363622693096,3.31578
1.9662912695859687,2.016328509194372,5.01291
1.2056991531472518,1.2425621362652253,3.3452100000000002
3.1150805050993466,2.320337023164954,5.53284
1.7401808181910292,1.9061076552702891,5.1012
2.156884167056729,1.7037421769739693,4.89519
1.7086680907654361,1.7043445785403843,4.37526
1.9872253024883715,2.115336436454022,6.52365
1.2605500092419974,1.3558778094061428,3.8259
1.6643930595114844,1.820588174494715,5.3955
0.7648340564135465,0.8320225681254085,2.10915
1.0823650604116895,1.1660289965519726,3.0116699999999996
3.47874366636865,2.3703092983490572,6.14106
1.867459180758712,1.780926179795221,5.4936
1.1673693905743805,1.0723261894544962,2.8252800000000002
1.6169496978725095,1.7357814850118665,4.7088
1.7921539219888454,1.7561233524784072,5.0325299999999995
1.4236503728268397,1.5346228800946504,4.0221
2.2256488171429925,2.0166530360847896,5.4445500000000004
1.9214498852949562,1.5216023648640926,3.4825500000000003
1.7168761239384744,1.8506810486710021,4.35564
1.821858131043688,1.4092671923059872,4.14963
1.7645006052421746,1.8247197732145066,4.60089
2.758590489625091,1.1380065119804894,2.89395
3.001373735125301,3.0997426822560614,8.897670000000002
2.2504811380569265,2.376033169143478,6.307829999999999
2.3619056300898222,1.7938812884552866,5.38569
1.6747923600554189,1.7949208422323253,5.0325299999999995
1.2954834569572857,1.4159526679483323,3.61989
1.0966085291707337,1.1264582837682007,3.51198
1.6767592618351626,1.309764201492009,3.3354
0.8086756940826155,0.8856787605221206,2.32497
2.0157262461455425,2.1204188866731024,6.22935
1.0721062912323573,0.9621738151290545,2.44269
1.308265660521593,0.6325637298486217,1.43226
1.984426651025429,2.0511300145237015,5.0031
3.6942867512146376,1.5722831940716024,4.43412
1.3404806527883946,1.2653556440305624,3.46293
5.557471064742488,4.305697175105328,11.59542
2.3344605348666745,2.5523004620048164,6.572699999999999
2.189608701549206,2.261673462319439,6.49422
0.9325005742089385,0.9692955158670652,2.23668
1.6198188507052262,1.770237989661277,4.2183
1.0792634876155127,0.48500174366696874,1.29492
1.7353351153307537,1.8838742166928237,4.87557
5.211886604627925,2.136902341961373,5.768280000000001
1.5585658403801874,1.6805993132451293,4.28697
0.790045128616081,0.818495435949401,2.42307
6.778356253432687,2.811983068958631,7.29864
2.5255717508417774,2.756658293171281,6.984719999999999
1.0031174714857678,1.0731261188881762,2.8449
2.0004223329587183,1.8335797144493067,5.06196
2.9758437327924327,1.383657523348896,3.6100800000000004
0.9131120035625422,0.8953418840811592,2.8252800000000002
1.1943851256399673,1.23761227530677,3.39426
1.0468929385806363,1.045608258283187,3.1490099999999996
5.131117663248427,2.6951624863818506,6.48441
2.1279259617054347,2.198867241858862,6.49422
2.125029571017778,1.6550102859861626,4.37526
1.8354009268958105,1.931881849562752,5.05215
0.6882165396879095,0.6987768885130646,2.0306699999999998
2.1266479630747535,2.326152832027595,5.7290399999999995
1.4031386723342778,1.4866428443577162,4.2183
2.0508688178184387,1.0598553779455004,2.88414
1.862656124422863,1.9844678719168016,4.9540500000000005
1.582818496006412,1.7325545028310076,4.5126
2.773062185617192,2.518913071521127,5.56227
1.8704285663986209,2.0216884418426098,5.90562
1.943333515959111,2.0744079494328016,5.15025
1.3700207355000142,1.4346500332554974,4.3164
1.6254975614408038,1.5295726917116426,3.7964700000000002
1.9419175206995791,2.0681719859721532,4.67937
3.296972533780044,1.9368693344466996,5.8565700000000005
0.9453806961748267,1.0336034990846346,2.8252800000000002
1.323205005035123,1.4260435882784228,3.924
1.4428205699774315,1.385155557267847,3.81609
2.9467853156448296,1.8927114792804527,5.18949
1.7452750042471816,1.9112412907087373,4.36545
0.8474537955546603,0.9160670237488084,2.32497
2.8761485714580184,2.7836325161558237,7.48503
1.4215814934783022,1.5567659175483,4.15944
1.1541872526804307,1.232682874655927,3.3059700000000003
1.221144712493159,1.3350457317223257,3.7964700000000002
1.4805626922896578,1.5826300033425373,3.8455199999999996
1.708132945206549,1.820273630946732,4.81671
2.0465628802702347,2.2410701126381567,6.54327
1.7664811186367093,1.602030369150348,3.94362
1.5759279784780775,1.6491511608309288,3.84552
0.7497005420166108,0.7820401723952549,1.93257
1.427284766313296,1.44675938563052,4.1986799999999995
4.30765503914833,2.4491518505556162,6.74928
1.8640720973181268,2.020228124514655,4.74804
1.829847706040041,1.4845699162653134,4.1986799999999995
1.0367705047887887,1.1356743424943614,2.8939500000000002
1.1704430455387396,1.2591508554061344,3.51198
1.7626361656337364,1.9172130191504542,5.67018
1.3668971585858243,1.4961938511269186,3.3354
1.6308811519543662,1.0172296742427445,2.4721200000000003
2.0048833746879144,1.5829664368899299,4.7088
5.300372443838263,1.3867421921900263,3.9141899999999996
1.561110808703213,1.541855106821001,4.30659
1.6729573749052902,1.3897473070562145,3.84552
2.385642613332936,2.0002755985088654,5.43474
1.3144423844353164,1.418527356845824,4.1202000000000005
1.815764485815823,1.9701034928932033,5.886
1.5216519071883687,1.5833078640965565,4.5420300000000005
1.057077762726092,1.1579360427027048,3.3059700000000003
2.6359982948116643,1.513583709964533,4.36545
1.6622812701976764,0.990827806770682,2.87433
1.386048045920487,1.4356156580366488,4.0221
1.8039022501233262,1.866682586119022,4.483169999999999
1.9520379965948411,2.1375334939481068,6.58251
2.1981150637193676,1.8582299731922314,5.67018
1.6209868585833755,1.7281088393848345,4.934430000000001
1.761211496626683,1.7003355420475101,4.8167100000000005
1.2444981620516762,1.1497456714204235,3.3648300000000004
2.1143755267454263,2.1375537537662064,5.67999
2.00603506422495,2.1325926185654867,6.11163
1.510925784031102,1.5079185829314525,3.8945700000000003
2.1035950919437894,2.1848384543370707,5.64075
1.86050643702192,2.020771104840922,5.464169999999999
1.553664718319239,1.5168229063638246,3.81609
1.884528831392611,2.050608370018517,5.12082
1.1921807419808457,1.2970647806142914,3.57084
1.688712027537555,1.8272785162831637,4.630319999999999
1.5013840979742659,1.3898304012036864,3.31578
2.052576942248451,2.2008657203450643,5.71923
1.666906355273145,1.8220570869953554,5.34645
1.7528359103464306,1.9127403731296102,4.92462
1.967498158690371,2.1479800910320375,6.4844100000000005
2.400632144061226,2.5984219174722183,6.425549999999999
0.8187677769673157,0.884809069370336,2.68794
1.6998779775619188,1.7572409231519734,5.3072099999999995
2.3879710944858608,2.3407709775285577,6.19011
1.7437073785758894,1.9060167741969112,4.65975
1.0579574476556228,0.7378115717376625,1.87371
1.772545117281927,1.937674087239647,5.04234
1.4430817879108584,0.6600509377616245,1.78542
1.206397355621273,1.3214437778846286,3.6493200000000003
1.909059775138013,1.945001662567413,4.58127
1.1111818943584348,1.1771414110420209,3.37464
1.5837150489434646,1.5658769814611875,3.7278000000000002
1.276739245558779,1.3103420844001004,2.98224
5.65792405558788,2.97432987797924,6.97491
2.3677622690844617,2.5541819079697516,6.94548
5.637666826950667,4.4272983942941995,12.0663
1.293600179672993,1.3414506934919372,3.3354
1.5713362272282785,1.6935216032634484,4.83633
1.5862702254029735,1.4737698093935838,3.9240000000000004
4.254344146164013,3.361952504322451,9.29007
2.0864765365682882,2.2465321240592133,6.13125
1.199864999343676,1.1954911598292979,3.0018599999999998
1.8855030966561683,1.504697526415193,3.56103
1.151808472164535,1.2300099675327838,3.4335000000000004
1.7424559446080696,1.7511953704712675,5.0325299999999995
1.751677987830526,1.8841066352067233,5.13063
1.5829603574000202,1.569203462410149,4.15944
1.678203058586773,1.5984551389982766,4.78728
2.5168848213217863,2.6914297127809226,7.5537
3.194655281192323,3.451421876495251,9.48627
1.0449453717539496,1.120376159541964,2.66832
2.525905144774839,2.2094681254727346,5.67999
2.9716663623041533,2.6009003200795684,7.63218
1.6476176583631288,1.6823210921313447,4.62051
1.5963746818181501,0.9180765951869158,2.50155
0.9596767565175265,1.04970972822014,2.85471
2.2830794825520204,1.5244216033466595,4.13982
1.5138475506800546,1.2690920132598738,3.2274900000000004
0.2750009731800962,0.2778441857408573,0.81423
1.2635048965279083,1.3014793076457265,3.55122
1.6601861170814556,1.5798232658085523,4.42431
3.9020932059408837,1.368421745351191,3.07053
2.1980238510079912,1.785394845976654,4.277159999999999
1.4422757506281523,1.5778768241754488,3.95343
3.4742615099111354,2.1562140476376643,5.50341
3.1159325374757394,3.2604343388879955,7.87743
2.0814545361117065,2.154948359557602,6.582509999999999
1.4161044496964197,1.0701941177702294,2.9331899999999997
0.975203147836388,0.9908083811867964,2.31516
2.4283828899804907,0.7620650636198986,1.98162
2.113760983034742,2.169378233411592,5.95467
0.8551409504871111,0.9301549343845895,2.6094600000000003
1.6032523547308453,1.3849517438199788,3.94362
1.2975988767527507,1.4195502754288063,3.80628
2.1144855188082987,1.466618513189439,3.3452100000000002
1.5032578027404349,1.3701729229553474,4.00248
1.443198487024567,1.3302265950994965,3.9043799999999997
2.1330115002854533,1.9280223371086758,5.67018
0.8028432718158632,0.8374316138766198,2.57022
1.8214575122137766,1.8552644058354593,4.93443
1.1348973009484162,1.1742369208809609,2.69775
1.4899847487642282,1.543082129061833,4.6205099999999995
0.9267984195875607,0.9701969316741833,2.09934
3.359076363630336,1.8123719460309466,4.36545
1.041154854188367,1.1404379916505762,2.4525
2.902853980275274,3.0553827310633284,8.15211
1.703723348492941,1.6374493573359756,4.914809999999999
1.818086182239445,1.331378803357632,3.30597
2.4492605605570024,2.2751474723366836,5.76828
1.6646917721458228,1.5975236862187678,4.42431
1.9438864234183024,2.0277414752748935,5.5917
1.5161766785899327,1.2286099770553713,2.62908
1.5803846061323175,1.6336011495955798,4.6107
1.4004497989217606,1.3658676876476725,4.04172
1.091668330744279,1.1333798300613964,2.7958499999999997
1.9018922713970947,1.542382430047749,4.3360199999999995
0.9002957918928646,0.9684744155423002,2.8154700000000004
4.7728262903807845,2.947668582033944,7.51446
6.270648124576119,1.8535111715525214,4.738230000000001
1.8065188914456445,1.719415316713795,5.18949
2.094490520341403,1.9997839997559734,5.20911
1.3130078197596542,1.4091260566145245,3.65913
2.117294067341615,2.020383730284918,4.68918
1.671926409265671,1.7031998333959526,4.9540500000000005
2.552649215266367,2.6289384588765103,6.78852
1.5813941108876055,1.1260538308580101,2.7860400000000003
1.816356226308595,1.5435768212661138,3.6395100000000005
1.486309427693305,1.531224419329185,3.3059700000000003
1.2199817391666155,0.9478849574500061,1.8639
1.888881470804878,1.54096022084608,4.43412
1.209749747427128,1.293060710639682,3.67875
1.6477393397925535,1.7380226880567469,4.18887
1.272139275511923,1.1590256566098958,3.27654
1.4811963035836944,1.4850462979146475,3.9141899999999996
1.5490225048881632,0.8772008894831331,2.22687
2.203293387113936,2.3113797866988453,6.55308
1.635143873669837,1.7087206574276557,3.55122
1.6518274804742779,1.7768552346294282,4.58127
0.6769136952374357,0.6492609498191001,1.7461799999999998
2.6795280691476253,2.8995263511942775,7.09263
1.4438318319146453,1.5442001570878046,3.97305
1.7619535606536285,1.7022163952329914,4.66956
1.2850975190233618,1.3845892060102158,3.71799
4.26302727610908,2.9417358735056416,7.91667
0.9948004297345272,1.05611381915019,2.43288
1.3128734398448312,1.4345527641847127,3.95343
2.7650339612923385,2.503435630496618,5.93505
1.5854206436148104,1.444912321339949,4.30659
1.2936683723814228,1.4053180244200953,3.7081799999999996
1.6906105559678728,1.4474953352567324,3.48255
1.866870750976082,1.60868147694626,3.7768500000000005
3.0596035944710223,2.51017690100917,7.20054
1.41416631085244,1.5475659777308364,3.66894
1.9370092794692544,2.0818698393103254,6.180300000000001
3.6440045764858753,2.8491821686003163,7.6518
1.185407699548978,1.2981920591923213,3.9338100000000003
1.2324148036477005,1.346177227659865,3.1490099999999996
4.272719570033821,3.2676838562367077,7.92648
2.413080542107951,2.561741458406761,6.77871
1.0952254695267087,1.1898307393911118,3.28635
1.9629807548725484,2.111206815714652,5.32683
2.9193335921918893,3.0710658989217405,9.07425
1.7841753491319174,1.9540319978214278,4.30659
2.0595821849224665,2.2561528452013175,6.013529999999999
1.5585812769470828,1.5587150541231067,4.37526
2.275796666916884,2.4926082011078274,5.74866
1.3539103198144256,1.0585652161865136,3.08034
2.8034696170103217,3.034428210500291,6.729660000000001
3.214740143269748,1.6227817720661026,4.72842
2.724882386461845,2.982825638221249,8.809379999999999
2.152604017835143,1.665536549655996,4.25754
1.0631523853615719,1.1314918243098357,3.26673
1.7921941954626457,1.6602827260289132,4.0613399999999995
2.37374973668245,1.999764750364402,5.08158
2.0867840055094344,0.9175243581017346,2.42307
4.026776969792342,2.9580867154480104,7.7499
0.840049571126609,0.8029451540858815,2.00124
0.7869328206079601,0.7601431337254847,1.97181
0.6131576991280465,0.6715946347909578,1.8148499999999999
2.0846423116928237,2.2212202824843827,6.04296
2.8402787811586383,2.47869796276997,7.21035
2.8268975057295584,2.165402789773764,6.34707
1.1962435907038331,1.302951185916034,3.31578
2.2121169342622915,2.102193198968639,5.70942
1.3778714531660783,1.417854428166023,3.9338100000000003
1.578897075097044,1.7155078849337881,4.49298
1.3841663183483408,0.8606320696964529,2.31516
1.5803034119117758,1.7288177964840599,4.06134
2.45610742688507,2.6680001940704576,7.19073
1.2271913986416298,1.083887362395189,2.71737
1.5968870149293592,1.7492791570787094,4.208489999999999
2.0879634973102377,2.2726617625594883,6.77871
2.049315809227558,2.2392464814910396,5.9841
3.4037825671155906,3.6815140735898324,10.016010000000001
1.340588336813356,1.0891427048647022,3.08034
1.6971914295240829,1.807520119531177,4.9540500000000005
1.4675598247771708,1.5480996442348276,4.5420300000000005
1.1769342825111349,1.2883596660831942,3.37464
2.3977373947119394,2.5810157850582782,7.720470000000001
2.5376853908729506,2.3939194078727875,6.445169999999999
2.9809112664921775,2.5569158571841974,6.69042
2.0760186756746672,2.255347944790338,5.61132
2.018461635057749,2.169635512790109,5.71923
1.3805868744486889,1.3078708286218481,3.65913
1.4882021121810036,1.5633828620526706,4.56165
1.7542353803580635,1.8979650156839034,4.56165
2.3916691476456355,2.520086977498991,6.474600000000001
1.917175371907849,1.045375068360634,2.80566
2.205261671106175,2.343672441795141,6.03315
2.064579700859233,2.261608216760808,5.08158
1.7080061756475002,1.7407420466082848,4.9540500000000005
2.4504292157599656,2.6360214167016927,7.01415
1.2840174554304158,0.9096450006183731,2.19744
2.1179871030414703,2.119463308281132,5.886
1.451056742946326,1.5439757851825266,4.16925
1.7072970316263074,1.639951131454837,4.65975
1.4027899819466918,1.4848259498910974,4.22811
1.9140648289961342,1.9612641119951184,5.3955
1.5412734900399734,1.6006000329001622,4.04172
1.8838946502392326,2.036048110079917,4.20849
1.2305783809046866,1.3398092272521487,2.95281
1.42455139607176,1.5597684055108951,4.71861
1.0756461089038531,1.0696049536160535,3.0411
2.1184338582901283,1.3816680660961953,3.71799
1.2401407638248167,1.3581235536724927,3.61989
1.6898276714505536,1.8259007716850333,5.12082
1.3774348587864327,1.34487431619464,3.5316
2.775741768023459,1.5303820094571159,4.00248
1.9745087501705332,1.6952860792208493,3.95343
1.6417419198522039,1.7803641051762418,4.88538
1.3152474961770504,1.432134569850194,3.50217
1.6344178363564197,1.4607833362549014,3.28635
1.2181331563297997,1.3225648301652362,3.84552
0.9125057895158804,0.8496615371781873,2.44269
0.8881346487442093,0.7700360525845527,2.02086
2.3798603058267935,1.919407830438857,4.57146
2.708670505958597,2.778744912141091,7.89705
1.9562117367759555,1.8519104490876444,5.20911
1.2775492856637665,1.3459758535129818,3.19806
1.9730135133090194,2.154189036496101,5.53284
1.0534374911687925,1.1486277051682152,3.06072
2.017897367186944,2.2085329204972246,6.033150000000001
2.802170592344442,1.4249983173463752,4.0221
1.5069609715417318,1.642000796878613,4.0221
0.9207300390994094,0.9701622137354144,2.6781300000000003
2.3208547123204415,2.3283906355764272,6.90624
2.004247262552702,2.1681601780565014,5.317019999999999
1.2177183202612991,1.1958546926780027,3.44331
1.672698494454395,1.8317111581223715,5.0031
3.517579293391977,2.305142658761058,5.93505
2.251229356651605,1.5274320163038353,4.149629999999999
1.0719117858294125,1.1290964812273574,2.99205
1.6597899616065883,1.7034117069076402,4.659750000000001
3.423558822701897,3.217283188946848,8.49546
2.173835645822839,2.343179644848,6.4157399999999996
1.6287800739664027,1.738134349372913,4.48317
1.851562245159476,2.0209838117412025,5.876189999999999
1.0975369076709902,1.092706597600655,2.97243
1.9158865537525962,2.0538815074755408,5.13063
2.765512484124778,3.0092676688972024,8.142299999999999
2.127398267720457,1.8123259258532942,5.20911
5.174504559283912,2.94842809917929,7.69104
3.298973821288978,2.514881084343751,7.651800000000001
2.142352921871184,2.2211776783927037,5.9841
2.7824308753408413,2.8307343860189356,6.72966
1.9272177152828374,2.1110123173491906,5.1012
1.2951057821274679,1.3337559976547435,3.4825500000000003
1.7515452126336906,1.9182400853803467,5.85657
0.8655807976151043,0.9093399065476011,2.14839
1.6279280456457526,1.7823845845608068,4.17906
1.620432654725274,1.7099667647296541,4.84614
2.0450301310860923,1.5312076594733974,4.16925
1.5669357544743179,0.6230830335918319,1.4322599999999999
2.3106975531535925,2.007268398174494,4.77747
3.880947257758085,1.4663855519337332,3.61989
2.5739584357658147,1.102300945744854,3.12939
2.2703103928538053,2.4148678789946256,6.12144
1.4619313894639514,1.5869778627945632,4.98348
1.0856424623466052,0.9863108194631143,2.63889
1.4415582765535357,1.499781854977583,4.4145
5.250640028429867,2.674878988318911,7.1613
3.8032974848347063,2.5139063711741536,6.29802
1.0917417908324294,1.1951047011329174,3.3746400000000003
0.8021837208520253,0.8483164057826537,2.05029
1.27482198733784,1.3376274646402861,3.48255
1.802042973877149,1.9266700142058577,4.40469
2.0805720306564734,2.2638942349124886,6.180300000000001
1.4461018128057235,1.5184663207065212,4.00248
2.1692895093094418,2.2405977005165383,5.57208
3.07754256732543,2.4138820173985307,6.0625800000000005
3.341331219012865,2.7400116170246434,6.8277600000000005
1.6630433664069015,1.7124834210671938,4.32621
1.5863005591942532,1.6327997715702929,3.9926700000000004
1.0039006514092916,1.09170212299876,2.42307
1.3236716040242005,1.272635940510875,3.3354
2.205592577721461,2.3728900947494385,6.5727
2.2952430256619887,2.039493259010679,4.72842
2.8071802524597524,1.8999921286047474,4.37526
0.7521675295770218,0.8196468789850907,2.26611
1.1530332528379221,1.2490060255379074,3.18825
1.9132811636427094,2.06348322906439,5.79771
2.2498788195367325,1.38564528175143,3.46293
1.0774935314887046,0.8346152135924674,2.29554
1.5157164303556256,1.5921653170038592,4.36545
2.2425418253290172,2.154454830009207,6.38631
1.9471017231130991,2.071842427345767,4.86576
1.6071642492290574,1.64923188317471,4.49298
3.436985452333192,2.5875778813844423,7.57332
0.941334122455996,0.8666400745638295,2.3544
1.534018655443929,1.6682010041568731,4.08096
3.391733315349248,2.916798024922192,8.50527
2.3067619293286423,1.9519352848903575,5.41512
2.1348530023985255,1.5474374557797157,4.345829999999999
1.5780689337604994,1.6418865052615543,4.483169999999999
3.203299243662696,2.520688360609062,6.56289
1.16444603580415,0.9944972676885542,2.44269
2.3028996765165433,2.4435736594422517,7.21035
2.5652165229664337,2.640983671308855,7.00434
1.245123083192983,1.247431926431258,3.10977
3.291531549484221,2.1953668054951545,4.83633
1.6821837960668866,1.3003450110759065,3.6591299999999998
2.948700628904196,3.1413268232834355,8.50527
5.73668636136751,2.0119159647758655,5.199300000000001
1.6774430688401916,1.810927062838258,4.91481
6.046811374158285,1.8755880247938248,5.11101
2.8829440887918723,2.0652011130153887,4.94424
3.189313830207056,3.4340404417522516,7.8676200000000005
2.097165240378068,1.8251179183466475,4.60089
2.289155319730402,1.9633279880728027,4.47336
1.745362308547999,1.833842122495827,5.06196
1.2301742607655226,1.2396893027972775,2.9626200000000003
1.260753578222168,0.7141787801384188,1.77561
1.6105787403135556,1.637281848696186,4.98348
1.3645659457131414,1.494377835836707,4.5126
3.2376145983501496,2.8834019310720453,7.53408
1.3250098911517603,1.4514479864018552,4.4145
1.8555341201389965,2.0219898977195707,5.85657
0.7059565731686334,0.661128984934105,1.7559900000000002
1.9106386420906492,1.8380015232066593,5.46417
4.195672509324339,2.2166229923286456,6.06258
1.601791067133913,1.2509461824035437,3.41388
2.6456219893250057,2.873152335536701,7.406549999999999
0.6553393285924476,0.6377757568299378,1.62846
1.211439014416326,1.3104155258352217,4.01229
1.6815734557104545,1.824678459584044,4.82652
2.1385574998816375,1.7033128358818883,4.385070000000001
2.5603536200689154,2.7354084570389117,8.17173
1.43213120996297,1.558356917137406,4.14963
2.2240231362105924,2.0670207750479914,4.97367
2.1826533527566854,2.2378901463119227,5.67018
1.9504515249167305,2.068411611693862,5.60151
2.189381608171586,2.3120375384322807,6.82776
1.1609697403033379,1.2438471373122986,2.8449
2.075280710145016,2.263842514920152,5.9252400000000005
2.35343242618096,2.3434034696398314,5.46417
2.1864785983402624,2.1912123359455604,5.99391
2.4621634318927734,2.5875233331643606,7.279020000000001
1.5626204036649465,1.6636527920182143,4.4733600000000004
1.509476062181842,1.1848216770636837,2.96262
2.1172486144522566,2.3184332284885842,5.54265
2.3814435894536743,2.608740131908504,5.48379
2.373658515867436,2.382908704686354,6.25878
2.17127015058007,2.3250376066119878,6.82776
1.0537419616775257,0.9216946158462681,2.70756
1.904092107199649,1.97042505093698,5.6898
2.1494088337610413,2.2036973743120902,5.738849999999999
2.294344881202475,2.5132880489510154,7.36731
1.1567275462916928,1.1748828319751718,3.24711
1.1566720803883874,0.9820932058771205,2.0993399999999998
2.283515010471794,2.3091727305747396,5.74866
2.960689312955684,2.66378202167332,5.79771
1.5702027905019147,1.5468600117528413,4.49298
1.1418014042292994,1.202579567579626,3.09015
1.1337944016002195,1.2363713893486858,3.36483
1.3790815517038868,1.3769468735830008,3.46293
0.9354286393146192,0.7676264927879963,2.02086
1.9120064980930374,1.9608788871906395,5.43474
1.453795442574367,1.4250039451840124,4.01229
1.7765762840362358,1.94186465890906,4.55184
2.2212087289131563,2.1105928692573563,5.42493
1.7812422688253273,1.9508182542384618,5.07177
1.0127528397639771,1.10934430710668,3.0018599999999998
1.6353596604417022,1.6258576797493685,4.46355
1.9110541374592191,2.0539494471481037,6.29802
1.5088383811064723,1.652193509320261,4.2575400000000005
2.371684584751944,2.2745361719678145,5.17968
2.2918687951320424,2.467051494582146,5.53284
2.2083469940659235,2.4107916156648628,6.58251
1.7810936869519245,1.272045971622095,3.4335
3.1613146748544345,2.217795627958086,5.83695
2.6525062096628536,1.7573175931174192,4.50279
1.8510987378446349,1.9557845123709308,5.4936
1.5631951039937402,1.5928220013265761,4.0613399999999995
1.3355238066204587,1.4542830080111642,4.0221
1.4493258276522916,1.5232079800998943,3.6296999999999997
1.397893447012325,1.464389098580019,3.9043799999999997
1.155263741965444,1.2537932230954194,3.68856
1.4731068726504537,1.58838108413252,4.42431
2.2378055720504406,2.4511811814062217,7.22016
1.5968669265314501,1.2504178137046833,3.61008
0.9146827727141251,0.7483686307963476,1.8933300000000002
1.6632410684864658,1.6957969041721948,4.5420300000000005
1.3850640765322015,1.3958863608618004,3.78666
1.427975715549813,1.31615936077665,3.75723
2.953331415757466,2.204598981329711,5.83695
2.2017968972750412,1.5169032689627906,4.37526
2.0956006182715257,1.321602772802781,3.89457
1.8095971413687635,1.967069308598454,5.13063
0.8022736915479654,0.6067123491655663,1.45188
2.2876729295946134,2.4934439370797974,6.317640000000001
1.2610779483640178,1.3074746507485338,3.40407
1.334556668972884,1.4432729472417891,3.74742
1.2215058629003792,1.0787907920630395,2.49174
1.618927430770138,1.6589596608477255,4.97367
1.0624128849934003,1.1618232230249144,2.8939500000000002
2.3670441104254905,2.45739227242213,6.77871
2.4234241138005537,2.6405469686392626,5.72904
2.4928437024109633,2.7158839275841666,6.425549999999999
2.0381362019747358,2.112160813820766,5.6898
2.38792743536105,1.8598933858234994,4.33602
1.7046974493000218,1.6802031977204426,4.28697
2.2238752881063273,0.50180491367662,1.3635899999999999
1.3331617956947313,1.3923566307810653,4.23792
3.006547614490746,2.378426357018438,5.95467
1.0419248367324776,1.110163796022911,2.95281
1.4567161852433712,1.5632156250978302,3.5512200000000003
1.767992264137488,0.7498695382731586,2.06991
2.2906962679172462,2.4868798250398028,7.122059999999999
2.002293656447525,1.9998489650846136,5.03253
3.9589255414506095,2.6815481428588974,6.78852
1.5384142380873884,1.5592377041073628,4.32621
2.196578536497159,2.077340176119453,5.31702
2.3531563903085573,2.5763788176178597,6.49422
1.484538584224068,1.1658763001407997,2.8449
1.5249475924601474,1.2744205698551792,3.74742
7.838812052913376,2.6520187874673886,7.64199
1.4188936577488815,1.30431934138845,3.34521
1.9706749344957935,1.83487826740359,4.82652
1.4859856506204896,1.602712033757156,3.6983699999999997
3.2838306462575075,3.1636157446251274,8.20116
1.1275100358755126,0.9957609078086969,2.48193
2.239181298756311,2.4478312280792562,7.435980000000001
1.4466784526632033,1.3426972002205115,3.61008
1.9580884508622176,2.1154600261408865,5.90562
1.7351410057398793,1.4159334108919106,3.65913
1.9111926158422652,1.8125604395633266,4.7088
1.9015886460536096,1.6245391594172174,4.6205099999999995
3.8852843206771883,2.396000205233714,6.04296
2.259361770434297,2.470429922284783,5.74866
1.712301708417649,1.669876976172197,5.0325299999999995
1.2802519818965328,1.3746945434641107,3.66894
1.707033962931025,1.8346291214411703,5.37588
0.9623388330780381,0.8515038559806997,2.16801
1.8100757066625692,1.9376517375085747,4.69899
1.528907724373842,1.5434936908034318,4.2673499999999995
1.3595140521156817,1.2358367893698587,3.0411
1.374380649892889,1.4460485729186279,4.32621
1.528120717466392,1.4331164391458218,4.00248
1.4762230203461806,1.4995337230886139,4.27716
1.4320696106335054,1.3726944330476467,3.26673
1.3336730177408553,1.270210023212697,3.0116699999999996
1.9870477275219134,1.571357662745818,4.47336
2.224787462343313,1.4684229828629078,3.9043799999999997
1.7928518674726028,1.9195106114736642,5.3072099999999995
2.0052513474125884,2.1074169484560956,5.83695
1.2192123850871923,1.0847881854030306,3.31578
1.4265260221601286,1.4738351072219715,4.07115
0.5489949233371835,0.4527680778831476,1.08891
2.180690405674313,2.1093613987081494,5.6898
1.1069155278746432,1.2125003906762257,2.8939500000000002
2.308305021005673,1.7407558676850696,4.50279
1.6959671449647837,1.4273151076899593,4.29678
1.1621296608812632,1.1956883666407396,3.5021699999999996
1.2578496100090821,1.3255774978023729,3.61008
1.403864356428355,1.4749849632691174,4.05153
2.1063496293113353,1.8912703045307935,5.2974000000000006
1.8502233888236306,2.011023680315575,5.33664
1.691421526645561,1.5737759573840238,3.9730499999999997
1.6439922967429013,1.7054556390800668,4.23792
1.789565571807862,1.9210942478389756,4.88538
1.7973328258144063,1.233073165091999,3.3354
1.7732055543280931,1.8687024341933096,5.13063
1.1417100924271448,1.1998783668980786,2.96262
2.2532661015623523,1.7516102279531252,4.65975
1.519821987010321,1.622666126767919,4.355639999999999
1.5988093099241072,1.7425903327862233,5.15025
1.8059683346476483,1.9338236466829128,5.32683
1.4503989067149767,1.5778758076604127,4.18887
2.207431659191287,2.036464009483104,5.85657
1.516895867322474,1.6315025913678471,4.4145
0.8673578687024174,0.9287260551960411,2.39364
1.4887786058208923,1.349856237645328,4.18887
1.0684196457853066,1.090008283968521,2.85471
2.728426549643585,2.934765520010074,8.260019999999999
2.2258361807307385,2.2050769236174053,6.13125
1.5659527781673366,1.405629573632399,3.6983699999999997
1.133263779466193,0.7191048962912157,2.02086
1.7682598699569019,1.8766165048725325,4.96386
1.8566834243079784,1.930179928151777,4.8069
2.121014108545721,2.322177785345041,6.60213
1.1588540446492819,1.2157436071145922,3.58065
1.2829239804446715,1.2431248102262298,3.16863
1.8327905146251713,1.0306508818799895,2.88414
2.080336889640714,2.1680469906346587,5.83695
1.3240956422403936,0.8303842919034535,2.18763
0.8573419927018622,0.73984355218519,1.9521899999999999
1.3716529423837505,1.4256386226775704,4.4145
2.5749490368451955,2.741331905506883,6.611940000000001
1.1432754305940453,1.1776195752279255,3.31578
1.2913540103898697,1.2940935658251302,3.6297
4.83751382063142,2.5812245789624737,7.1711100000000005
1.700293092793122,1.8436189240729766,5.0325299999999995
2.1598232418302197,2.1978932278138537,5.50341
1.4779712705259194,1.6032313456516498,4.532220000000001
1.827031845535266,1.3936784500163586,4.15944
1.7379396295326255,1.797653167905311,4.63032
1.5610440242030332,1.708953433209928,4.52241
1.0573887694693944,1.1284087268538825,2.80566
2.511739981019134,2.658965468363589,7.17111
1.9646020121006698,2.078779662414947,5.84676
2.1017681751801267,2.1149656240610626,5.2287300000000005
1.509428245445937,1.5307927945708393,3.86514
0.8788851214180383,0.5400818560459146,1.5009299999999999
1.9478182582186665,2.1169736036592424,4.95405
1.6979992571553144,1.8193887407698224,5.14044
2.575805381545741,2.4833267887734793,5.48379
1.3218527566639182,1.3018280283662662,3.5316
1.2913105376709353,1.3997464081468474,3.5708399999999996
1.944245316466006,2.0321307065245584,5.87619
1.6714850576059603,1.7832482615945542,4.56165
4.360347287418744,3.1718366220472327,7.7499
2.13764229442159,2.2187666882301977,6.33726
5.400073089255367,2.1542515790965546,6.13125
3.1382597341838996,2.482148421219005,6.611940000000001
2.014894556856512,1.9168189413791799,5.54265
2.0645486253416268,2.1533400644487157,5.0325299999999995
0.958372233738019,0.844799927556815,2.08953
1.2857588438350327,1.0565996959113702,2.90376
2.338095733818442,2.1396777182744136,4.88538
1.4181643543151126,0.7895617975750854,1.8737100000000002
1.7478234120471094,1.9062490172167958,5.40531
0.957576942156608,0.9223017464528624,2.04048
1.892978399995626,1.9838664469641096,5.915430000000001
0.7423476189090931,0.7352309769317396,1.7658
1.4914803018645604,1.4302260043608495,4.26735
2.24946886561028,1.6980814356178562,4.630319999999999
1.512739958667715,1.6438205761669975,4.394880000000001
1.4030700843507427,1.378082133227189,4.11039
1.9102902278449734,1.7977495270587616,4.905
1.4049664500620647,1.5387259408614649,3.99267
1.8262240071250846,1.9627650308480635,5.70942
2.42377817586511,1.6487066308716054,4.34583
2.0131425089272743,1.7336511849936826,4.48317
1.8941854285153816,1.669461023156875,4.1986799999999995
2.093866310381348,2.2554332835333435,6.44517
1.0776200533351261,1.0058336087395372,2.6683200000000005
1.6254580915698813,1.7384628319840492,4.7578499999999995
2.3116656680411203,2.5269361648605213,6.9749099999999995
1.4729544312197849,1.5182561052042571,3.98286
1.321755681168044,1.2393360395631203,3.2078699999999998
1.1654442397858424,1.274355123044593,3.78666
1.5437950174326902,1.594259315879948,4.65975
4.670631557723216,2.9398569416418887,7.3182599999999995
1.8159058145041553,1.935236447297849,5.57208
1.2606199897867714,1.2758645788758305,3.61008
1.8297074542396117,1.73118012529026,4.8167100000000005
1.0543810635628847,0.652808634869362,1.83447
3.5418017442609635,3.280094441803467,9.24102
1.0486610103841947,1.082922103902215,3.0411
1.507642002117877,1.6034044122397817,4.84614
2.429310708349181,1.3078561120857293,3.00186
1.6277260544852135,1.7823278911216083,5.01291
2.357586094207378,2.4353154583995886,6.36669
6.4107255403815255,3.528699408836066,8.3385
2.0624266147671775,1.9051818119224213,5.23854
2.8505014080245603,2.621751942070416,7.63218
5.471759993379643,2.9445196126753856,8.64261
2.255069860314753,2.4699909879997537,5.473979999999999
1.2887866109639718,1.3866866732755456,3.39426
1.790340678013545,0.7703546757111298,2.30535
1.6165875951831377,1.7656437597544983,4.55184
1.6861456232929586,1.606426564792179,4.33602
2.267730264912474,2.2001594244417837,5.768280000000001
0.8596586829957573,0.9414210171172088,2.62908
1.1060240258692393,1.1830333968405118,2.5996499999999996
2.2638935264274247,1.9407905921350712,4.92462
3.5854420467844683,2.2613394135755027,6.01353
4.214421746260096,2.505516379046443,6.39612
1.6593115503123577,1.7895082095704395,4.83633
2.4293470214339488,2.2792362111527624,6.61194
3.0552992622573,1.988772761657299,5.06196
1.2564397896636352,1.3543118629141517,3.9730499999999997
2.0894493998539425,2.016134404425955,5.61132
2.201862458272542,1.5432068563319694,4.18887
1.8818629820605963,0.9787099620776322,2.1680099999999998
3.036011420136624,3.28775628717215,8.44641
4.855297607691005,3.197619121451146,8.672039999999999
2.087855949125801,2.0357770996059465,5.43474
1.74244213701632,1.9083791159908452,5.38569
2.0398117415340073,2.192061274326062,5.38569
1.81367860845024,1.4179675477492424,4.0221
1.8348196992892787,1.6633317142650772,4.09077
0.9787656805640459,1.0669639700898996,2.30535
2.6505341982513637,2.764273954838775,6.70023
1.76457786874085,1.8866179912928849,5.2287300000000005
1.2948890337206505,1.4133948504045144,3.96324
1.8122586634915006,1.955219383189518,5.0031
2.037108958168414,2.2307581936440353,6.12144
2.2540240695254345,0.5338539147369813,1.3832100000000003
2.3504693125948273,2.2234006653300256,5.738849999999999
1.505422199118905,1.6089317168978925,3.8357099999999997
1.5795470903236788,1.7143256853906144,4.52241
2.2014071332672653,1.6945100876064445,4.52241
1.5791103908371953,1.478894510730904,4.23792
0.8946483352133396,0.7285336908613081,1.90314
1.9857234864527338,2.147030055874859,5.3955
1.5115466677545883,1.2410638715553683,3.56103
2.56041,2.7845035974909425,7.95591
1.6495343136928071,1.6163762484613537,4.1986799999999995
1.5098638530841115,1.4392766721759929,4.24773
1.4006788401700085,1.5303432306773537,4.345829999999999
1.981284068060408,2.157668559568406,5.885999999999999
1.786596453063758,1.9478882503880965,4.71861
1.282117336069519,1.3859473658512431,3.84552
1.3210577411491142,1.394972571698096,3.89457
2.1777647628130086,2.380047659840029,5.38569
1.5134554816049266,1.6068288893594118,4.68918
1.8887540947010544,1.844837381199221,4.7088
6.981372270059089,3.265994903778939,7.22997
1.826500644196437,2.0004776562686226,4.48317
1.5587304892122948,0.7661352498873811,2.01105
0.9466692357418192,1.0365229473581372,3.0411
2.0537838890691495,1.7858367865177376,4.27716
1.6465123794554355,1.7924742948115042,5.37588
3.2356968075748385,1.5961777414279403,4.16925
1.480226822517414,1.4307810172070359,3.66894
0.9686350483799355,1.0387195019205138,2.57022
2.281972727356749,2.321234784376626,4.97367
1.2544467576784595,1.3533735585528481,3.40407
1.4318007825462313,1.2458571259177353,3.26673
2.3275797062291983,1.7506576495334547,4.5420300000000005
1.5619684787152397,1.4211933138457977,3.93381
1.013552311822138,1.0974521434850817,3.1686300000000003
1.6875813896372525,1.5916494486004134,3.3452100000000002
2.0015204950487018,1.9997262510253748,5.25816
1.6732929010636484,1.7463168569964616,4.32621
4.9922443256765785,2.1520682143161727,5.47398
1.5047135156068745,1.4544947502242833,4.3164
1.9417771034029625,2.090967998148226,5.12082
2.0547052220695794,2.2355753851301907,5.885999999999999
0.8409560156155611,0.9210470331313163,2.32497
1.973220801266295,2.1611625189767656,6.26859
2.569177632142239,2.467264732103144,6.6217500000000005
0.9664302302028842,0.8771131185599722,2.2759199999999997
1.179649950620946,1.2541002093453297,3.47274
1.9537545363862883,2.110946214215322,6.14106
1.0895947171540434,1.177517419705543,3.5021699999999996
2.238686994289287,2.4187224276381944,6.79833
1.5060613266397886,1.38328189174875,3.84552
2.3356557286231205,2.497213812413747,6.68061
2.321459343161107,1.752251094926181,4.73823
1.9344945239777755,2.045103070497915,5.12082
1.4030129251364722,0.9907938117489431,2.83509
1.7302162990215992,1.8940025178652746,4.93443
1.2283279593821839,1.1790569853404034,3.40407
5.874251700352991,2.3530234725986054,6.101820000000001
2.199643225843682,2.407646617815829,6.53346
1.9814702542430458,2.125774410747763,5.96448
2.320564433559215,2.4462345247011785,5.32683
4.664630070911304,2.6744688106369834,6.7002299999999995
2.860861310741924,2.3957859806501918,7.13187
1.6728998493783183,1.7278015961880577,4.73823
1.1224843603587535,0.9822434469468351,2.34459
1.230852064323735,1.3454716902372938,3.6297
1.0786168236449865,1.1351954652261433,3.0116699999999996
1.371489224365252,1.4901182259908106,4.522410000000001
0.8904973127415938,0.9538831575617635,2.34459
4.604049102002497,3.3540374219066194,8.31888
2.42649644374353,2.3736118905415013,7.19073
1.6517255216590923,1.7484234689227893,4.905
1.3572765172395784,1.457156543529212,3.9141899999999996
1.764373340339283,1.8295163438570314,5.601509999999999
1.952469326750103,2.119538226661647,5.56227
2.172418538092971,2.3717440970960593,6.26859
2.088382114281292,1.9123956966145894,5.1993
2.3348967827936207,2.5572595905539193,6.298019999999999
1.35215587359594,1.4811432422692954,4.0221
3.0435725915936356,3.027264910172217,8.397359999999999
1.257753970834519,1.336472242641051,3.51198
1.3641838814653982,1.4530030757675634,4.14963
3.4554718340553725,2.7954179824115752,7.49484
1.7824709710960234,1.8971332733047512,4.77747
1.718925507286456,1.7830215868687624,5.1012
1.9101516840423958,1.9003542472365513,4.59108
1.9416821094736387,2.1004712069128675,6.0037199999999995
1.416246022483382,1.5466318775196637,4.24773
2.005539278972117,1.6806527578295285,4.64013
1.34968631055516,1.1482925220865978,2.54079
2.943825559208629,2.9406539298921253,7.97553
1.754294810244276,1.6359293968475535,4.05153
1.8044489929199994,1.9328911636690773,4.53222
1.2366243354592372,1.305942778451644,3.4236899999999997
1.5159121851875192,1.3844362862046053,3.7768499999999996
1.4123390825329447,1.4975268379665188,3.81609
1.8127896142134088,1.534136801123029,4.60089
1.747947293870728,1.8763917065874065,4.27716
2.249800399346573,1.6096373633834424,3.96324
1.0129982893865122,0.9767922961612668,2.56041
1.170155233355814,1.258136483911821,3.7081799999999996
4.51000102331474,2.975533261262593,6.847379999999999
2.1409112293834136,1.9469789797324468,5.90562
2.937408438147477,0.9053660993653343,2.7173700000000003
1.4886062199084082,1.5754312275659639,4.40469
2.4636710381867135,1.660181286486509,4.30659
1.59159503085741,1.5543294133580565,4.00248
1.5744566114059797,1.3821729516670482,3.1588200000000004
1.132916972112255,1.2380670847575264,2.8154700000000004
2.283613343990177,2.501233880026016,6.26859
1.7106522994021902,1.6271209163027807,4.62051
0.9763209160670481,1.0564554745705093,2.6585099999999997
1.7424099188767264,1.5014321708955087,4.01229
1.5000641620277446,1.6430973966749507,4.16925
2.267931832606527,2.4840532992651347,5.778090000000001
2.3795637441451327,2.599360619742863,7.5242700000000005
2.237866494509894,2.2727612713767367,6.20973
0.7661226885427687,0.7186564339098342,1.87371
2.549716318073444,1.848651921836558,4.97367
1.669473512862663,1.7120562720629247,4.05153
1.9893872158154633,2.0406631432233002,5.55246
0.7145268013517758,0.7551385164789305,2.2563
5.145228880958553,2.3552725195760256,6.4746
1.6904445198526925,1.77953147629369,4.82652
1.768323363697941,1.8266420202984492,5.07177
2.066020314529845,2.1880251504107533,6.150869999999999
1.8957343800490616,2.038948184638344,5.366070000000001
3.6144758291348413,3.064293951839477,7.42617
2.5444140852561716,2.4625308128082377,6.66099
1.9497071648583537,2.051352083763292,5.1698699999999995
2.545532754945416,1.06878888257691,3.0116699999999996
1.9187726385244293,1.932947590016346,5.47398
1.8112981324039399,1.983187199583035,4.45374
2.145270783572554,2.335231298820312,6.19992
1.9574862954692684,2.119672165045812,6.09201
2.684458895475958,2.3856258050666703,5.62113
2.040707943998847,2.1293591212475174,6.150869999999999
1.3742172568411444,1.4116132101677146,4.25754
1.9112723412690302,1.7030077119613993,3.7670399999999997
1.431072452882802,0.6823887522519696,1.6578899999999999
0.9639874589173865,1.055653548466541,2.8743299999999996
1.1042533877693108,1.1707020160057808,2.76642
1.1454409060924968,1.1381023488553215,3.21768
1.9490242421786346,1.9590056650760357,5.20911
1.3214401365555686,1.2410897190292087,3.12939
1.224797259467868,1.0779876266636832,2.76642
4.653555255989769,2.7487315405164616,7.573320000000001
1.1114921926851307,1.1680081136704488,2.73699
1.6989152748739413,1.8506108468394968,5.18949
5.317903791861978,4.2271789717398995,10.95777
1.545274820412214,1.6927485929103592,4.63032
0.9384415754057361,0.9137406352516013,2.4721200000000003
1.9694333438072995,1.825440413752254,5.05215
1.4440762065244341,1.2747477535065517,2.9331899999999997
2.002810266300829,1.7878510811474204,5.12082
2.1722561021320668,1.4369657728804817,3.26673
1.9381102692700434,1.1811731576149196,3.0411
1.9647489617124119,1.9978300433795666,5.1993
1.7082033686742335,1.0279784741277416,2.8449
1.449132146303435,1.5839236652913549,4.15944
1.4818079957605845,1.4881309778645158,3.99267
1.8202639382655474,1.784281425423131,5.27778
0.8359727979127073,0.9096450006183731,2.8252800000000002
1.853661736253408,1.3965997349670378,3.22749
1.5549597852677735,1.2264304907168608,3.5316
1.213291186669548,1.0270606192966412,2.8939500000000002
2.0257946910657063,2.1629785711351834,5.02272
2.357290132365976,2.0712601781306956,5.24835
1.384490736859586,1.5000181838197828,4.218299999999999
2.0383093261818725,1.9246676658997521,5.111009999999999
1.241446359211706,1.1329424554495255,3.47274
1.7653594033652185,1.932320169130882,5.366070000000001
2.3160846988074506,1.7399015188768587,4.7480400000000005
1.2153253158928272,1.3225890848596928,3.1391999999999998
1.0364455735348577,1.1271799568658059,2.97243
0.9314163208791223,0.8105617005755947,2.0601000000000003
1.0174614327088767,1.044613770744958,2.53098
2.2785647671835005,1.8826895434855955,4.492979999999999
1.4926520254734523,1.6250811060097894,4.73823
2.0712733424876593,2.260705932995267,6.63156
1.6456549122158022,1.6807100179983459,4.67937
0.8473023698774836,0.9278344812950207,2.7468000000000004
1.7615666337524676,1.810368100953505,4.49298
1.5233690802789717,1.2811987694616318,3.2863499999999997
1.0999091109950858,1.1043710345124051,2.58003
2.000378233572341,1.2235145369263087,2.92338
1.923806615658133,1.9963233500888575,5.52303
4.266489189040563,2.606456263688305,6.97491
1.8882445043611273,2.066754602043987,5.66037
1.502761578544647,1.6094908774857968,4.37526
0.7498288970825278,0.8138556368300216,2.32497
2.023632042949014,1.9398755141580606,4.39488
1.3354157142066285,1.4585164104904682,3.74742
1.0663910703864694,1.159789298502103,3.40407
1.6159921815714333,1.7677790576313546,4.79709
1.3555027625386824,1.4750980510969431,3.95343
2.4872364616779,1.1843829855920762,3.58065
1.2733049972610646,1.3767511650657862,3.924
1.8683565013000063,1.806614777729331,4.532220000000001
2.5779309997845172,2.8237314349827956,7.710660000000001
2.2351879233746765,1.9750886622326604,5.6898
1.411305254843898,1.4187093885606028,3.59046
1.5710861245806993,1.4664085215893967,4.13982
1.301745477483982,1.3556329167403687,3.4335
1.5280262493982226,1.6725565726127172,4.81671
2.0215265890905316,2.2006346866756417,5.82714
1.6784897577435498,1.7589788669424087,5.38569
3.4349992012662827,2.1607639406561745,5.89581
1.6232660090231668,1.772270918395379,4.72842
5.1456310001544034,2.6252734289879216,7.47522
1.7757545245050061,1.689812484650294,5.0325299999999995
5.081076533939437,2.440634550863771,5.326829999999999
1.964491792678198,1.9365612541512855,5.24835
1.604747294311475,1.7578541892432378,5.0031
1.6832942381829745,1.8345242077552424,5.2974
2.0049873738255806,1.72932242647807,4.92462
0.514627775387221,0.5637464825965658,1.14777
1.9093412113867967,2.090225335010558,4.96386
0.7630284173279525,0.8072722057088303,2.10915
1.9705691244790173,2.1570083505610267,4.98348
1.8544057270861733,2.009258677808808,5.9841
1.9887663096879933,1.7650631879425733,4.5126
1.6814780700175664,1.7499428754305097,4.64013
1.373002871155046,1.4589947029101922,4.35564
2.0498205682693302,2.1219977114785022,5.03253
0.8133233506422891,0.8448151161999884,2.04048
1.2224968363762745,0.9318518948362985,2.4917399999999996
1.742147548989465,1.8825123320153843,5.74866
1.703177231999066,1.8418955330311217,4.96386
1.6944580266710652,1.8525313369090413,4.4145
1.8197483894758637,1.8934875633919541,4.98348
2.451014970394918,2.5115490397601237,7.49484
1.6894004906178997,1.6571371485909066,4.91481
2.3605470691028385,2.5046328004460054,6.26859
5.969244605990779,2.6526966791078848,6.013530000000001
1.2135291180066508,1.2855330334262127,3.05091
2.5992581874546437,2.270936956542387,5.97429
1.684856195376923,1.8331107852282145,4.04172
1.060955014904025,1.1160903293685507,2.92338
1.4745705962754039,0.6954914101266816,1.8246600000000002
1.1530541185044179,0.9352588733179708,2.49174
1.0305792925825747,1.095626663366678,2.99205
2.041568399625641,2.2158478876831778,6.65118
0.8298104210300085,0.8464709392944332,2.36421
1.5412890997960116,1.681191880467545,4.39488
2.5142291910742744,1.6016548793138925,4.09077
1.3794711170227525,1.3437145815685712,3.5316
2.5869461673370786,2.49525984463342,5.366070000000001
1.1862327827412291,1.0092657807485599,2.38383
1.9670782779035512,2.0309780201174013,4.93443
1.9006395042327202,2.0718331374196137,4.82652
1.091212767818449,1.0875466465168286,2.7468000000000004
1.43756950791953,1.5585246754543223,4.48317
1.3506010501995027,1.4415159956240513,4.22811
1.3365742494526818,0.7679670014004507,2.3544
1.6592342183670152,1.795435480043769,4.6793700000000005
1.5961586489757214,1.7381666467631922,4.39488
1.2449298421196273,1.3398271841845872,3.6296999999999997
1.1757480420778934,1.2746873566918282,3.7866600000000004
3.168328801474052,2.525885459879367,6.45498
1.7786290218170848,1.922427131901233,4.6793700000000005
1.0762945577535918,1.1261051075765531,3.1490099999999996
1.609876495387146,1.2615929530557786,3.47274
0.5784296335769806,0.4962218266058034,1.38321
2.619514932368205,2.8253731026326414,7.023960000000001
2.7741695976183576,2.487114578958919,6.13125
2.403953794137899,2.550965333451241,6.91605
3.302649816450421,2.2083586149264796,4.9540500000000005
1.390651842680259,1.365563510727348,3.60027
1.398019654690162,0.946957221737075,2.59965
2.2630183780848974,1.629670041397951,3.9436199999999997
1.7296739107271057,1.8686586596245982,5.2974
1.7515681056270693,1.9080428984564262,4.28697
1.727669771180245,1.7680158513627642,5.18949
3.3702692480423577,2.2965124094243428,4.8069
1.4192270902325672,1.420322909605418,2.943
1.814072103555975,1.8507980458061868,5.6505600000000005
2.4162855119894253,2.2493234031303726,5.6505600000000005
1.5313605863577657,1.6775128684186003,4.59108
1.2034488554151357,1.3182927031581415,3.31578
1.805537540124824,1.7914682390932863,4.99329
1.0086903227700759,1.0972021971678694,3.02148
1.0634239094077207,1.1421413009080794,3.24711
2.123579894258749,1.9950141096944651,5.41512
2.4276430227589065,2.609197526273164,6.39612
2.2674791643033902,2.4555307253606093,6.710039999999999
1.3890592812943585,1.2493244588936854,3.38445
1.417519541293876,1.4588594775063155,4.1986799999999995
1.4867949610992097,1.6186252270831565,3.8651400000000002
1.2737017292521826,1.3446166838322362,3.5316
1.6910042335842923,1.8468524612431823,5.366070000000001
2.2725135498605944,2.4774681910450433,6.1803
2.882927398149319,2.36585528228588,5.287590000000001
0.5741294991985693,0.6246256388830033,1.93257
2.114352769052506,2.246842675373601,6.35688
2.1139999934839167,2.309772780883436,5.69961
2.0548340196108295,1.384349392425915,4.29678
1.4429539637666893,1.4044103720458632,3.80628
1.9440720660253314,2.0016310794349694,5.081580000000001
1.318110189134429,1.4278319357823595,4.394880000000001
2.7457750141171435,2.207005099747166,5.90562
1.9987177855940543,2.1145901955958277,5.58189
1.3987766616225765,1.5065937257933872,4.38507
2.675841219784911,1.713126753664188,5.16987
2.1129564953401196,2.271608536909474,5.84676
1.3613179272308142,1.4627496226353982,4.00248
1.7587964863366086,1.7179146592278676,4.43412
0.9801576133204293,0.7273107801139758,1.80504
1.3193447080842824,1.4408582562035728,4.1202000000000005
1.5955003221090243,1.7356040598794416,5.28759
1.0817424918158665,1.130680700657794,2.6094600000000003
1.6919856569870797,1.469057462820975,3.81609
1.5947763515458837,1.5741642107829794,4.32621
1.4502108986971516,1.5735272618420058,4.60089
1.8497205259038458,2.009089437011205,5.06196
1.4265991039706987,1.4641755008843713,4.0221
1.9125852344536178,1.9114292647623663,4.63032
1.751334583053735,1.918086227748899,4.9540500000000005
0.9300894058637589,0.8195118444537578,2.43288
2.1331017333334104,2.310447651203117,6.20973
1.4474432547426515,1.5111943342800092,4.4145
1.5189088401382094,0.860840775538659,2.31516
1.0118021508427426,0.8844119886738306,2.60946
1.6569609823106877,1.682678581393369,4.56165
2.5217043402627515,1.7353554493647692,3.6591299999999998
1.7780608086198852,1.0125596053122008,2.2366800000000002
1.2315555424137394,1.264195279547428,3.8651400000000002
2.747191204284842,2.966710090588563,6.65118
1.9140690188574705,1.3473348425354406,3.5316
0.8762806867094584,0.9598104534750597,2.68794
0.7255974529654855,0.7524574824333929,1.7952299999999999
1.9977907039026888,2.15714442367682,5.640750000000001
1.349097936122504,1.2159243382834313,2.62908
3.3089402902817695,3.6242203813827327,11.026440000000001
1.0210807353240978,0.8750479674794976,1.87371
5.923046961708137,2.4695467798201354,6.435359999999999
0.9314163208791223,1.001113584145176,2.70756
2.115141559517944,2.2588747222632777,6.38631
1.2268057740530895,1.2967531229459213,3.6297
1.592058529844302,1.721194250312846,5.0031
1.3039675967983255,1.2315933104235341,3.7179900000000004
1.23490457902625,1.0864591608339451,3.18825
1.5655737579398805,1.422340619932511,3.96324
1.6180702143448535,1.240294662824121,3.29616
3.4632333648990508,2.059219247440641,4.944240000000001
1.1371210485036323,1.2454360701015528,3.06072
2.6888826449289303,2.519424971964833,7.08282
3.0633259819434824,3.09578949684083,6.35688
2.150028108362772,1.712138712625236,5.1012
1.7977120546683776,1.5723525614568763,3.74742
2.2165064906401697,2.3393980861815713,5.738849999999999
2.086864708599961,2.260575384144488,6.07239
2.047033059063776,2.2403256604699235,6.17049
2.3615015398682253,2.491806943982619,5.83695
1.6561670336955752,1.4346992242975527,4.13001
4.639428245031923,2.526821909965164,7.200539999999999
2.9106729030758505,3.1515974323253912,9.29988
1.200720222803797,1.3076905396423115,3.39426
1.5602526672305355,1.679850910527479,4.64013
1.7939832145953876,1.890836889641727,5.0031
1.3009443387977826,1.4121687234711016,4.05153
1.5402064486133018,1.4812829302162365,3.3354
1.853151151188159,1.9997559276646737,5.23854
1.989350934425598,2.178046826025556,6.1410599999999995
4.217758133801652,3.243794344940813,7.54389
1.275161646341357,1.246505814138065,3.61989
1.888091600439449,2.034144758985948,5.915430000000001
1.9733996204393067,1.6951545641828654,4.55184
1.2188637144488303,0.8298742040574584,2.03067
0.6893808385065543,0.7551448885346441,2.07972
2.660756421743636,2.7866944988265216,6.6708
1.759863144750182,1.6829654711698634,4.93443
0.6062786355711374,0.6481062456650144,1.65789
2.309055341389634,2.51837049630113,7.21035
1.7927668758235131,1.929928125716085,5.01291
2.003650974171899,1.9392329657470244,5.0031
2.1045517783366603,1.920613281209937,4.64994
0.9154627665011833,0.7665726749304336,2.05029
1.646293183169389,1.6916310827334666,5.06196
1.8636891591276696,2.0338545681414884,5.26797
1.835601910151,1.7227628102527637,4.43412
1.6110865564736117,1.71738799859263,4.4046899999999996
0.996701149592996,1.0168574889530981,3.0803399999999996
1.4999198071063666,1.6149586181168851,4.2575400000000005
1.838439542125332,1.591536580097988,4.42431
1.433938810619198,1.443392964580332,3.87495
1.6795119195022106,1.8390798043124719,4.86576
4.035325742910974,2.482853958451846,7.0337700000000005
1.4440762065244341,1.5198272637211112,4.17906
2.660213835925601,1.9096562027626858,5.53284
1.6684980737477644,1.72458200333878,4.91481
2.3068001715471587,2.5092086703401133,6.611940000000001
0.8225301346151398,0.756827353885944,1.9521899999999999
1.7326294880181394,1.6425320996041448,4.345829999999999
1.3393195087804852,1.3960012605438434,3.45312
4.157989841546033,2.884873988235881,7.79895
5.397697884158579,2.2844518164386836,5.80752
1.5439560472047122,1.5057971868216515,3.5904599999999998
2.080444826521482,1.9240175377475124,5.56227
0.9106142738009327,0.9898430975210162,2.50155
1.3417603367964042,1.4386959507832084,3.88476
2.2398581039543553,2.370786307997834,5.97429
1.8238511110285291,1.9812120174075263,5.12082
1.9926619096073472,2.182663640710588,6.38631
4.706338340923866,3.1952346154281064,7.34769
3.789209064303526,1.447870924329928,4.01229
0.9942198256924873,1.018087074586452,2.56041
1.1069807315396234,0.6487864594148063,1.55979
2.157895273941717,1.9426145009960156,4.7578499999999995
1.749813635105179,1.7424467395590606,4.91481
4.468610241540428,3.265670269552638,7.857810000000001
0.7585800946175689,0.8246879060044472,2.05029
2.009079058573853,2.198032607592526,5.82714
1.3631017651114683,1.4892008669719476,3.9338100000000003
1.08491089975168,1.1764749267026475,3.36483
2.424492760434644,2.5662604997544576,7.13187
1.053916992390767,1.1542734087684772,3.48255
0.6451893137289241,0.7045852237948225,1.65789
1.8958739774178026,2.0720003497176345,5.464169999999999
1.4116859278182239,1.5390886458680668,4.77747
0.949806949200731,0.8263355347980625,2.21706
1.6266023289821026,1.7719016330569821,5.24835
1.015433727084146,1.0578619310855268,2.70756
2.764491535282754,2.1776204030156405,5.83695
1.2811474404610892,1.0434569487621423,2.40345
5.28026230658099,4.056876445749858,10.4967
1.197382736555025,1.1442626668208662,2.63889
1.4638008081190554,1.5349489371148475,4.05153
1.9103490009681476,1.9596114460780227,4.57146
1.1025744666688053,0.9547991241250697,2.58984
1.3479382656486905,0.7192810810802686,1.8540899999999998
1.1008638459409956,1.1951140957080206,3.50217
1.514975507475286,1.642387571028836,4.5420300000000005
1.8942912715181899,1.9414921076713136,5.84676
2.540610080502319,2.446274520553652,6.867
2.1062658652696244,1.788324703100642,4.65975
1.185191189196916,1.2942918590140322,3.02148
6.327097641351838,3.8603050114362722,9.01539
1.398897056773657,1.5265160666661848,4.47336
0.9103324098646604,0.9939568295403981,2.61927
2.153080837869308,2.2593262748438967,5.9841
2.0255294354563205,2.2148943759375976,5.80752
1.8272249713705204,1.9987378475427937,5.67999
2.4525653991280234,1.4905777698328926,4.38507
1.4974261553245287,1.6373876456203034,4.8951899999999995
2.33195826335936,1.9005838065263,5.11101
1.3649537784481935,1.4508013831258917,4.3164
1.8419739039682401,1.9876393133966734,5.24835
1.4121914392000825,1.4823739920512637,3.80628
1.9856386726441444,1.926370294216561,5.07177
3.7176750658173447,1.9831443345051816,5.876189999999999
1.1188203573630575,1.1523709194656033,3.10977
1.5407895091640518,1.6868151657576473,4.92462
3.043011294548543,2.2737406009107546,5.846760000000001
1.1558536491485416,1.265716851760298,2.7566100000000002
7.659401070814872,2.790372835024023,7.7499
3.1188498202061603,2.513540756287831,6.6708
1.3065788216751408,1.2359574838440035,3.18825
6.420063543190207,3.715292781544948,9.29007
2.3864459103864055,2.1699371118352717,5.081580000000001
1.5844744424414046,1.7230085832839024,4.5126
1.952539152193881,2.079708431571599,5.79771
1.3060324326371073,1.3464810192201002,3.06072
1.6668486209161286,1.4670121664219422,3.95343
1.1215194278299419,1.1825343639319748,3.17844
1.33344449563902,1.4586835557824047,4.27716
0.904029335751888,0.9804112233139726,3.0705299999999998
2.262238608668414,2.4781524077889157,5.90562
1.5716322156598852,1.2748874101817775,3.5316
1.8628455570041225,1.9905108051025495,5.70942
2.164166933210098,2.295866976712719,6.60213
1.182549283729858,1.2081324670208975,3.36483
0.6379769161968167,0.6200665018528255,1.46169
1.0517765777483354,1.0441023461902572,2.66832
2.646534253462441,2.8877975226926833,7.12206
0.6153901956076323,0.6513549436290478,1.61865
2.1167144698919595,2.30029265060557,5.79771
1.0931219216766261,1.160415607457087,3.2961600000000004
1.800195142047106,1.9113487067173274,5.32683
1.858945388520061,1.9476214432276104,4.6205099999999995
7.629204686764539,2.4742400492737158,6.464790000000001
2.6122091627298913,1.2207584917050545,3.6395099999999996
1.8653408246886145,1.9639487696857065,5.768280000000001
5.294830307295032,4.099413038495877,10.97739
2.0029984553788354,2.193560018789092,5.75847
0.6681130970876114,0.7177184438204162,2.03067
1.8257013560684014,1.9910941120675336,4.64994
1.566879454776276,1.6830788792210543,4.03191
1.6945574143415736,1.8561252797373349,5.3072099999999995
1.0213398878923705,0.9118059462626904,2.68794
2.3437210314369756,1.6547776762816206,4.37526
1.5471627561442913,1.2317183272972763,3.42369
1.1866653838593253,1.0714163857389898,3.0116699999999996
1.334742942498667,1.4334208275276314,3.71799
1.5442261239533541,1.6516847363707154,4.30659
0.28990721619166365,0.31359282950985984,0.80442
2.654159512303283,2.321953986811539,5.40531
6.711476447123986,1.666761053324681,4.669560000000001
1.6551692171497148,1.8020162717356356,4.45374
2.4390725925543917,2.0375577030724803,4.68918
1.8297644328300844,1.6862635733567868,4.7578499999999995
2.252351218504787,2.455974203227713,6.90624
1.367448551518484,1.4289155438268561,4.18887
1.8354140351702666,1.9797121211630744,4.96386
1.645016393611322,1.4557645567432942,3.8749499999999997
1.8282692529548266,1.8122515830976669,5.11101
2.4536736491738265,1.9598938070084306,5.503410000000001
0.9796829408793439,1.024183106143623,2.5506
1.9165729154535187,1.9256949207675655,5.24835
2.460165978912805,2.4288313247485918,6.0723899999999995
0.6857299934741079,0.6612381483777233,1.88352
1.5536595565309665,1.6967802818868445,4.16925
0.7604490284693642,0.7739752216964053,2.3445899999999997
0.9571497235542619,1.0484499170871253,2.80566
5.8572642176488845,3.927218403907529,10.02582
0.8886943197748031,0.8994152684494521,2.49174
1.250265160795901,0.8353144434522847,2.2366800000000002
2.5590878770374412,2.754802179445922,7.6027499999999995
1.1574622185842611,1.0928078749121457,2.7566100000000002
1.59637468181815,1.5960571536852932,3.48255
2.2389556515594498,2.26967658940872,6.73947
1.2743312089484429,1.3958449946609401,3.61008
1.4296707760530045,1.5441409510015591,3.9240000000000004
2.1023251906638993,2.2671304066241977,6.09201
2.4518884337485667,2.417900666079978,7.01415
1.8323047515765492,2.0070925964962356,4.92462
1.9415664584170174,1.757241835909332,4.64994
1.8550326968546942,1.1326196241457236,2.8645199999999997
2.4183954809025754,2.3591156587225646,6.81795
2.2563746400697733,2.3904516367728506,6.19992
1.1589647649518944,1.2688543882416137,3.9043799999999997
2.156772618891477,2.113135634198619,5.7879000000000005
2.578033657305505,2.6783467934231373,6.40593
2.4364605204784255,2.5998640836378346,7.05339
2.0159768794433135,1.7291155830973244,4.75785
2.3580792813961957,2.5812674541918357,7.33788
2.5037066291900096,2.5685026762746426,7.1711100000000005
1.3810515073305558,1.4680821506850357,4.20849
1.4974154440067728,1.6389972667182822,3.49236
2.437013434236668,2.6688783662111693,7.50465
2.769071256152503,1.5703692833566252,4.375260000000001
2.380129875290422,2.5617245533487787,6.11163
1.951257252042898,2.092716971009219,5.71923
1.3287632023803186,1.4477911613489012,3.51198
1.5569029413389903,1.5796526925340264,3.93381
1.631235165449789,1.7866987947832729,4.69899
0.7777583467247395,0.8023516579904351,1.8246600000000002
2.0070542377200473,2.1980041485652384,5.885999999999999
2.255901877919339,0.7758132715802173,1.89333
1.687172653450144,1.84688459433447,5.01291
2.2666089385798336,1.979314279873209,5.464169999999999
5.048758220681597,1.7780274317231441,4.66956
1.0961623355598384,1.0628355196360346,3.12939
1.0993329540225747,0.8051534217526496,2.0601
1.890078386588768,1.7642887950077788,4.071149999999999
2.494335980386363,1.3289189076952739,2.82528
1.8325454610732035,1.9585045262546625,5.218920000000001
1.391136173402877,1.4170532832289688,3.9240000000000004
1.212973872286621,1.209639697674477,3.39426
2.6106245239884647,2.121054943566998,6.51384
1.404378393720866,1.5328534398532692,3.55122
1.310140099226033,1.3045701781813044,3.67875
1.2426150591192753,1.1880135468545805,3.61008
2.0480318305998075,2.018290781862217,5.5132200000000005
2.462114573918119,1.3914716465382972,3.0607200000000003
2.778375469577501,3.0434392599803926,7.79895
1.295662968676654,1.3180347426225152,3.70818
1.8028660958179894,1.5532888953024804,4.38507
2.205130749286763,2.4132872498461513,6.69042
0.4650533253294723,0.5043777577173679,1.20663
3.201370916490309,3.444088283837974,8.662230000000001
2.342608692131488,2.3551635574350245,5.96448
2.127058966742577,2.319122177350732,5.886
1.6426648984348573,1.4903765350507903,3.73761
1.309368596499855,1.4264293235488397,4.13982
1.4409573258427884,1.5356206888291133,4.05153
1.625413686819451,1.770401072254533,4.37526
1.885681728235176,1.9552587588756634,5.41512
1.2486027313160901,1.356697345744437,4.07115
2.1619498105876556,2.3632830921580257,6.82776
2.6266202485894303,2.7762727523209967,7.64199
1.39744015276147,1.0480168898591282,3.08034
2.281754826597284,1.7398194719452935,4.11039
1.9875319855162081,1.5686524358537808,4.5126
1.0321422322771219,1.1096912545884103,2.8154700000000004
1.6843991870990678,1.843775516108184,4.76766
1.2539288179557881,0.9190038158789114,2.5506
1.2116508345435164,1.0448716917354015,2.7860400000000003
1.9965057236582118,1.9703175994037103,5.55246
2.864220420978455,2.692936427409678,7.33788
2.205999779261095,2.11566624561626,5.7290399999999995
2.219821863798985,0.4707982429024135,1.1771999999999998
1.4863256146955148,1.6001430175456195,3.7866600000000004
1.8578536007850563,1.7382450807840648,5.2974
1.4196508320358214,1.469610907403725,3.74742
1.1194867804489699,0.9927215916056223,2.78604
2.4668232840132673,2.1962988532506227,5.99391
1.9510311887307183,1.9322164092771803,5.12082
1.5450724047597253,1.5223453304391878,4.37526
2.405717909585411,2.435526206042546,6.04296
1.0497693177312815,1.1420921485545725,3.05091
1.4430873452255064,1.5663890500351438,4.05153
1.9178738170432381,2.091326959717203,5.53284
1.228549923161448,1.34487431619464,2.91357
1.1441098692214835,1.251156441836911,3.11958
2.0681696593727508,2.178654279391294,5.09139
1.3422921826301455,1.1508500084676543,2.80566
2.3659562948943074,2.5170383986880296,7.47522
2.21727702477611,1.2640975827996825,3.58065
1.500187120078692,1.6088808744807679,3.75723
1.2456189313951518,1.1396064942031525,3.12939
3.6600284821842575,2.744276269182824,6.7689
2.4201225595824685,2.4451642288402633,6.22935
2.083634146869359,2.267478456938456,6.180300000000001
2.1126148749121314,2.297325228895552,6.12144
0.6359876793617939,0.6802511765811214,1.78542
1.928004035070985,1.976907701525289,6.0625800000000005
1.7986352540051025,1.939104761375723,5.3955
4.83939009679939,2.8323765249909836,7.86762
1.0497311197159014,1.008965375401951,2.40345
1.6276078041254287,1.7594821393211129,4.640129999999999
2.081215641446124,2.253224103394955,6.22935
1.4025955923037832,1.013003039437691,3.06072
1.3868115877075733,1.4983395488873674,3.80628
1.7130977293050154,1.6481705064434322,4.39488
1.1619502250957225,1.1471018311553687,3.25692
0.9669943462347647,0.9673558710784775,2.62908
2.0845576753834374,1.1962891773647373,3.5904599999999998
1.3341058996384059,1.4583536453514971,4.08096
1.9107855447171458,0.6656839804291522,1.5499799999999997
2.1872230451076544,2.2924474874225584,5.66037
0.9781017687848234,0.9075390009470667,2.69775
2.511158810300535,1.8611072208741763,4.905
0.7812563119105023,0.7271321292585,2.0306699999999998
1.1401285372272725,1.2443164250623715,3.80628
2.0035108806916924,2.160690451709823,5.42493
2.0794886192042505,2.0899275818936887,6.38631
1.66188561415941,1.0171366406879658,2.62908
1.265946196842504,1.3639169608007669,3.45312
3.450820015286222,1.3932963106245564,3.96324
1.700453451082975,1.8485920548027897,5.74866
1.6977158526384795,1.603479435303116,4.26735
1.4523052586663727,1.5888778242741006,4.355639999999999
1.6484205898071038,1.6448730584333855,5.02272
1.8490266974681573,2.0134914472900056,5.58189
2.2241277057646665,2.1412460881435367,6.1410599999999995
2.065806809892929,2.047576764539,4.7578499999999995
1.8303209765229704,2.002323295035045,5.45436
1.1874963466470116,1.30081734384194,3.18825
2.1370682156519947,2.2599686587539223,6.337260000000001
2.118146128422211,1.5600110692395743,4.16925
1.3161130513371562,1.3607381184342562,3.29616
1.801856050576738,1.7969392355001879,4.3164
1.2051336453481,1.0094755346366746,2.6487000000000003
1.927983237089991,1.7987164015263775,5.081580000000001
1.1154391324496373,1.1951409369442585,3.61008
1.7356724446306104,1.8885281932843894,5.21892
0.8736225903672592,0.7894866312990994,2.20725
1.2547408011019647,0.9957689615919951,2.11896
1.3471884092063737,1.375873629516897,3.79647
1.6746391223484538,1.1973291539923347,3.17844
1.0657516456707914,0.9061541127369008,2.30535
0.6861625754148939,0.7202704824439218,1.87371
2.3181163539606895,2.5159771852940165,6.70023
1.101308134742498,1.1867978364110712,3.09015
1.3643014510913634,1.3672115971238687,3.81609
3.1170725063992335,2.8393316038656,7.96572
1.0431018099639173,1.132473753510429,2.76642
3.0134935114663843,3.223628792145585,9.58437
1.551241954628613,1.6967462514118012,4.22811
0.9596934696558063,1.0062337819016016,2.33478
1.1081609784007014,1.1582019642661638,2.83509
1.2632827261939428,1.233732475279791,3.38445
1.3027185058369286,1.161388273795633,2.99205
1.53097824050507,0.726355259607859,1.9423800000000002
1.7799992021486977,1.7779525569457697,4.905
5.154869528251903,3.9225625717227253,10.50651
1.1980121521503861,1.265522953059327,3.30597
1.857944247898736,1.880990864475423,5.01291
2.1390936883058673,2.0407291650755623,5.67018
2.3328350512413003,2.553523716600259,6.72966
1.0748704383319878,0.6966527600174999,1.97181
3.370262109428583,3.613366719870819,9.25083
1.486293240514805,1.5806423701394317,4.20849
3.1887077671370263,3.462830879601255,9.97677
1.7306658424866426,1.4423002163176708,3.98286
2.1076970111474753,2.032086505953917,5.44455
0.4652946875905634,0.4587752897007423,1.0791
1.3430865709625721,1.4401801698537584,3.81609
1.4477257967412198,1.5074802852143705,4.4145
1.7226399105878163,1.8196928601250264,5.454359999999999
1.3122196685768737,1.1754164989653668,3.21768
2.7881577866397733,2.7160486932012105,7.31826
2.2981621882386807,1.9202232424043826,5.150250000000001
0.9730709058953514,1.0377415969112926,2.6487
1.3772485363942122,1.4962485226458873,4.4046899999999996
1.924490152702788,1.997113782985336,5.97429
2.8695605480804893,3.1076804178357853,8.79957
1.5766402577474672,1.615530585086522,3.96324
1.2873546046447344,1.291670696036726,3.61008
0.6631371343470368,0.7006954596042421,1.77561
1.2828239590840202,0.8838078665637684,2.57022
1.816501923863556,1.9055522032418843,4.45374
1.7802920314937096,1.650515129551983,4.56165
2.3129073150690673,2.299477392452468,6.58251
1.7341655073694666,1.8935731165154412,4.76766
1.6963784896802954,1.7994590433877622,4.93443
2.3477757436135165,2.054214936962537,5.61132
4.80616586230646,3.6396660047427423,10.58499
1.2695519693183104,1.3833236336302506,3.91419
0.9266599597209323,0.8667603650317659,2.09934
1.131642073581572,1.2371443339077295,3.86514
1.5552227945378116,1.454803485708637,4.44393
2.246190110987937,2.281871511527325,5.052149999999999
2.0903358305305875,2.287325147258256,6.25878
1.3373120669275365,1.4053146004187105,3.5610299999999997
1.1016648926965042,1.091020198566461,3.38445
1.5820836531454334,1.6989879685242035,3.88476
1.9218004493443122,2.104629513819475,5.46417
2.2273633264130934,2.43971695578606,5.83695
1.1389180449883125,1.111861551237383,2.87433
1.671595406445591,1.7337399997548653,4.28697
1.8663079183243048,1.9923592364029132,5.36607
2.3287474376797497,2.545213905407559,6.994529999999999
1.216631174493733,1.1989155220239662,3.55122
4.543961220103006,3.0415472187293098,8.01477
2.9179404846655115,3.012297838466509,6.7590900000000005
0.7006084698674432,0.7067944448211234,1.91295
0.9088600139735491,0.9954451481623685,2.6683199999999996
1.7227702584355233,1.6543715001141672,3.6395099999999996
2.330771495942921,2.552928183572738,6.13125
2.259365319962666,2.1350197865570237,5.503410000000001
1.3402951766868372,1.4681662736727064,3.73761
2.2071155625725627,1.66842020625201,4.4145
1.405976418987886,1.532627406824633,4.355639999999999
1.6052419675083254,1.749125109084539,4.6793700000000005
1.4602682850935305,1.456733802130643,3.4335
1.858492352889836,2.0344191405091525,5.454359999999999
1.4254912316461297,1.5418623886456275,4.2183
1.1958748111947168,1.193944574505031,3.18825
1.4517805709197242,1.5835499592497864,4.6107000000000005
1.6684307810634518,1.1910649005490843,3.4335
1.3661342271716934,1.393260623584116,3.87495
1.0278988967306075,1.0185721944958048,2.7958499999999997
2.6300894797040653,2.4152803067697963,6.317640000000001
2.360370398740418,1.624832366082729,3.8259
1.7073674895727633,1.7832059871450636,4.89519
1.4994438721072556,1.458330548826294,3.924
1.3464679159007094,1.467104003644595,4.01229
1.4445703833320134,1.386358140871254,3.4923599999999997
2.915248556881557,3.1789466077743427,8.50527
2.3252355860966003,2.3451994542618335,5.8565700000000005
1.4869082294143106,1.5619048116194532,4.6107
1.3616418997849618,1.4773145620178527,3.38445
2.064622428932225,2.0469852624848084,4.3262100000000006
1.5186553841638992,1.5373045222954367,4.04172
1.931698356731713,2.086747880257699,5.886
2.2113663616415984,1.2214402071325472,2.7958499999999997
1.390126960640646,1.2569209649138644,3.40407
1.9486579983285932,2.1269692314347193,5.70942
1.5878165098965311,1.6949757252067064,5.01291
1.1722094843286333,0.9323199528863467,2.6487
1.8702956456533817,1.9355878290147415,5.08158
2.7044362959219432,2.4786358415709238,6.994530000000001
3.0571177359565334,3.0252021099952975,8.35812
1.2955639308038798,1.374198582112498,3.54141
1.2381214952095776,1.0122665154790016,2.92338
1.1664278387881526,1.0555851743180178,2.6879399999999998
1.6844372758580237,1.8432047610290072,4.68918
1.9057424217086634,1.5828326827179175,4.57146
1.1553262169837573,1.2436575670617696,3.0999600000000003
1.745302574498187,1.7491141051372263,5.07177
0.405506370110261,0.40159540848968883,1.06929
2.444944471670062,2.0088850517612995,4.96386
3.118181195825541,2.154331988343486,6.12144
1.5001390072589942,1.3982972714841433,3.87495
1.5498713411280305,1.257325418032261,3.11958
2.145068905641495,2.012790322589514,5.22873
1.7866907153869693,1.9244951532986516,5.81733
0.8145845011415329,0.8894520219775769,2.58003
1.3946137889573587,1.4064919651352439,3.61008
1.9274424108128367,1.6718496608248001,4.09077
1.6538556386668093,1.6882598632408459,3.8259
2.172027194477546,2.0720467951834483,5.2974
2.2249136230087676,1.5697072932078768,4.09077
3.3904160459300563,3.7109662389571803,11.54637
1.3823168392955356,1.512382600521442,3.85533
1.1226486735840382,1.0146341566692894,2.50155
1.6012252109556606,1.2518369785718906,3.31578
1.7020090848171172,1.8626363189952033,5.630940000000001
2.5032068924581523,2.7374886588751375,7.445790000000001
1.9711632148175857,1.7768985628307543,4.71861
1.995304322390447,2.038042551388464,5.82714
0.781215250427179,0.6828492891700189,1.67751
0.7424772451058685,0.8066818931400407,1.90314
1.8260790852671196,1.4013600165375064,4.09077
2.13885373248149,2.2134260195610787,5.45436
2.000883313801682,2.1911545083517043,6.445169999999999
2.068514743022152,1.5205521096759558,3.5217899999999998
0.8988337218306843,0.613471522077431,1.59903
3.7905548880869673,3.045379633871613,8.21097
1.1731874113712608,1.0095819839517741,3.08034
1.6702851434111483,1.8186762854010057,4.2183
1.2805025228987252,1.017678953850378,2.4132599999999997
1.9390245259408143,2.0778960209115374,6.023339999999999
2.009414334824951,2.0801179147634876,5.493600000000001
1.9216502154398445,1.36233553087336,3.0607200000000003
1.445014442972803,1.3405452642413833,3.47274
1.3248888348272845,1.442562640341833,4.19868
1.3788314741838468,1.4682132493476552,3.9926700000000004
1.0727344522760516,1.1691610515236983,3.54141
1.618412164345041,1.0586561241120747,2.86452
2.176641302649566,2.3573302764950013,6.8375699999999995
1.1425737504423947,0.8888531299151732,2.6585099999999997
2.5475797502727957,2.424119614771515,6.7689
1.5252052609075277,1.3253548410142846,3.39426
1.1436681834343387,0.9146722513993742,2.33478
1.407942920185332,1.5403095414493801,3.58065
2.1214035216573013,2.3082994621669,6.82776
2.095684808600759,1.172443440392755,2.97243
2.8814025784676462,1.4197028023216691,3.63951
1.245670436772905,1.3181576452116794,3.59046
1.461058907385325,1.0610910667562894,2.6487
1.389815398461249,1.5172955042311305,3.63951
3.0785691087906413,3.2619255570966055,9.7119
1.996843111012981,2.1204128352752445,6.0625800000000005
3.102677772255766,3.398299259881331,9.1233
2.4165410622209587,1.9089026568581229,3.9436199999999997
1.4692692591387053,1.580785441465729,4.00248
2.4769132994616503,2.7012074444644196,7.57332
3.816302249881421,2.8319444158581217,7.2397800000000005
2.7667649518977937,2.4115798846627494,7.03377
2.6817239895727525,2.4981693568431265,6.602130000000001
0.9918131555388847,1.0642772503065168,2.85471
1.9916555044736024,1.6421678241641442,4.26735
1.8374926968834462,1.9923688968963555,4.777469999999999
1.7595304531891456,1.8925216460902103,4.85595
1.2826989214153102,1.0646388844674046,2.70756
1.2182516549752767,1.2552417946316161,3.2961600000000004
2.475446155241515,2.6600986729217393,7.66161
0.9364483017764514,0.9008265416604908,2.33478
2.8521102337304565,3.068945260376926,7.98534
1.3044349290401571,1.4273151076899595,3.68856
2.300586184366932,2.3301562030301746,5.86638
2.0767139005529867,1.562821572819495,4.64994
1.376881640501463,1.484501849264594,4.43412
2.4700299498184224,2.6842975685642605,7.66161
2.21765315074292,0.5736851318624181,1.63827
2.2704163627845886,2.0862251470442974,5.493600000000001
2.4572499801404004,2.6810618128196895,7.61256
2.4129675432545707,2.0696728726733604,5.209110000000001
0.9967172418996271,0.8649950463904403,2.42307
1.4962152911763735,1.4137624811226248,3.7964700000000002
2.1363438308942686,2.2111371505358957,6.07239
0.9353000315406815,0.8610848226510557,1.962
1.6432701688858102,1.5124769852100228,4.42431
2.477217631123677,2.7124587911321347,7.553700000000001
1.4495914057071393,1.1315938825921603,3.2274900000000004
2.0826293447586877,1.5415471581855678,4.03191
1.7864168920215684,1.8689015526238937,5.33664
1.4910715946090585,1.6332211333037545,4.6793700000000005
1.0579574476556228,0.9958269469089496,2.71737
0.6857533832581506,0.44233201886139784,1.3047300000000002
2.317555836608905,2.5384494199963883,6.02334
2.219778510302323,2.100494878603611,6.13125
2.0917932109556143,2.1463658272531267,5.67018
3.071731202742193,1.837176682347128,5.24835
1.3188036080478398,1.063378660214695,3.02148
1.6003134113354172,1.6967840630086082,4.669560000000001
1.8189593611045851,1.8978103594801037,4.92462
1.4055827885969576,1.024024921591267,2.8154700000000004
1.7173711876149549,1.8512321705366943,4.905
1.3779645753973504,1.2950302339443662,3.74742
1.5587767935628243,1.2058840499111017,2.8939500000000002
0.624458707361824,0.6419069136253325,1.87371
1.961280468061618,2.0402032889298067,5.55246
3.1643852683104186,2.4120686815594614,7.33788
1.1573860006929408,1.267670656061739,2.9626200000000003
1.9183295512632859,2.0446018536698043,5.93505
0.9888006357704268,1.0511389441172847,2.80566
0.8481537876470281,0.9282700080903185,2.53098
1.8968973775484006,1.972433804311313,4.60089
1.5653893365389966,1.7147522690785395,4.29678
0.9492664127366984,0.9856666353641071,2.51136
1.885222355691763,1.736608305680933,4.30659
0.7175731691263268,0.7649640656854412,1.9325700000000001
1.9668010259301778,2.1201556349004194,4.82652
1.6692381142305612,1.8179141430221615,4.50279
1.900875779384334,1.9992906756222317,5.6505600000000005
2.3970984748545483,2.2530881378565732,4.77747
2.49174,2.728885042540268,6.91605
0.39810151638746616,0.39681015479697596,1.02024
3.573152506694893,2.3445256936787873,6.0822
1.839377179998708,1.7308020728090199,4.44393
1.169092456095753,1.1814270607870805,3.06072
2.180521230187865,2.3547079048663337,6.09201
1.3777550415258875,1.2082068111834166,3.0705299999999998
1.2849914258274255,1.336313816627666,3.55122
1.5237533354516406,1.5610419692500261,4.72842
1.2901175719677644,1.0133623953946584,2.7468
1.8635471508121282,2.027677403602457,5.346450000000001
1.377306764849429,1.4912447710956105,4.00248
1.330506302183496,1.3909978104044594,3.6296999999999997
3.2775874074385873,2.7391796724859065,8.416979999999999
0.9760498105117383,1.059564774386163,3.1392
3.3138977645817618,3.424861939821808,8.57394
1.6822743745893534,1.828070973097051,5.56227
1.687994777865145,1.7818049665998803,4.79709
1.3729386189302126,1.452892683989427,4.1202
1.9363798613779268,1.6828244151990426,5.042339999999999
2.132191708559528,2.2433884987736743,6.55308
1.9871809102343954,1.969242761601525,4.79709
1.7787778095647584,1.9294418795288963,4.94424
0.8846150841750325,0.9678399037805787,2.69775
1.897108755040153,2.0767509726758284,4.904999999999999
1.4537623439716685,1.5906535108784692,4.68918
1.3798257002426066,1.4496434090458246,3.5806500000000003
2.4063612062718267,2.218385689935364,6.21954
1.9385364244449987,2.0115396428308343,5.94486
2.107533392084216,2.2431282379190898,6.53346
0.9596934696558063,0.9442908493467465,2.54079
2.469146664295177,1.5125056176027907,3.81609
2.7998228089648816,2.2495508623723093,6.1410599999999995
2.119451956780337,1.7435509984511495,4.68918
2.2230384989581267,2.0930357843739795,4.93443
1.4359452076071706,1.195169119593541,3.4825500000000003
1.397836076119085,1.5223611342779346,3.8455199999999996
1.1238267380027938,1.0431756149901128,2.79585
2.9815918456841133,3.263831376163603,8.60337
2.4159934214831793,0.7132461454154518,2.0306699999999998
1.2575052749392346,1.3545143660367724,3.55122
2.271256882367118,2.478423582392647,6.99453
0.9396286820334935,0.9865108213293963,2.68794
1.6730820067617724,1.361554729296623,3.68856
1.4846088102931358,1.2175101905281944,2.99205
2.039851056915676,2.233714955754203,5.93505
2.7986023294673363,1.9689495221868945,5.73885
2.368788315985622,2.5130334014632596,6.592320000000001
2.77402794293785,2.4906892587715554,6.85719
2.1513108569311874,1.9875400554831593,5.76828
2.109123383552987,2.2799032363216645,6.64137
1.49703514257348,1.6336482772371783,4.42431
1.1489851260133876,1.099543031026981,2.8449
1.6219809817164936,1.591576891196275,4.52241
1.8243874796489916,1.9057575710357284,5.454359999999999
1.6407793207649835,1.460402281766911,3.91419
1.6852559759573618,1.1596509948773381,3.12939
0.9614717558254116,1.0399849311744858,2.6487
2.2791102425069303,2.4944780861575033,6.33726
1.2069224035951938,1.186201683458593,3.26673
1.7466438007647695,1.8249316007538476,4.6205099999999995
2.2881881953305325,1.7181499235020208,4.64013
0.9939132590422567,1.0714568045983002,3.1391999999999998
1.3945907869156458,1.5255701290960046,3.7572300000000003
1.4924424727606755,1.6346965158340554,4.7578499999999995
1.7504734856603799,1.9175175163424192,4.43412
1.2835926729496394,1.4061041825519187,3.67875
1.9322047878265907,2.1056839939839027,5.85657
1.1365990353022475,1.2338897733711873,3.24711
2.6562586592800033,2.7990115072432267,8.30907
1.841795387536303,1.868483551094309,4.5126
2.140896245664418,2.3440276020047204,6.91605
2.5854670183063635,2.4162390454071385,6.25878
2.1307770147178706,2.3171495497938843,5.93505
1.5487895111667047,1.6810535380528486,3.99267
1.798265139210567,1.8446000147891142,5.14044
1.530014095523306,1.315296274989023,3.85533
1.5268081377992457,1.657482651139975,4.46355
1.4625127550213024,1.5663183945290307,4.60089
5.236930778113265,1.7463535953036542,4.630319999999999
2.0790103506235846,1.91987489667426,5.07177
2.566557361690948,1.8764088024601673,4.92462
2.2150044453228532,2.4212913674483705,7.2594
1.3206448726474502,1.1347884726723303,3.05091
1.079300640438057,0.7528410718538143,2.27592
1.539888795984957,1.6283063421481845,4.14963
4.071829551718736,1.4298042748677178,3.69837
1.742824106701534,1.9087614914388857,4.5420300000000005
1.498041927283746,1.596490222268837,4.60089
1.7413233584834267,1.6113384137294062,4.52241
1.2586017180585762,1.3100078738847336,3.3550199999999997
1.0688324020865012,1.103191094702092,3.11958
2.7532477627068,2.895653778121618,7.79895
1.9520872962933804,2.119357358575943,5.67018
2.12288112892597,2.016210775744937,5.0227200000000005
1.336448239906806,1.4638205311820163,3.60027
2.214349017307344,2.2578754478026464,6.9749099999999995
1.6281201603229414,1.6565456590960603,4.64013
2.254881369240963,2.467837391675148,6.95529
0.7477832968514341,0.6435065892669631,1.85409
1.7015236912103224,1.790613005601713,4.55184
1.179024336390051,1.1777339788933663,3.10977
1.4732919588968103,1.5845837651288746,4.43412
1.9306767884086657,2.1110153565239647,6.11163
2.7452200188054143,2.2094891775498695,6.023339999999999
2.5754535361854227,2.761318386428845,8.51508
1.050815403103704,1.0254461399800576,2.9429999999999996
2.977231295558006,2.42922817659231,5.915430000000001
3.1344779406705032,2.735118193276115,7.02396
1.7899912497132493,1.9575878965783375,5.3072099999999995
2.1184830713272174,1.6729391587024316,4.65975
1.5331558115534116,1.5322076922793464,4.42431
1.468908968843883,1.5902904635537496,3.8259
3.242112241487022,2.1460250407858714,5.76828
2.246682764655482,2.415269017414002,6.35688
1.4294295491034177,0.4278517284644296,1.0692899999999999
2.898618454816018,2.8771443934776717,8.07363
1.4698477223678648,1.5668722892150464,4.15944
0.5380913920515733,0.5170778942867312,1.61865
3.12877745572452,1.3907625617156942,3.3648299999999995
1.6356048381256398,1.3946724424466126,3.71799
1.4028643002799666,1.5322076922793464,3.68856
1.3579617479332766,1.4756372738142662,4.01229
1.1291092660810111,0.9273105413344551,2.33478
0.7139766254577247,0.6756139711699277,1.6186500000000001
0.9615635028951546,1.052730780456238,2.71737
3.707952909713121,3.975559840579689,12.301739999999999
0.8223546157528393,0.8625978611786607,2.4034500000000003
2.2786773921400107,1.721909780293381,5.08158
2.0831183319965287,2.276976866680907,6.40593
6.7322740622690045,1.6594816679071813,4.19868
2.0954858078259564,2.2943714461612355,6.38631
1.65779808916828,1.7862040888179602,4.6793700000000005
1.3373780307751433,1.3803847103325941,3.77685
1.1154319427244317,1.1182266916283121,3.42369
1.8149118638104715,1.8627293165674932,4.69899
1.176729843613223,0.8622407778979142,2.32497
0.8798062462838053,0.8827255827719055,2.46231
4.938673324598419,3.1544298685499417,7.632180000000001
2.2214433990426135,2.3017174380688,5.1012
2.0042312571282785,1.689266618396871,4.8951899999999995
2.4370068526678375,2.668390328117309,6.435359999999999
0.7928822883946898,0.805792627684071,2.12877
5.578048295734808,1.772267298324381,5.03253
2.0496992809312298,1.859075669753655,5.4445500000000004
1.4936778718987571,1.624768200796655,4.37526
2.09306183908885,1.8303551524308064,4.65975
1.3494545573119534,0.6131812414205118,1.42245
1.1484126406044126,0.989141218431423,2.5506
1.8687599404016557,1.9796643196133026,6.013529999999999
3.1080261987795406,2.705516663752046,7.1711100000000005
2.990138315521541,3.0385319657212757,8.35812
1.8012283804809428,1.7208587432180482,4.77747
5.614938985950783,4.260407065752051,10.84986
1.154235889972236,1.252656719823911,3.2176799999999997
1.5894470671117047,1.0697923819835324,2.68794
1.1987549726904159,1.1662339359793987,2.7860400000000003
1.1452798628719534,1.249980329909235,3.10977
1.3835636250097065,1.385530680898117,4.25754
0.8817274714161967,0.6975845865484701,1.59903
4.867493582307017,1.9628696272753319,5.41512
1.4028585836248784,1.4759328929561804,3.26673
1.4153000476047475,1.54701864890828,3.9141899999999996
1.162033045055088,1.26809065333674,3.1391999999999998
1.3824212644848892,1.4834415458655594,3.21768
1.8203608627549648,1.9452259529499394,5.54265
2.6405973844567825,2.2160787828685153,5.69961
1.5980065436349127,1.5083641968304604,3.49236
2.111399776854208,2.232292749833677,6.63156
2.662654601398762,2.916765030987241,7.838190000000001
1.933947225003826,2.1112493598435975,5.80752
1.911805157423214,2.080686122294759,5.97429
1.5631745826202523,1.3865906665739534,3.5512200000000003
2.5467107655562304,2.7781647498663573,6.2783999999999995
1.1770569288059094,1.2498224902561164,3.50217
1.630290958632845,1.783464115501066,4.86576
1.717231089734285,1.6988746783650641,4.8069
1.825165373562078,1.9967603760566766,5.0913900000000005
1.738511729986312,1.9038747653771768,4.99329
2.073088448293994,2.269648322033614,5.67999
0.9112745507803891,0.8732994018548278,2.28573
1.6252607278372293,1.773551959236041,4.48317
1.8625915407302804,1.826269677084959,5.55246
1.8669308909946292,1.4749284161036427,3.8357099999999997
2.403256461595391,2.21549389819065,5.768280000000001
2.1519295841755604,2.313358720879665,6.72966
2.1030765462174696,2.3034366038313276,6.11163
1.7959088880285659,1.965280337743193,5.326829999999999
1.6171827895757487,1.5047401638821236,4.01229
2.056008436874713,1.7167070223191843,4.36545
2.5755220408200743,2.0316736577683927,4.66956
3.8337713451182767,4.175555562330599,11.27169
1.4873072966270284,1.506806632783384,3.79647
2.1853229202454267,2.306929495079986,6.2783999999999995
2.1977574882252138,1.491886746944955,4.394880000000001
1.0967255335087263,1.0957979313130684,2.73699
1.40879706451994,1.464349667504316,4.17906
1.7855053413669755,1.899239815449855,4.8167100000000005
2.12465592086107,2.3214759251023906,6.25878
1.9591694081421342,2.0958256285006156,5.60151
0.9303997632738307,0.8064034814656991,2.09934
5.0259554276624865,2.768724853680842,6.190110000000001
1.374829880657967,1.5003645895814788,4.11039
4.555284881782916,3.4703873895517776,8.20116
1.2283540748497561,1.344215824233594,3.0901500000000004
1.2023554774691219,1.2103753822843557,3.3059700000000003
0.5477811239902303,0.5995400313907321,1.34397
1.1397697462865033,1.2289663234726977,3.61008
2.4832964321542446,1.7955078391558197,5.25816
2.2814525427016883,2.337347873595199,5.81733
1.5725555454895703,1.0103712652832126,2.9920500000000003
0.7072731069396035,0.7747043397580783,2.0601000000000003
1.9515736966868558,1.8460289685809375,3.9043799999999997
1.1102215854504003,1.0996947283496452,2.70756
0.8129781641901583,0.8308651105143361,2.06991
2.0407158036826196,0.6855779404269072,1.9129500000000002
3.717204771962395,4.0418771474303865,12.30174
1.7683641798990386,1.6153081775531255,4.72842
2.0110340487172267,2.189469518079665,5.85657
1.73081875333612,1.879363194350682,5.26797
1.7779660887654745,1.7614637424142456,4.64994
1.7807874791507268,1.685855469072008,4.64994
2.9803408591132663,2.97564969188243,8.32869
0.9231917140821835,1.0095772178045619,2.7468
1.2450973194493673,1.3303314921477278,3.02148
2.041713737598883,2.19764728486625,5.38569
1.1161937958750712,1.219312362797163,2.7468000000000004
1.988318653209289,2.1352564173981543,5.86638
5.926154879700665,2.398946527740875,5.80752
2.211986418188412,1.0435691536405243,2.9430000000000005
0.7556566014731824,0.7883175855897165,1.77561
1.4260255922493117,1.4408137283042524,4.208489999999999
0.8531410572994363,0.8307724442409004,1.8933300000000002
2.3860526983388275,2.601211110515638,7.426170000000001
2.0473072801609433,2.2424266702124287,6.0037199999999995
2.1891178572657983,2.2546957079127106,5.62113
1.2647483291746227,1.3642003418230038,3.5708400000000005
3.859623124950155,1.709750074867669,4.56165
2.148330273142377,2.0328693452162634,5.40531
2.2229807777509007,2.1014178665534375,5.3072099999999995
1.6883178154304952,1.7347527213986438,4.27716
2.0773664276915618,2.27401640218359,6.34707
2.176538136261343,2.115520681014487,6.00372
1.1125523263424513,1.1738393655820203,2.79585
1.6309352423226375,1.4987002555381115,3.84552
0.3858045722901687,0.40010691631112794,1.13796
1.9879596486221747,1.5447858634225005,4.71861
1.1313727446778978,1.2165982155173498,3.22749
1.0005638954859404,0.8519784034762853,2.39364
2.0873488616184885,2.219923018665287,5.209110000000001
1.3039122437303825,0.9136774404514977,2.2563000000000004
2.0730381576082966,1.9707310928891337,5.43474
0.607322725245812,0.6258441714995835,1.42245
2.2090405071093646,2.4169054234764755,6.22935
4.969490448028852,2.3147006302738156,6.729659999999999
1.656718965123536,1.232067265598758,3.29616
1.5695642339675047,1.5041996445651753,3.94362
1.5101187846159654,0.7070667094624099,2.14839
1.0151888662953312,1.0870509942178426,2.6585099999999997
1.211511831762282,1.1239822929566106,2.60946
1.1830713581183514,1.2678376595921106,3.4335000000000004
2.4012400656327557,2.424233417053729,7.259399999999999
3.104055143195752,2.6862352404210617,6.92586
0.7363056901518554,0.6623433230508178,1.81485
1.870720101404804,1.8856511068805915,4.59108
1.875827455378026,1.8848113776158082,5.06196
1.3555915053953385,1.4677281258053207,3.94362
1.766049774001288,1.2859222509428787,3.76704
2.281719679364667,2.315157228811901,4.96386
1.2854718956087683,1.3362742071895277,3.8553300000000004
1.1002590337052451,1.2051655869754994,3.22749
1.7306380390624725,1.7048348138954696,4.09077
2.444921510826063,2.588464748494752,7.534079999999999
1.467412272284105,1.5513877373081173,3.56103
2.3549960183087357,2.5250826934478803,7.09263
0.7754244984522994,0.8494349788889083,2.58984
5.777266889589748,2.6258159047256147,6.160679999999999
2.7111534306453406,2.7902486732404337,6.95529
1.2828114558655919,1.2024781986547615,3.38445
2.24139358591926,2.45113930252852,6.12144
2.6991676184427673,2.5050631037381077,6.56289
2.391970913974499,2.62026305893893,7.3575
1.7150674612096166,0.9155135744924813,2.19744
1.9929395879328604,1.90338017814361,4.7088
1.354318968799448,1.4795537701719397,4.42431
2.49503035705981,1.8108818916621814,4.5420300000000005
1.6236809543287747,1.6287761349768113,3.5904599999999998
1.7392219798519106,1.8922334700348158,4.37526
2.1134726169979112,2.1703746516120206,6.10182
1.4911576475510562,1.573438578105291,3.5708399999999996
2.7098811789449364,2.293901620453676,5.58189
1.8686955676621058,1.9094268941857921,4.94424
1.4771897001062524,1.6176092108417288,4.5420300000000005
1.5668589816572518,1.4707891483010065,3.8259
1.9101180961526958,2.0198636742983425,5.74866
1.2214599042334546,0.9448087682224378,2.46231
4.918352854798037,1.7658944641399157,5.356260000000001
2.167151640033526,2.2368434940245594,6.425549999999999
2.457455583311731,2.6087106198407675,6.994529999999999
0.9139372133522083,0.9180486417995508,2.50155
2.065857276616659,2.0259625363737603,5.366070000000001
1.3442146310206566,1.3176610970465812,3.3354
1.2708778329564177,1.3871492629994797,3.75723
1.8202727497960298,1.8246538467638185,3.95343
4.236564852778723,2.9022151769088387,7.96572
4.029269664672495,2.6637772046531967,6.81795
2.8356245776283577,1.8061850254140632,4.82652
1.6180850832388265,1.4991785663622597,3.4335000000000004
1.3223683507442243,1.3722982688140362,3.54141
1.692516431426886,1.84918630106055,4.89519
1.9976702721169977,2.0415141898404725,5.93505
2.9013119917547647,3.087922482867729,7.95591
1.2584041738845275,1.301908110040797,3.50217
1.6843849035924063,1.8052825679405424,4.15944
1.539862755978597,1.6379909492881823,4.57146
2.56152794559224,2.7199676410777385,7.81857
3.9665713288745987,2.7875692264390497,6.32745
1.2969868732180756,1.3047324586443,3.0999600000000003
1.5008124463769617,1.2442236129570923,3.31578
1.6841611128392675,1.8436502435440405,5.13063
0.9675249785147668,1.0135665541196592,2.70756
1.4810284500643465,1.1657318391808642,3.11958
4.221794790684407,3.2930369356492193,8.65242
2.043056642386598,2.197778652476177,6.02334
1.3854519596687573,1.5120442519417217,3.65913
1.476043734870346,1.6141360605196824,4.28697
1.4567492167322418,1.5610101171324933,4.09077
1.2022887759186642,1.2956481134783473,2.87433
1.4335360753744566,1.3324373290177665,3.09015
1.6020313703389208,1.7322628629137091,4.6205099999999995
1.7704354988815605,1.7979315247027625,4.85595
1.7091514553865612,1.7476646469474628,4.74804
1.7383594958322055,1.875858237093091,5.02272
1.9676122855506875,2.150278751945896,5.82714
1.469121878334129,1.3970992245220093,3.73761
2.523586351781924,2.6621503599834475,6.63156
1.749868632154997,1.3950588037928724,3.81609
1.8601529441150801,1.9616042900952273,5.31702
1.227197933607289,1.3339688355692572,3.71799
2.6527752815589185,1.721865068380795,4.2673499999999995
1.116811521273845,1.1776808642879446,3.3648300000000004
1.621273782554939,1.773182036137294,4.37526
1.7365177903206175,1.901396324925448,5.57208
6.088322893876441,1.6072440865033535,4.904999999999999
1.3925708783038657,1.5157640487226236,4.17906
0.9073675522355866,0.9931173579139578,2.73699
1.5267135885129206,1.339636828453891,3.30597
2.1510610792583273,1.9106361236614364,5.67018
2.7067068220995045,2.861344548152145,8.672039999999999
1.948904911854347,2.13452089783867,5.17968
1.9608510761019053,2.130910999387351,5.32683
3.148666172818262,2.2004284121484163,6.46479
1.171730481232779,1.0334995239621545,3.00186
2.354311435834265,1.174362580466527,2.7468
2.009494154258728,1.770933704066869,4.7088
0.918645960231688,1.0024920869662763,2.3838299999999997
5.6105010110372495,4.134448523509514,10.58499
1.6659197851337262,1.7635604464605117,4.37526
0.9200416818003412,0.9635547596011345,2.97243
1.6751658182400928,1.5436547520090105,4.35564
1.7727577505824081,1.9147091219373242,5.07177
1.8123073404502892,1.822944201348467,4.5420300000000005
1.9101138976249556,1.8163465127227236,4.94424
3.231627029407942,2.169191908605599,5.8663799999999995
1.674576865524542,1.5979453161575963,4.72842
2.486159301694081,2.070227677044242,5.99391
1.5966208231449317,1.5906807360875406,4.14963
3.212119685075573,2.5444304749530886,7.28883
1.6329205926957993,1.6444644358665832,4.71861
1.3740013147919472,1.4966783212801607,4.17906
1.9692785989798396,1.3965388654097672,3.36483
2.2434392604213738,2.380922906404153,6.160679999999999
1.2796066130260502,1.3658348069221256,3.17844
2.1950701618513246,1.9979938157336723,5.26797
3.4734950662193262,1.712989117662456,4.97367
3.0160233032090455,1.9526878309960352,5.493600000000001
1.7208466264603597,1.8591541792008537,4.50279
1.1104093803188084,1.096510528430986,2.92338
1.8004757783708172,1.963843414002247,4.49298
1.7873504124541442,1.767746393937773,5.37588
2.0252720647236506,1.083273071902925,3.15882
2.0434883832554567,1.751953578700075,4.6107
0.8632335498867035,0.945609709737585,2.6585099999999997
1.2907390458570625,1.3325288116509901,4.0613399999999995
1.5231479580296854,1.6307916530415525,4.58127
2.5790879934290722,1.4819454564153163,4.03191
1.316588254998502,1.2496723315973672,3.0999600000000003
0.858024571326486,0.8951680992975565,2.61927
2.094088443225357,2.227085348618234,6.1803
1.7804001409233825,1.8209537520651096,4.394880000000001
1.4534533873330784,1.592008156056369,3.70818
1.2951057821274679,1.335049335942309,3.5119800000000003
1.3267337435974107,0.9705589161715016,2.43288
1.5580048747195883,1.6043764392529578,3.8553300000000004
1.369212688153305,1.2265508031060108,3.61008
1.1467424246316171,1.2267351720196171,3.14901
1.5860679853020172,1.7361168798557314,3.85533
5.7851960760332055,3.221747482493003,7.7989500000000005
1.0258840039692598,1.122834390014841,3.08034
2.232685742743479,2.3195737566609087,5.23854
2.6086423719053555,1.8373233477861215,5.42493
1.8987271261295027,1.1103024855957047,2.9429999999999996
2.6810121579265545,2.8346096426968566,6.77871
2.442706415607492,2.594765707856877,6.90624
2.131371601516263,1.7530637433447764,4.453740000000001
1.6360215558634916,1.7886161694086298,4.76766
1.9591980617717037,2.0093736256928425,4.13001
1.2151207362233598,0.8047230160993284,2.00124
2.3021787017193085,2.4174787332487537,5.9841
1.9281412961191409,1.7717522678636537,3.80628
3.1452156345710223,1.2296239224697934,3.47274
1.799887728248626,1.765589254090543,4.49298
1.0648030860915083,1.1573762998739867,2.59965
1.9871284453829348,1.9272734755062653,5.50341
2.157664842740874,2.3534814958354784,5.93505
1.4139961719361196,1.4547505642789764,3.9730499999999997
2.077316240573399,1.5250233199495673,4.33602
1.2280863649800855,1.3449566050211432,3.5021699999999996
0.9972079325045503,1.0923733436650678,3.06072
1.6616298351317602,1.3841489366394066,3.6198900000000003
1.0609625737979638,0.9368832482652254,2.06991
2.3568308076525137,2.506301734061563,6.91605
1.2223787492630915,1.2600473075047618,3.79647
1.7810396541065558,1.6559675184857945,4.69899
1.203255586502718,1.2648852857512414,2.943
2.187248711166611,2.019383198256339,5.30721
1.4173667794540692,1.4282452636014584,3.2373
2.005491293249612,2.196800505161996,5.6505600000000005
2.3094824982341824,1.9057617791607637,4.56165
2.1236138823830473,2.0528316710022767,5.26797
1.48217056128841,1.24333252224415,2.49174
1.8850904780805615,2.032109395655165,5.84676
1.0096518848593312,1.1060124243605947,2.78604
1.331638996856881,1.3768769808773769,2.97243
2.159284772835672,2.3391834776947276,5.09139
1.0719566748241274,1.1557440185958134,3.17844
7.409609308566815,2.1887221713136635,6.170489999999999
0.9280522702412833,1.0162263551197637,2.3544
2.0226132928219376,1.8602512391287365,4.76766
1.9241567503324672,2.0405122281108734,5.709420000000001
2.499324127359235,2.6591192844248264,7.04358
2.8164439952890947,3.071586038847032,7.29864
1.4487225633467575,1.5829796090379686,4.82652
1.6495780691437434,1.8018880959482473,4.72842
4.801417955625192,2.174208221261248,6.45498
2.9353327624819645,2.47219526075915,6.729660000000001
1.54379501743269,1.639752577662252,4.24773
1.2199488707113917,1.3272716106924007,3.74742
2.3206128158742896,2.5416774164555185,7.22016
1.245985860754447,1.2420353664529846,3.3746400000000003
1.6026269666394608,1.304466898284506,3.61008
5.817425121482012,1.3359104656338312,3.81609
3.0448028666483484,1.9936122944218617,5.70942
1.1443621845595913,1.2484973909904657,3.41388
1.796074104832537,1.5207388044072525,3.98286
2.2877991278519185,1.756638399842153,5.16006
1.5595740416536819,1.5558754842081677,4.10058
4.817777127208148,2.5721619209742608,7.50465
0.8359056426415603,0.9101791097141264,2.4524999999999997
1.3707229981655666,1.240965646244891,3.67875
1.6890776601151294,1.2415083731332623,3.4531199999999997
0.8643754980909628,0.9261526737206993,2.62908
1.3498883193805329,1.408163908527697,3.54141
1.2796254147796533,1.4017491115567007,3.9141899999999996
1.377766683132525,1.2610397915014417,3.6296999999999997
1.9578836568856688,2.0637467152148297,5.44455
1.7336983684020701,1.8438799034101976,5.14044
2.0990267289627353,2.2729638042344624,6.03315
2.0633751822438886,2.248658006269517,6.1999200000000005
0.9288901082743857,0.9809493136905698,2.34459
3.5947214260287264,2.124998624712496,5.86638
1.8229362825946496,1.9695457297965946,5.04234
1.6580351119925052,1.8138970308813012,5.04234
2.3976504313389806,1.7409917304800733,4.66956
2.1079100773989388,1.9505576039379098,5.366070000000001
1.5133230028814073,1.6213222577976285,4.35564
2.303937205394279,2.0210568253663723,5.6898
1.2389826756052726,1.3572268836528403,3.6297
1.8835583199226937,1.6589567603497084,4.43412
0.7266577195282522,0.7903333618100656,2.07972
0.7421531371624053,0.8109652741763977,2.11896
1.5560630947040677,1.6982429472133838,4.68918
2.4531375671270457,2.5292055931201007,6.68061
2.8695521638489168,1.6408321073254266,4.03191
1.475723139887696,1.5046506238060713,3.83571
1.1340348685115462,1.2351824980463413,3.5610299999999997
1.1485522975032527,1.0058511495445042,2.78604
1.714782200791109,1.800496267563474,4.7088
1.6899083490384916,1.8286052268081268,4.806900000000001
2.2070065532412904,1.9693510862286594,4.33602
1.6183873877876087,1.7272779501603093,4.6107
3.596775552088287,2.1207758885841757,5.34645
1.8690002457062438,1.6444176182071268,3.9926700000000004
1.4043212877578977,1.3991790848458248,3.3354
0.6162887375248715,0.6457235806442259,1.61865
3.7395427483116177,2.9290153184765013,7.720470000000001
4.266804965193511,1.3287100894175523,4.05153
5.61877402197757,2.853295458817751,7.69104
1.185069384740826,1.0541756802117948,2.47212
2.2251731310282357,2.0606363658904012,6.03315
0.4270825309000592,0.4643215770993203,1.42245
2.036884548642853,2.227565666668437,6.61194
6.337461208106129,1.9565716480696538,5.130630000000001
0.4864942431314065,0.41013152929273794,1.15758
0.8273616979894585,0.9059824019482939,2.17782
1.584145416620583,1.72680523258415,4.93443
1.8425746370771525,2.0183249536583547,4.905
2.6027238336884686,2.362697310674814,7.053389999999999
1.1642118503090408,1.2310514239299672,2.78604
0.6523957323588191,0.6359927232602587,1.3734
1.9849963933594437,2.1479442482778737,5.48379
1.349121713801242,0.8345479490778226,2.1582
1.5015283121206873,1.6369242436716491,4.47336
1.4270262765800776,1.5577516020309528,4.37526
1.5259464722754856,1.3166674389343727,3.94362
1.5008551942142851,1.1991442676842514,2.78604
1.4131338199370929,1.5097384959621318,3.54141
1.5218152800192275,1.585254719759572,4.3360199999999995
1.178527688792249,1.2075269227433398,3.30597
2.6383611551870603,1.7599333209641779,4.9638599999999995
1.5269079334720872,1.1761804084578182,2.85471
0.9180521360195182,0.9828311260180969,2.2661100000000003
2.203613671336244,2.3413629297740237,6.04296
1.0577148490259556,1.152805096913611,3.41388
2.8001636459767845,2.610842008094323,7.141679999999999
2.178195575723172,2.366123735826172,6.03315
1.4932160596845991,1.501752617710387,4.64013
1.6347858009690444,1.365352073726773,3.78666
1.4300353441960796,1.3808830959751808,3.24711
1.0912568628650177,1.1897296323745157,2.99205
1.9070549166450346,1.729789819949233,5.25816
1.8609374350579335,1.2840936515379242,3.25692
3.2245217810087747,2.5269894820438017,6.36669
2.0495662478558727,2.196742824672474,5.43474
1.54634873687988,1.486993444649303,4.05153
1.204621132638806,0.770835484626908,2.3053500000000002
3.228925896393412,1.3297815949546,3.93381
2.9307009003990836,2.2798715781464534,4.76766
1.5278635406998886,1.2801154164058803,3.22749
1.1154319427244317,0.6404485128017708,1.83447
1.982356422568858,1.3170511090310808,3.0018599999999998
2.603102801369934,1.594358913607598,3.9534299999999996
1.2742682749719543,1.2454090249552554,3.42369
1.5269341944072117,1.6277437912982495,4.30659
1.275614384326235,1.377830710210801,3.55122
1.9409550454995088,2.0683743901020435,5.02272
1.0359812092407854,0.6782866026982989,1.7658
2.0094662178175575,1.4370416721828216,3.48255
1.5967815480208931,1.2450071421481885,3.65913
1.3693239693549515,1.4365728182692306,4.50279
1.4561930868191895,1.583408150680045,4.65975
0.6872136650271151,0.7293962049256906,2.0993399999999998
3.8695237957014816,2.0222088217095684,5.60151
1.7270383570291656,1.5091519413067727,3.99267
2.0624966059608436,2.250429109801062,5.97429
3.3190169776682374,2.90188632624195,7.004340000000001
1.1218125691709824,1.2175431248173512,3.21768
0.8871498549568727,0.9629886286711801,2.51136
0.6256647473687486,0.6585620881891092,1.7461799999999998
1.5267030826752137,1.6601281490144066,4.28697
2.6926648163761486,2.133892613040778,4.98348
1.6155405132803076,0.9574630358348044,2.6487
1.2292873383590999,1.1252615937061035,2.69775
1.474603227820962,1.1345382693942059,3.07053
3.83893682684412,2.6656762417593027,6.09201
0.7217853748518323,0.7633772802946128,1.9325700000000001
2.293344976186531,1.7580111217736936,4.4733600000000004
1.7554738487229027,1.6834343020118128,4.57146
2.6985911506840012,1.898831026581881,5.24835
1.438021306326857,1.166635457831623,2.98224
2.2409570291060916,1.6594932661990527,4.74804
2.237798404593229,2.080336889640714,5.80752
1.315723012453609,1.1724981602203048,2.67813
0.5622165689927682,0.5168451978203918,1.20663
1.6254778266251435,1.7101102714708196,5.042339999999999
1.6908334931033275,1.3225781703022321,3.0312900000000003
2.1097620856034927,2.261867060344175,6.17049
1.8994154662816665,2.0725111925946265,4.74804
2.043351021055854,1.448075850730893,3.6493200000000003
1.9771267499201965,2.074748130128089,5.52303
1.2657751422942387,1.3592391342916819,4.2183
1.5344054702554994,1.6777537980734838,4.14963
1.5455706109880585,1.5734752754301544,4.09077
1.6684452011528577,1.1973144183672058,3.21768
1.7491489507328988,0.8776249918672554,2.4623100000000004
1.8011037107423882,1.9728728702554557,5.47398
1.3997624503107662,1.5327603099115008,3.4531199999999997
1.1588748055117948,1.0467856867334402,2.8939500000000002
2.949258121231507,1.8077827612935133,4.92462
1.6046723305242103,1.3553205256580452,3.8945700000000003
1.3350193004784612,1.4478631697884992,3.28635
1.969364117361236,1.591782461918085,3.57084
1.320171129191212,1.444309434626112,3.3550199999999997
1.5799481381361857,1.1087585870513021,3.1392
2.3258632144969313,2.387298655432537,6.160679999999999
0.6749441596902666,0.7304246072799027,1.78542
3.294621962592977,2.4453872457751964,7.49484
1.5718261088937286,1.6834104824551854,4.59108
2.2635782285686528,2.1728777231565513,5.20911
1.2206192120600101,0.7734051199403843,1.92276
1.4634117711703702,1.5934492244561793,3.78666
1.7097097356276592,1.5771234069025797,4.04172
1.4693456729952963,1.5346605055939897,4.13001
1.1088627376731532,0.8284349939977186,2.17782
1.3382652281965635,1.4554505150364956,4.0221
0.8186012482582714,0.7585800946175691,1.65789
1.8014554353355512,1.4937637746979942,4.30659
2.0549354907758057,2.247474354209632,5.70942
1.470191418149351,1.5050812201339834,3.11958
1.495191185668241,0.7322931190172416,2.1385799999999997
2.5698798725329555,2.241414338142326,5.36607
0.8143974225462651,0.7684785250024881,2.34459
3.6123429660055812,3.3214140285411573,9.13311
1.701683933534662,1.8492765056935103,5.62113
2.111164270728358,2.3001775974650305,7.13187
1.0083165761803183,1.021955308044339,2.9626200000000003
1.7233008585995657,1.1838425218034703,2.56041
1.6435971174226365,1.4310993516454404,3.6297
1.342919370364431,1.4294710654784168,3.36483
1.5991403336167842,1.299322063077511,2.9331899999999997
1.077433986655331,1.1322797022820819,3.44331
1.692350582296706,1.7887228790396794,5.24835
1.8249588464949011,1.990445534989591,5.7879000000000005
1.9260646983292125,1.8705220340402302,4.82652
2.226866398675502,1.6884878603738909,4.532220000000001
0.8243124549586766,0.9028114094759768,2.34459
1.343432848861453,0.9657478735570687,2.4819299999999997
2.451787036367555,2.574078698866839,5.67018
1.7795260683395453,0.49989306156417096,1.45188
1.8583844709854849,1.7735546723233542,4.68918
3.1668021198363503,3.0251342447831964,7.90686
2.985054206718866,3.265533235738078,8.819189999999999
1.8899213876508199,1.4259929738676835,3.5414100000000004
1.510203752230142,1.5910769613912459,4.32621
1.1651345438617808,1.2698096740378064,3.25692
1.4399496145872606,1.5527642429905448,4.345829999999999
1.4571510398719825,1.5030764064411364,3.5806500000000003
2.7112066746745813,2.0076127650221793,5.18949
1.9418555731438936,0.7706377856749564,2.01105
2.413230091278078,1.7028014398249725,4.65975
1.7171657068116637,1.8806847175722996,5.46417
2.5090405499911714,2.642550104864618,5.97429
2.4504455795222224,2.4406049776069865,6.85719
2.041796222116693,1.6435824793267904,4.81671
1.8467352141414317,1.9330803513951509,5.54265
1.4697767910128396,1.1485159883432186,2.7468000000000004
1.0309683049444343,0.6491225926125203,1.5009299999999999
1.5991052282917468,1.5977284918001555,3.93381
2.427438198234921,2.4186249451020716,5.2974
1.580064879759689,1.7300948559053055,4.89519
1.2771600281875408,1.3141397301048319,3.21768
0.629332717685963,0.6442539029218215,1.51074
2.0898178322882592,2.0983717650383116,5.3955
1.528933950960603,1.6595899154791223,4.43412
2.0849269722462704,2.135631968069405,5.5132200000000005
2.0664860662607913,2.0624476123746756,5.748659999999999
1.6918908583150394,1.8509410322616981,4.73823
1.7736442018764642,1.3811060914317914,3.51198
1.7027110112846513,1.385877927059234,3.7278
1.9108736808721816,1.306807132315247,3.9043799999999997
1.4865630038111401,1.4777476967601741,4.04172
1.4066037179141822,1.4670908843933288,3.75723
0.710339293331011,0.7296270623476078,1.99143
1.4866169505962186,1.5792211005049293,4.28697
1.6687383826112467,1.8268738183027309,5.1993
1.3144606879058802,1.0585606705853,2.68794
1.7612069431216768,1.8282815350705701,4.93443
0.42478546055626715,0.4652740043028408,1.20663
5.253129053112059,3.373301791353688,9.30969
2.1969837584401937,2.148935677276079,5.97429
1.5539692334792217,1.6797936210737319,4.26735
1.1682209437644917,1.0663865581439032,3.05091
2.560287841913483,2.374906923167727,6.83757
1.436118330465843,1.3677358916106575,4.18887
0.664164289690435,0.7224583807805125,2.1582
1.2142624461375722,1.3271398836294537,3.41388
1.1643427244802107,1.1895193022519643,3.0705299999999998
1.9971443015591037,1.9377841765970738,4.8951899999999995
2.679728588831339,1.9441496181312796,5.83695
1.174574259146692,1.1401018076777178,3.38445
1.4805789421202775,0.9765705951901277,2.75661
1.6074137275449654,1.4761187114456613,3.99267
1.059911370516422,0.978454271874777,2.32497
1.5187715567359035,1.6057954210390564,4.28697
1.227152188116861,1.152876052678691,3.12939
1.3951197379257452,1.1876786752947954,3.14901
1.6458108485789005,1.702012854322787,4.43412
2.041069458127283,2.1130931280471286,5.94486
1.0558328196499671,0.9708381635422043,2.36421
2.4983195906548863,2.648477751786863,7.73028
2.767680749951121,3.021896683930475,9.388169999999999
2.1824218609723465,2.30263430045459,6.170489999999999
1.7754699806670908,1.9446321867206662,5.5916999999999994
1.4619697886584389,1.5803105165726132,3.99267
2.351250518468842,2.241888724499947,6.6708
1.3720446169130216,0.9144056710454063,2.80566
0.804400060728491,0.8228635173101309,2.32497
1.9434243026035256,1.425179522554966,3.32559
4.408879288413327,2.5616763420151267,6.65118
1.69537595773032,1.824056004872109,4.78728
1.5301189233193608,1.6599107507333037,4.47336
1.2998651031549389,1.419594340436732,4.13001
1.07259240042525,1.0899508943938712,3.18825
2.0304251301636316,1.9552259458589436,4.79709
1.09820894364415,1.0478255664374676,2.66832
1.9338974628712866,2.086102131958069,5.21892
1.077165994171743,1.0233417848988675,2.67813
4.766090343462868,2.232885445720403,5.70942
2.3520621517936124,2.576492742485412,6.59232
1.5545935610152255,1.7029483759615265,4.73823
1.5642157024528298,1.7133776534319571,4.78728
2.18933398883085,1.9708621229172782,4.99329
1.403184395794081,1.5239659500920617,3.84552
2.425960967699192,0.746660661237754,2.1974400000000003
1.5217204205109427,1.535704245471764,4.44393
1.6660256889375986,1.2035501425865063,2.97243
1.919875732111326,1.9327285138037364,5.2974
1.8274663499637962,1.5901573254335557,4.43412
1.9149780019363145,1.9526746885746227,5.37588
4.179334410004779,2.370033874599686,6.7689
1.6651204756413271,1.7769229344797146,4.4145
0.8065804828719823,0.8763301058334125,2.3053500000000002
1.5282309228320177,0.9542059470156325,2.76642
1.6752567762137243,1.5426205504757156,4.0221
1.405303187020509,1.1962315233557423,3.48255
1.0044117862211694,1.0651449660210577,3.24711
1.8956963062553032,1.9562666705717808,4.73823
2.0707389572324173,2.2567662822543233,6.03315
3.284392297488228,3.5912300649610294,9.2214
1.6680365836815452,1.8184434424529126,5.13063
1.348711490089708,1.4079543121848805,3.78666
1.0173037796302538,1.104440745187355,2.943
2.0593212813934594,2.1450053475457818,5.22873
0.7541906052517493,0.806922442983215,2.03067
1.279819683392938,1.187596293224259,3.1392
0.7142573803958907,0.7778882578558439,1.9325700000000001
1.6781313761443113,1.5806789002197759,4.34583
1.0966816583448453,1.1876570674357139,3.11958
1.989588767044587,2.147098783211895,5.84676
1.7512704733706899,1.5818636406972633,4.33602
2.6698283420662086,1.9399276033501869,4.52241
2.2035809171323844,2.411742162916674,6.35688
1.7956007404069536,1.7466915514738142,5.12082
0.7417640206966094,0.8022636953022366,2.21706
2.10510043800765,2.211946536740886,5.1012
0.8715178823466562,0.892672268433382,2.23668
4.895468499091788,2.461936071208999,5.76828
2.039831399319561,1.831161168338276,5.27778
1.8944182753156706,1.9560534860248582,4.82652
1.7593891541810756,1.921004910714702,4.96386
2.241343493554703,2.4533631281161785,6.22935
2.3088156822167507,1.75095080578239,4.8951899999999995
1.4994171297040728,1.5564413393989507,4.01229
1.7773164452060866,1.6329058588908303,4.91481
5.329948534657722,2.276111681583309,6.25878
2.051986881537014,1.7017074973096873,4.7578499999999995
1.5311563312738514,1.0550866688950251,2.3053500000000002
1.5848438823114408,1.7017112674834118,4.63032
1.2047476170758755,1.319198815323149,2.8252800000000002
1.675792849206011,1.0389603608367357,2.7958499999999997
2.6270018745806025,2.7965308802496716,6.60213
1.579044367616059,1.6899491609394646,4.82652
1.1336246295401313,0.8173325588522704,2.52117
2.3858611100187708,2.40135495219678,6.68061
2.2740234554858927,2.2022929270013107,5.90562
1.02057009083159,0.889675601149093,2.42307
0.9979153889233295,0.6589346159597325,1.8442800000000001
0.9010526386676864,0.8469710318245837,2.14839
2.7271976438278176,2.05254646644601,6.0037199999999995
1.6524002749182778,1.800318092868591,4.68918
1.5404355344349856,1.68734756663528,4.68918
2.635255852635565,2.376505655341472,7.1809199999999995
1.9006943564392462,1.4318119847242514,4.24773
1.688493559907766,1.8373312045328136,5.13063
1.8376629031870888,1.910008931431997,5.1012
3.1687590763183624,2.3834255891531417,5.081580000000001
3.8122464448537428,1.3628158018015493,3.6296999999999997
1.3047853183761686,1.3456719479092965,3.7670399999999997
1.6755391931852863,1.8270494032729383,4.17906
2.822519588984282,0.8974014418085142,2.46231
2.267174977025373,2.481161495644731,7.406549999999999
1.91677793925118,1.848560819058978,4.87557
1.931071360553514,1.7650341089027148,4.19868
1.826540160357828,1.9283742016009238,5.44455
1.8019895691984458,1.4661011359111622,3.6885600000000003
1.7975603727274365,1.6546846232439583,4.00248
0.7567701309512684,0.8289924039700243,2.46231
0.936927758954766,0.9895886630918931,2.52117
1.9100509186013865,1.936081644546531,5.18949
5.144349720231896,2.902372680416834,7.269209999999999
1.4225740290754643,1.4871476825924184,4.355639999999999
1.1886168875630194,1.2979140386789874,3.12939
1.9914219457965205,2.1744206713421392,5.97429
1.8717958154269927,1.3912145729936847,4.0221
1.1636744231527991,1.2732861021781396,3.2078699999999998
0.5261398498973443,0.5369126908073603,1.54017
0.7750313912997331,0.8314112454615947,2.22687
1.4806981020957648,1.616745343036435,4.65975
0.8244194662003075,0.9021662730727633,2.48193
1.106509729848771,0.877288651624994,2.30535
1.8190695811595554,1.9759298006255182,4.904999999999999
2.3789030875279473,2.455648297250647,6.85719
1.6560701846540198,1.799130107802101,4.7578499999999995
1.184575271605819,1.028182850586412,2.7566100000000002
2.1917466200042375,2.380154808923151,5.43474
1.521119506251892,1.5078196579299528,4.2673499999999995
1.8102440606586727,1.9800110572191258,5.12082
1.329439000180151,1.188390164567176,3.50217
3.069519058818498,3.3570239497671146,9.133109999999999
2.34045438607549,2.5091824622055685,6.59232
3.086828905827143,3.089831807427388,6.71985
3.9143600526969924,4.238391171724243,12.93939
1.6787095272708734,1.7281394678873576,5.179679999999999
1.15008740411327,1.062491386995678,3.26673
1.7623995591806076,1.6038794990397502,3.95343
1.6699201986023167,1.7993761465908122,4.72842
1.5389302335063797,1.6525701333982772,3.94362
0.6505615485486366,0.6400276364267405,1.4813100000000001
1.759266078056415,1.9159476666548072,4.77747
1.2938729289424058,1.3556376493849673,2.83509
2.026055953681931,2.1657086813027275,6.30783
2.2162893904113696,1.9918833991250593,5.52303
2.844589896891993,2.448680281433246,5.670179999999999
0.8187188014513898,0.863653368122883,2.52117
1.4777650629244148,1.2790624959398973,3.34521
1.7633958216605823,1.8836775324747068,4.944240000000001
2.209243799504708,2.1456550468400084,6.13125
1.3213430307456122,1.3306931426891775,3.26673
1.7412082170291985,1.9073299212747648,4.7578499999999995
2.51280298388075,2.6615935954386423,5.4936
1.841386040636238,1.7511266759746424,4.738230000000001
1.2827989525252972,1.3833282715393334,3.44331
4.2448385019986326,2.090747835246996,5.7290399999999995
2.116919051817995,0.8391861085063312,2.33478
0.8308921362306904,0.7722262682595044,1.7461799999999998
1.2643614735509778,1.065596621447347,3.18825
3.3431092524026194,3.2180608128312307,9.03501
1.3908940291229954,1.4769497184501577,4.07115
5.866405974022766,1.7714743245641467,4.86576
0.7611658168231151,0.49653202990340917,1.3734
2.095026503125915,1.97778618246766,4.93443
1.714782200791109,1.1366470140857274,2.92338
0.7385134104401897,0.779928933224047,2.08953
2.9198911984096254,2.014873859731671,5.82714
1.7217970667880698,1.278962172591512,3.67875
0.45143768241031895,0.4842471445450144,1.3047300000000002
1.1521843955938649,0.9122649492937893,2.36421
1.894820397847775,2.075226608108136,5.42493
1.6521672977486268,1.7049740489022114,3.9828599999999996
1.2084762704331433,1.219190020530024,3.0705299999999998
1.690695939620723,1.8160259352415649,4.85595
2.0479887563900347,2.2432762471082337,5.2287300000000005
3.6529398176263457,2.7632502265846286,8.06382
1.8248050345584867,1.9879596486221747,5.33664
1.8932495190148604,2.0026572995972125,5.28759
1.3003092399887035,1.3656938805603547,3.7866600000000004
2.1225713323349114,2.298233375049192,6.8964300000000005
1.877062602712014,1.6073279113734074,4.13982
1.8984398920429373,2.0794392546357297,4.52241
2.301314627739979,2.1860714291051884,5.84676
1.491378135551142,1.52166561009967,4.3164
1.1661046495276486,1.2256259251949593,2.97243
1.8850904780805615,1.6869140529114102,4.44393
2.418853061339196,1.5911132519057214,4.10058
2.0251097063616084,2.2068880903299104,6.07239
1.5271495170414717,1.299815745250072,3.5316
1.890931044961714,1.9299937803423097,4.60089
1.2383935116109095,1.2328897439755107,3.64932
1.7782006239454535,1.894053328151032,5.71923
0.6067810801681278,0.6544208770737682,1.63827
4.531961648480711,1.4557281974874292,3.89457
1.7557342271824627,1.8861750037576046,4.71861
1.1288677499379633,1.2033755501712673,2.59965
1.2379660304305609,1.2025422221277722,3.71799
2.7383755901355094,2.8067762657023447,5.60151
1.8843160427194798,1.7970757970074607,5.04234
1.4528407969560877,1.575935102864328,4.0221
1.6179562149514428,1.713950465947018,4.8069
1.8798589810807618,2.0503455423098806,5.885999999999999
2.2402554974154176,2.3920956329377803,5.6505600000000005
1.791679521845355,1.9619509493868599,5.9841
2.5080175217689367,2.745430930240278,6.64137
1.777447295294575,1.7317072224339773,4.44393
1.6455184557761726,1.7364974698973794,4.522410000000001
2.5800424334301173,2.514951876668816,7.70085
3.3227552741437343,2.7932942160449192,6.87681
1.4076125120927279,1.5039426432015284,4.06134
1.2586909213941284,1.3666706710981982,3.89457
1.87597280903802,2.0541751156778236,6.1999200000000005
1.3607699436164806,1.4189580897933527,3.36483
1.36575847361457,1.3422252653075786,3.4334999999999996
1.9026764126093538,2.0695705740660304,5.34645
1.2530203082153137,1.362250759603385,3.36483
1.8653924156729063,2.029079398789017,6.013529999999999
2.720045478912071,1.9844387749058927,4.96386
0.7836341966121693,0.8579497946849804,2.48193
1.4154926925456026,0.975400494130488,2.39364
1.3339015006926112,1.4379521513284093,4.08096
1.463192549871684,1.3875469668158984,3.77685
1.4106516214501723,1.4700168525564599,3.55122
1.0620655950081426,1.0319262055592928,2.98224
1.4841549832143541,1.4541274901878445,4.15944
2.634796285673714,2.0255658606720246,5.85657
1.8311226278297148,2.0056056573289776,5.67999
1.3043672992106172,1.4279184300337326,3.5708399999999996
0.8693527316342888,0.7380876065075203,1.69713
0.8842795888179258,0.9491700973798111,2.48193
1.3714541393900126,1.247983408267113,3.37464
1.0842897929059372,1.1030384241176732,3.34521
1.686782836007647,1.690109551653383,3.924
2.1948326719137383,2.347544820070535,6.65118
2.4611795711914235,2.666338630172469,6.87681
1.7514215852986397,1.9175618484393144,5.24835
1.8640979105454736,1.9856629055305435,5.03253
2.3865265612601085,2.5531015809403277,7.34769
1.4705295800153086,1.4823902220265754,3.79647
1.2657054467766187,1.3181953654902598,3.2373
0.9556571503421089,0.7280579913715666,1.9325700000000001
1.4267002879897377,1.5510775449570533,4.84614
2.574718553638436,2.3449915325625375,5.99391
0.7789638308997409,0.8426727188357293,1.94238
1.5612340956595843,1.6749484565532158,5.02272
2.512190136235711,2.737745863370083,6.150869999999999
1.4135650616968432,1.5007536661124636,4.13001
1.715918284243163,1.1686506050826313,2.7271799999999997
2.0092027979897895,1.9950438564277229,5.44455
1.3638487524282155,1.4921264761138715,4.57146
1.5420589849127042,1.6844477501157464,4.04172
1.65561491827055,1.661475383446893,4.7578499999999995
0.816059931622672,0.8918723432644383,2.00124
2.264499200231698,2.4802304398321535,6.62175
1.4272173387224527,1.5620331700415329,4.23792
1.4897586713457989,1.3991607432850595,3.36483
2.9804242745538763,2.0405405255446407,4.99329
0.9900245649225073,0.9803016063997855,2.92338
1.3338293524098201,1.369073281044517,3.77685
3.5367691752926143,2.1161150067706624,5.7192300000000005
1.4229516873913886,1.2720573197580367,3.52179
2.064323313848875,2.2550769728769793,6.83757
3.3509970178590134,3.670266995317916,11.10492
0.707488512592254,0.7262956358604945,1.9914299999999998
3.7065511303434087,2.9134571442789405,7.435980000000001
2.8723790563311797,2.798608633780365,7.71066
1.958739553399073,1.9108048510797746,4.8951899999999995
1.032390840161806,1.1133161500445414,2.93319
1.8272600829657502,1.7384213137326636,4.26735
2.365647820048453,2.5264486412986904,6.65118
1.898845386359827,2.076920105839413,5.67999
2.117528891727336,2.2363156808554554,6.2783999999999995
1.8410027397725404,1.5058323371311961,3.77685
5.158278599348818,3.8792003246648656,10.771379999999999
2.797174896605502,2.3468068055636793,6.59232
0.9985580961816893,1.0927961330961966,3.02148
1.1994705894685371,1.3125423179006457,3.58065
1.6478026105847752,1.12309291328456,2.6487000000000003
0.9151122897491869,0.7102173517100241,1.85409
0.6053387399630062,0.3785016171695968,1.0987200000000001
2.509200360473432,2.6375439726988437,7.553699999999999
1.1606243020030211,0.9590882684925303,2.49174
3.6186624341322586,1.6901199907580529,4.385070000000001
1.2442468166324556,1.3578684351291181,3.32559
0.9912955246040406,0.7966702550239967,2.0601
1.6553581703214564,1.8127090966920203,4.50279
2.442716264919035,2.1492513752653504,5.95467
2.750432553390466,2.3582534028534763,7.34769
1.9105882728756607,2.0865887679823256,6.0037199999999995
1.7921673465806702,1.8228702916417283,4.8167100000000005
1.6242537997646795,1.7563434532545166,4.69899
1.699590167731621,1.7754031288329981,4.64013
1.6140158207403048,1.3901108072812036,4.1202
1.850856108305019,1.316336052879355,3.67875
2.5065205911182935,2.6715495749695535,7.77933
1.6209670688511844,1.7493809313468578,4.28697
1.9401905084037496,1.4940300419871082,4.22811
5.159890591325556,2.2911877523655715,6.12144
1.2014213187720617,1.3122636708832567,3.55122
1.6155752614780905,1.7024236804039115,4.24773
1.0315981936539051,1.0008203475899158,2.76642
1.4087344448653194,1.2152962808755732,3.26673
2.301046280694936,2.0860836790694663,5.11101
1.5329517956706924,1.660166794617336,4.56165
1.4050806072250803,1.5136165601102545,3.75723
0.6112057761916194,0.45353261433991715,1.09872
1.6859791474689123,0.8753613489068387,2.3249700000000004
1.0536125724620033,1.1459057038823046,3.1686300000000003
1.4882937195493369,1.5057556444888391,4.11039
1.016436250607976,1.1118803044527772,2.91357
1.9032621996850565,2.0120825763745382,5.27778
1.9515243840136869,1.685786966363188,4.05153
1.520861145584961,1.6334607404373083,4.905
1.972220740802104,1.9797032090972626,5.11101
1.5587922280406712,1.634453164553821,4.30659
2.616255456277158,2.8230105259952536,7.848000000000001
2.536443115565575,2.7000998093552027,7.62237
1.7183002143688395,1.8142683770710442,4.73823
1.733851011808685,1.1844439246794252,3.17844
1.4286045818910145,1.1027184743532685,2.9724299999999997
1.3377317813560385,0.8229044497327743,1.87371
2.188956660512035,2.397108511561377,6.24897
2.1697367896936255,2.063054117659059,5.38569
1.8755153344614381,1.8988572119777725,5.47398
2.7279914979706223,2.4882770582232197,6.09201
1.312653515764918,1.4352592125013515,3.3550199999999997
2.59005365595966,1.740613044599517,4.080959999999999
1.0930999119934097,1.1590090501113441,3.2274900000000004
1.526692576765211,0.9538310302721337,2.53098
2.3225956230261007,2.0725042274022023,5.454359999999999
1.6481189281116821,1.7831079425430192,5.061959999999999
1.9819194575713717,2.164546359919325,4.8951899999999995
2.5370785537405025,2.4666126093632945,6.46479
2.3702301257578346,2.591559275916721,6.93567
1.1229700864448704,1.1192474870688787,2.6585099999999997
0.8388936288946293,0.8004863822951643,1.78542
1.25715446634453,1.3282814866849573,3.19806
2.054428084832857,1.5868656727744792,4.6107
1.290496706640509,1.3264157555570577,4.110390000000001
1.2228903777321989,1.09229698924331,3.14901
1.6223171640742757,1.6525516924653219,4.83633
1.5212513060142299,0.9738996593643515,2.4426900000000002
2.5251906753055304,2.7611882710800435,6.876810000000001
2.4058912499736973,1.9098838041933337,4.8069
1.8023945151797371,1.974358465058967,4.28697
0.9718668853294674,0.8186659046033369,2.23668
2.5437962427541243,2.070934914503592,4.58127
2.676042015729574,2.626402238940182,5.9841
1.9019513040296274,2.075140041915244,5.51322
1.1186698197859812,1.1099210475705017,2.4426900000000002
2.5522533295305934,2.3309242616267047,4.85595
1.970153968767416,2.0782147925635597,5.6505600000000005
1.4605099095350227,1.5425706418151488,4.28697
1.8808783037187706,1.8360693295733688,5.464169999999999
1.0679241276420344,1.0716124778108922,2.80566
1.7022540853233399,1.6528573971519747,4.37526
1.1881174998711197,1.1386307161323201,2.65851
0.7523807410812693,0.8234889764835958,2.3544
2.087894359827623,1.8537387445052766,5.28759
2.7321715919850273,2.9277051611851217,7.90686
1.957920521382316,2.1445244882234387,5.915430000000001
1.968981291899443,1.97739444278323,4.50279
1.6271790745335928,1.5594835359310466,4.00248
1.435839089731158,1.5622374948899413,3.34521
0.9900731666144679,0.8543922431003221,2.33478
1.4737055970410102,1.6007052482171726,4.3164
1.5452021614339013,1.628389082793176,4.00248
1.8561909525153923,1.8876608544863138,4.58127
2.209635810591872,1.9088631652033101,4.60089
1.6340743279606347,1.726459667539326,3.8455200000000005
1.7459365701107243,1.0860117511104563,2.66832
2.689902477024028,1.8731569288449914,4.394880000000001
1.8942108313754304,1.7320211812099757,4.5126
1.9629848403260788,1.683434302011813,4.15944
2.8315858794675464,1.89752552245286,5.31702
1.8739025948138288,2.048814840133193,5.38569
2.1840674916426006,2.3925200310195947,6.64137
1.6992787120275472,1.7003166758430617,4.8951899999999995
2.854569532626592,3.092693324796366,7.93629
2.187322041104144,2.0592309309739885,5.25816
1.8229582790480972,1.7236638067065166,3.9043799999999997
1.859967549031434,1.8720751427947544,4.88538
0.9946714359023285,0.817826934626147,1.92276
1.3398583089640486,1.4215363617579397,3.26673
1.6696848629456997,1.1741836480849153,3.57084
2.4568191367497936,1.9287135278107013,5.16006
2.7784418574085725,1.8105089649819466,5.48379
2.565310310703171,2.7401632250214583,6.19011
1.6736475270050142,1.3656057941990434,4.25754
1.4716961869217438,1.5487335874578299,3.9141899999999996
2.699559783862917,1.9787891041619365,5.385689999999999
2.457416422129143,2.675694359479423,7.534079999999999
0.9423388845845214,0.9120029413768357,2.73699
1.7344568273670002,1.8306486884380628,4.93443
1.091242164714139,1.0687303535457389,3.01167
1.0076402994372546,1.0997253570005558,2.77623
1.8212769848241097,1.99191560828013,5.67999
1.1580302302401264,0.94099157713021,2.4426900000000002
1.5340029717050747,1.679667577397385,4.44393
2.0665132318715016,2.26361294891154,5.36607
3.973609090291847,4.280608984416819,13.371030000000001
2.04276222129498,1.7203329838813184,4.57146
2.1148154606726326,1.9050572095661589,4.49298
4.168703681853629,2.460265075157553,6.4844100000000005
1.3463070920484672,1.1852602061657178,3.3452100000000002
1.9914984594144178,2.1704256429073996,6.337260000000001
1.9281038622569067,1.8214795265250718,5.0031
1.9713869695470752,1.9236173496722262,4.6107
2.3829214935452656,2.598288583140834,6.98472
1.749277323253806,1.8636185866507127,5.38569
1.3626663238482117,1.3919752807826724,3.9828599999999996
2.1449343097983213,0.7513823902581162,1.84428
1.5363172033307444,1.3606355655611828,2.98224
2.2216672151449686,2.29321978254811,6.25878
2.6526845862163864,1.9094445342847746,4.7088
1.1929540841122093,1.3042160416280733,3.65913
1.2999576441753786,1.399481685893031,3.06072
1.4820569308903084,1.5307582174203738,4.0221
2.469581851791918,2.6623672497159365,7.03377
1.423808093055381,1.5048094471892446,4.532220000000001
1.750853703211665,1.913743858354613,5.0325299999999995
0.48038960001232334,0.45667279800750116,1.1772
2.6787108710721284,2.9021930704692958,7.141679999999999
1.486962163674651,1.4815243752162837,4.57146
2.424185117900446,1.8137069075763042,4.60089
1.944987643559722,2.048037312706973,5.31702
2.8333894294201776,1.7401116888722976,4.6107000000000005
6.375038394025561,1.8617164262260784,5.31702
1.6884983095046318,1.4683661829938743,4.4046899999999996
5.968554007483722,2.7611325054821254,6.48441
1.7762241479329122,1.6452474587246746,4.63032
1.6267058624717623,1.6423905007884085,4.01229
0.9628053973934712,1.0390715076596029,2.8743299999999996
2.5170409476109046,2.6156809511693124,7.04358
2.3718029316956333,2.17209143873825,5.90562
0.7275621403357929,0.7969862802018615,2.2661100000000003
0.9345108500172697,0.9960314792615743,2.87433
1.5786684905324486,1.5519283577150074,4.07115
1.1948013508738597,1.2842447812586197,3.75723
2.0282792811025803,2.0912970486064384,5.336639999999999
2.661799081626936,2.374342248790178,6.9651
2.0907463009294074,2.15110208952295,5.24835
1.9293263260915712,1.9283151460873815,5.41512
1.0280549250404865,1.1124153591172679,2.92338
1.9719767466808527,1.6788203566403403,3.7081800000000005
3.2181236127128487,2.601967582034795,6.9062399999999995
1.8969016053290695,2.04162103673527,5.7879000000000005
0.7693400377596372,0.8149034203143339,2.29554
1.354757093042882,1.4283002900755848,4.0221
1.327615972900296,1.392633073023903,4.08096
1.273651357436563,1.3201942129398991,3.8259
2.237830657969901,2.4118272881261626,7.18092
3.6596581589337003,3.911311915563626,11.850480000000001
1.0957013219166982,1.136833265465961,3.0312900000000003
6.015896683550176,2.608238381342856,6.808140000000001
5.73205163992789,2.129865243596411,6.16068
1.8200480424428362,1.9645064889584865,5.464169999999999
1.0988659724461396,1.1750015972584889,3.3059700000000003
1.9220090880638416,2.0891538393809106,5.47398
1.4706441010829234,1.2621229975679866,3.87495
1.6909330938124072,1.6545343703138957,4.76766
1.7004345861867194,1.859419878886961,4.64013
1.1801665122346083,1.2906172605540345,3.57084
1.1207468836450094,0.9730346421171242,2.56041
2.585256085371428,2.605979308296595,6.8964300000000005
1.9639079348202655,2.1407696290516642,5.41512
2.3199284579270976,2.4475245530944116,6.83757
