Crack1_30,Crack2_30,Crack3_30,Crack4_30,Crack5_30,Crack6_30
4.09077,1.59903,1.54998,-0.42183,1.36359,-1.34397
-0.28449,-0.5886,-1.34397,0.3924,1.15758,-0.63765
-1.84428,2.39364,-1.55979,1.09872,-2.28573,0.8829
0.16677,-0.67689,-1.70694,2.16801,-2.5506,0.00981
1.01043,0.04905,-1.46169,-2.0601,1.03005,0.8829
3.89457,0.34335,0.44145,2.33478,0.74556,3.61989
-2.12877,0.76518,0.18639,-1.51074,0.74556,1.3734
1.19682,-1.16739,-0.28449,2.60946,0.04905,-0.18639
2.96262,-0.55917,0.63765,1.29492,-2.54079,0.02943
-2.04048,-1.70694,3.0411,-0.77499,-0.72594,0.54936
-0.26487,1.01043,-1.08891,-2.65851,1.40283,0.41202
1.30473,-2.19744,-1.25568,1.81485,-0.45126,-4.09077
2.19744,-1.15758,0.56898,1.21644,-1.40283,3.09015
0.99081,-1.44207,1.63827,0.25506,0.61803,5.41512
-0.84366,3.09996,1.03005,1.29492,1.55979,3.924
1.67751,-1.42245,-0.44145,-0.22563,0.51012,1.28511
-1.962,-0.90252,-2.61927,2.31516,-1.79523,-1.81485
-0.96138,-2.32497,3.6297,2.69775,2.79585,-0.62784
3.52179,0.89271,-2.38383,-1.26549,0.81423,-3.12939
-2.16801,2.05029,2.36421,1.6677,0.83385,-4.59108
-3.47274,2.17782,-1.35378,0.91233,0.92214,-0.60822
-2.56041,2.18763,-1.44207,0.53955,0.76518,0.44145
1.1772,-2.27592,-1.2753,0.73575,-0.16677,-0.38259
-0.83385,1.84428,0.27468,1.08891,0.05886,-1.38321
-2.16801,2.47212,-1.03005,-1.01043,1.08891,-1.54998
0.67689,1.6677,-0.11772,-1.00062,-1.45188,3.16863
0.03924,0.47088,-0.95157,0.0,0.63765,0.1962
1.55979,0.93195,-1.13796,1.0791,-0.26487,1.77561
2.14839,2.14839,0.60822,-0.43164,1.40283,-1.22625
0.06867,-0.99081,-0.92214,1.54998,-0.91233,-0.67689
1.03005,2.33478,2.05029,1.4715,0.22563,-3.34521
0.57879,-1.14777,-0.66708,0.95157,1.67751,-4.10058
-0.92214,-2.58003,3.39426,-0.41202,1.6677,-0.25506
0.80442,2.85471,-0.87309,-0.8829,-2.14839,-3.79647
0.79461,1.16739,2.0601,1.40283,1.12815,-0.24525
2.52117,1.59903,4.18887,1.53036,1.23606,-1.60884
-0.76518,0.44145,1.40283,-0.00981,1.20663,-1.73637
1.95219,-2.72718,-0.94176,0.20601,0.84366,2.03067
2.51136,5.5917,1.45188,4.09077,2.13858,3.05091
-2.5506,-1.43226,0.91233,0.05886,3.64932,0.92214
0.8829,-1.73637,0.67689,0.15696,2.83509,0.25506
0.55917,-0.59841,-1.13796,-1.61865,-0.13734,-0.54936
1.38321,-0.71613,0.10791,-0.25506,-0.8829,2.90376
1.64808,-3.924,0.74556,-1.90314,0.94176,1.28511
-0.50031,1.95219,2.71737,-0.16677,0.60822,-2.5506
2.96262,0.02943,0.55917,1.94238,0.62784,-0.11772
0.64746,0.0981,3.69837,-2.11896,1.44207,2.41326
1.30473,0.63765,2.08953,1.03005,-0.8829,-3.42369
0.8829,-1.4715,0.1962,1.43226,-1.2753,0.64746
-1.36359,1.99143,3.02148,-0.40221,-0.92214,3.1392
-1.01043,-1.75599,-0.8829,-0.8829,2.96262,-4.0221
-0.48069,-1.53036,0.90252,-2.49174,0.87309,-2.88414
0.30411,-1.26549,0.53955,-0.15696,-1.13796,-3.25692
0.56898,1.51074,2.67813,-0.7848,0.01962,0.95157
-1.06929,2.97243,-1.15758,-0.31392,-1.21644,-1.98162
2.87433,2.69775,3.08034,0.85347,-0.33354,-0.82404
1.962,4.00248,2.07972,0.84366,2.10915,-1.02024
-2.71737,-0.86328,-1.29492,0.23544,-2.18763,-3.52179
-1.03986,0.60822,0.0981,0.23544,1.74618,-5.44455
1.10853,-0.35316,0.57879,0.44145,-0.50031,4.53222
0.1962,-0.48069,1.57941,0.56898,6.43536,-0.84366
-0.22563,0.46107,1.46169,1.54998,0.40221,1.41264
-2.31516,-2.67813,-2.80566,-0.35316,1.28511,0.12753
1.59903,0.48069,-2.92338,0.35316,-0.51993,2.46231
0.0,0.46107,0.46107,2.4525,-2.7468,-1.48131
-0.06867,4.69899,-0.50031,-1.1772,1.32435,0.46107
-0.57879,2.58984,-3.46293,-1.52055,1.36359,-0.51012
-1.85409,1.69713,1.01043,1.64808,0.91233,-0.22563
0.51012,-1.15758,-1.81485,-0.87309,-0.70632,-6.0822
0.53955,-1.61865,-0.56898,2.41326,-1.63827,-1.7658
2.90376,0.59841,-2.29554,0.27468,3.97305,-3.81609
4.73823,4.08096,0.92214,1.59903,1.22625,1.95219
1.00062,-0.66708,-0.37278,0.53955,0.40221,-1.962
0.57879,-1.09872,-1.09872,-0.46107,3.10977,2.67813
-1.32435,0.17658,1.4715,1.41264,1.5696,-1.18701
2.20725,-0.53955,1.10853,1.00062,-3.17844,0.3924
5.47398,-1.44207,0.8829,2.46231,2.66832,0.33354
0.25506,-1.53036,0.62784,-0.02943,0.18639,2.83509
2.59965,1.30473,2.82528,1.58922,-0.48069,-1.42245
-1.7658,1.58922,2.42307,2.98224,-0.38259,-0.70632
-0.1962,-0.04905,-1.62846,2.82528,2.2563,-1.92276
-0.12753,1.43226,-0.44145,-0.84366,-0.76518,-1.38321
-0.81423,-0.67689,-2.86452,0.81423,-1.75599,0.04905
-2.47212,-3.29616,-0.99081,-1.59903,2.08953,-1.13796
2.21706,2.96262,2.28573,2.61927,1.13796,1.65789
-1.0791,-0.5886,-0.94176,-1.14777,2.96262,3.4335
0.06867,0.22563,-1.77561,-2.82528,0.28449,3.6297
-2.08953,-1.73637,1.59903,2.61927,2.32497,-0.46107
-1.18701,-0.51993,0.67689,1.10853,-0.36297,-1.82466
2.79585,-1.28511,1.52055,1.58922,1.42245,1.30473
-5.81733,-0.01962,-4.42431,-4.27716,-2.04048,-1.1772
-0.5886,-0.25506,0.16677,-1.34397,0.72594,1.03986
2.17782,-0.1962,-1.79523,-0.8829,0.92214,4.29678
2.7468,3.74742,0.99081,1.19682,-0.52974,2.58984
2.06991,0.48069,-0.59841,1.53036,-1.03005,2.91357
2.16801,-1.64808,0.54936,1.94238,0.17658,0.53955
-0.80442,1.67751,-1.38321,0.04905,-0.64746,4.49298
-1.13796,0.99081,2.59965,-0.67689,0.56898,5.1012
-1.08891,0.1962,2.18763,-0.77499,-3.19806,-1.5696
0.94176,0.82404,-0.23544,-3.12939,2.37402,-0.55917
3.37464,1.18701,1.89333,-1.01043,2.8449,2.39364
-1.22625,0.04905,1.59903,-1.89333,-0.27468,-1.92276
0.03924,-0.44145,1.12815,2.06991,1.91295,-2.76642
3.56103,1.63827,3.55122,3.3354,1.91295,-3.70818
-0.12753,-1.14777,-1.89333,-2.58984,-1.02024,2.7468
0.61803,0.87309,0.55917,0.51993,-1.69713,2.58984
0.6867,-0.72594,0.92214,1.78542,-1.06929,2.41326
0.73575,3.91419,2.01105,-0.32373,0.56898,-1.1772
1.34397,-1.51074,-1.09872,1.99143,-0.17658,1.52055
-3.58065,-6.00372,-4.68918,-2.14839,-1.57941,-4.68918
3.18825,3.05091,0.96138,0.69651,-0.64746,2.29554
-0.55917,1.09872,1.64808,0.33354,-1.29492,2.98224
-8.40717,-2.23668,-8.30907,-6.33726,-2.3544,-5.61132
-0.97119,1.81485,-0.981,0.3924,1.53036,2.62908
1.91295,4.64013,0.5886,-0.46107,0.31392,-1.77561
-0.73575,0.35316,-1.63827,0.67689,0.37278,1.23606
-1.19682,-0.76518,-2.71737,0.0,0.59841,-0.65727
-2.50155,0.02943,0.00981,-1.93257,-0.5886,0.99081
1.82466,0.83385,-2.20725,-0.18639,0.38259,0.76518
1.31454,0.02943,-0.03924,2.66832,2.90376,1.12815
1.84428,-0.16677,-1.02024,0.30411,0.50031,2.29554
-1.43226,1.12815,1.52055,0.72594,-0.99081,5.45436
-5.61132,-6.43536,-2.28573,-1.80504,2.41326,-2.01105
0.1962,-0.47088,-1.74618,-1.58922,0.73575,2.3544
-0.46107,-1.32435,0.55917,1.50093,2.11896,1.09872
0.06867,-1.32435,1.02024,-0.22563,2.12877,-0.18639
2.38383,2.47212,1.49112,2.36421,1.79523,1.10853
-0.77499,0.01962,-0.21582,0.28449,-0.75537,3.79647
-0.24525,-1.41264,-0.82404,1.00062,-1.10853,2.3544
4.14963,0.87309,3.66894,-0.54936,0.79461,0.97119
-1.11834,-1.4715,1.90314,-1.06929,0.27468,-2.28573
-5.58189,-2.49174,-4.04172,-3.4335,0.50031,-0.05886
-0.56898,0.08829,2.34459,0.61803,1.2753,2.943
3.40407,1.23606,0.70632,-0.16677,1.67751,5.81733
-1.91295,1.30473,0.40221,1.83447,1.22625,0.45126
0.1962,-1.962,-2.08953,0.54936,-0.56898,2.82528
1.11834,-1.13796,-0.94176,3.39426,-0.84366,3.58065
0.21582,-0.41202,2.14839,-0.46107,1.03986,-0.13734
0.96138,1.95219,0.04905,0.34335,0.31392,2.01105
1.39302,0.80442,-1.8639,0.12753,-1.03005,1.0791
-3.96324,-0.92214,0.10791,-1.22625,-1.39302,-0.20601
-1.18701,3.67875,-1.38321,-0.05886,-0.86328,0.94176
-1.50093,-0.01962,0.51993,2.14839,4.25754,0.46107
1.64808,1.69713,-3.15882,0.50031,1.7658,-1.75599
2.39364,4.76766,2.70756,0.34335,0.71613,-3.1392
-0.59841,0.66708,-0.05886,-1.48131,0.44145,3.8259
1.57941,-0.27468,0.15696,0.21582,2.18763,-6.91605
2.3544,-0.54936,0.3924,1.69713,-1.72656,-1.70694
3.02148,0.13734,-0.00981,2.40345,0.26487,2.73699
0.26487,0.92214,0.17658,-0.11772,0.54936,3.52179
-0.46107,0.31392,1.49112,1.91295,0.17658,-1.6677
0.52974,-1.81485,1.53036,1.48131,-2.08953,2.08953
2.24649,-0.51993,-0.8829,0.62784,2.29554,-1.04967
0.16677,0.03924,4.23792,2.87433,-0.76518,-1.62846
-0.83385,0.46107,1.23606,-0.38259,0.44145,-3.84552
-2.38383,1.98162,-1.42245,-1.54017,-2.40345,-1.53036
2.76642,-1.58922,1.94238,0.4905,1.77561,0.3924
-2.00124,-2.44269,-0.4905,2.21706,-0.01962,0.47088
1.1772,0.35316,2.70756,0.10791,-3.48255,-2.31516
-0.14715,-0.30411,-2.60946,-3.05091,0.79461,3.31578
1.31454,0.44145,-3.35502,-1.13796,0.01962,-0.76518
-2.37402,-0.36297,0.13734,2.76642,0.6867,0.20601
1.55979,0.59841,-1.43226,0.04905,-1.65789,1.61865
2.41326,2.48193,3.57084,0.73575,-0.46107,-2.32497
1.23606,1.4715,0.90252,1.73637,1.42245,1.32435
1.08891,1.10853,1.18701,-1.15758,-0.53955,2.48193
-0.82404,-0.30411,-0.46107,-1.36359,0.91233,0.14715
0.04905,0.81423,-1.3734,-1.93257,-0.47088,-2.6487
-1.58922,2.02086,-1.41264,-0.93195,-3.86514,-4.52241
-0.82404,-0.7848,-0.76518,1.61865,1.89333,-1.80504
-1.04967,-1.46169,2.21706,2.43288,2.4525,-1.64808
-1.06929,-1.59903,1.42245,0.48069,-3.39426,4.08096
1.54017,-0.85347,-2.10915,2.65851,1.52055,-1.11834
1.15758,2.34459,0.45126,0.85347,-1.64808,4.84614
-0.53955,-2.23668,-0.07848,0.23544,0.62784,-1.20663
1.25568,0.93195,3.66894,0.82404,2.44269,2.12877
0.3924,1.22625,-2.3544,-3.25692,-1.46169,0.51012
-0.89271,-1.43226,2.68794,1.98162,-1.46169,3.78666
-7.39674,-1.05948,-5.18949,-5.20911,-2.2563,-3.93381
2.39364,2.49174,-1.13796,0.73575,0.14715,0.37278
0.0,1.71675,-1.22625,0.07848,-1.31454,0.3924
-0.22563,0.48069,-0.42183,0.59841,0.25506,0.55917
2.58984,4.69899,2.43288,1.20663,0.32373,1.73637
-3.64932,0.5886,-4.27716,-3.87495,-0.67689,-0.66708
-0.84366,-1.28511,0.76518,0.99081,-0.40221,-1.98162
1.4715,-2.63889,0.36297,1.01043,-1.19682,0.42183
0.96138,0.981,1.43226,3.61989,3.08034,1.16739
0.90252,0.32373,-3.01167,2.23668,-2.61927,0.35316
4.14963,1.35378,4.64013,3.86514,1.26549,-4.05153
1.49112,3.8259,1.19682,2.87433,2.53098,1.85409
-2.34459,-0.95157,-0.65727,-0.85347,1.18701,1.99143
-1.35378,-0.31392,-0.30411,2.12877,-2.09934,-0.20601
3.08034,-0.15696,-1.92276,0.67689,2.57022,-3.46293
-0.60822,1.26549,-0.22563,-0.26487,-1.80504,-0.25506
-2.39364,0.40221,1.70694,1.02024,-2.59965,-0.63765
1.2753,1.30473,-0.43164,-0.51012,-0.3924,1.8639
1.92276,0.82404,3.03129,0.64746,1.60884,-2.49174
1.44207,0.65727,-1.32435,-0.87309,0.7848,1.95219
-0.46107,-1.23606,-0.17658,0.79461,-1.40283,0.35316
-10.42803,-2.65851,-7.44579,-5.51322,-1.03986,-0.33354
-0.04905,-0.54936,-1.2753,2.00124,2.0601,-0.54936
-0.17658,-1.15758,-0.43164,-1.0791,1.49112,-1.52055
3.81609,3.03129,1.962,1.48131,-0.01962,5.47398
1.28511,-0.31392,-0.10791,0.01962,2.36421,-0.46107
-2.43288,0.8829,2.96262,1.09872,-0.59841,0.59841
-1.1772,-0.93195,0.65727,1.79523,1.18701,-0.73575
1.42245,1.28511,-0.8829,-1.57941,1.50093,-3.88476
1.92276,-3.32559,-0.41202,0.91233,1.57941,-0.03924
-0.18639,-0.54936,0.42183,-0.43164,2.40345,-3.16863
-0.8829,1.06929,1.55979,1.92276,-2.13858,-0.91233
0.80442,-0.42183,-1.05948,2.6487,0.86328,-1.6677
-1.26549,-2.20725,2.01105,1.6677,2.21706,-2.16801
0.12753,0.92214,2.1582,-0.90252,-0.34335,-5.27778
-2.07972,-2.85471,-0.63765,1.77561,2.07972,-0.59841
-0.4905,1.01043,-0.18639,-0.37278,-0.0981,1.54017
0.56898,-2.43288,0.42183,-1.03986,-1.51074,-0.31392
-2.0601,0.17658,-0.1962,-3.36483,1.64808,1.43226
0.34335,1.25568,-0.96138,-1.67751,-1.46169,1.11834
2.90376,0.7848,0.7848,-0.34335,0.18639,0.86328
-0.38259,-4.82652,-1.51074,-0.00981,0.50031,-1.32435
2.30535,0.83385,-2.42307,2.1582,0.31392,-0.32373
-1.23606,-2.12877,0.95157,1.78542,1.92276,-3.38445
-0.76518,-2.19744,2.81547,1.88352,-1.59903,2.08953
-0.70632,0.35316,-0.55917,-0.15696,4.56165,-0.6867
2.31516,0.86328,-1.0791,-0.92214,0.02943,-0.55917
2.18763,0.42183,1.39302,-0.24525,-3.3354,-0.18639
1.12815,3.02148,-0.03924,1.03005,-3.87495,2.68794
-0.75537,-0.53955,2.00124,-2.44269,-1.67751,-0.75537
2.56041,1.70694,-1.12815,0.43164,-0.20601,3.29616
-8.12268,-5.94486,-8.41698,-5.1012,-3.64932,-2.99205
-0.44145,-0.26487,5.25816,-0.28449,1.44207,-0.15696
-2.54079,-0.07848,1.26549,0.81423,-1.02024,1.74618
-1.4715,0.16677,-1.2753,0.56898,-0.15696,2.13858
-4.93443,-8.5347,-5.63094,-3.66894,-5.07177,-2.21706
0.22563,0.65727,0.60822,-0.32373,-0.81423,-1.25568
-0.1962,-0.7848,-2.04048,-0.79461,-2.20725,2.07972
0.65727,-0.30411,2.38383,0.07848,1.95219,1.60884
1.40283,0.66708,1.09872,1.39302,-2.67813,0.38259
0.3924,0.67689,-1.99143,1.60884,-1.34397,2.6487
3.32559,-0.23544,0.44145,0.54936,1.5696,0.05886
0.1962,-1.20663,0.64746,1.29492,2.77623,-7.12206
3.35502,2.42307,1.75599,0.62784,0.21582,4.86576
1.6677,-0.64746,-0.15696,0.21582,3.3354,2.09934
0.00981,0.59841,0.13734,0.10791,0.51012,4.04172
1.4715,-2.3544,0.28449,1.82466,-0.65727,-0.11772
-1.19682,-0.90252,-0.42183,1.54017,0.76518,-2.75661
-2.80566,1.70694,-0.24525,0.22563,1.26549,-0.62784
0.67689,-1.73637,-1.24587,1.2753,1.6677,3.10977
0.73575,0.50031,0.91233,0.81423,-0.75537,0.17658
0.23544,0.51012,0.981,-0.46107,-2.26611,-1.06929
1.5696,1.50093,-3.26673,0.22563,0.66708,-4.91481
1.57941,0.02943,-1.1772,-3.88476,0.67689,3.6297
0.44145,0.92214,-1.16739,0.57879,-1.03986,4.59108
0.21582,-3.0411,1.12815,-0.27468,-0.55917,-3.03129
-0.18639,-0.53955,1.52055,-0.02943,-0.26487,-0.0981
-0.0981,1.22625,2.72718,0.66708,-0.24525,-1.75599
4.1202,0.56898,-1.12815,2.68794,-0.96138,4.57146
3.8259,1.12815,-0.59841,0.14715,-0.03924,3.66894
-0.31392,-1.49112,-0.63765,-0.35316,1.65789,1.19682
1.83447,1.41264,1.42245,-0.97119,2.40345,0.43164
0.91233,-0.92214,-1.26549,-3.01167,1.92276,2.39364
-0.0981,-1.91295,-1.962,1.49112,-0.28449,-2.57022
1.02024,0.5886,-2.91357,-0.85347,1.54017,1.49112
2.18763,3.02148,4.08096,0.42183,0.67689,-2.21706
-1.39302,1.33416,-0.85347,-0.40221,-0.38259,-0.02943
-1.15758,-1.45188,2.97243,0.45126,-2.30535,3.4335
-0.18639,0.54936,1.31454,0.42183,0.79461,0.17658
-2.05029,-1.36359,-0.65727,1.94238,3.08034,-2.21706
-0.81423,0.71613,7.0632,1.28511,-0.31392,0.43164
-1.11834,0.60822,-1.99143,-0.16677,3.6297,1.32435
-1.74618,1.4715,-1.45188,0.40221,-0.3924,3.08034
-1.25568,2.41326,-1.62846,1.2753,-3.16863,1.18701
-3.79647,-4.44393,-3.95343,-0.18639,-0.21582,-1.55979
-0.92214,-1.75599,-1.33416,-2.14839,1.57941,-1.64808
-0.34335,0.54936,1.2753,-2.72718,-0.94176,-3.12939
-2.8449,3.02148,5.41512,3.1392,-0.5886,-3.60027
-1.26549,0.83385,2.88414,2.17782,-0.90252,-0.84366
-0.5886,-1.04967,-1.94238,0.75537,-0.7848,3.16863
-5.4936,-8.45622,-6.78852,-0.96138,-1.78542,-4.18887
4.30659,1.03005,0.93195,-0.15696,1.55979,-0.8829
2.52117,5.37588,1.20663,3.37464,0.61803,3.26673
-0.35316,-0.4905,1.99143,1.61865,0.67689,-2.09934
-0.35316,-0.52974,-1.22625,0.67689,2.87433,2.23668
0.04905,-2.52117,-0.81423,0.08829,-0.11772,4.60089
2.49174,-1.14777,2.07972,1.61865,0.28449,-3.83571
-0.74556,1.80504,5.89581,2.09934,0.10791,1.69713
2.00124,3.55122,1.64808,1.67751,0.70632,1.57941
-0.20601,0.6867,-2.01105,-0.59841,-0.60822,1.67751
0.96138,-0.45126,-0.31392,-1.73637,1.04967,-0.69651
1.10853,-0.26487,-0.90252,1.88352,0.77499,0.54936
0.48069,-2.5506,-0.35316,-0.2943,3.21768,-0.5886
0.05886,-1.03986,0.94176,0.14715,5.57208,0.59841
-0.1962,-0.10791,0.96138,2.34459,-1.42245,2.59965
-1.3734,1.06929,-1.99143,-2.51136,-4.27716,-2.75661
0.48069,-2.21706,-1.06929,3.0411,-1.19682,2.4525
0.40221,0.3924,-0.48069,1.50093,0.75537,-1.64808
-1.33416,-2.92338,-2.0601,1.29492,-0.35316,-0.42183
-0.03924,-0.55917,-1.20663,-1.53036,-0.99081,0.38259
0.37278,-1.62846,-1.10853,0.64746,0.42183,0.7848
3.97305,-0.7848,-2.56041,-1.24587,-0.44145,-2.5506
-1.13796,-0.03924,-1.38321,0.73575,-1.52055,-2.04048
0.70632,1.91295,0.51012,-3.11958,2.09934,-0.37278
-0.72594,-1.80504,-2.78604,2.19744,0.53955,-1.6677
-0.35316,-0.28449,1.93257,-0.1962,-0.02943,-1.58922
0.56898,0.66708,2.11896,0.64746,-1.46169,-1.7658
-3.1392,0.8829,0.65727,1.19682,-2.49174,0.05886
0.71613,-1.97181,0.33354,1.34397,-1.49112,0.2943
2.38383,-0.12753,-0.38259,1.88352,-0.00981,2.92338
3.26673,0.0981,-0.21582,1.80504,-0.8829,2.24649
-0.57879,2.75661,0.55917,0.23544,-1.40283,-4.58127
-0.40221,0.08829,1.20663,-0.42183,1.58922,-0.89271
1.2753,1.57941,0.08829,-1.58922,-1.67751,-0.77499
0.11772,2.09934,-0.97119,0.35316,0.55917,1.04967
-0.84366,-1.00062,-0.65727,-0.02943,1.98162,0.24525
1.05948,-0.20601,-0.02943,0.75537,-1.06929,2.04048
1.5696,-0.95157,0.89271,-2.03067,-0.00981,-1.67751
0.87309,4.13001,0.85347,0.51993,-2.47212,2.27592
-0.3924,0.83385,1.97181,3.21768,-0.04905,0.33354
-0.48069,-0.18639,0.47088,-0.10791,-0.46107,1.5696
0.94176,1.72656,1.0791,-0.5886,-0.30411,0.25506
0.10791,-2.00124,-1.35378,0.35316,-0.05886,0.11772
2.76642,0.79461,1.49112,3.8259,1.65789,0.6867
2.78604,1.25568,1.95219,0.12753,-2.19744,-0.15696
2.02086,0.75537,-6.14106,0.28449,-1.41264,5.9841
-1.09872,1.49112,1.24587,3.02148,-0.8829,-2.0601
-9.73152,-5.73885,-6.2784,-3.22749,0.86328,0.51993
-0.67689,0.2943,3.09015,0.0981,0.69651,-1.53036
5.17968,-0.13734,2.00124,2.2563,1.19682,5.81733
2.78604,2.6487,3.01167,5.1012,-2.1582,-2.1582
-0.72594,-0.46107,-2.18763,0.41202,-0.60822,-0.95157
-4.32621,-5.36607,-4.7088,-2.28573,-1.44207,-3.50217
-0.59841,1.04967,4.84614,1.33416,0.46107,-0.27468
2.69775,-1.88352,1.98162,3.28635,-1.54998,-0.28449
-0.63765,0.94176,-1.73637,-1.61865,-1.69713,2.47212
-1.01043,3.0411,2.00124,-1.91295,-2.37402,-0.51012
-0.56898,-1.28511,-2.04048,1.12815,0.76518,-1.24587
-0.99081,3.17844,-1.34397,0.25506,-0.04905,2.97243
0.07848,0.56898,1.64808,1.41264,-0.5886,-2.50155
0.24525,-1.15758,-0.23544,0.75537,3.30597,0.34335
1.13796,3.20787,-0.69651,-0.42183,-2.09934,2.26611
1.87371,-0.77499,1.31454,0.89271,1.44207,1.03005
-0.99081,-2.93319,-0.63765,2.20725,3.3354,1.69713
-4.77747,-7.74009,-5.1993,-5.03253,-0.03924,-0.70632
1.84428,-0.14715,-1.73637,-0.56898,2.07972,-1.03005
-5.99391,-6.41574,-2.31516,-1.99143,2.00124,-0.7848
-0.65727,-0.5886,0.84366,0.31392,-0.47088,1.95219
2.8449,0.93195,-0.53955,2.04048,-1.63827,0.06867
-0.08829,2.75661,-1.38321,2.04048,-0.12753,4.33602
-1.98162,2.36421,-1.78542,-0.57879,0.06867,-0.42183
-0.71613,2.27592,2.41326,0.70632,-0.2943,-4.28697
1.54017,4.18887,1.28511,2.87433,2.7468,2.68794
-0.92214,-0.94176,-2.38383,0.63765,1.35378,0.92214
-0.16677,0.6867,1.14777,-0.54936,-0.5886,1.13796
0.0,-0.01962,-0.10791,1.21644,1.55979,-2.76642
0.86328,0.95157,-0.55917,3.36483,3.17844,1.77561
1.13796,1.69713,-3.42369,0.80442,0.981,-0.14715
2.12877,0.08829,-1.38321,0.63765,2.10915,-1.29492
-1.6677,0.96138,-0.34335,2.7468,2.71737,1.72656
0.6867,-0.06867,0.85347,1.49112,2.16801,0.60822
-2.8449,0.22563,-2.07972,-0.20601,-1.32435,-1.45188
-1.90314,1.43226,-0.81423,-0.57879,0.81423,-1.80504
0.60822,0.31392,1.24587,1.99143,-1.2753,-0.25506
-1.16739,2.04048,-3.06072,1.40283,-2.27592,-0.42183
-0.66708,-2.7468,0.0981,1.03005,-1.77561,-2.96262
0.97119,-1.962,-1.68732,3.22749,0.0981,0.21582
4.01229,2.73699,2.2563,0.01962,0.77499,0.02943
-8.32869,-1.75599,-7.19073,-5.74866,-3.45312,-5.24835
-0.96138,-0.41202,-2.09934,-1.73637,-0.25506,0.04905
2.18763,-2.69775,-1.40283,-1.15758,0.73575,1.49112
1.80504,0.6867,1.23606,-0.96138,2.40345,3.05091
-1.19682,-0.7848,0.46107,-0.57879,1.59903,0.69651
-1.80504,-0.3924,-2.48193,1.01043,0.71613,1.42245
1.12815,-0.30411,-0.44145,-2.08953,2.40345,3.03129
-2.14839,1.87371,-0.14715,-0.2943,0.80442,0.07848
-0.00981,-0.20601,-1.95219,-0.57879,1.20663,-0.01962
0.13734,0.43164,-0.18639,-0.40221,1.75599,-0.00981
-1.41264,0.85347,-1.0791,-3.56103,1.12815,0.60822
-1.83447,-1.70694,-2.78604,0.38259,-0.28449,-1.52055
0.45126,-0.85347,2.1582,2.04048,-0.74556,0.40221
2.10915,-1.95219,0.00981,-0.16677,2.54079,0.10791
0.12753,1.45188,0.10791,1.61865,2.26611,2.40345
1.43226,3.83571,1.42245,-0.48069,-0.14715,-1.64808
-0.31392,-0.8829,0.94176,-0.37278,0.50031,-1.1772
3.91419,2.51136,3.00186,5.04234,0.85347,0.32373
1.44207,-1.18701,-0.35316,0.93195,0.03924,-2.0601
2.71737,3.07053,2.30535,0.43164,-0.24525,-2.16801
-1.03005,-1.10853,-1.13796,1.77561,3.32559,-2.18763
1.91295,-3.01167,0.45126,-1.02024,0.31392,0.6867
0.44145,1.55979,-0.42183,0.38259,-0.71613,1.41264
0.18639,-1.67751,-0.74556,1.78542,-0.92214,-2.33478
4.85595,-0.63765,2.00124,1.09872,3.26673,-2.61927
2.10915,-0.22563,-0.87309,1.35378,-1.51074,3.05091
-1.25568,-0.92214,0.51993,0.0,1.45188,-0.81423
-0.81423,-2.23668,-1.64808,-0.83385,3.51198,0.69651
0.46107,-0.5886,-2.65851,-0.15696,2.75661,0.76518
-0.34335,2.61927,1.60884,0.57879,0.18639,2.85471
-0.52974,-0.981,2.5506,-0.71613,-2.59965,-0.21582
-4.76766,-5.3955,-2.16801,-1.1772,1.19682,-1.45188
1.34397,-1.58922,-1.24587,1.95219,4.35564,1.14777
-1.35378,1.58922,2.19744,0.21582,-0.41202,3.67875
-1.45188,1.89333,-1.87371,1.21644,-2.26611,-0.00981
-1.49112,-0.34335,-0.33354,3.03129,-1.64808,-2.07972
-1.18701,-0.63765,-2.53098,0.57879,2.30535,-2.13858
-1.58922,-1.92276,0.71613,1.21644,-0.77499,1.77561
0.73575,-2.48193,-1.10853,0.8829,2.2563,3.58065
0.2943,-0.53955,-4.23792,0.30411,-0.01962,-0.15696
-0.77499,0.18639,2.99205,0.34335,0.37278,-1.16739
-0.63765,1.06929,-2.27592,1.06929,3.0411,1.06929
0.48069,0.99081,3.91419,1.67751,0.53955,-2.16801
4.25754,0.0,-0.69651,3.08034,-0.41202,3.8259
-0.75537,3.1392,-2.06991,1.18701,-0.83385,2.20725
3.84552,0.91233,-0.42183,1.06929,-0.48069,0.80442
1.59903,0.56898,1.1772,1.80504,-2.70756,0.80442
-1.91295,2.6487,-1.25568,-0.69651,0.05886,-2.73699
-0.66708,0.2943,-2.6487,0.53955,-1.00062,-0.85347
0.55917,-2.58984,-0.06867,1.78542,0.14715,0.14715
-6.79833,-7.4556,-3.94362,-3.64932,0.26487,-0.56898
-0.35316,0.0981,1.65789,-0.72594,-0.34335,-0.92214
1.54998,0.50031,0.56898,-0.8829,-0.30411,2.30535
-1.49112,0.26487,3.25692,-0.84366,-1.0791,0.04905
2.13858,4.07115,3.63951,0.20601,1.46169,-4.11039
0.43164,1.83447,2.76642,1.54017,-2.39364,-0.82404
1.94238,1.4715,1.98162,0.13734,-0.46107,2.33478
-3.20787,-5.51322,-4.14963,-1.53036,-2.2563,-4.24773
2.1582,0.22563,1.95219,0.4905,0.70632,-0.32373
-0.44145,-1.5696,-2.39364,0.60822,2.26611,-0.27468
-0.17658,0.66708,1.87371,-2.71737,-0.11772,-3.26673
0.82404,2.06991,-0.92214,-0.41202,4.13982,0.92214
-1.8639,0.2943,-0.56898,0.1962,0.3924,0.13734
-2.56041,-0.4905,2.02086,1.06929,-0.23544,0.77499
3.80628,1.84428,-0.99081,-0.10791,-0.86328,0.981
-2.22687,0.89271,-1.91295,-0.15696,1.91295,-0.20601
0.01962,-0.74556,1.2753,1.63827,0.43164,-1.16739
3.36483,2.97243,-0.56898,1.03986,2.38383,1.90314
-0.12753,-1.01043,4.24773,0.22563,0.76518,-2.40345
-1.49112,-1.93257,-0.72594,-1.59903,1.50093,0.56898
-0.27468,0.13734,-1.65789,-1.89333,-0.90252,0.16677
1.80504,3.84552,1.92276,2.77623,1.95219,2.09934
1.05948,-0.13734,-0.82404,0.33354,-0.12753,-1.03986
1.03986,3.88476,0.92214,3.4335,1.38321,1.38321
-0.7848,2.60946,-1.54017,0.20601,0.46107,4.00248
-3.31578,0.0981,0.0,2.62908,1.32435,-1.79523
0.77499,-1.53036,-1.61865,2.2563,-0.56898,-5.86638
0.04905,1.98162,0.87309,2.28573,-1.88352,-1.70694
0.59841,-0.34335,-2.66832,-0.87309,0.42183,2.39364
1.00062,-1.69713,0.42183,-1.78542,-0.89271,0.3924
0.28449,1.89333,0.04905,-0.08829,1.32435,4.33602
-0.76518,-1.03986,-0.17658,-2.38383,2.5506,-0.37278
0.25506,-0.53955,-0.46107,-3.61008,2.31516,-1.18701
-0.96138,2.943,1.02024,1.38321,0.26487,3.39426
1.8639,0.1962,-0.96138,-0.67689,3.78666,0.4905
1.21644,0.46107,-1.1772,-2.88414,0.7848,4.39488
3.26673,4.96386,0.7848,3.63951,2.49174,-0.55917
1.54017,0.64746,4.13001,0.85347,0.77499,2.80566
1.03005,2.57022,0.40221,0.38259,-2.93319,0.80442
1.70694,0.56898,-2.87433,3.20787,1.41264,1.5696
1.09872,1.6677,-2.66832,0.03924,-0.12753,-2.00124
-1.20663,0.63765,0.86328,0.34335,1.09872,-3.74742
0.81423,0.53955,-0.2943,0.73575,-4.92462,0.0
-0.66708,1.59903,0.37278,-4.23792,0.07848,-2.92338
-0.5886,-0.61803,1.68732,-0.25506,-1.30473,1.16739
0.04905,-1.5696,-2.28573,3.40407,-0.21582,0.86328
-1.25568,0.13734,-0.97119,0.41202,0.57879,0.79461
1.8639,1.12815,0.03924,0.73575,-0.69651,1.44207
-0.93195,1.0791,1.06929,1.90314,-0.69651,2.39364
-0.92214,-2.17782,-2.28573,-0.51012,0.74556,1.04967
-0.77499,-0.86328,-1.6677,0.34335,0.23544,0.4905
2.47212,2.07972,3.49236,1.51074,1.2753,0.20601
5.07177,0.38259,1.92276,2.99205,1.26549,6.63156
1.41264,0.5886,1.78542,1.84428,-2.61927,0.07848
-2.50155,1.99143,0.8829,0.50031,-1.90314,-0.47088
0.16677,1.3734,-1.02024,-1.91295,-0.08829,2.69775
-3.03129,-0.02943,-3.09996,1.20663,1.33416,0.40221
3.71799,0.56898,-0.4905,-0.50031,-0.16677,2.63889
2.29554,-1.39302,1.26549,0.8829,1.69713,1.24587
0.27468,2.00124,1.65789,0.72594,-1.16739,1.14777
1.8639,4.01229,4.23792,3.02148,-0.24525,-3.19806
-2.43288,-0.37278,-0.61803,2.52117,-0.51993,-0.24525
-1.94238,-3.35502,-0.10791,2.21706,2.70756,2.75661
1.03005,-2.37402,-1.21644,1.95219,-1.87371,-1.31454
-1.35378,-0.24525,0.24525,0.51012,-1.49112,1.62846
-7.01415,-6.12144,-4.19868,-4.10058,0.51993,-1.68732
2.52117,3.60027,4.44393,-1.06929,-0.01962,-2.4525
3.69837,2.95281,0.90252,1.962,1.98162,1.03005
-0.30411,1.52055,0.25506,1.4715,-1.74618,-3.84552
0.42183,-1.23606,1.5696,-1.69713,0.90252,0.83385
0.74556,1.34397,1.21644,-0.56898,0.2943,0.21582
0.45126,-1.23606,-0.23544,0.17658,1.63827,2.05029
-7.95591,-0.94176,-5.96448,-4.96386,-2.2563,-4.3164
1.68732,3.29616,1.6677,-0.05886,0.43164,-4.29678
1.97181,0.12753,-0.57879,0.71613,1.54998,-1.42245
1.03986,-0.36297,1.12815,1.09872,0.06867,-1.84428
-0.83385,-0.37278,-0.57879,-2.17782,-2.48193,1.99143
1.7658,3.73761,1.01043,0.18639,-0.4905,-2.83509
1.02024,-0.20601,-0.28449,0.92214,1.53036,-4.16925
-4.66956,-3.41388,-2.76642,-0.43164,2.47212,-1.962
-0.51993,-0.77499,0.07848,0.56898,0.8829,0.04905
3.2373,1.54017,1.03986,1.54017,2.57022,4.04172
0.66708,-3.20787,-2.38383,1.84428,-1.54017,1.13796
1.03005,-1.55979,-2.46231,0.75537,0.33354,3.94362
-0.83385,0.43164,3.76704,1.65789,-1.10853,-4.38507
0.51012,-0.44145,-2.54079,1.80504,-0.77499,3.16863
1.1772,-1.67751,-0.60822,-2.2563,0.73575,4.33602
-1.77561,-0.95157,-2.21706,1.30473,0.3924,0.96138
-1.00062,-0.40221,-2.72718,-3.56103,-1.92276,-1.24587
-0.17658,0.17658,0.25506,0.85347,-0.59841,-0.06867
-0.23544,-0.35316,0.60822,0.33354,1.67751,2.70756
0.06867,0.03924,2.03067,-1.16739,0.10791,4.09077
1.22625,0.48069,-0.62784,0.28449,1.42245,0.42183
-1.05948,0.15696,0.981,-0.26487,0.16677,1.72656
-9.13311,-6.35688,-4.96386,-2.98224,-2.72718,0.13734
-0.73575,2.19744,1.62846,1.55979,-0.37278,2.90376
-0.17658,1.41264,1.28511,-0.50031,0.57879,2.23668
0.45126,1.67751,1.02024,-0.63765,0.47088,2.30535
-1.18701,-2.06991,0.5886,1.59903,5.01291,-1.4715
0.91233,-2.47212,-0.31392,1.14777,-1.13796,-1.78542
-0.24525,0.72594,-1.40283,-1.20663,0.4905,0.0
1.61865,-1.73637,0.20601,-1.5696,0.66708,1.64808
-0.15696,3.40407,0.06867,-0.2943,1.25568,1.78542
1.01043,2.29554,0.24525,-1.09872,0.36297,2.943
-0.01962,-1.42245,-1.0791,0.3924,0.96138,1.962
3.31578,0.56898,-0.50031,2.26611,0.7848,1.50093
-0.8829,2.18763,1.20663,-2.13858,-0.90252,2.07972
-1.12815,-0.57879,1.01043,1.33416,3.68856,-2.77623
-0.4905,1.68732,5.67018,2.13858,0.95157,-1.32435
0.70632,-1.6677,3.37464,0.53955,2.00124,1.61865
0.11772,-0.52974,0.56898,0.82404,-0.76518,0.36297
2.57022,-1.34397,1.30473,-2.49174,-1.32435,-1.54017
-0.36297,1.53036,1.18701,0.92214,-2.21706,-0.1962
-1.55979,-2.7468,0.48069,0.10791,0.7848,0.47088
1.12815,-0.12753,0.51993,1.71675,1.61865,-2.5506
-1.73637,-0.37278,-1.25568,-1.23606,2.13858,1.90314
4.0221,3.46293,-0.02943,2.93319,-0.35316,1.78542
2.39364,-0.47088,-0.92214,-0.20601,3.75723,-1.85409
0.67689,-0.35316,-0.54936,-1.79523,2.48193,2.73699
0.11772,2.13858,3.32559,-0.44145,-1.28511,3.42369
0.20601,0.0981,3.61989,-0.96138,0.3924,1.01043
-2.63889,-1.02024,0.1962,-2.11896,-0.92214,1.4715
0.52974,0.25506,2.62908,-2.83509,-2.49174,-1.59903
1.85409,-0.52974,-0.93195,0.59841,-1.26549,2.3544
-2.23668,-0.73575,4.35564,0.90252,0.27468,-3.20787
-1.03005,-1.15758,1.0791,2.29554,1.06929,1.55979
-2.0601,-6.40593,-0.7848,-0.0981,-1.75599,-2.27592
1.2753,-1.33416,0.02943,-3.7278,-0.22563,3.09015
-0.82404,-0.59841,1.40283,0.24525,1.49112,2.6487
-1.14777,-1.18701,3.68856,1.64808,0.79461,-3.83571
1.0791,-0.5886,1.54998,-0.46107,-1.23606,6.89643
0.14715,-1.15758,2.58984,0.34335,1.62846,-1.60884
-0.76518,-1.72656,1.1772,2.3544,1.09872,-1.42245
1.32435,-0.24525,-1.87371,-0.32373,-1.82466,1.26549
-0.27468,1.54998,1.38321,-0.70632,-1.78542,-1.68732
0.36297,-1.4715,-2.05029,1.05948,0.99081,2.5506
0.20601,-1.65789,3.35502,0.14715,0.65727,-3.20787
-1.65789,0.81423,0.0,-2.24649,-1.44207,2.2563
1.02024,-1.54998,-0.53955,0.07848,2.36421,-2.3544
0.84366,-2.01105,-0.22563,-1.48131,1.63827,2.76642
1.48131,1.52055,2.4525,0.54936,-0.12753,-3.27654
0.63765,2.1582,-5.32683,-0.28449,-0.92214,-2.29554
2.943,-0.47088,1.14777,0.50031,-0.59841,2.17782
4.75785,0.26487,2.01105,0.06867,1.91295,0.61803
1.08891,-2.59965,-2.57022,-0.03924,2.43288,3.34521
0.38259,2.12877,1.94238,-0.41202,-1.87371,2.77623
-0.24525,-0.52974,-2.95281,0.51993,0.17658,1.16739
1.58922,2.54079,-0.01962,-0.7848,-0.0981,2.81547
1.32435,1.78542,0.89271,-1.03986,0.43164,-1.04967
1.20663,0.20601,1.83447,-2.19744,-0.8829,-0.65727
2.05029,-0.47088,0.60822,-1.20663,1.50093,1.41264
0.37278,0.17658,3.2373,1.01043,1.11834,-4.20849
1.1772,1.34397,1.50093,1.57941,-2.85471,1.12815
0.36297,0.15696,0.0,-1.1772,0.04905,1.8639
-1.18701,-0.60822,-1.49112,-0.95157,1.65789,-3.5316
1.89333,-1.43226,0.04905,-0.3924,-0.52974,-2.1582
2.3544,2.41326,0.82404,3.09015,1.65789,1.12815
1.25568,0.81423,-1.25568,2.39364,-1.02024,-1.98162
2.44269,1.41264,-0.59841,1.68732,0.40221,2.41326
2.09934,0.64746,-0.02943,1.16739,-0.69651,2.49174
-0.51012,-0.73575,-4.74804,-3.21768,-0.36297,0.93195
0.90252,-0.12753,1.01043,0.59841,-0.06867,2.46231
1.57941,2.85471,2.39364,-0.27468,-0.97119,-4.08096
-1.09872,1.78542,2.49174,-0.53955,-1.01043,0.61803
0.4905,-1.4715,2.08953,1.02024,-2.0601,2.10915
1.12815,1.49112,1.82466,-0.2943,-0.36297,0.13734
3.94362,4.40469,1.05948,1.67751,0.27468,0.76518
2.33478,-0.03924,1.60884,-1.28511,1.95219,3.08034
-0.3924,-0.83385,0.50031,0.83385,2.3544,0.03924
-0.60822,0.92214,1.92276,0.60822,-3.07053,2.28573
0.84366,1.54998,-0.34335,-0.54936,-1.33416,0.27468
0.50031,-2.02086,-0.52974,1.53036,-0.99081,-4.54203
0.14715,-0.59841,-1.04967,-2.60946,-0.41202,0.79461
0.11772,1.23606,-6.21954,-0.95157,-1.05948,-3.11958
1.28511,-1.40283,-2.61927,-0.15696,1.69713,-1.962
0.05886,-0.7848,-2.61927,0.8829,4.25754,1.77561
-0.89271,-1.75599,0.7848,1.29492,1.03005,-1.88352
-0.22563,1.7658,0.94176,2.50155,-1.64808,-1.89333
-0.40221,0.27468,1.42245,0.13734,0.38259,-0.18639
3.6297,5.69961,0.2943,2.41326,0.05886,-0.94176
2.22687,2.49174,0.77499,1.52055,-2.37402,4.52241
-2.48193,0.55917,0.95157,2.18763,1.88352,-3.25692
0.84366,0.51012,-1.42245,-1.7658,-2.21706,-0.84366
0.18639,1.11834,-0.1962,-0.10791,0.32373,2.38383
-5.53284,-4.74804,-3.54141,-1.19682,2.57022,-2.38383
-10.40841,-5.85657,-6.10182,-3.09015,-0.11772,0.8829
-1.04967,1.10853,1.26549,-0.67689,-2.33478,-1.3734
3.61008,3.01167,0.04905,0.81423,-0.25506,0.55917
-7.05339,-1.90314,-4.47336,-5.52303,-3.96324,-3.924
-1.92276,-1.62846,1.72656,2.03067,3.49236,-1.11834
0.23544,-1.94238,-1.12815,1.81485,-0.76518,-2.23668
-2.27592,1.38321,-0.13734,2.47212,-0.20601,1.49112
-1.57941,-0.95157,-1.16739,1.19682,1.46169,-1.22625
-5.38569,-5.75847,-1.98162,-1.46169,2.26611,-1.68732
-1.87371,0.26487,-1.93257,-0.16677,0.65727,-1.6677
0.10791,2.61927,1.09872,0.32373,-0.17658,3.51198
-0.84366,3.31578,-1.57941,-0.28449,-4.76766,-4.79709
3.4335,0.42183,-0.34335,3.38445,-0.30411,4.38507
1.50093,1.91295,-1.62846,1.69713,0.05886,1.73637
-1.00062,1.12815,0.70632,-1.09872,-1.19682,3.58065
0.48069,2.01105,2.66832,0.46107,0.12753,2.30535
-3.47274,0.45126,-0.47088,1.01043,-0.24525,-0.54936
2.2563,-1.20663,-2.09934,2.78604,1.39302,-0.53955
1.94238,3.0411,-0.72594,0.63765,1.24587,1.81485
-0.81423,0.65727,0.42183,1.98162,1.23606,-0.42183
-0.18639,0.44145,0.0,-0.20601,-1.60884,-0.0981
3.2373,-0.75537,2.6487,0.22563,0.87309,-0.69651
0.05886,-0.50031,0.2943,0.80442,0.26487,-2.38383
-0.21582,1.95219,-1.29492,0.67689,-2.21706,1.5696
-1.34397,0.63765,2.3544,0.28449,-0.53955,-0.67689
0.63765,0.23544,-0.38259,0.24525,1.08891,-1.38321
1.21644,1.39302,2.24649,-0.85347,0.17658,-1.08891
-2.72718,-0.2943,-2.23668,-0.67689,-0.82404,-2.78604
-0.08829,0.81423,0.42183,-2.83509,1.06929,-0.47088
1.6677,0.36297,1.38321,0.77499,0.32373,-0.45126
-4.37526,-5.67999,-4.3164,-1.91295,-2.21706,-4.56165
0.83385,-0.00981,0.30411,-0.33354,-0.4905,-0.89271
2.70756,0.57879,-0.5886,1.02024,0.32373,0.33354
0.61803,0.82404,-1.16739,-2.65851,-2.42307,-0.0981
0.99081,-1.81485,-0.55917,0.34335,1.55979,-3.4335
0.69651,-2.09934,-1.20663,1.41264,-1.06929,-1.45188
-0.53955,4.00248,-1.6677,1.26549,-0.26487,-0.05886
-0.42183,0.90252,0.20601,1.19682,-0.33354,0.96138
1.39302,3.71799,2.90376,1.30473,1.15758,2.6487
1.57941,-1.72656,-1.41264,1.74618,-2.32497,-1.05948
2.1582,-1.55979,-0.6867,-2.88414,2.60946,1.11834
1.79523,1.03005,0.38259,0.51993,0.77499,5.16006
-2.08953,2.12877,-0.30411,0.70632,0.8829,2.44269
0.10791,2.72718,0.67689,-1.93257,1.8639,0.70632
1.81485,0.22563,0.43164,-0.94176,0.18639,-0.33354
-1.62846,-1.21644,-1.61865,0.24525,-1.04967,1.62846
-2.0601,-1.02024,0.66708,0.13734,-2.14839,-2.16801
-1.50093,-1.75599,1.88352,0.14715,0.4905,1.78542
-7.5537,-1.40283,-4.905,-4.62051,-0.28449,-0.61803
-1.58922,2.47212,3.42369,1.71675,-4.44393,-3.03129
0.21582,1.8639,0.50031,0.75537,0.94176,3.51198
-3.20787,-0.0981,-1.61865,2.57022,3.6297,-1.69713
1.65789,-1.63827,1.2753,-0.13734,1.01043,0.80442
-0.40221,-1.42245,0.47088,-0.30411,0.28449,0.91233
-2.39364,-1.52055,-0.63765,3.57084,1.81485,-2.41326
-8.42679,-2.48193,-9.78057,-7.74009,-6.95529,-4.75785
1.14777,2.11896,-0.4905,-0.60822,-2.01105,-1.53036
0.0,2.85471,1.15758,-2.83509,2.04048,-1.14777
1.25568,-1.49112,0.34335,3.4335,-1.06929,0.63765
0.99081,-0.66708,-1.05948,-1.05948,-0.27468,-4.20849
-1.81485,-3.86514,-2.81547,-1.04967,0.0,-4.47336
-4.77747,-8.41698,-4.34583,-4.75785,-0.61803,-1.22625
-0.94176,-2.44269,0.37278,2.05029,-1.16739,0.36297
4.17906,0.35316,0.87309,-1.03986,2.11896,2.43288
0.22563,-0.37278,0.51012,-0.77499,2.06991,-1.91295
1.7658,2.83509,0.89271,-0.65727,-3.18825,1.60884
-1.44207,-4.08096,0.25506,0.47088,-1.63827,-3.44331
0.87309,0.69651,0.12753,1.12815,-3.46293,0.56898
-0.21582,0.60822,0.73575,0.37278,0.20601,2.90376
1.68732,-0.87309,-1.46169,2.20725,-1.13796,3.87495
-0.24525,0.95157,-0.38259,-0.69651,0.21582,0.26487
2.12877,-0.41202,-1.31454,2.37402,-0.33354,2.65851
1.03005,0.17658,0.96138,-2.0601,-2.23668,-2.30535
0.80442,2.26611,-2.43288,-1.93257,0.50031,1.89333
4.11039,2.66832,2.88414,-0.51993,0.84366,1.13796
1.1772,-1.41264,1.54017,0.56898,-1.79523,0.43164
1.36359,-1.21644,-2.58984,-3.25692,2.04048,-1.04967
1.71675,4.47336,2.54079,0.03924,0.69651,-1.88352
-0.43164,-1.41264,-1.7658,-0.13734,-0.32373,0.67689
-0.15696,2.47212,1.45188,-0.48069,-0.95157,-6.16068
-0.51012,-1.80504,-1.90314,2.58984,0.6867,-0.27468
0.90252,-2.22687,-0.50031,1.58922,4.76766,-0.17658
2.0601,0.42183,0.82404,-0.81423,-2.62908,-1.77561
1.05948,-1.28511,-0.23544,0.15696,0.75537,0.8829
0.44145,4.58127,-1.70694,0.74556,-0.07848,0.0981
4.3164,0.50031,-0.84366,1.25568,1.42245,0.84366
0.26487,0.84366,0.96138,-1.20663,1.20663,1.77561
1.68732,2.81547,3.56103,1.85409,-0.24525,-0.13734
-0.80442,0.31392,-0.25506,-3.17844,-1.74618,-0.55917
3.46293,-1.26549,0.42183,0.34335,-2.31516,0.94176
2.42307,-1.70694,-2.13858,0.2943,0.33354,-0.50031
-1.01043,3.11958,0.97119,1.21644,-1.93257,-3.1392
2.12877,2.40345,0.90252,2.62908,1.48131,2.43288
-2.93319,-0.75537,-0.90252,0.38259,-0.61803,-1.53036
1.95219,2.58984,3.40407,1.82466,0.04905,0.84366
1.63827,-0.00981,1.05948,-1.82466,-0.06867,-1.7658
3.21768,1.04967,-0.32373,2.52117,-0.27468,-0.42183
2.41326,1.80504,2.57022,4.44393,4.52241,0.84366
-1.05948,0.43164,-0.66708,-0.70632,0.90252,2.23668
-1.14777,0.70632,0.16677,-1.92276,0.60822,-1.05948
-3.31578,0.72594,-0.2943,1.72656,0.89271,-1.60884
1.11834,-0.44145,2.51136,0.30411,3.60027,2.08953
-1.84428,0.91233,2.46231,-0.59841,0.62784,-2.44269
1.80504,4.64994,1.48131,1.57941,1.6677,2.23668
1.4715,1.99143,-0.87309,-1.77561,2.75661,1.78542
0.56898,-0.75537,-2.51136,1.962,-1.68732,0.92214
-0.96138,-0.43164,-1.84428,-1.44207,-0.36297,1.87371
0.01962,2.28573,-2.14839,-1.92276,-2.57022,-0.92214
3.29616,-2.20725,0.05886,1.72656,1.03005,1.16739
-1.69713,-2.04048,-0.08829,2.61927,0.05886,-1.5696
-0.44145,-0.03924,1.13796,-0.46107,0.11772,-1.82466
1.72656,0.11772,-1.59903,-3.4335,2.51136,-0.25506
-1.962,-1.26549,-2.83509,0.38259,-0.24525,0.70632
0.42183,-0.18639,-1.89333,-0.16677,0.12753,1.18701
-1.35378,-0.15696,1.26549,-0.28449,-1.13796,-0.1962
3.36483,0.62784,0.65727,0.65727,-1.36359,-0.0981
0.21582,-1.55979,1.7658,0.13734,0.83385,2.05029
0.35316,0.86328,-0.56898,0.32373,-0.35316,0.64746
0.10791,0.15696,-0.38259,0.89271,-0.50031,0.60822
1.02024,-2.09934,-2.83509,-0.34335,-0.0981,1.6677
-0.32373,1.84428,2.77623,1.18701,-1.16739,-2.32497
-0.96138,-0.10791,2.28573,-1.51074,0.16677,-3.06072
-0.21582,2.943,0.46107,-1.33416,1.33416,1.25568
0.60822,-0.33354,0.08829,1.1772,-1.05948,1.48131
-0.64746,-1.71675,0.0,2.93319,1.26549,-3.59046
1.26549,0.26487,-0.35316,0.81423,0.8829,-6.43536
0.1962,0.80442,0.0981,1.68732,0.1962,2.50155
-0.0981,-0.44145,2.37402,-0.15696,0.60822,-0.30411
-0.15696,-0.12753,0.0,0.23544,-2.11896,-0.47088
0.62784,-0.06867,-1.09872,-0.93195,-0.32373,2.02086
-1.52055,-0.41202,-0.91233,0.89271,0.91233,0.2943
1.50093,2.0601,2.19744,0.52974,1.85409,1.40283
2.13858,-2.65851,1.33416,-1.5696,1.26549,2.62908
-1.38321,-1.01043,2.46231,-0.1962,1.95219,-0.64746
2.40345,-1.25568,-1.40283,1.14777,0.13734,0.85347
1.42245,0.24525,-1.03005,1.71675,0.37278,0.50031
1.09872,-2.16801,-0.46107,3.18825,-0.67689,-0.93195
1.16739,-0.74556,0.30411,0.92214,1.54017,-2.54079
-0.41202,2.12877,-0.75537,-1.00062,3.26673,1.91295
-1.41264,0.31392,-0.1962,2.33478,-1.08891,-2.90376
-0.86328,-0.12753,0.42183,1.60884,-0.47088,-2.50155
2.57022,0.32373,-0.17658,-1.42245,2.16801,1.54017
0.89271,-0.93195,-0.00981,1.40283,1.77561,-5.7879
2.23668,0.72594,-0.50031,0.96138,2.08953,-4.82652
1.48131,-0.34335,0.80442,-2.57022,1.23606,-1.95219
-0.01962,0.10791,0.85347,0.65727,1.29492,-0.31392
1.83447,1.18701,3.86514,1.85409,-1.01043,-1.79523
0.25506,-3.38445,-0.12753,-2.63889,0.21582,6.52365
-9.11349,-4.95405,-7.60275,-6.17049,-7.56351,-5.5917
-4.28697,-1.75599,-0.46107,-4.55184,-1.67751,1.03005
-0.46107,1.5696,-1.62846,0.95157,3.06072,1.40283
2.61927,3.30597,4.71861,3.83571,1.54017,-4.905
-0.05886,-1.67751,0.95157,1.95219,4.18887,-2.52117
0.72594,0.38259,2.24649,0.0,0.97119,0.96138
-2.02086,2.1582,-2.0601,-1.12815,-3.64932,-4.40469
-0.40221,1.85409,-0.55917,1.13796,-1.93257,-1.83447
1.89333,3.4335,2.36421,1.6677,1.52055,2.19744
-4.86576,-8.76033,-6.11163,-3.99267,-2.86452,-2.70756
-0.77499,-2.6487,-0.71613,1.50093,-1.58922,-2.5506
-0.55917,1.38321,0.31392,-3.65913,1.12815,-2.04048
2.52117,-1.69713,-0.25506,-0.70632,2.34459,-0.57879
1.67751,1.85409,1.53036,-0.01962,0.5886,-3.75723
-2.57022,0.32373,-0.24525,-0.7848,-0.20601,0.13734
-0.17658,2.943,-0.55917,0.01962,0.56898,-0.17658
-1.09872,0.81423,-0.11772,-1.3734,1.26549,0.83385
3.81609,3.39426,2.07972,1.18701,-1.2753,4.42431
0.7848,-0.99081,-0.36297,2.00124,-0.16677,0.96138
-0.64746,-2.0601,-2.29554,0.45126,3.87495,1.28511
3.1392,0.7848,0.01962,2.23668,-0.87309,-0.15696
0.77499,-0.25506,0.45126,2.2563,0.60822,-1.97181
-1.02024,-2.3544,0.54936,0.92214,-0.06867,0.02943
2.0601,-0.44145,2.59965,1.1772,0.23544,-0.54936
-3.77685,0.51993,-1.8639,-0.79461,0.93195,-1.34397
-1.04967,0.75537,-0.56898,-0.86328,-0.86328,0.42183
-1.09872,2.28573,1.3734,1.15758,-2.13858,-4.35564
1.35378,-0.33354,1.93257,2.81547,2.52117,0.54936
0.44145,-0.03924,0.4905,0.27468,-0.44145,3.73761
-0.77499,1.50093,1.57941,2.08953,2.17782,-0.64746
3.89457,2.7468,5.47398,3.78666,3.0411,-2.38383
-1.75599,-0.43164,-0.67689,-1.5696,0.07848,2.1582
-2.52117,0.95157,-2.11896,0.63765,-0.92214,-0.63765
1.20663,2.2563,2.91357,-0.18639,-3.42369,-5.27778
1.93257,-0.63765,-1.97181,1.52055,1.52055,0.0
-1.50093,-5.36607,-0.13734,0.20601,-1.65789,-4.35564
0.15696,-1.01043,2.2563,-1.98162,0.27468,-0.42183
3.07053,-1.13796,0.44145,-2.21706,2.0601,2.42307
0.36297,3.18825,0.67689,0.50031,-0.2943,1.41264
0.65727,-1.90314,1.99143,2.98224,-1.75599,0.36297
-1.80504,-1.30473,0.56898,0.8829,3.3354,0.41202
0.57879,-2.32497,1.67751,1.6677,-0.54936,1.38321
-1.33416,0.48069,1.54998,2.03067,-2.12877,-0.69651
-1.01043,1.16739,-0.11772,0.2943,1.12815,-2.48193
1.2753,-0.67689,-0.99081,-0.4905,1.25568,-0.77499
-0.32373,1.57941,-1.38321,0.33354,1.16739,2.02086
-1.03005,1.99143,1.74618,0.63765,-1.55979,2.07972
-0.55917,0.93195,-0.54936,0.08829,2.7468,0.81423
-1.99143,0.96138,-0.92214,-0.94176,2.58003,0.43164
-0.08829,0.06867,-2.58003,-3.46293,1.50093,3.95343
-9.49608,-5.91543,-5.03253,-2.943,0.57879,0.6867
-0.4905,2.01105,1.72656,-0.02943,-0.30411,1.78542
0.63765,0.24525,0.32373,0.6867,0.75537,-2.20725
0.8829,0.22563,1.13796,0.83385,1.0791,0.71613
1.58922,0.22563,-1.73637,0.99081,-0.97119,0.06867
-0.27468,0.4905,-1.13796,-0.50031,0.51993,0.57879
1.67751,1.74618,0.30411,-1.35378,1.88352,2.57022
0.77499,1.95219,2.13858,2.02086,0.1962,1.89333
0.76518,-1.45188,1.49112,2.03067,-1.8639,2.20725
0.92214,0.92214,0.83385,-0.24525,0.38259,0.1962
-0.52974,1.33416,1.03986,-0.40221,-3.0411,0.74556
-1.52055,-1.04967,1.962,1.28511,-2.72718,2.10915
0.22563,0.97119,1.49112,0.07848,-0.76518,-3.16863
3.57084,0.42183,-0.67689,2.53098,1.93257,1.20663
0.82404,3.61008,1.962,0.25506,0.02943,3.50217
0.15696,-1.58922,1.30473,2.10915,-1.63827,-0.53955
0.74556,-0.24525,0.55917,0.0,1.65789,-0.72594
2.2563,4.46355,0.69651,-2.03067,-0.01962,-1.5696
0.94176,2.40345,2.56041,1.99143,0.85347,2.08953
0.85347,-2.42307,-2.72718,1.04967,1.22625,3.71799
5.69961,2.62908,2.06991,1.61865,-0.22563,5.89581
0.50031,1.4715,0.26487,-0.25506,-2.87433,3.06072
-3.75723,0.26487,-0.86328,1.51074,1.79523,-0.08829
-1.00062,3.52179,-1.65789,-0.10791,-3.47274,-5.09139
0.45126,-0.52974,1.20663,-2.78604,-2.51136,-3.47274
-0.33354,-3.90438,-1.02024,0.30411,-0.71613,-1.16739
0.14715,0.8829,2.39364,-2.03067,-1.82466,1.84428
0.61803,-1.88352,-0.11772,-4.08096,1.62846,2.40345
-1.31454,1.16739,0.10791,-2.85471,-0.27468,-1.23606
-1.03986,-1.95219,-0.32373,0.33354,-1.38321,-3.57084
1.25568,-2.50155,-1.83447,-1.63827,2.66832,3.39426
1.11834,0.56898,2.62908,0.45126,-0.40221,-0.72594
1.41264,-1.58922,-2.58003,-0.96138,-0.06867,0.0
-2.98224,2.79585,-1.20663,0.71613,0.61803,0.35316
-1.30473,0.38259,2.44269,-1.12815,0.74556,-1.54017
3.26673,2.13858,3.00186,-1.42245,1.3734,-0.20601
1.02024,-2.32497,-1.48131,2.16801,-1.40283,-3.83571
2.3544,0.99081,3.58065,1.33416,0.03924,-2.68794
1.40283,0.61803,1.42245,0.83385,-1.16739,0.53955
-10.43784,-2.12877,-7.04358,-4.0221,-0.52974,0.83385
-2.13858,0.5886,1.63827,-1.54017,-2.67813,3.08034
0.03924,-0.21582,1.04967,1.7658,1.62846,-2.56041
2.6487,-1.70694,0.94176,-2.16801,0.50031,4.14963
2.96262,2.04048,3.22749,1.54017,1.64808,0.33354
1.80504,-0.72594,-0.93195,2.29554,-0.06867,3.18825
-0.93195,1.05948,-0.45126,1.74618,1.29492,0.12753
1.16739,1.13796,0.96138,-0.25506,0.4905,-1.75599
2.07972,0.92214,1.26549,0.95157,1.11834,1.41264
-1.01043,-0.15696,2.19744,0.22563,0.36297,-1.01043
3.59046,3.07053,-3.18825,-1.79523,-0.95157,4.18887
1.69713,-1.97181,-1.97181,1.93257,-1.73637,0.56898
1.99143,2.33478,3.07053,0.75537,0.16677,-2.91357
1.8639,-0.11772,0.14715,-1.03986,0.52974,2.81547
1.52055,2.60946,-0.11772,-1.34397,-1.28511,4.54203
-0.08829,-1.19682,-2.06991,1.44207,-0.56898,0.80442
2.10915,0.13734,-0.55917,-3.86514,1.82466,2.65851
2.30535,-1.40283,1.32435,-1.7658,-0.47088,3.39426
-0.93195,3.4335,-1.63827,1.04967,1.29492,-0.70632
1.71675,-2.12877,1.62846,-2.40345,0.91233,0.54936
-0.92214,-3.21768,-1.15758,1.7658,-1.0791,-1.08891
1.30473,-2.81547,-1.98162,-1.16739,0.17658,1.22625
0.50031,-1.18701,-1.55979,1.99143,-2.02086,0.77499
3.71799,3.1392,1.62846,0.01962,0.56898,5.62113
0.8829,-1.7658,2.86452,-2.93319,-0.92214,-2.44269
-1.01043,2.77623,-1.19682,-0.20601,0.65727,5.30721
1.15758,-2.81547,0.46107,-3.67875,0.32373,-0.12753
-0.2943,2.91357,0.44145,-0.00981,-0.46107,-3.74742
1.11834,-0.60822,0.53955,1.73637,-1.23606,-0.5886
-2.77623,-0.69651,1.43226,0.20601,-0.8829,-0.46107
-2.52117,0.93195,4.71861,-0.1962,-0.71613,-1.28511
-1.02024,2.79585,1.87371,-1.89333,-2.90376,-0.22563
-2.96262,0.18639,-1.25568,0.22563,-0.77499,-3.44331
-1.40283,0.56898,-2.07972,-0.59841,2.30535,-3.85533
0.42183,-1.2753,0.83385,-0.46107,5.20911,0.82404
-1.3734,3.21768,-2.69775,2.24649,-3.37464,-0.33354
-0.14715,1.32435,1.09872,0.0981,0.2943,0.6867
-1.08891,3.20787,1.60884,1.58922,-1.36359,-0.59841
-0.80442,-1.49112,-0.37278,-0.67689,0.18639,-2.66832
-0.10791,1.52055,1.98162,-0.50031,-0.77499,0.28449
1.48131,-0.79461,-1.52055,0.03924,-0.77499,-3.95343
0.38259,1.24587,-2.66832,0.31392,1.41264,-3.76704
-0.2943,-0.10791,0.94176,1.02024,-1.90314,-1.73637
-1.87371,1.12815,-0.30411,-0.01962,-0.00981,0.85347
-3.11958,-1.79523,2.51136,0.80442,-0.03924,-1.62846
-4.13982,-5.01291,-3.71799,-2.0601,-1.71675,-4.44393
-1.54017,1.55979,0.15696,-0.50031,-0.15696,1.09872
0.25506,-0.89271,0.56898,-0.31392,0.66708,0.16677
2.92338,-0.26487,-1.05948,0.89271,-0.33354,0.51993
-1.12815,-2.14839,-1.20663,1.55979,-0.83385,-3.27654
-8.75052,-5.89581,-5.97429,-2.91357,-2.53098,-0.93195
0.61803,1.94238,-1.3734,-1.94238,-0.63765,1.98162
1.35378,-1.4715,0.13734,-3.11958,2.43288,-0.7848
-1.4715,0.69651,2.89395,-0.1962,0.79461,-2.28573
-1.04967,1.71675,-2.09934,-0.65727,-1.5696,-0.67689
2.52117,0.99081,0.35316,0.0981,-0.4905,0.80442
-2.76642,-0.6867,2.59965,0.37278,0.01962,-2.86452
0.73575,1.83447,1.40283,-1.49112,-0.52974,0.67689
0.48069,-1.84428,-2.02086,0.93195,1.01043,4.89519
-1.38321,-0.08829,3.49236,0.97119,-1.44207,0.43164
1.46169,0.08829,-2.54079,-0.45126,1.22625,1.21644
0.00981,-1.31454,-0.32373,-0.3924,-0.86328,-1.962
-1.7658,-2.87433,0.15696,1.98162,-0.08829,-0.47088
0.981,-0.03924,-0.41202,1.6677,-0.23544,-3.03129
0.55917,1.23606,0.13734,0.30411,-2.09934,1.68732
3.38445,-0.53955,-3.03129,-1.12815,-1.05948,-0.52974
-1.10853,-0.5886,-2.93319,0.17658,2.44269,1.38321
-0.31392,0.16677,0.34335,-0.74556,0.00981,0.30411
-1.03986,0.87309,-1.67751,-0.57879,-0.01962,0.62784
3.69837,2.76642,4.09077,-0.86328,1.31454,0.74556
-0.83385,-0.21582,1.20663,0.75537,0.07848,-3.99267
2.53098,-0.8829,-0.69651,-0.43164,2.31516,0.54936
1.97181,1.87371,0.59841,0.10791,-1.43226,3.31578
-0.62784,1.23606,3.30597,-0.56898,0.90252,0.50031
0.71613,-0.81423,-1.18701,-0.86328,-0.25506,3.51198
-2.68794,0.24525,0.48069,1.4715,-0.67689,-0.38259
-2.98224,-0.81423,-0.86328,1.44207,-0.16677,-0.72594
1.48131,1.25568,2.8449,1.88352,-2.2563,-1.84428
2.04048,0.96138,3.1392,0.92214,-0.12753,2.17782
-9.14292,-2.66832,-9.37836,-8.28945,-7.39674,-6.867
0.17658,-1.69713,-1.18701,1.53036,-0.71613,-0.7848
0.57879,1.97181,0.83385,0.00981,3.09015,1.13796
1.29492,-2.43288,0.92214,-1.35378,0.24525,1.81485
3.68856,0.38259,-0.13734,1.95219,1.88352,0.53955
0.80442,0.16677,2.11896,-2.40345,-0.67689,1.22625
-0.34335,0.34335,2.17782,0.26487,0.14715,2.49174
-1.81485,-0.11772,1.45188,-0.31392,0.64746,1.48131
2.99205,3.24711,0.93195,1.88352,1.36359,2.23668
-0.45126,0.50031,1.23606,2.58984,0.28449,-0.95157
1.57941,-1.42245,-0.24525,-1.01043,1.38321,3.63951
-1.82466,-0.18639,0.15696,-0.96138,0.86328,1.13796
-2.00124,2.48193,-1.20663,-1.93257,-3.61008,-2.47212
-0.46107,2.0601,2.62908,-0.38259,-0.8829,4.42431
3.75723,1.52055,3.27654,-1.21644,1.89333,-0.76518
0.20601,-1.46169,0.10791,0.46107,0.93195,-5.22873
-2.59965,-1.78542,0.05886,-1.962,-0.40221,-1.48131
1.65789,-0.72594,1.26549,-0.21582,-0.17658,-2.6487
-1.5696,0.31392,0.14715,1.36359,-1.18701,-0.94176
-1.02024,-0.79461,1.71675,-1.10853,1.962,0.34335
-0.83385,-1.22625,0.85347,1.5696,-1.02024,-0.24525
0.86328,1.6677,0.79461,-1.01043,1.53036,1.5696
-1.23606,0.92214,-3.54141,-1.43226,-1.03005,-2.13858
0.76518,1.95219,-2.07972,-1.28511,-0.31392,3.35502
-1.59903,2.32497,0.61803,0.26487,-2.20725,-3.21768
-2.20725,-0.61803,1.33416,3.10977,1.71675,-1.5696
1.46169,-0.66708,0.55917,1.98162,-4.19868,0.43164
-0.87309,1.16739,2.98224,-0.65727,-0.82404,1.61865
1.84428,-0.7848,1.64808,2.02086,1.28511,-0.16677
3.85533,0.12753,-0.03924,-1.40283,0.70632,4.3164
-1.23606,1.83447,0.50031,0.32373,-1.95219,-0.46107
2.66832,4.00248,-0.61803,-0.65727,-2.46231,4.33602
2.27592,3.38445,1.0791,0.50031,0.28449,-1.84428
0.03924,2.57022,1.18701,0.18639,-2.62908,0.53955
1.63827,-0.17658,-0.82404,-3.56103,1.29492,2.76642
-0.75537,2.09934,2.01105,0.65727,-1.21644,4.22811
2.19744,3.27654,-1.09872,1.94238,0.31392,0.04905
1.94238,0.52974,1.33416,1.52055,-2.69775,-0.79461
0.51012,1.70694,-4.78728,-1.00062,-0.66708,-2.61927
-5.08158,-6.83757,-4.19868,-4.1202,1.02024,0.13734
1.93257,2.70756,5.23854,3.12939,0.35316,-3.21768
-0.15696,0.62784,-0.73575,-0.76518,-2.12877,1.16739
2.28573,-0.26487,-2.5506,1.82466,0.16677,0.80442
2.66832,-0.36297,-2.89395,0.28449,1.48131,-0.03924
-0.30411,-0.71613,-1.41264,-1.31454,4.65975,0.36297
-3.77685,-0.20601,-0.60822,1.16739,1.04967,0.15696
-1.04967,-0.55917,1.6677,2.91357,1.57941,0.46107
4.23792,2.73699,1.48131,0.79461,0.83385,2.75661
1.20663,-0.33354,-1.99143,-3.06072,1.7658,-0.59841
-2.78604,1.77561,0.92214,0.74556,-0.06867,-2.63889
1.03005,1.71675,1.2753,0.59841,-0.97119,2.30535
-0.05886,3.88476,0.67689,2.01105,-0.0981,-3.74742
-2.48193,-5.74866,-1.22625,-0.12753,-1.49112,-2.00124
0.72594,-2.19744,-2.76642,-0.37278,-0.28449,2.43288
3.67875,2.99205,2.6487,5.76828,-0.41202,-1.41264
-0.27468,-1.91295,-0.31392,3.21768,0.75537,1.03986
-1.1772,-1.99143,-2.58984,-0.35316,-0.23544,0.22563
-10.81062,-2.61927,-7.43598,-4.73823,-0.43164,1.33416
-0.57879,1.4715,-1.55979,0.55917,-2.07972,1.20663
-0.82404,-0.85347,-0.07848,-0.00981,0.3924,-2.08953
1.95219,0.73575,-0.8829,0.90252,-0.74556,2.88414
3.68856,2.46231,1.82466,-0.47088,0.57879,-0.40221
3.14901,4.09077,3.6297,-1.30473,-0.77499,-1.49112
2.27592,-0.72594,1.02024,1.82466,1.22625,-0.89271
0.67689,1.09872,2.943,2.943,1.06929,0.74556
-1.04967,-0.96138,2.39364,2.61927,0.75537,-1.2753
-2.2563,1.38321,0.1962,1.71675,-0.90252,0.95157
0.96138,2.23668,1.46169,-0.90252,-0.26487,-1.52055
1.95219,4.1202,3.58065,-0.26487,1.78542,-1.54017
1.6677,-3.10977,2.23668,-2.14839,-0.02943,-1.15758
4.6107,2.69775,-0.16677,2.87433,0.40221,2.943
3.75723,3.31578,-2.43288,-1.19682,-0.23544,3.47274
-0.13734,1.11834,1.61865,0.02943,0.46107,-0.46107
-4.94424,-8.61318,-5.12082,-4.5126,-2.11896,-1.38321
0.14715,0.38259,1.52055,0.20601,-0.22563,-0.981
0.17658,0.72594,-1.10853,-0.3924,0.33354,1.50093
0.91233,-0.75537,0.57879,2.47212,-0.27468,1.38321
-3.45312,-2.24649,-1.40283,0.47088,1.41264,-1.26549
-2.27592,3.03129,6.1803,2.92338,-0.24525,-3.37464
-0.38259,-1.24587,0.86328,0.85347,1.41264,2.80566
3.00186,-0.01962,2.01105,0.30411,3.61008,0.40221
-0.2943,0.33354,2.96262,-3.06072,-3.09015,-1.55979
1.15758,-2.44269,0.62784,0.84366,-1.62846,-1.30473
-0.35316,-1.92276,0.07848,-0.93195,0.24525,0.36297
-2.80566,0.72594,2.68794,1.23606,-0.99081,-1.97181
-0.87309,-0.93195,-0.0981,1.42245,1.52055,-4.48317
0.05886,2.01105,0.14715,-0.03924,2.27592,2.56041
0.71613,-1.52055,-0.61803,1.3734,0.03924,1.3734
0.31392,-1.39302,0.82404,0.5886,1.09872,-1.41264
-1.8639,-0.3924,-1.62846,0.71613,2.72718,-1.5696
2.46231,1.28511,-4.96386,0.6867,-1.77561,5.67018
2.20725,1.21644,-0.55917,2.02086,-0.03924,1.97181
-1.58922,-0.22563,3.3354,-0.07848,-1.54998,0.74556
-1.88352,2.22687,2.0601,1.7658,0.50031,-6.44517
-0.26487,-1.70694,0.24525,0.72594,1.28511,-1.84428
1.23606,-1.01043,2.19744,0.46107,-4.15944,-0.37278
1.31454,-2.61927,-1.15758,1.24587,-0.75537,0.69651
0.76518,1.75599,-2.77623,2.06991,1.0791,-0.85347
1.23606,1.59903,-5.3955,-1.16739,-0.46107,-3.93381
1.31454,-1.55979,-1.3734,0.32373,0.85347,0.21582
1.31454,-0.99081,-1.20663,-0.74556,-1.46169,5.37588
-1.6677,-2.37402,2.0601,2.21706,2.37402,-3.03129
-0.06867,4.35564,-0.71613,-0.81423,0.43164,-0.51993
-0.67689,-0.36297,-1.64808,-3.59046,2.21706,2.33478
-3.25692,-0.86328,-1.68732,2.29554,2.91357,-3.79647
-0.26487,0.51993,1.15758,1.4715,-0.41202,3.99267
2.98224,0.18639,0.6867,-0.73575,0.57879,4.04172
-1.54998,-1.42245,3.05091,0.4905,-2.2563,2.943
-1.6677,2.1582,-0.03924,0.54936,-1.65789,-0.46107
-0.02943,1.53036,1.45188,-0.72594,1.55979,3.58065
0.0,1.95219,3.96324,0.34335,-0.42183,0.35316
-1.84428,-1.11834,2.6487,-0.28449,-3.28635,3.48255
1.81485,-0.07848,-2.01105,-1.05948,1.71675,5.11101
1.59903,1.89333,-2.96262,-1.09872,-2.4525,0.45126
0.71613,0.53955,-1.14777,2.63889,-0.85347,-2.50155
0.71613,-2.69775,-0.1962,0.83385,2.31516,0.6867
-3.89457,0.17658,-1.63827,1.63827,1.61865,0.21582
-1.51074,0.17658,2.29554,-2.14839,-0.24525,-0.62784
0.0,-1.71675,-2.16801,-0.61803,0.03924,0.46107
0.75537,0.01962,-2.69775,1.95219,-2.68794,0.37278
0.99081,2.80566,0.0,0.10791,1.03986,2.12877
1.962,0.51012,-0.01962,1.90314,-1.59903,1.82466
-0.89271,-1.10853,-2.08953,-1.59903,-0.55917,-0.32373
0.71613,-0.53955,0.85347,0.66708,0.18639,-0.21582
-0.95157,-0.94176,-0.26487,1.88352,2.57022,-4.58127
3.34521,1.30473,1.31454,1.04967,1.59903,3.4335
0.93195,0.55917,-0.76518,1.72656,1.41264,0.96138
1.10853,2.51136,-0.45126,-2.21706,-2.30535,1.13796
-0.17658,2.10915,1.55979,-2.96262,-0.56898,-3.66894
-0.38259,-2.72718,-0.5886,1.6677,1.6677,-2.32497
1.23606,0.03924,-0.77499,3.14901,0.77499,-4.11039
2.48193,2.943,-1.98162,1.31454,1.13796,0.05886
-3.64932,1.2753,-0.1962,-0.21582,1.38321,-3.05091
-9.30969,-6.06258,-8.61318,-4.01229,-1.89333,-0.63765
-0.61803,1.84428,1.41264,-0.06867,-1.71675,2.41326
1.0791,1.48131,-1.71675,0.01962,-0.70632,0.74556
0.04905,-1.2753,-0.75537,0.71613,1.31454,-2.77623
3.07053,3.74742,1.16739,3.35502,0.74556,5.48379
3.05091,6.20973,1.05948,3.18825,1.06929,-0.82404
0.60822,1.34397,0.51993,2.33478,1.23606,2.44269
4.46355,0.95157,1.64808,1.36359,0.3924,4.57146
1.02024,1.97181,-5.21892,-1.23606,-0.54936,-2.14839
-0.2943,-1.6677,-0.91233,0.06867,-1.74618,-2.89395
0.43164,0.05886,-2.07972,0.7848,-0.67689,2.18763
0.89271,2.80566,-0.31392,0.54936,-2.19744,1.98162
-0.96138,1.11834,-1.13796,-0.0981,-0.57879,1.90314
3.07053,-2.03067,0.84366,-0.17658,-0.21582,1.10853
-0.61803,0.03924,1.23606,1.20663,0.17658,-2.88414
-1.52055,0.85347,0.93195,-1.31454,0.82404,0.51993
-1.03986,-0.26487,-0.89271,-0.33354,-0.63765,-0.31392
-0.50031,1.20663,2.30535,-3.70818,-3.87495,-1.78542
-0.06867,0.81423,-0.61803,-0.43164,1.14777,4.06134
-1.65789,0.48069,0.77499,-1.04967,0.71613,-0.40221
-4.77747,-6.70023,-5.27778,-1.71675,-3.19806,-4.36545
0.51012,-1.45188,-2.62908,0.59841,0.60822,-2.97243
1.69713,-1.51074,1.13796,-1.18701,1.06929,0.14715
0.04905,-0.24525,0.43164,0.30411,-1.49112,2.21706
0.03924,0.24525,0.6867,-1.29492,-2.11896,2.82528
-0.94176,-0.67689,-2.58003,3.16863,2.2563,0.89271
-7.9461,-2.00124,-8.61318,-5.83695,-2.07972,-4.64013
-0.55917,-1.99143,-1.87371,3.81609,1.23606,2.16801
-0.51012,-0.77499,-3.16863,1.89333,1.58922,2.41326
2.34459,0.7848,0.34335,-1.16739,3.17844,-0.80442
-0.06867,0.62784,-0.64746,1.69713,-3.86514,-1.1772
-0.57879,-0.14715,-0.31392,0.72594,-1.46169,-0.69651
1.44207,1.92276,2.36421,0.28449,0.61803,-2.75661
-0.72594,1.23606,-0.06867,-0.66708,-0.20601,4.19868
-5.87619,0.99081,-3.01167,-3.65913,-3.73761,-5.85657
1.23606,2.4525,0.52974,-2.68794,-0.61803,3.52179
-1.04967,-2.71737,0.26487,1.54017,-1.1772,1.09872
2.3544,1.50093,-0.17658,-0.00981,1.14777,0.77499
-1.19682,1.26549,0.85347,-1.71675,-0.33354,0.92214
-0.7848,0.21582,0.48069,0.33354,0.04905,-0.24525
1.09872,-0.73575,-0.99081,-0.03924,3.11958,1.19682
-1.55979,-4.44393,0.23544,0.46107,-1.03986,-3.71799
-0.21582,-0.64746,-0.27468,-3.08034,0.17658,0.99081
-3.6297,0.11772,0.5886,1.18701,-1.11834,-2.00124
0.92214,0.46107,-2.4525,1.12815,3.08034,1.72656
0.06867,0.23544,-0.73575,-1.0791,3.2373,1.1772
-0.8829,-0.51993,0.17658,1.72656,2.68794,-3.67875
3.09015,-0.17658,0.76518,-1.31454,2.08953,1.77561
-3.61008,-1.15758,4.39488,-1.09872,1.61865,2.44269
1.09872,-1.85409,-3.59046,-0.28449,0.3924,1.962
1.88352,5.25816,2.943,1.61865,0.97119,-4.0221
-0.73575,3.14901,-0.95157,1.72656,-3.56103,2.95281
4.03191,3.06072,1.962,0.92214,0.14715,4.22811
-2.19744,1.08891,-0.77499,0.21582,-0.05886,2.87433
1.71675,1.50093,0.89271,-0.3924,1.99143,0.10791
-0.2943,-2.11896,0.67689,0.10791,1.45188,0.67689
0.36297,-1.16739,0.85347,-0.86328,-2.61927,0.74556
0.32373,-0.83385,0.85347,-0.47088,1.41264,0.67689
-0.02943,1.08891,0.74556,0.45126,-0.02943,-2.22687
1.81485,1.92276,-2.95281,2.0601,1.74618,-0.44145
2.09934,-0.73575,-0.84366,-0.96138,-0.76518,-1.24587
-2.05029,-5.63094,-0.53955,-0.0981,-0.75537,-4.63032
-0.7848,2.69775,1.91295,-0.72594,-0.55917,-2.40345
2.73699,1.43226,1.88352,0.8829,3.46293,-1.43226
2.58984,2.92338,-1.45188,-0.17658,0.0,0.35316
0.94176,-0.25506,0.89271,3.51198,-3.01167,0.73575
-1.1772,-0.74556,0.33354,0.37278,-2.02086,1.80504
0.52974,0.01962,3.3354,-0.91233,-2.0601,-0.37278
0.10791,-0.5886,1.1772,-0.80442,0.50031,-0.93195
1.01043,-0.89271,0.0981,-0.57879,1.09872,-1.91295
-3.22749,0.8829,-0.92214,-4.99329,-5.25816,-2.82528
3.6297,0.32373,-1.8639,0.77499,1.50093,1.14777
-2.20725,0.51012,-1.13796,-0.5886,0.61803,-1.01043
-1.24587,3.0411,-0.80442,-0.04905,-1.20663,-1.6677
-1.35378,-0.06867,0.5886,3.67875,0.07848,1.88352
0.79461,0.87309,-2.66832,-1.10853,1.35378,-0.76518
1.23606,1.38321,-0.08829,-0.33354,0.1962,5.11101
-2.93319,-2.80566,-2.17782,0.54936,0.17658,-0.77499
-1.95219,-0.04905,1.31454,-1.95219,-1.59903,2.40345
3.52179,0.40221,1.46169,1.05948,-0.62784,1.92276
2.31516,-0.51012,-0.16677,1.54998,-2.14839,2.4525
2.57022,1.43226,1.2753,3.52179,2.36421,4.16925
1.49112,4.55184,3.41388,0.73575,0.15696,-4.34583
-1.72656,-2.12877,-1.68732,-0.94176,4.17906,-1.29492
-1.19682,1.46169,-3.924,-2.01105,-2.00124,-2.54079
-0.41202,-2.02086,-0.59841,-1.74618,3.01167,-0.31392
1.24587,-1.34397,0.0981,-1.73637,0.37278,1.88352
-1.39302,0.40221,0.06867,2.11896,0.65727,0.43164
-0.01962,1.93257,2.81547,0.75537,2.08953,-0.51993
0.84366,-0.52974,-1.48131,-0.06867,0.77499,0.36297
0.00981,-1.38321,-1.52055,-3.61008,0.51012,2.61927
0.48069,-0.56898,-1.962,0.23544,-0.35316,-1.52055
0.97119,1.95219,0.83385,1.99143,0.73575,0.55917
-1.65789,-0.55917,2.95281,-0.63765,0.50031,3.34521
-3.95343,-5.66037,-2.92338,-2.33478,-1.22625,-4.32621
-2.69775,0.27468,0.76518,-1.43226,-0.8829,-0.10791
-10.47708,-2.78604,-6.58251,-4.81671,-0.02943,1.11834
1.25568,-0.81423,-2.23668,-2.89395,1.88352,3.67875
-0.75537,2.43288,0.38259,0.0,-2.37402,-4.06134
-0.981,0.40221,-1.49112,0.55917,-1.00062,0.74556
1.90314,0.86328,-2.31516,-2.02086,-0.42183,1.32435
1.83447,0.73575,1.22625,0.53955,0.61803,0.95157
-0.99081,0.33354,-1.72656,-1.0791,3.14901,1.70694
-4.5126,-8.7309,-5.67999,-3.7278,-3.38445,-2.96262
-1.03005,1.82466,-1.72656,-0.55917,0.57879,2.56041
0.71613,-0.03924,-0.42183,-1.70694,-0.30411,0.21582
-8.86824,-1.87371,-9.17235,-7.53408,-5.67999,-4.5126
-2.72718,-0.71613,-1.06929,2.01105,4.10058,-2.88414
0.00981,0.89271,1.09872,0.99081,0.04905,-1.74618
1.65789,4.00248,-0.55917,0.71613,-1.05948,1.81485
3.85533,2.58984,2.68794,4.62051,1.40283,1.01043
-0.44145,-0.3924,-0.31392,0.95157,-0.37278,-1.87371
1.49112,0.17658,-1.51074,0.60822,1.88352,-0.32373
-0.28449,-0.80442,-1.6677,-0.54936,-0.75537,1.48131
-8.21097,-2.81547,-6.94548,-5.17968,-1.72656,-2.13858
-2.04048,3.08034,-1.16739,-0.70632,0.00981,-3.41388
1.44207,1.54017,-0.62784,0.0,3.74742,2.86452
2.01105,-0.92214,1.4715,2.46231,0.61803,-2.58984
0.02943,-0.60822,-1.05948,-0.35316,-0.52974,0.97119
1.98162,-2.17782,-0.81423,-2.56041,1.09872,3.16863
-2.42307,-0.85347,1.79523,0.48069,0.17658,-1.31454
1.52055,1.20663,1.5696,3.924,1.58922,1.03986
1.69713,-2.05029,-0.27468,-3.25692,1.69713,-0.41202
0.65727,-1.43226,-0.22563,-1.19682,3.08034,-1.25568
4.07115,-1.49112,3.08034,3.86514,-1.31454,1.08891
-1.16739,0.40221,3.84552,0.16677,-2.0601,0.63765
2.63889,-0.8829,-2.48193,-0.50031,2.66832,1.1772
0.85347,-0.40221,0.28449,2.63889,0.71613,-1.67751
-2.59965,1.19682,0.23544,0.04905,-1.71675,-2.1582
1.71675,-0.65727,1.25568,-2.96262,0.79461,-2.87433
5.16987,2.86452,-0.6867,3.11958,2.53098,3.69837
-0.26487,-0.54936,-1.43226,1.39302,0.97119,0.23544
-0.4905,1.00062,0.08829,-2.1582,1.21644,1.7658
-0.79461,-0.67689,-1.97181,-0.04905,-2.24649,1.5696
3.58065,1.62846,1.74618,0.44145,1.29492,5.63094
0.31392,0.67689,1.77561,2.05029,-2.23668,-2.31516
0.32373,0.0981,-0.95157,1.3734,-0.91233,-0.75537
2.41326,1.59903,3.88476,3.6297,0.15696,-3.60027
-0.93195,1.99143,1.25568,0.74556,-0.67689,-2.16801
1.60884,-1.69713,0.8829,1.26549,-0.32373,-0.1962
-2.57022,0.1962,0.8829,-0.08829,1.22625,-0.10791
1.57941,-1.48131,2.1582,0.77499,-1.68732,0.59841
1.29492,-1.22625,0.54936,2.51136,1.54998,-2.30535
0.21582,2.44269,1.49112,-0.13734,-0.24525,-4.10058
-3.08034,0.86328,-2.13858,-0.28449,0.56898,-1.87371
2.21706,1.5696,-0.52974,1.98162,-1.62846,-0.81423
-0.07848,-0.36297,1.00062,1.39302,-0.53955,-0.03924
-0.77499,2.13858,-1.29492,-0.21582,-2.0601,-1.03986
-5.71923,-6.78852,-4.25754,-3.10977,-0.03924,-2.17782
-2.46231,-0.31392,1.97181,1.74618,0.20601,-2.77623
-0.06867,1.4715,1.45188,1.85409,-0.76518,3.4335
-1.13796,-0.30411,1.04967,-0.53955,1.75599,-0.76518
-0.52974,-0.03924,0.52974,0.36297,-2.58003,0.93195
-0.93195,-0.04905,1.12815,-2.51136,3.15882,0.46107
-1.1772,1.11834,2.00124,-1.33416,-1.31454,1.03005
2.1582,0.71613,-0.30411,2.16801,1.13796,2.16801
1.57941,3.1392,2.1582,1.35378,1.67751,-1.5696
-5.69961,-7.22997,-5.81733,-4.6107,-3.31578,-4.20849
-0.34335,0.07848,-0.22563,-2.943,1.36359,-1.98162
0.21582,3.19806,-0.64746,0.36297,1.44207,1.97181
4.44393,2.02086,2.12877,-0.99081,2.12877,-0.51993
1.52055,0.75537,-2.59965,0.13734,-0.69651,-0.47088
1.43226,-0.48069,0.01962,3.00186,0.41202,-2.88414
2.48193,0.2943,-2.0601,0.04905,0.26487,1.82466
0.02943,0.15696,2.09934,-0.89271,-0.13734,-1.20663
3.08034,4.66956,2.32497,1.29492,0.30411,1.79523
1.7658,1.55979,1.54017,0.0,2.87433,0.62784
1.3734,-0.38259,0.83385,-2.6487,-0.87309,-1.01043
-1.20663,-0.31392,3.27654,-0.87309,0.12753,2.54079
3.54141,-0.18639,-3.0411,0.50031,-0.83385,-0.30411
1.44207,3.89457,2.17782,0.91233,1.73637,-1.77561
-0.70632,3.20787,-1.72656,0.43164,1.31454,-0.28449
-0.92214,0.13734,1.94238,-2.87433,-2.05029,-1.22625
-0.8829,2.48193,0.97119,1.08891,-0.10791,0.46107
-2.43288,0.11772,0.05886,-4.35564,0.40221,1.32435
-0.96138,1.03005,3.61989,1.68732,0.01962,-2.49174
1.1772,-0.02943,1.72656,-2.16801,1.64808,1.38321
0.06867,-0.60822,0.54936,3.09015,3.27654,-2.36421
-1.59903,-2.26611,-1.30473,3.19806,0.97119,-0.45126
-2.42307,-0.30411,1.20663,-0.40221,0.30411,-2.60946
1.51074,-3.1392,1.98162,-2.19744,-0.0981,0.63765
-1.53036,0.69651,-0.90252,-0.27468,2.04048,0.80442
1.91295,-2.71737,0.57879,-2.23668,0.02943,0.85347
-2.43288,0.8829,-2.42307,0.10791,-0.97119,0.01962
-0.66708,-1.53036,-1.20663,2.29554,2.01105,-3.42369
0.59841,0.0981,-2.42307,-1.21644,-0.63765,2.92338
1.04967,0.62784,-1.97181,-2.32497,2.59965,0.94176
3.71799,0.20601,-2.76642,0.92214,-0.20601,-0.90252
1.54998,-2.49174,-1.72656,-1.40283,2.3544,3.93381
-1.16739,0.47088,0.23544,0.00981,1.52055,-0.26487
-0.40221,-0.24525,-0.41202,2.30535,-3.00186,-1.61865
-0.92214,2.04048,1.08891,-0.99081,-0.01962,5.1993
1.09872,0.90252,-2.26611,-2.63889,0.1962,2.02086
1.05948,1.32435,0.1962,1.50093,-0.37278,1.18701
-1.01043,-2.38383,-0.41202,2.18763,2.65851,-0.35316
2.32497,1.21644,1.18701,0.7848,1.81485,0.53955
1.79523,0.30411,-1.0791,0.01962,0.90252,-1.85409
1.962,-1.20663,1.3734,-1.18701,-2.53098,-2.61927
-1.84428,0.14715,1.53036,0.07848,0.74556,1.03986
2.38383,1.58922,-0.22563,2.17782,-0.4905,-1.34397
0.40221,-0.53955,1.85409,2.24649,-0.73575,-0.54936
-7.56351,-2.34459,-8.97615,-6.06258,-2.00124,-2.83509
1.05948,-0.67689,-4.25754,1.75599,1.90314,2.68794
-10.2024,-2.8449,-7.23978,-4.73823,-0.42183,1.8639
0.08829,-1.85409,-2.17782,1.15758,-0.34335,0.62784
-2.81547,-1.35378,2.02086,0.59841,-0.61803,0.48069
-1.75599,1.08891,0.56898,-0.70632,-2.83509,-1.40283
-5.83695,-7.05339,-3.6297,-1.04967,2.23668,-2.34459
0.43164,-0.87309,0.20601,1.4715,1.11834,-4.65975
0.35316,-1.94238,-1.73637,-0.77499,0.04905,1.05948
0.03924,0.6867,-0.70632,-2.87433,-2.20725,-2.68794
-0.26487,0.0981,0.81423,-0.14715,0.57879,-2.61927
0.77499,0.01962,-0.1962,3.36483,1.8639,-1.6677
-0.51993,2.32497,1.16739,-2.80566,-1.84428,-0.31392
-0.96138,1.08891,1.38321,-0.86328,0.1962,3.19806
-1.52055,-0.64746,-0.28449,1.84428,-2.943,-1.42245
-1.82466,-1.03986,-1.15758,1.78542,3.25692,-4.29678
-0.95157,0.51012,0.99081,2.24649,1.2753,-7.23978
0.24525,1.38321,0.981,0.97119,-1.01043,-1.28511
1.75599,3.18825,2.88414,3.20787,0.55917,-2.47212
2.71737,-1.40283,2.00124,0.84366,0.33354,6.22935
0.67689,0.08829,-0.32373,0.24525,-3.94362,-0.32373
-0.50031,-1.48131,-0.08829,-1.61865,-2.58984,-1.87371
0.61803,-1.32435,-0.95157,0.15696,-0.34335,1.53036
-3.09996,-2.79585,-1.39302,-1.99143,1.03986,-2.61927
-0.80442,0.20601,-0.94176,0.53955,-2.1582,-2.68794
-0.48069,-0.22563,-0.15696,-0.17658,0.06867,0.33354
1.03986,-1.3734,-0.76518,1.03005,0.47088,2.17782
0.57879,-1.00062,1.06929,1.42245,3.42369,-0.55917
-4.97367,-3.31578,-2.0601,-5.13063,-4.49298,-2.20725
3.79647,2.62908,0.21582,2.71737,-0.48069,-0.02943
0.97119,1.40283,-2.5506,-1.16739,-0.35316,1.25568
2.93319,4.98348,1.26549,3.45312,-0.48069,5.02272
2.58984,4.18887,4.22811,-0.15696,-1.6677,-3.64932
0.21582,1.63827,0.6867,0.03924,-2.54079,4.04172
-0.15696,1.57941,0.46107,1.23606,0.25506,2.77623
-0.59841,-1.15758,-0.64746,0.84366,0.84366,-1.4715
2.93319,1.46169,2.16801,3.44331,2.34459,1.60884
0.87309,0.42183,1.11834,-1.34397,-1.24587,4.6107
-0.1962,-0.77499,-0.24525,0.52974,1.34397,-1.26549
0.32373,3.50217,0.16677,1.31454,1.04967,-0.44145
0.99081,-2.54079,-0.36297,1.26549,0.08829,0.96138
0.64746,0.28449,1.61865,3.6297,3.21768,0.42183
-0.03924,0.52974,3.07053,1.4715,0.90252,-0.93195
0.04905,1.3734,-0.981,1.00062,0.31392,2.92338
0.59841,2.31516,1.40283,-1.52055,0.28449,4.14963
0.37278,-0.06867,-1.11834,0.51012,1.45188,0.32373
1.10853,0.89271,-0.93195,-2.05029,2.88414,2.11896
-0.91233,1.31454,-1.30473,1.39302,0.8829,0.86328
-0.82404,-0.92214,-0.8829,-2.17782,-0.54936,2.44269
-0.61803,1.2753,-0.42183,0.73575,1.38321,-0.71613
-4.00248,-5.17968,-4.37526,-1.4715,-0.81423,-1.69713
-1.11834,1.29492,-0.70632,1.2753,0.33354,-1.15758
-0.85347,0.74556,-3.31578,-0.42183,3.83571,4.83633
-1.03005,-0.61803,-0.91233,-2.78604,-1.68732,2.12877
1.62846,2.50155,1.78542,2.71737,-0.5886,0.06867
-0.01962,3.20787,-0.8829,0.96138,-0.36297,4.88538
-0.08829,1.88352,3.21768,-0.10791,-1.20663,1.11834
-0.95157,3.10977,-2.48193,-0.73575,-0.18639,-2.31516
-1.91295,0.45126,-0.8829,-2.17782,-2.05029,0.45126
0.13734,0.79461,-0.60822,2.90376,1.61865,-1.70694
0.06867,1.19682,-1.02024,0.32373,0.23544,3.02148
1.55979,-0.56898,0.0,1.43226,-1.23606,0.90252
2.42307,1.65789,1.20663,0.32373,-1.13796,3.19806
-0.20601,-1.54017,0.54936,0.27468,0.66708,1.2753
-5.74866,-8.22078,-5.1012,-0.93195,-0.70632,-2.943
-6.99453,-4.82652,-9.39798,-5.41512,-4.93443,-4.65975
-1.68732,-0.90252,-0.07848,-3.4335,-1.02024,1.75599
1.67751,3.14901,0.73575,-0.2943,-2.0601,2.95281
-0.02943,-1.65789,-0.75537,0.51993,-1.65789,2.00124
-0.17658,-0.38259,0.981,3.46293,3.52179,-1.16739
0.73575,0.28449,1.39302,-1.5696,-0.53955,3.38445
-0.90252,-0.38259,0.73575,0.71613,0.66708,-6.05277
1.26549,2.65851,0.69651,2.39364,-0.12753,0.32373
-0.43164,1.53036,2.62908,0.14715,-0.20601,3.20787
-0.67689,0.47088,-0.74556,2.52117,-0.7848,2.24649
-0.03924,1.69713,1.82466,0.04905,-0.01962,1.64808
3.51198,1.35378,1.46169,0.0981,-0.92214,2.0601
-2.75661,-0.24525,0.92214,0.14715,-0.13734,0.48069
-1.34397,-1.2753,1.6677,1.30473,-0.52974,2.8449
-2.2563,1.02024,-0.15696,-0.89271,-1.62846,-0.32373
0.89271,-1.04967,0.99081,-0.18639,-2.92338,-1.30473
-2.44269,-0.46107,-2.07972,-0.21582,-1.22625,-1.53036
0.31392,0.60822,-0.81423,0.08829,-1.4715,5.08158
0.20601,1.36359,-2.07972,-2.06991,-1.83447,1.4715
-2.10915,0.3924,1.71675,0.24525,0.74556,-2.86452
0.1962,-1.3734,-0.01962,-0.43164,-0.70632,0.37278
2.1582,2.00124,2.4525,2.09934,-1.5696,-4.64013
-1.42245,2.5506,0.67689,1.54998,-0.63765,-0.84366
0.79461,0.51012,0.11772,-0.12753,-0.4905,4.17906
-1.98162,0.83385,-0.25506,1.73637,-0.26487,-1.46169
-4.67937,-7.32807,-4.0221,-4.10058,0.5886,-0.32373
0.66708,-1.01043,1.28511,1.42245,-0.89271,0.0
-2.29554,-0.7848,1.26549,1.65789,-0.08829,-0.31392
1.98162,3.64932,4.13001,-1.22625,2.60946,-1.80504
1.03005,0.89271,1.63827,-1.36359,0.13734,2.943
-0.46107,1.33416,0.64746,-2.37402,0.92214,-1.06929
-1.42245,-2.44269,-2.89395,0.38259,0.5886,-0.53955
-2.95281,-0.64746,0.34335,0.56898,-1.02024,-3.20787
-5.17968,-3.85533,-2.31516,-0.70632,2.02086,-2.12877
-0.60822,-1.08891,1.4715,1.1772,-2.11896,1.54998
-1.41264,0.0,-1.13796,-2.86452,3.31578,-0.14715
-4.76766,-5.53284,-4.09077,-1.03005,2.11896,-2.01105
0.62784,0.15696,0.1962,1.74618,-0.37278,-2.18763
0.82404,-0.12753,-1.42245,-1.53036,1.61865,1.19682
-6.19011,-6.58251,-3.54141,-3.66894,1.34397,0.28449
-1.21644,-0.47088,5.56227,1.11834,-0.57879,-0.84366
-1.21644,-0.8829,2.06991,-0.21582,0.62784,0.46107
0.36297,1.78542,0.99081,0.59841,-3.54141,-2.43288
-0.27468,-0.80442,2.00124,1.34397,5.84676,-3.22749
-2.14839,1.50093,1.41264,2.14839,-0.981,-2.1582
1.46169,-2.78604,-0.36297,-2.1582,0.5886,3.22749
-1.43226,-2.39364,0.30411,1.98162,-0.83385,-1.44207
1.78542,-2.943,1.63827,2.80566,-0.0981,-2.943
-2.91357,-0.61803,0.16677,-0.83385,-1.12815,-0.36297
-1.11834,2.3544,2.58984,1.50093,-3.77685,-4.13982
3.64932,2.73699,2.943,5.3955,1.72656,0.66708
0.2943,3.51198,1.50093,-0.59841,1.20663,-5.2974
3.68856,0.40221,2.36421,-0.56898,2.81547,0.44145
-1.11834,0.3924,0.0981,-0.61803,0.60822,2.14839
-0.63765,1.50093,3.3354,0.03924,-0.72594,2.22687
-1.39302,-4.16925,0.48069,0.91233,-1.67751,-3.25692
1.3734,1.59903,0.54936,2.97243,2.78604,2.18763
-6.0822,-6.60213,-2.46231,-2.86452,1.14777,-1.05948
0.74556,-0.85347,0.83385,-0.32373,1.14777,0.91233
-0.26487,0.14715,-0.59841,0.17658,-1.79523,0.10791
-0.35316,-0.02943,0.6867,0.16677,-1.12815,0.59841
1.69713,2.71737,1.81485,0.85347,-0.85347,-3.32559
2.42307,3.31578,0.74556,1.5696,-2.48193,4.72842
5.07177,-1.2753,1.78542,3.52179,1.03986,1.98162
-0.25506,1.25568,1.54998,-1.10853,-0.44145,-1.7658
-0.81423,1.43226,1.71675,0.48069,-0.96138,4.74804
2.06991,0.15696,1.40283,1.26549,-0.1962,-1.8639
0.03924,-1.35378,-2.17782,0.89271,1.49112,2.31516
2.20725,1.25568,1.48131,-0.10791,1.64808,0.35316
1.48131,-1.54017,-0.10791,2.52117,-1.38321,-1.46169
1.40283,2.00124,2.97243,1.20663,-1.46169,-4.2183
-0.31392,-0.05886,-1.97181,-0.60822,-2.0601,0.65727
-2.05029,-0.18639,-1.15758,-0.8829,2.1582,2.06991
0.96138,-2.78604,-0.51993,0.66708,3.99267,-0.90252
-3.05091,-1.87371,2.93319,-0.12753,1.84428,-0.59841
-2.08953,2.58003,5.53284,2.62908,-0.93195,-4.48317
-0.73575,-1.52055,-1.52055,-2.07972,-0.53955,1.00062
1.03986,-3.77685,-0.72594,1.1772,0.04905,-0.14715
0.21582,1.13796,2.4525,-0.37278,-2.08953,1.03005
-2.37402,0.92214,-0.20601,0.03924,0.8829,1.00062
-0.28449,-0.10791,2.38383,0.41202,0.26487,-5.33664
-0.13734,2.96262,-2.63889,-1.55979,-2.88414,-3.48255
2.19744,3.84552,3.61989,3.42369,0.8829,-2.8449
-1.93257,-2.05029,-0.59841,3.56103,1.24587,-1.82466
3.28635,-0.63765,-2.43288,-0.03924,2.65851,-0.50031
-1.46169,1.73637,-1.92276,-1.25568,-0.96138,-0.2943
2.86452,-0.51012,0.13734,-1.69713,0.41202,1.32435
-0.76518,-1.03986,0.37278,2.58984,2.46231,-1.97181
1.09872,2.69775,3.50217,1.32435,-2.97243,-1.72656
1.67751,2.29554,0.62784,1.72656,0.42183,3.22749
-2.69775,-0.96138,2.87433,-0.50031,1.15758,3.3354
1.28511,-2.71737,-2.09934,-1.16739,2.36421,2.27592
-1.19682,0.86328,-1.06929,-3.15882,-0.99081,1.79523
-0.5886,0.26487,-3.25692,-0.63765,3.75723,3.2373
1.13796,1.94238,2.12877,-0.06867,0.46107,0.27468
-0.89271,2.943,-2.69775,-0.42183,-1.15758,-2.943
1.09872,-0.32373,-2.99205,-0.99081,1.1772,-0.03924
1.68732,-2.22687,-0.12753,-0.69651,-0.5886,-2.97243
-1.11834,-1.82466,-1.11834,-0.06867,-0.44145,2.40345
3.40407,2.13858,-1.99143,-0.38259,-0.36297,1.25568
-1.80504,-1.03986,2.23668,1.6677,0.51993,1.36359
1.85409,-2.24649,0.97119,-2.32497,1.70694,1.88352
-1.21644,1.23606,-1.25568,1.05948,1.69713,-0.70632
2.29554,-0.56898,-2.42307,0.83385,0.0,0.12753
-0.61803,-1.01043,-0.76518,-0.54936,1.63827,-1.40283
2.70756,3.8259,0.94176,1.8639,0.10791,0.76518
-2.02086,-0.13734,1.59903,0.44145,1.05948,-1.11834
-0.74556,0.18639,1.43226,-0.61803,-1.85409,3.26673
-0.3924,-0.25506,-1.54998,-1.58922,-1.74618,1.78542
-3.37464,-3.11958,-0.91233,-4.35564,-2.27592,-0.35316
-1.1772,0.43164,-0.31392,-3.52179,-3.0411,0.26487
-0.51012,-0.18639,-2.69775,1.7658,2.18763,0.83385
1.94238,0.95157,-1.04967,-1.55979,0.2943,-1.44207
-2.52117,-2.32497,0.22563,0.76518,0.08829,-1.90314
0.28449,-1.73637,-0.83385,0.01962,2.10915,-0.81423
-0.64746,-1.67751,-1.04967,-0.27468,0.76518,0.0
-0.16677,0.00981,-1.64808,-1.21644,-0.60822,0.37278
3.95343,1.13796,3.00186,-0.61803,2.71737,-0.52974
4.40469,-0.85347,2.2563,1.03005,2.3544,-3.49236
-3.4335,-2.5506,-1.03986,0.0,1.77561,-0.65727
-1.2753,0.72594,0.79461,1.8639,1.32435,-1.33416
-0.25506,3.29616,-2.23668,1.26549,-2.16801,1.05948
-1.97181,-0.32373,0.62784,1.08891,1.03005,0.15696
-0.70632,-0.74556,4.00248,0.64746,-2.03067,-1.67751
2.62908,1.57941,2.63889,4.26735,3.5316,0.24525
0.89271,1.80504,-0.96138,-2.04048,-0.74556,1.98162
0.62784,1.13796,-0.0981,0.86328,-1.54017,0.51993
-0.17658,-1.05948,-5.14044,0.26487,-1.24587,1.7658
-1.7658,-2.23668,-0.06867,2.52117,3.08034,0.36297
1.09872,-1.70694,1.00062,0.28449,0.82404,1.73637
-1.16739,-0.01962,-1.10853,3.40407,-1.59903,0.22563
4.94424,0.0981,1.70694,3.05091,1.0791,6.03315
0.24525,2.00124,1.43226,0.32373,2.20725,4.39488
-1.52055,1.40283,-0.32373,0.55917,1.4715,0.17658
-0.10791,1.11834,2.68794,-0.26487,2.02086,-1.97181
-0.7848,3.1392,-1.77561,-0.51012,-5.26797,-5.35626
-0.26487,1.78542,1.91295,-1.05948,-4.50279,-0.1962
-1.71675,0.17658,-1.05948,0.0,2.04048,2.76642
0.45126,0.70632,-2.30535,-0.14715,-1.33416,3.57084
-0.15696,-1.18701,1.54998,-1.42245,-1.0791,-0.45126
3.11958,0.03924,-2.01105,1.42245,-1.8639,1.65789
0.41202,0.2943,-2.69775,-2.91357,1.58922,5.22873
0.56898,0.53955,4.57146,0.86328,-0.63765,2.11896
-7.22997,-6.6708,-6.09201,-4.53222,0.46107,-2.4525
2.44269,-0.67689,2.20725,1.72656,1.54017,6.97491
-2.66832,-0.34335,3.31578,-0.14715,-2.22687,-2.07972
2.93319,3.47274,3.98286,-1.54017,0.08829,-2.7468
0.87309,0.51012,-2.72718,-2.52117,1.35378,2.37402
0.67689,-0.48069,-0.3924,-0.3924,0.23544,3.00186
3.08034,0.77499,-2.77623,-0.25506,-0.72594,0.13734
-0.71613,-0.94176,0.32373,1.20663,0.44145,1.15758
-1.53036,0.69651,2.26611,1.80504,-1.91295,-1.01043
-0.95157,0.28449,0.12753,2.24649,-2.59965,-1.71675
-1.53036,-0.99081,0.84366,-0.93195,-3.02148,-3.32559
1.20663,1.18701,0.97119,2.1582,0.90252,2.33478
3.924,-0.85347,2.92338,-0.13734,2.70756,-0.11772
-4.15944,-5.36607,-5.1012,-1.74618,-2.4525,-3.03129
2.90376,1.75599,1.12815,2.3544,1.81485,4.25754
0.50031,0.8829,-2.61927,0.72594,1.68732,-4.43412
0.22563,-0.15696,-2.23668,0.1962,2.7468,0.40221
-0.1962,0.57879,-1.42245,-2.0601,0.10791,-0.64746
-3.00186,-0.74556,1.41264,0.4905,-0.81423,-0.04905
-5.23854,-8.08344,-6.90624,-0.92214,-2.54079,-4.19868
-7.00434,-1.49112,-3.52179,-4.68918,-0.70632,-0.7848
-1.90314,0.67689,-0.16677,0.48069,1.4715,-0.80442
-0.91233,-0.53955,-1.36359,0.32373,0.54936,0.6867
1.87371,-0.24525,-0.11772,0.46107,1.83447,-1.60884
-2.7468,0.70632,1.58922,0.99081,-2.81547,-0.07848
1.90314,2.68794,1.42245,-0.94176,-0.13734,-3.49236
-2.02086,-0.34335,-2.30535,0.36297,0.13734,1.69713
-2.1582,1.59903,-3.85533,1.71675,-1.78542,0.14715
4.99329,-1.06929,2.86452,4.55184,0.21582,1.33416
4.77747,0.66708,-0.73575,2.46231,0.02943,6.09201
-1.05948,-1.23606,3.09015,0.27468,0.27468,2.0601
-0.82404,-1.36359,1.05948,2.62908,-0.34335,2.09934
1.1772,-1.24587,-1.21644,1.1772,-0.47088,-0.14715
1.19682,1.08891,1.08891,-1.09872,-0.70632,2.23668
-1.34397,-0.64746,2.02086,1.23606,0.79461,-4.55184
0.60822,3.41388,-0.77499,1.8639,-0.89271,3.83571
-4.58127,-2.07972,-1.55979,-4.39488,-0.42183,-0.20601
-0.17658,-0.45126,0.82404,0.17658,0.60822,-1.44207
0.89271,-2.26611,-0.18639,0.53955,-0.93195,0.92214
-1.01043,1.03005,-2.42307,-0.50031,3.37464,1.54017
0.59841,3.03129,-0.15696,3.30597,1.83447,2.5506
1.75599,1.15758,-0.53955,0.62784,0.22563,1.34397
2.31516,-1.20663,0.55917,-2.05029,-0.96138,-1.23606
-0.12753,1.03005,4.69899,0.59841,-1.68732,1.95219
2.81547,2.59965,-0.96138,-2.05029,-1.01043,1.38321
0.17658,-0.47088,-2.97243,1.52055,-1.99143,0.36297
-4.3164,-5.84676,-2.90376,-1.70694,1.72656,-1.93257
0.79461,-1.09872,-0.33354,-1.55979,-0.96138,0.0981
-0.35316,-2.12877,1.58922,-0.46107,-1.70694,1.95219
3.02148,2.52117,5.01291,3.42369,2.11896,-3.49236
1.06929,-0.57879,1.29492,-0.14715,4.83633,2.31516
2.39364,1.64808,3.30597,0.79461,2.50155,-1.03986
-2.77623,1.70694,-1.70694,0.62784,0.17658,-0.99081
3.63951,5.886,0.3924,3.57084,0.55917,-0.67689
0.20601,1.53036,2.36421,-0.03924,0.3924,-0.07848
0.13734,0.82404,-0.52974,-0.10791,-2.05029,5.16006
-0.10791,0.84366,3.1392,-3.86514,-2.8449,-2.42307
1.23606,-1.54998,-1.1772,0.62784,-1.87371,-0.28449
5.0031,0.37278,0.90252,3.34521,0.83385,5.20911
1.10853,2.28573,-1.11834,0.95157,2.54079,1.38321
3.06072,-1.78542,0.3924,-2.97243,-0.10791,5.53284
-8.39736,-3.19806,-6.83757,-5.45436,-3.31578,-5.40531
-1.31454,-0.51012,1.08891,-0.38259,3.60027,-0.77499
-9.16254,-5.3955,-6.70023,-4.64994,-4.83633,-4.05153
5.0031,0.08829,1.15758,2.88414,0.05886,3.89457
-0.7848,2.96262,2.58984,1.05948,-4.44393,-4.905
1.36359,3.60027,2.4525,-1.00062,1.99143,-0.76518
-0.76518,0.57879,0.6867,-3.60027,-1.65789,-3.78666
1.53036,0.32373,-3.5316,0.84366,-1.50093,-0.62784
-0.64746,-0.44145,1.34397,2.31516,0.95157,-0.62784
1.50093,1.65789,1.84428,0.43164,0.06867,0.97119
0.08829,0.91233,1.28511,0.66708,-2.16801,2.81547
0.27468,-0.73575,-2.18763,0.59841,-0.07848,2.32497
2.39364,3.61989,4.62051,3.76704,-0.17658,-2.91357
-0.36297,-0.06867,0.63765,-0.45126,-2.0601,2.3544
1.08891,-0.70632,-0.89271,3.3354,0.83385,-2.52117
-0.32373,0.5886,0.26487,0.55917,1.43226,-0.32373
0.24525,-1.41264,-0.90252,1.78542,-3.67875,-1.52055
4.13001,2.53098,1.8639,2.51136,3.09015,7.92648
-0.92214,-1.81485,-0.90252,1.15758,-2.00124,-2.2563
-2.4525,0.50031,-0.81423,2.81547,2.46231,-4.59108
0.82404,0.07848,-0.27468,1.2753,-0.35316,0.25506
1.95219,-2.0601,0.06867,-0.80442,-0.31392,0.00981
0.92214,-1.09872,-3.37464,1.45188,-0.40221,1.11834
2.83509,1.43226,0.3924,0.27468,-0.25506,4.13001
-0.52974,-0.02943,0.32373,2.42307,0.16677,-5.74866
-2.41326,0.981,1.15758,0.4905,-0.96138,1.73637
3.87495,2.88414,2.18763,-0.24525,-0.53955,-1.09872
-0.36297,1.88352,0.65727,-3.17844,0.17658,-3.78666
-1.31454,0.33354,1.52055,-1.57941,-0.04905,4.0221
1.5696,-0.69651,1.34397,-3.14901,0.74556,3.67875
-1.29492,0.89271,0.13734,1.54998,-1.1772,1.34397
-0.32373,0.28449,3.37464,2.13858,-1.78542,-2.5506
-0.52974,1.16739,0.30411,-4.29678,0.95157,-3.48255
2.22687,0.04905,-0.82404,1.59903,-1.87371,4.1202
1.93257,-0.52974,-1.03005,1.28511,-2.38383,4.89519
-0.87309,0.73575,0.95157,-0.62784,-1.22625,3.24711
-0.03924,0.11772,-0.28449,-2.8449,-1.90314,-1.36359
-0.06867,-2.19744,-1.97181,2.11896,-1.57941,3.34521
-1.95219,-1.42245,-1.97181,3.18825,3.51198,-1.34397
3.74742,-0.64746,0.05886,-2.51136,2.89395,2.1582
2.16801,0.43164,-3.28635,0.10791,-0.21582,3.54141
0.7848,-0.53955,2.16801,0.83385,-0.03924,0.59841
2.62908,-1.41264,0.40221,-0.57879,-3.06072,-1.72656
1.92276,2.75661,2.68794,-0.30411,0.46107,-2.98224
-3.24711,1.35378,4.1202,-0.43164,-1.39302,-0.32373
-1.51074,-0.94176,-0.43164,-1.2753,-0.17658,1.73637
-1.52055,0.50031,0.3924,-1.54017,-0.61803,-1.59903
1.1772,2.82528,3.85533,0.92214,-1.61865,-1.89333
0.08829,0.65727,-0.23544,-0.54936,5.24835,4.92462
0.61803,0.10791,0.8829,-0.13734,-0.92214,3.57084
0.13734,-1.33416,-1.16739,-1.25568,1.75599,-0.01962
0.54936,1.18701,-0.07848,0.04905,-2.17782,1.11834
1.49112,-0.6867,0.71613,-0.22563,2.77623,-0.66708
0.10791,0.21582,2.12877,0.65727,0.15696,0.45126
-2.32497,2.72718,-0.52974,0.01962,-2.70756,-1.21644
-1.06929,0.21582,-0.46107,-0.03924,0.73575,-3.27654
-1.00062,-1.89333,2.0601,2.65851,0.53955,-1.65789
0.42183,-3.02148,-1.79523,2.40345,-2.83509,-1.80504
0.08829,-3.48255,-1.01043,1.58922,1.2753,1.31454
-0.21582,-0.72594,-1.69713,0.7848,0.61803,1.30473
-0.55917,-1.13796,-1.85409,0.59841,1.64808,-2.81547
0.0,3.4335,1.24587,-0.17658,0.57879,-2.86452
-1.45188,1.30473,2.53098,-0.30411,-1.72656,-0.60822
-0.80442,2.17782,4.27716,-0.80442,-0.90252,2.93319
-1.43226,-2.81547,1.10853,2.00124,2.0601,-3.47274
-0.48069,1.2753,2.92338,2.08953,-1.04967,-3.65913
0.0,1.80504,1.13796,1.63827,0.08829,3.4335
-3.1392,1.20663,-1.28511,-4.58127,-4.63032,-2.13858
4.0221,2.02086,-0.32373,0.87309,1.90314,4.17906
-2.92338,0.51993,-2.16801,-0.43164,2.57022,-0.50031
-2.77623,1.28511,-1.59903,0.73575,0.35316,-1.44207
1.33416,-0.46107,1.14777,0.16677,-0.37278,-2.68794
1.98162,-1.09872,0.83385,0.41202,-1.64808,1.97181
-1.03986,-0.22563,-1.02024,-1.44207,-1.18701,2.46231
0.28449,0.01962,0.10791,1.00062,1.60884,-2.07972
-0.96138,-2.41326,-1.2753,2.01105,0.44145,0.63765
-2.80566,0.57879,4.4145,0.13734,-0.96138,-1.18701
1.59903,1.03005,1.89333,0.72594,-1.0791,2.53098
-0.51012,1.38321,1.00062,0.15696,1.31454,0.30411
0.34335,2.41326,0.27468,-0.0981,-1.91295,2.62908
0.22563,-0.40221,3.02148,-0.76518,-0.07848,1.25568
-2.53098,1.22625,-0.77499,-1.12815,-1.55979,0.13734
-5.73885,-1.94238,-2.14839,-3.31578,0.07848,0.0981
1.95219,2.39364,3.52179,0.8829,2.37402,-0.85347
-0.94176,-2.1582,-2.22687,-1.88352,0.41202,-3.48255
-0.72594,-1.80504,0.36297,1.61865,3.32559,-1.43226
1.16739,-0.00981,0.91233,1.11834,0.57879,-0.28449
0.27468,0.41202,-2.41326,-2.72718,2.23668,3.59046
0.08829,-1.29492,-0.43164,0.18639,2.10915,1.78542
0.56898,0.04905,-1.24587,-1.54998,2.19744,1.25568
-1.54017,0.23544,-0.0981,-1.92276,0.56898,-1.57941
-0.46107,-0.84366,-2.98224,0.23544,-1.3734,1.99143
-0.59841,1.71675,-1.1772,-0.59841,1.05948,-0.77499
-1.80504,0.01962,0.4905,1.53036,0.48069,-5.24835
-1.91295,2.29554,-2.67813,1.55979,-3.24711,2.48193
-1.01043,2.7468,2.11896,1.2753,-3.01167,-3.67875
-0.31392,4.14963,-1.13796,1.44207,-1.54017,1.36359
1.41264,0.96138,0.0,-0.1962,4.13982,3.75723
0.91233,-1.35378,2.3544,2.93319,-0.71613,0.33354
2.18763,2.88414,2.49174,2.26611,1.70694,1.52055
0.01962,2.28573,0.54936,-1.95219,0.45126,1.05948
-3.24711,1.43226,-0.26487,-4.52241,-4.32621,-1.54998
-1.98162,0.69651,0.80442,0.63765,0.97119,0.32373
2.07972,-0.01962,-1.13796,-0.64746,-0.93195,2.41326
1.88352,0.92214,1.73637,2.68794,0.61803,1.93257
-1.26549,0.37278,-2.00124,-3.18825,3.93381,0.31392
0.41202,1.65789,2.1582,-1.50093,-1.32435,3.5316
-4.30659,1.40283,-1.09872,-4.28697,-5.38569,-4.99329
0.86328,-0.3924,2.30535,1.62846,-2.02086,1.11834
2.79585,2.37402,2.72718,1.30473,-0.02943,-2.52117
-1.97181,-2.2563,4.23792,0.33354,1.81485,-1.69713
1.93257,0.97119,1.81485,-0.05886,-0.64746,2.19744
0.69651,1.8639,-1.11834,0.66708,1.1772,2.62908
-8.96634,-2.58984,-10.23183,-8.58375,-7.37712,-6.98472
1.59903,2.36421,1.67751,0.26487,-0.2943,-0.981
2.34459,-0.3924,3.09015,2.09934,0.82404,-1.73637
2.58003,-0.981,0.35316,-1.11834,-1.04967,1.77561
0.13734,-1.05948,-0.70632,-0.07848,0.26487,-7.93629
-0.26487,1.40283,1.67751,1.26549,-0.80442,0.72594
-3.29616,1.1772,4.13982,-0.06867,-0.76518,-0.32373
0.90252,1.50093,-0.59841,-0.24525,0.03924,3.01167
1.60884,-0.23544,2.73699,1.57941,-3.16863,-0.57879
0.36297,-2.42307,-0.83385,-0.70632,-0.04905,-3.29616
2.37402,-1.69713,1.94238,3.01167,0.57879,-0.47088
0.06867,-1.55979,-1.98162,1.25568,-3.36483,-1.55979
-6.54327,-0.50031,-4.64013,-4.24773,-0.57879,-2.75661
-1.36359,2.62908,1.89333,1.58922,-2.4525,-3.11958
-0.80442,-2.80566,-1.44207,-1.32435,2.22687,-0.52974
0.30411,0.14715,-1.61865,-1.13796,-1.26549,2.05029
-2.42307,-1.41264,2.95281,-0.42183,-0.83385,0.15696
1.18701,1.38321,0.74556,-0.14715,-0.7848,1.02024
-0.84366,2.22687,1.68732,-0.81423,-2.08953,-2.47212
-1.21644,-0.14715,1.89333,-2.37402,-1.81485,0.0981
-0.94176,-1.74618,-2.24649,0.79461,0.62784,-1.03986
0.61803,-1.2753,0.04905,-0.11772,-0.02943,3.05091
2.48193,0.51012,1.20663,0.10791,-1.52055,1.95219
-0.81423,-0.1962,-0.5886,2.12877,-2.14839,-1.69713
-0.23544,0.01962,2.98224,-0.28449,1.80504,-0.12753
-1.11834,-1.88352,0.85347,0.63765,-2.1582,-0.28449
1.60884,2.47212,3.14901,0.63765,1.70694,-1.32435
-1.04967,-1.23606,-3.75723,-3.27654,-1.48131,0.14715
0.21582,-1.58922,-1.21644,1.18701,-0.03924,3.71799
2.30535,0.92214,-0.60822,0.74556,-2.90376,2.93319
1.05948,0.81423,0.83385,2.03067,0.81423,-1.28511
-0.32373,0.96138,-0.4905,0.51012,-0.94176,3.12939
-0.84366,-0.59841,-0.11772,-0.81423,0.24525,-0.03924
2.17782,4.64013,0.57879,-0.73575,0.52974,-1.04967
-1.0791,-1.34397,1.54998,1.31454,-0.00981,-0.50031
-0.42183,2.32497,4.08096,2.59965,-0.24525,1.70694
-0.52974,0.96138,-0.84366,-3.3354,-1.82466,-0.94176
-0.38259,0.4905,1.12815,-0.72594,-2.37402,-0.52974
-0.08829,1.10853,-0.981,-0.61803,0.00981,2.62908
-0.67689,0.84366,0.95157,-0.37278,-3.09996,-0.02943
0.73575,0.35316,2.4525,0.28449,-0.94176,4.35564
-1.2753,3.15882,-2.17782,1.02024,-0.8829,1.54017
-0.18639,-0.2943,1.85409,3.58065,0.79461,-0.3924
-0.4905,-1.79523,-2.47212,1.23606,-1.41264,1.7658
1.58922,-1.10853,-1.78542,-0.00981,2.03067,-2.85471
1.52055,0.23544,2.18763,3.09015,1.61865,-0.24525
-0.21582,2.24649,-0.03924,-2.88414,-2.31516,0.30411
0.28449,-0.82404,-0.83385,2.12877,1.34397,-0.16677
-3.0411,-3.27654,-1.67751,-0.5886,1.38321,-2.32497
0.31392,-2.30535,-1.99143,2.05029,0.31392,-0.42183
-0.93195,-0.3924,-2.73699,0.96138,-0.27468,2.41326
-0.03924,1.2753,1.74618,-1.41264,-3.58065,-0.27468
-0.77499,0.06867,1.59903,-2.58984,-0.7848,1.46169
0.12753,0.89271,-2.07972,2.36421,3.77685,2.0601
-0.51993,1.62846,-0.69651,-1.88352,0.66708,2.53098
-1.22625,-0.21582,1.16739,-1.10853,0.54936,-0.26487
-1.21644,-2.63889,-0.86328,-0.981,1.54998,-0.86328
-0.6867,0.64746,-1.20663,0.99081,-0.21582,-1.8639
-2.7468,0.4905,-1.35378,-0.80442,2.00124,5.51322
0.12753,3.71799,-0.11772,1.72656,-2.41326,2.65851
1.85409,-0.06867,0.62784,-0.43164,3.26673,0.13734
0.93195,1.31454,2.10915,0.70632,0.08829,0.3924
0.74556,-2.37402,-1.87371,2.58984,-0.1962,-1.52055
3.48255,-1.32435,-0.77499,1.30473,-1.03005,1.85409
-0.12753,3.16863,1.57941,0.01962,-1.62846,-3.4335
-1.38321,-0.00981,2.19744,0.17658,1.12815,-0.10791
0.2943,1.63827,-0.46107,-0.62784,0.20601,2.54079
-2.66832,-1.38321,-1.4715,-2.50155,0.21582,-1.62846
1.61865,0.54936,-1.38321,-1.48131,1.06929,-4.2183
0.03924,-1.09872,-2.14839,-1.50093,-0.26487,-1.54017
0.77499,-0.55917,0.41202,1.39302,1.1772,-0.02943
-0.42183,-2.48193,-0.35316,-1.01043,1.93257,-0.26487
2.22687,3.60027,2.77623,0.28449,-2.23668,-3.01167
-2.50155,-0.41202,0.32373,0.81423,-0.77499,0.21582
-3.00186,-0.33354,0.62784,-0.23544,-0.54936,0.36297
-8.29926,-2.97243,-5.41512,-5.13063,-2.40345,-1.12815
-1.18701,2.53098,1.62846,-2.50155,0.75537,0.22563
3.20787,-0.75537,0.22563,-1.77561,0.16677,3.7278
-0.23544,-2.00124,1.48131,0.11772,-0.65727,2.53098
1.2753,1.09872,2.21706,3.08034,1.2753,-1.0791
-1.8639,1.82466,-1.0791,-0.79461,-2.80566,1.28511
0.05886,0.83385,-1.45188,1.82466,-2.69775,1.09872
-1.50093,-0.07848,1.14777,0.61803,-1.65789,0.03924
2.01105,2.02086,3.11958,1.6677,-0.89271,-4.05153
0.42183,0.42183,-1.61865,-1.25568,4.22811,0.85347
0.14715,-1.26549,-1.77561,2.30535,3.45312,2.11896
0.62784,-1.54017,0.43164,0.70632,-0.4905,-3.15882
0.8829,0.97119,0.32373,0.4905,0.0981,1.59903
1.15758,-3.2373,-2.57022,1.12815,0.34335,1.71675
0.89271,-1.4715,-2.62908,-0.48069,-0.94176,2.51136
-1.16739,1.61865,4.17906,-1.30473,-0.06867,4.08096
-0.74556,-1.74618,-1.73637,1.78542,-0.7848,-0.24525
-2.1582,1.00062,0.28449,1.31454,1.41264,-0.73575
1.40283,0.16677,-1.6677,-0.33354,-0.28449,4.20849
-0.24525,1.03005,2.19744,-0.63765,-2.31516,2.24649
-5.75847,-6.93567,-3.95343,-4.05153,0.32373,0.81423
0.36297,-0.46107,0.06867,-4.03191,2.30535,-2.34459
-6.85719,-5.06196,-7.69104,-4.8069,-1.55979,-4.19868
5.72904,-0.8829,2.61927,4.18887,0.42183,0.95157
-1.75599,-3.09015,-1.89333,-0.27468,2.4525,-1.43226
3.02148,-2.01105,-0.2943,-1.42245,1.93257,2.56041
0.73575,1.14777,-0.41202,-0.48069,0.81423,1.60884
2.57022,1.00062,-0.33354,-0.07848,0.57879,1.36359
0.92214,3.20787,3.64932,2.33478,-1.16739,-1.23606
0.2943,1.70694,0.51993,2.16801,1.87371,0.76518
0.35316,2.78604,-1.87371,0.15696,0.21582,-2.61927
1.01043,-0.53955,1.50093,-0.48069,-0.05886,1.30473
-0.06867,-0.43164,-2.00124,0.63765,1.25568,3.91419
0.69651,-0.97119,-1.06929,-0.12753,0.34335,-0.77499
1.49112,-1.64808,-0.31392,-0.44145,-0.63765,-2.77623
4.60089,0.42183,2.53098,-0.02943,1.30473,0.95157
0.05886,-1.50093,-2.61927,-0.06867,1.20663,1.77561
-1.18701,-0.73575,-0.73575,-2.69775,1.41264,0.21582
0.74556,2.79585,0.57879,0.27468,-1.71675,3.18825
-1.63827,-0.04905,-1.63827,-0.15696,2.3544,0.95157
2.95281,-1.01043,0.74556,-0.94176,-2.75661,-1.10853
4.13982,-0.20601,1.18701,1.43226,1.22625,3.61989
0.43164,-0.37278,1.83447,-0.57879,3.90438,2.24649
0.7848,0.94176,2.96262,-0.13734,-1.00062,3.19806
2.22687,-0.42183,-0.36297,0.42183,3.4335,-3.01167
2.03067,-0.44145,0.52974,-0.63765,1.22625,0.67689
-1.50093,-2.66832,1.1772,2.08953,-0.60822,-0.59841
2.58003,-0.13734,-0.77499,0.16677,3.02148,-3.95343
1.19682,1.35378,1.25568,1.65789,-2.32497,-0.14715
-1.73637,1.4715,1.25568,1.2753,1.3734,0.46107
-0.32373,-1.85409,1.93257,0.7848,0.2943,-0.41202
-0.27468,3.0411,-0.07848,1.40283,0.61803,-1.61865
-7.91667,-1.20663,-5.77809,-5.35626,-0.59841,-2.07972
3.29616,1.80504,-0.48069,-0.25506,-2.27592,0.43164
-0.60822,1.01043,0.05886,-2.59965,0.36297,-1.11834
1.6677,4.06134,-0.08829,0.21582,-0.75537,0.43164
-0.08829,0.46107,0.94176,1.74618,1.38321,0.77499
2.01105,4.76766,5.53284,1.79523,0.95157,-3.70818
-0.25506,-1.33416,-1.08891,-0.65727,1.70694,-0.47088
-2.28573,0.91233,2.56041,0.92214,0.32373,-0.26487
-1.42245,-0.5886,-3.09996,-3.59046,-0.86328,-3.12939
-2.67813,1.65789,-0.0981,2.33478,-0.66708,-0.26487
2.75661,0.24525,-3.12939,-1.57941,0.60822,-3.61008
-10.3986,-2.92338,-9.00558,-6.05277,-2.81547,-2.0601
-2.72718,2.51136,-1.12815,-0.94176,-1.97181,-2.39364
-1.06929,1.21644,6.56289,1.57941,0.67689,0.32373
-9.00558,-6.49422,-5.43474,-3.47274,-3.8259,-0.36297
-2.23668,-1.15758,-1.67751,3.11958,3.2373,-1.06929
-1.12815,-1.11834,-1.28511,-0.83385,0.80442,2.10915
1.28511,1.93257,0.53955,1.85409,1.42245,2.8449
-3.08034,0.51012,-1.31454,1.4715,1.40283,0.26487
-1.42245,2.38383,-1.69713,-1.19682,-1.10853,-1.95219
1.82466,1.21644,-2.61927,3.03129,-0.28449,3.14901
-0.63765,-0.32373,1.45188,0.18639,-1.1772,0.62784
0.42183,-1.05948,-1.41264,1.18701,1.14777,1.14777
2.38383,0.13734,3.61989,3.16863,0.45126,-1.30473
4.87557,0.15696,1.68732,3.17844,1.52055,6.17049
-4.74804,0.6867,-1.80504,-4.1202,-5.54265,-5.70942
0.40221,-1.52055,-0.52974,2.97243,-1.8639,-1.20663
-0.48069,-1.67751,-0.72594,2.44269,-2.91357,-4.16925
3.20787,5.69961,0.67689,3.29616,1.22625,0.63765
0.76518,1.73637,-0.51012,-0.50031,-2.23668,-0.59841
-0.48069,2.65851,-1.39302,-1.12815,-2.63889,-2.95281
3.68856,1.75599,-0.50031,0.63765,1.48131,3.09015
1.06929,2.91357,0.81423,2.80566,1.58922,0.74556
-2.37402,2.81547,4.67937,2.22687,-0.83385,-3.76704
-4.905,-8.38755,-5.1993,-4.4145,-0.65727,0.28449
0.5886,-1.6677,-0.85347,2.13858,-2.61927,-3.29616
-3.71799,-0.20601,0.43164,1.6677,1.00062,0.61803
0.50031,-1.23606,-1.55979,2.11896,-1.2753,3.8259
1.87371,1.49112,-1.20663,2.06991,0.57879,2.81547
2.13858,2.19744,2.93319,-0.61803,0.6867,-1.15758
0.79461,1.09872,0.05886,-1.18701,-1.20663,1.02024
-1.68732,3.39426,-1.87371,-0.5886,0.79461,4.82652
1.03005,-1.19682,1.52055,0.27468,-3.70818,-0.22563
-2.48193,1.48131,-0.72594,-0.37278,0.73575,0.70632
-0.95157,-1.12815,-1.59903,1.80504,3.40407,0.35316
0.28449,0.59841,1.82466,-0.33354,1.59903,-4.29678
1.83447,2.65851,1.54998,2.93319,1.88352,2.34459
-0.14715,-1.28511,2.01105,-0.60822,4.45374,2.68794
-1.40283,2.22687,1.43226,-0.08829,1.42245,-1.60884
0.42183,0.36297,-1.34397,-1.52055,-1.8639,2.65851
-1.03005,0.92214,-1.46169,-3.36483,-0.86328,-3.60027
1.08891,3.61008,-0.62784,0.44145,0.3924,0.00981
-0.38259,0.35316,1.52055,0.0,1.13796,0.96138
2.56041,-1.64808,0.92214,-2.05029,1.13796,-2.83509
-0.43164,-1.99143,0.83385,-0.83385,-0.85347,-2.72718
0.16677,0.15696,-1.84428,-2.58003,0.56898,5.37588
-3.18825,-0.27468,0.81423,1.01043,-0.8829,-1.90314
-0.17658,-3.39426,-0.81423,-0.85347,0.85347,-0.07848
-2.02086,2.32497,-0.4905,-0.44145,-0.11772,1.35378
2.89395,-2.10915,0.65727,0.94176,-2.99205,-0.67689
1.962,-1.85409,-0.07848,2.44269,0.84366,-2.27592
0.55917,-2.13858,-0.37278,-1.34397,0.34335,1.70694
-0.89271,1.13796,0.80442,-0.03924,-0.36297,-2.75661
-1.73637,0.04905,-1.40283,3.2373,2.89395,-2.14839
-2.16801,1.55979,2.52117,0.18639,-0.25506,0.3924
0.81423,-1.11834,-3.89457,-1.92276,0.75537,0.23544
-9.95715,-2.85471,-10.0062,-7.11225,-5.16987,-2.77623
-1.20663,2.86452,2.32497,-1.05948,-1.09872,-1.61865
2.54079,0.52974,1.26549,1.60884,1.81485,0.59841
1.98162,-1.05948,0.06867,-0.28449,-0.4905,-0.03924
1.52055,2.93319,0.2943,-0.41202,-0.55917,3.71799
-0.31392,0.22563,-2.8449,1.24587,2.53098,0.25506
3.83571,2.12877,1.67751,2.52117,1.50093,5.67018
-0.06867,-2.16801,-0.42183,-2.69775,0.20601,0.97119
-1.4715,0.23544,0.57879,-1.33416,1.09872,-0.2943
-3.83571,0.44145,-0.02943,0.96138,1.13796,-3.75723
0.95157,2.23668,0.90252,-0.65727,-0.96138,-1.16739
0.07848,-0.99081,-1.05948,-0.13734,0.07848,-3.18825
-3.15882,-3.36483,-1.22625,-0.81423,1.1772,-2.76642
1.29492,-1.59903,2.07972,0.47088,0.63765,2.33478
-0.63765,-0.02943,0.42183,1.09872,-2.06991,0.2943
0.96138,-2.38383,-1.93257,0.96138,-0.37278,-2.38383
3.80628,-0.00981,-0.70632,0.76518,2.52117,-1.45188
1.91295,-2.41326,-2.09934,-1.2753,-0.27468,1.09872
-6.59232,-4.81671,-6.73947,-5.25816,-1.26549,-2.86452
0.70632,1.41264,-0.12753,0.54936,-1.30473,3.01167
-1.70694,-0.80442,3.41388,0.89271,1.98162,-1.63827
-1.77561,-1.35378,-1.68732,-0.77499,4.11039,0.04905
-1.51074,-0.71613,0.81423,0.52974,0.59841,0.38259
-0.71613,1.71675,-3.30597,-0.44145,2.96262,0.00981
4.35564,-0.51993,2.82528,0.35316,2.66832,-2.26611
0.0,0.60822,-0.00981,0.07848,0.30411,2.26611
1.69713,-0.05886,-1.77561,0.1962,0.14715,1.50093
0.45126,0.18639,0.5886,2.16801,-1.35378,-3.97305
0.73575,0.07848,2.08953,0.03924,-0.46107,-1.41264
1.44207,-0.20601,-1.79523,-3.61008,3.18825,-1.23606
0.12753,3.52179,-0.32373,0.28449,0.92214,0.3924
3.74742,-0.01962,-2.93319,-1.36359,0.36297,-2.8449
5.09139,1.23606,0.41202,1.70694,0.35316,1.29492
2.23668,-2.04048,0.91233,-1.64808,0.50031,3.08034
0.981,-0.26487,1.80504,0.59841,2.57022,0.74556
-3.22749,1.52055,-0.99081,1.12815,1.70694,0.25506
-2.26611,-0.70632,1.13796,0.18639,-1.32435,-0.57879
-8.26002,-2.1582,-7.30845,-5.40531,-3.29616,-6.3765
-0.81423,-0.90252,-2.91357,3.61989,2.31516,-0.77499
0.15696,-1.15758,-1.83447,-0.20601,4.13001,1.31454
1.54998,-3.74742,0.69651,-3.77685,0.7848,0.70632
-7.10244,-0.40221,-6.42555,-5.21892,-1.91295,-2.78604
-3.3354,2.22687,-1.54017,-1.29492,-2.21706,-4.905
-2.943,1.79523,-1.98162,0.6867,-0.22563,-0.67689
-1.2753,-0.981,-1.54017,0.80442,0.30411,-1.36359
-1.16739,0.23544,0.99081,2.04048,-0.02943,-1.58922
0.53955,1.13796,-1.03005,-0.5886,-0.24525,1.98162
2.04048,0.05886,-2.48193,0.05886,0.76518,0.60822
-0.48069,0.96138,0.89271,-1.33416,0.06867,1.01043
-5.87619,-7.92648,-5.26797,-0.89271,0.3924,-1.05948
2.33478,0.85347,4.10058,1.25568,1.09872,-3.09015
-3.74742,0.7848,-0.59841,1.15758,-0.04905,-0.0981
-0.99081,0.0,-1.54998,-1.44207,0.0,2.36421
-1.46169,-0.33354,-0.17658,-3.22749,-0.5886,2.37402
1.98162,1.85409,1.60884,-0.31392,0.01962,-3.58065
-2.02086,1.45188,-3.25692,0.97119,-1.22625,3.01167
-0.33354,-1.20663,-4.35564,-2.18763,0.84366,0.36297
-0.70632,-2.4525,0.61803,2.44269,3.06072,-3.2373
-1.53036,2.49174,-1.2753,0.75537,0.0981,-0.46107
-0.79461,3.25692,-0.56898,-0.21582,-5.14044,-4.18887
-1.03986,0.51993,1.23606,2.19744,0.23544,-1.31454
-0.6867,2.30535,0.30411,0.59841,-1.84428,1.23606
3.93381,2.91357,2.79585,6.15087,-1.34397,-0.47088
-0.06867,1.41264,0.8829,0.71613,-2.10915,-3.36483
-2.06991,3.03129,1.6677,1.13796,-0.02943,-0.42183
0.79461,-0.35316,1.94238,-2.6487,-2.46231,-2.06991
0.64746,-1.20663,-1.88352,-0.24525,4.1202,0.40221
0.22563,-2.47212,1.77561,1.46169,-0.67689,0.35316
-1.15758,1.88352,-2.75661,-1.80504,-1.35378,-2.56041
-0.05886,-0.00981,-0.6867,0.21582,-2.23668,-2.32497
0.45126,-2.36421,0.03924,1.30473,-0.00981,-6.6708
-2.95281,-1.11834,0.96138,-2.06991,-1.44207,1.09872
-1.41264,1.54998,3.11958,-1.40283,-1.08891,1.50093
1.59903,-1.82466,0.981,1.48131,-0.35316,0.08829
-0.5886,0.08829,-3.2373,-0.20601,0.53955,-1.61865
-1.22625,0.70632,-1.63827,0.0,1.92276,-1.89333
1.26549,-0.90252,0.1962,1.12815,3.69837,1.52055
1.99143,-0.85347,-2.14839,2.12877,1.90314,-0.93195
3.28635,0.14715,2.34459,-0.67689,3.05091,2.06991
0.0,1.26549,-0.77499,-0.23544,0.84366,1.78542
-2.51136,0.07848,1.19682,0.3924,-0.55917,0.05886
-6.42555,-6.88662,-4.57146,-3.52179,-0.15696,-0.03924
4.37526,-1.53036,0.62784,1.72656,1.57941,0.38259
2.68794,4.27716,1.55979,3.1392,2.31516,2.93319
-1.14777,-1.04967,0.71613,-0.81423,-2.20725,2.19744
4.39488,0.81423,1.04967,1.8639,0.08829,3.44331
-0.25506,0.25506,-1.81485,0.63765,0.21582,-3.36483
1.38321,2.52117,-0.63765,0.07848,-0.17658,2.48193
1.09872,0.33354,-1.51074,1.15758,0.10791,-1.65789
-2.19744,-0.92214,-0.83385,4.05153,1.89333,-2.21706
1.36359,1.69713,1.39302,-1.99143,0.0,2.62908
-0.27468,-0.76518,0.1962,-1.02024,1.63827,1.13796
1.18701,0.46107,-0.63765,2.18763,-0.11772,3.37464
1.71675,0.22563,-2.12877,-0.48069,-1.25568,2.04048
0.63765,-2.65851,-1.75599,-1.81485,2.69775,3.11958
0.70632,1.22625,-0.04905,-0.27468,2.42307,-5.1012
-1.03005,0.76518,2.51136,-1.98162,0.53955,4.22811
-0.11772,-0.13734,0.14715,-0.74556,0.17658,-1.69713
3.4335,2.81547,1.02024,1.34397,-1.05948,3.91419
1.99143,1.4715,1.78542,1.41264,-2.0601,-1.0791
-3.89457,-0.27468,-2.02086,1.06929,1.65789,-0.72594
0.0981,0.73575,-0.41202,-1.52055,-0.13734,0.10791
-4.77747,-8.61318,-5.7879,-4.11039,-2.13858,-2.61927
-3.15882,-1.14777,-1.4715,1.6677,0.4905,0.81423
0.97119,0.33354,-0.95157,0.44145,-1.16739,3.90438
-0.48069,0.0,-2.12877,-0.37278,2.12877,4.0221
1.25568,-1.40283,-0.25506,2.7468,-1.88352,-2.61927
6.02334,1.22625,-0.45126,2.81547,-1.40283,5.52303
3.2373,0.06867,0.6867,-1.64808,-0.20601,5.01291
-2.19744,1.69713,-3.47274,1.36359,-1.02024,0.37278
3.25692,2.02086,0.50031,2.37402,2.44269,3.51198
1.58922,3.21768,-0.36297,0.37278,-2.2563,1.962
-1.26549,-1.25568,-1.15758,1.94238,3.18825,-1.10853
-1.70694,0.67689,4.24773,1.1772,-1.00062,-1.95219
1.05948,-1.29492,-2.93319,0.80442,0.981,3.15882
4.06134,1.98162,-0.7848,0.73575,-1.09872,4.52241
1.43226,-0.10791,-0.17658,3.39426,-2.75661,1.94238
2.30535,0.31392,-1.95219,0.3924,1.30473,0.50031
-1.67751,0.57879,0.67689,-3.09015,-2.95281,-0.20601
1.52055,1.64808,0.43164,1.57941,0.46107,2.08953
-0.57879,-0.00981,-1.70694,1.16739,0.91233,0.36297
-0.57879,1.03005,-0.24525,1.13796,-1.62846,-1.38321
-0.97119,0.36297,-0.56898,-1.03005,1.26549,-1.95219
1.95219,-1.67751,0.81423,-1.21644,1.24587,3.5316
-1.60884,0.01962,-0.80442,-2.60946,0.51993,0.40221
-0.7848,-0.65727,-1.8639,0.06867,-1.95219,0.81423
-4.66956,-7.88724,-4.84614,-4.56165,-0.31392,-1.23606
-1.24587,1.03005,-0.99081,0.40221,1.49112,1.19682
1.48131,0.51012,-1.16739,-2.46231,2.72718,-0.00981
-9.58437,-5.62113,-5.72904,-3.27654,0.8829,1.3734
1.54017,-2.41326,2.21706,-0.93195,-0.55917,0.18639
-1.01043,-0.32373,-0.93195,-0.47088,1.31454,-1.15758
0.43164,-0.60822,-1.03986,0.06867,-0.52974,-4.62051
1.44207,1.75599,-1.1772,1.75599,-0.31392,1.6677
4.25754,0.97119,1.52055,-0.28449,1.36359,-0.86328
1.65789,3.35502,0.12753,3.27654,0.08829,1.88352
0.42183,-2.61927,-2.2563,-1.67751,-0.94176,-2.58984
-2.86452,-0.52974,1.94238,-0.18639,0.51012,-3.25692
2.98224,0.85347,1.49112,0.13734,0.90252,2.19744
1.30473,-0.99081,-0.8829,-1.60884,0.20601,2.5506
0.3924,-3.15882,-1.05948,-1.01043,0.45126,0.83385
-0.11772,1.15758,1.49112,-2.1582,3.11958,1.38321
0.0,-1.42245,-0.41202,0.02943,1.40283,-0.17658
0.55917,0.24525,2.98224,1.53036,2.99205,-0.23544
0.74556,-2.78604,-1.85409,-1.32435,-0.30411,-0.95157
0.57879,2.32497,0.73575,-0.56898,0.05886,1.49112
-2.3544,-2.92338,-1.64808,1.82466,0.28449,2.09934
-1.0791,2.06991,4.16925,-0.42183,0.53955,3.16863
0.17658,-0.42183,-1.84428,1.42245,-0.48069,2.37402
-0.99081,1.91295,1.69713,0.10791,-0.64746,4.1202
0.16677,-1.02024,0.67689,2.4525,0.87309,0.97119
2.31516,-0.63765,0.27468,1.85409,-3.05091,-0.33354
-0.10791,1.962,4.64013,2.05029,-0.03924,1.60884
-0.75537,-1.30473,-1.62846,0.05886,1.28511,1.51074
-1.2753,0.27468,0.40221,-0.90252,-0.94176,1.69713
-0.02943,-1.29492,-0.13734,-0.95157,0.53955,-1.52055
0.26487,0.1962,1.6677,-0.86328,1.48131,-0.61803
3.2373,-1.25568,2.69775,2.90376,-0.40221,1.79523
1.23606,1.90314,0.35316,0.15696,-2.83509,0.17658
-0.13734,2.65851,1.31454,0.13734,-1.05948,-3.97305
-0.62784,-2.30535,-2.09934,2.37402,-0.65727,-0.25506
-0.44145,1.54017,0.10791,-0.2943,-1.20663,0.43164
0.11772,1.03005,1.29492,-0.60822,-3.19806,-2.29554
-0.23544,-0.64746,-1.90314,-3.12939,0.15696,-0.0981
0.32373,-1.62846,-0.36297,0.37278,0.61803,-1.962
3.2373,0.31392,0.82404,1.962,0.72594,2.89395
-1.16739,0.03924,0.54936,2.30535,-3.21768,-2.20725
3.95343,2.87433,2.07972,1.61865,2.12877,8.59356
-0.76518,-1.26549,1.67751,2.943,0.5886,-2.71737
-0.93195,1.12815,1.28511,0.14715,-0.43164,-3.09015
0.32373,-0.54936,-0.83385,0.21582,-0.03924,1.49112
0.26487,0.65727,1.33416,-3.06072,-2.70756,-2.36421
-0.41202,0.11772,-1.53036,1.06929,1.94238,-1.80504
0.70632,0.36297,-1.55979,0.00981,-0.59841,1.84428
1.69713,1.34397,0.5886,-0.72594,0.70632,-3.09996
1.1772,1.53036,-2.42307,-0.61803,0.28449,0.981
2.20725,4.29678,0.71613,2.02086,2.53098,1.6677
0.44145,-1.98162,-1.16739,0.1962,1.94238,-0.65727
1.68732,0.21582,2.86452,2.61927,-0.45126,-1.6677
2.95281,-0.17658,-1.1772,0.83385,2.53098,-4.75785
-0.4905,-0.96138,-1.11834,-0.6867,0.51012,-5.17968
0.94176,-0.53955,1.89333,1.87371,-1.69713,0.89271
-1.70694,-0.50031,-0.83385,1.88352,-2.2563,-1.52055
-2.08953,1.34397,-0.24525,1.31454,1.08891,1.01043
0.51012,-0.77499,1.04967,2.0601,-0.45126,-2.75661
-0.46107,-0.76518,-0.75537,2.39364,3.38445,-2.44269
-0.44145,-0.2943,-1.23606,2.58984,-2.79585,-0.75537
4.6107,1.70694,1.61865,2.98224,0.02943,5.92524
-3.25692,1.42245,0.08829,1.4715,1.00062,0.06867
-4.74804,-9.14292,-5.27778,-3.97305,-2.51136,-1.6677
1.04967,0.76518,2.76642,1.64808,1.31454,-2.26611
-6.82776,-6.0822,-6.45498,-5.0031,-1.53036,-1.50093
1.09872,1.98162,0.85347,-1.02024,-1.51074,3.73761
0.61803,-2.28573,0.54936,2.71737,-0.22563,-1.45188
1.19682,-0.01962,-0.18639,1.01043,2.1582,-3.1392
-2.40345,2.01105,-1.26549,-1.70694,-2.91357,-1.13796
-0.36297,0.40221,0.54936,-0.57879,0.56898,-0.57879
-2.2563,2.70756,1.35378,1.25568,-1.65789,-1.81485
0.73575,0.981,-1.12815,-0.43164,0.51993,0.51012
-1.16739,2.5506,-1.90314,1.53036,-2.43288,1.88352
-0.59841,0.23544,-0.11772,2.05029,0.72594,-3.93381
-0.42183,0.36297,-4.11039,-0.85347,0.40221,-2.37402
-0.54936,-1.43226,2.41326,-1.88352,0.52974,-2.22687
-1.50093,-0.28449,2.85471,0.66708,-0.28449,0.54936
-0.981,-1.19682,2.62908,0.62784,-0.89271,3.83571
0.26487,0.42183,-1.09872,-0.3924,0.64746,-1.39302
-0.40221,-0.38259,-0.4905,-1.32435,-2.58003,-0.08829
-0.80442,-0.07848,-0.65727,-0.6867,3.12939,-2.61927
-0.18639,2.20725,1.99143,0.84366,-0.47088,-2.75661
1.35378,-2.09934,0.8829,-1.73637,2.31516,-1.35378
-3.30597,0.50031,1.67751,0.81423,-2.00124,-1.09872
2.09934,0.66708,-3.34521,1.6677,-0.03924,4.14963
0.56898,0.0981,1.25568,0.08829,-1.20663,3.70818
-1.13796,-1.08891,5.13063,-0.45126,1.92276,-0.85347
-8.5347,-2.62908,-8.45622,-5.45436,-2.52117,-5.14044
0.80442,0.69651,-2.12877,-1.15758,-0.99081,0.92214
0.37278,-1.51074,3.2373,0.06867,2.77623,4.46355
-2.31516,1.46169,0.53955,1.72656,-1.88352,1.64808
-0.61803,0.85347,-1.05948,1.8639,0.99081,-0.25506
2.10915,0.6867,1.52055,0.28449,1.74618,1.63827
0.63765,0.55917,2.12877,-0.36297,0.07848,1.60884
2.18763,-0.62784,-0.80442,0.13734,0.71613,-0.11772
-3.12939,1.59903,3.52179,0.23544,-0.42183,-0.14715
-0.50031,-0.44145,-0.23544,0.62784,-1.73637,0.47088
0.27468,-1.4715,-1.14777,0.94176,-1.92276,2.47212
-2.02086,-3.48255,-2.44269,0.16677,-0.56898,-3.924
1.82466,0.04905,-1.43226,1.2753,-0.02943,2.09934
3.03129,3.73761,-0.70632,-0.72594,-1.62846,3.64932
1.15758,1.72656,0.83385,-0.28449,-0.65727,1.70694
-0.56898,1.95219,-0.71613,-2.0601,2.87433,2.46231
2.65851,-1.8639,-1.58922,1.97181,-0.13734,-2.16801
-0.2943,1.3734,0.1962,1.52055,-1.22625,1.14777
0.54936,0.50031,-0.41202,1.89333,-1.1772,-2.58984
0.10791,0.23544,-0.73575,-1.16739,-2.24649,1.98162
2.51136,0.85347,1.00062,1.14777,1.15758,0.15696
0.8829,2.53098,-1.04967,-2.14839,-0.50031,1.83447
0.43164,1.4715,1.10853,0.55917,-1.68732,-2.92338
0.42183,-2.85471,0.56898,-0.17658,-0.12753,0.77499
-0.92214,-1.99143,-0.11772,1.79523,0.44145,-0.21582
3.83571,2.5506,2.47212,5.64075,-0.64746,-0.81423
0.97119,-2.03067,-2.04048,2.63889,1.53036,0.66708
-1.16739,0.66708,1.98162,0.23544,0.85347,-0.65727
-1.2753,-0.57879,-2.00124,1.12815,-2.34459,-1.67751
0.84366,-0.53955,0.53955,0.13734,0.61803,0.55917
-4.42431,0.7848,0.17658,2.59965,1.54998,-3.4335
2.61927,2.79585,2.40345,4.64013,-1.40283,-1.49112
1.94238,1.0791,3.84552,1.54998,-1.7658,-3.07053
4.92462,0.16677,1.15758,3.61989,0.70632,5.12082
0.84366,-0.2943,2.02086,-1.57941,0.82404,1.88352
-1.15758,-0.25506,-2.78604,-0.18639,-1.31454,-0.89271
-2.33478,-3.2373,-1.962,0.70632,-0.17658,-3.22749
1.11834,1.3734,-2.50155,-0.82404,-0.24525,2.79585
-0.981,1.99143,1.95219,1.68732,-2.29554,-1.24587
0.10791,1.31454,-0.16677,0.13734,3.74742,-1.44207
5.22873,0.52974,0.86328,3.31578,0.55917,5.33664
-1.38321,-2.09934,0.83385,0.84366,-2.05029,0.3924
0.0981,-1.3734,-0.91233,-3.4335,-0.55917,2.21706
4.13001,0.74556,2.39364,-1.52055,2.89395,-1.00062
-0.54936,1.29492,2.34459,-1.18701,0.37278,-2.24649
1.42245,-1.02024,-0.18639,-0.2943,1.71675,-1.59903
-1.2753,0.57879,-0.99081,-2.99205,-1.91295,2.00124
0.3924,0.74556,-0.5886,0.61803,-1.73637,1.28511
0.13734,0.73575,1.72656,0.76518,-1.52055,-0.5886
0.7848,-0.74556,-1.36359,2.29554,4.05153,1.53036
2.65851,2.5506,-3.73761,-0.55917,-0.73575,2.63889
0.8829,1.77561,3.55122,0.8829,-1.88352,-3.15882
1.10853,1.65789,-0.72594,-0.00981,0.06867,2.65851
-1.2753,-0.47088,0.0,1.31454,0.40221,-2.88414
-1.7658,0.80442,1.43226,2.09934,0.15696,-1.73637
-1.90314,-1.60884,1.62846,-0.42183,-0.44145,0.70632
3.15882,-2.20725,-0.73575,-0.85347,0.59841,0.82404
0.14715,-2.0601,-3.25692,1.03005,2.5506,2.92338
4.33602,1.18701,-0.95157,3.30597,-0.59841,4.17906
-1.03005,0.02943,-0.15696,0.10791,0.90252,-0.25506
-2.39364,0.50031,2.79585,-0.56898,0.14715,-3.56103
2.01105,-1.962,-0.40221,-3.68856,1.20663,1.92276
-2.07972,-1.59903,-1.60884,-1.70694,0.7848,-3.51198
2.02086,1.40283,1.6677,-0.01962,-1.78542,0.6867
0.25506,0.75537,-0.22563,1.45188,-2.58984,-3.6297
0.66708,0.48069,-0.11772,2.13858,-2.2563,0.26487
1.52055,1.03986,1.10853,0.81423,0.40221,6.30783
-1.28511,2.85471,-2.72718,-2.41326,0.86328,-0.40221
-1.35378,0.21582,-0.47088,0.14715,2.1582,-2.22687
4.50279,2.27592,-0.66708,2.04048,1.72656,3.14901
-4.44393,0.50031,-1.75599,0.92214,0.94176,1.40283
0.21582,-1.2753,1.00062,-0.07848,-1.00062,2.72718
1.22625,-1.38321,-0.48069,0.981,-1.91295,-3.20787
0.48069,1.7658,0.01962,0.72594,-0.03924,1.3734
0.36297,0.51012,-0.50031,1.32435,-2.79585,0.48069
0.87309,0.15696,-0.01962,2.97243,-0.53955,-2.31516
0.74556,-0.96138,1.45188,1.35378,-1.15758,0.51012
0.25506,-0.23544,1.85409,3.49236,1.14777,-0.32373
-0.8829,0.86328,-1.24587,-3.21768,-0.77499,1.10853
-1.58922,3.01167,0.30411,-0.92214,0.23544,0.15696
-2.44269,0.15696,0.4905,2.1582,1.09872,-2.90376
0.84366,0.99081,-0.981,-0.53955,-3.03129,-0.27468
-1.29492,0.55917,-0.85347,2.8449,3.3354,0.10791
0.60822,1.93257,1.95219,-0.95157,-3.00186,-0.75537
-0.27468,-0.77499,0.3924,-0.36297,-2.04048,-0.25506
0.33354,0.7848,3.41388,-2.79585,-2.29554,-1.35378
-0.30411,-0.24525,3.18825,-1.22625,0.53955,0.67689
0.69651,1.08891,1.11834,1.13796,0.74556,3.01167
0.74556,0.33354,1.77561,-0.83385,1.19682,0.44145
-0.7848,1.58922,3.26673,-0.03924,0.99081,-1.29492
-3.25692,-3.93381,-3.39426,-0.27468,-0.28449,-0.62784
0.25506,2.27592,0.21582,1.99143,2.4525,1.92276
0.57879,-0.20601,0.67689,-1.3734,0.41202,2.49174
1.80504,2.01105,1.0791,0.80442,-3.8259,-4.64013
2.93319,2.79585,-0.59841,0.61803,1.23606,1.81485
-0.5886,-0.44145,-1.1772,0.60822,1.51074,0.16677
0.57879,-0.08829,-1.18701,-0.36297,-0.95157,0.60822
-1.64808,0.93195,-0.73575,-3.80628,1.40283,1.83447
1.98162,1.61865,0.44145,-0.64746,-0.62784,1.83447
0.72594,1.14777,-6.52365,-0.80442,0.60822,4.50279
-0.4905,1.23606,1.38321,-0.40221,0.70632,1.38321
-8.49546,-2.0601,-7.74009,-5.81733,-3.36483,-5.38569
0.59841,-1.38321,0.16677,0.92214,1.32435,-0.54936
2.46231,0.55917,-3.924,0.38259,-2.21706,-0.08829
0.76518,-0.981,1.46169,-0.76518,-0.24525,-2.16801
0.33354,-0.37278,-2.18763,1.42245,-0.47088,2.81547
0.50031,0.31392,0.21582,0.84366,-0.81423,2.90376
-0.981,0.87309,-0.76518,-0.00981,-2.31516,-1.21644
-0.14715,3.27654,1.09872,1.49112,0.21582,-0.6867
-3.09996,0.01962,-1.28511,0.1962,-0.84366,-1.92276
-5.16987,-0.22563,-4.71861,-4.25754,-1.69713,-1.38321
1.57941,0.41202,-1.03005,1.22625,-0.57879,-1.48131
2.14839,3.3354,0.23544,1.22625,-2.83509,4.24773
4.06134,3.58065,-1.19682,-1.64808,-2.03067,4.32621
-2.24649,0.90252,-1.72656,-0.76518,-0.82404,-4.19868
2.33478,0.30411,2.11896,-0.36297,-0.82404,2.92338
2.98224,-1.35378,0.03924,-2.75661,1.91295,2.73699
2.44269,0.46107,-0.75537,0.6867,2.5506,-3.52179
2.51136,-0.17658,-0.77499,0.4905,2.13858,-3.65913
-3.5316,0.06867,-0.48069,2.17782,1.61865,-3.65913
1.36359,2.91357,0.80442,-1.21644,0.23544,1.98162
4.11039,2.99205,1.73637,3.39426,2.98224,8.93691
-0.81423,-1.01043,0.37278,1.03986,6.1803,-3.11958
1.23606,-0.11772,-0.79461,1.55979,-0.82404,-1.83447
0.85347,-0.3924,1.50093,0.59841,-2.73699,1.90314
-0.48069,-2.5506,-2.58984,0.08829,0.18639,2.41326
0.56898,-0.11772,-1.22625,-2.00124,-0.32373,2.05029
-2.04048,0.80442,0.77499,-1.54998,0.11772,-2.53098
-3.10977,-1.54017,2.12877,1.14777,0.86328,-1.40283
0.77499,-0.47088,-0.10791,1.70694,2.31516,-3.8259
-6.02334,-6.63156,-3.56103,-3.51198,0.79461,0.91233
0.4905,0.7848,2.80566,0.51012,-0.81423,-0.32373
0.38259,0.21582,2.49174,0.08829,-3.42369,-1.80504
4.64994,0.0981,0.57879,0.6867,0.80442,0.52974
-1.30473,-1.64808,-1.81485,0.21582,-1.06929,-0.10791
1.33416,0.28449,-0.4905,0.08829,-0.43164,-0.74556
-2.29554,2.48193,4.37526,2.73699,-0.60822,-2.01105
-0.38259,0.0,-4.0221,-0.99081,0.91233,-0.66708
0.26487,-0.40221,0.981,-0.67689,0.73575,-0.10791
-0.35316,-0.46107,0.73575,2.18763,3.19806,-4.01229
0.7848,3.09996,-0.13734,-1.91295,-1.55979,1.71675
-1.57941,2.07972,0.80442,-1.89333,-2.11896,-2.92338
0.05886,3.24711,-1.23606,1.67751,-0.17658,3.41388
-0.28449,1.19682,0.38259,-0.01962,1.7658,0.50031
2.54079,-0.79461,-2.52117,-1.44207,-0.67689,-0.52974
1.60884,-2.8449,0.86328,-1.75599,0.67689,2.42307
-3.31578,1.11834,-2.30535,0.76518,-1.2753,-0.66708
-0.69651,-1.05948,-0.57879,-0.31392,3.34521,1.53036
-0.20601,1.14777,-0.90252,-0.21582,-0.06867,-1.93257
-2.13858,-0.35316,2.11896,0.6867,-0.53955,1.88352
0.3924,0.91233,0.14715,-0.56898,3.85533,2.02086
-0.73575,-0.81423,-2.08953,1.78542,0.32373,-1.8639
0.53955,0.3924,-1.70694,-1.21644,-1.45188,3.15882
-5.74866,1.28511,-3.08034,-3.16863,-4.81671,-4.50279
-3.18825,0.6867,0.99081,-0.02943,-0.94176,0.07848
2.63889,4.94424,1.30473,2.86452,0.89271,-0.5886
-1.1772,-0.13734,-0.07848,3.73761,-0.16677,1.13796
2.63889,0.3924,-3.97305,1.57941,-1.23606,2.23668
-0.47088,0.04905,0.28449,1.24587,1.48131,0.08829
-0.42183,-2.67813,-0.63765,-2.78604,-0.24525,1.55979
0.64746,0.05886,-1.91295,-0.97119,-1.83447,1.54017
-5.76828,2.03067,-2.52117,-3.0411,-5.58189,-4.42431
-8.7309,-2.92338,-5.9841,-5.77809,-3.28635,-3.16863
-1.0791,-0.42183,2.51136,-0.07848,0.85347,2.43288
-2.4525,-3.18825,-1.34397,-0.73575,2.37402,-1.34397
-1.78542,0.71613,0.65727,0.70632,0.55917,-0.17658
0.0981,-1.77561,2.10915,1.6677,0.16677,-0.61803
-1.03986,-2.71737,-0.32373,2.42307,1.74618,-3.55122
1.7658,-1.74618,0.32373,2.73699,0.71613,-2.38383
-2.69775,-0.08829,3.68856,-0.42183,-1.32435,1.00062
-6.87681,-7.12206,-4.43412,-3.89457,0.22563,-0.05886
-4.05153,-5.55246,-4.57146,-1.54017,-2.79585,-2.79585
1.48131,-0.08829,-0.18639,0.0,1.73637,-0.82404
0.12753,1.38321,1.32435,0.8829,0.20601,1.68732
4.18887,-0.24525,1.88352,-0.56898,2.51136,-0.3924
2.69775,-1.49112,-1.01043,-1.46169,-0.89271,-2.21706
-7.54389,-1.91295,-6.21954,-4.52241,0.31392,-0.08829
0.47088,0.97119,-0.43164,-1.0791,-0.2943,0.92214
1.41264,-1.38321,-3.83571,1.2753,1.99143,-0.06867
-0.4905,1.45188,-0.93195,-2.48193,1.08891,0.76518
0.73575,-0.65727,0.5886,1.6677,0.28449,-1.69713
-1.06929,-0.87309,0.50031,1.80504,1.21644,-5.32683
-0.01962,-0.15696,0.61803,0.04905,1.43226,-2.05029
-0.93195,0.72594,0.50031,0.50031,0.24525,-0.73575
2.23668,-1.03986,-0.46107,-3.22749,2.1582,-0.44145
-1.89333,0.02943,0.07848,2.88414,-0.06867,-0.20601
0.28449,0.73575,1.34397,0.07848,1.61865,-0.59841
-3.1392,2.10915,0.50031,0.51012,0.01962,-1.03005
1.32435,1.67751,0.57879,-1.03005,-0.34335,-0.32373
4.64994,2.59965,-0.17658,2.57022,-1.18701,3.07053
-1.28511,-1.69713,-1.26549,-1.80504,0.59841,0.31392
-9.14292,-6.03315,-6.19992,-2.6487,0.08829,1.35378
0.66708,-0.73575,-1.97181,-0.31392,0.63765,-1.79523
0.33354,-2.08953,-0.1962,1.77561,-2.27592,-0.08829
1.43226,1.8639,-0.42183,-2.30535,-1.88352,-2.70756
-0.03924,0.44145,0.60822,0.01962,0.47088,2.5506
0.63765,1.13796,2.33478,1.71675,0.48069,0.75537
0.6867,-0.6867,0.21582,1.962,0.24525,-1.54017
1.4715,0.50031,-2.17782,-1.00062,0.14715,2.36421
-3.36483,2.48193,-1.12815,-1.52055,-0.65727,0.17658
0.56898,-0.90252,0.21582,0.01962,5.96448,1.40283
-0.42183,-0.91233,-4.45374,-2.39364,0.20601,-0.00981
-1.63827,-0.81423,1.38321,-0.67689,0.99081,1.31454
-10.28088,-2.81547,-9.20178,-6.05277,-1.91295,-1.26549
1.16739,0.04905,-2.41326,0.32373,-0.45126,2.0601
-0.38259,-1.45188,1.16739,-0.10791,1.15758,0.05886
-1.67751,0.10791,0.32373,3.08034,-2.90376,-2.63889
0.20601,-1.4715,-3.924,1.03005,1.88352,1.54998
0.40221,-0.91233,-2.33478,1.13796,-1.04967,3.34521
2.69775,1.65789,1.79523,1.2753,0.21582,4.60089
-0.24525,2.0601,0.51012,-2.83509,0.63765,-0.66708
-2.26611,-3.31578,-0.80442,-1.5696,1.79523,-3.18825
-1.52055,0.81423,2.79585,-0.20601,-0.36297,0.46107
0.01962,1.26549,-1.39302,-1.42245,-0.3924,3.8259
-1.31454,-0.38259,-1.94238,0.82404,-1.4715,1.8639
-0.6867,-2.21706,-1.72656,-1.67751,2.85471,-2.07972
3.60027,2.2563,2.46231,3.67875,0.80442,6.68061
0.46107,-1.16739,-0.5886,1.49112,-1.61865,-0.86328
-1.24587,-0.07848,-2.33478,0.72594,0.01962,2.58984
5.1012,1.962,-0.74556,1.52055,0.80442,4.7088
0.83385,-1.02024,1.14777,1.52055,-1.05948,-1.23606
-8.97615,-2.76642,-10.51632,-8.13249,-7.74009,-5.20911
3.30597,5.73885,0.20601,3.61008,0.74556,-0.93195
-0.21582,2.943,-0.24525,-0.21582,0.79461,0.89271
-10.46727,-2.81547,-8.56413,-6.867,-2.81547,-1.1772
3.87495,1.31454,3.3354,-1.20663,1.85409,-1.18701
1.03005,1.5696,-1.04967,-2.20725,-0.50031,2.30535
0.10791,3.24711,1.97181,-1.00062,0.96138,-2.5506
-0.74556,0.67689,-0.62784,2.31516,-0.69651,1.72656
-0.18639,-1.7658,-2.33478,1.61865,-1.49112,-1.79523
0.33354,2.4525,-0.64746,-0.72594,0.64746,-0.23544
-0.25506,0.36297,0.79461,0.48069,-2.61927,1.65789
-1.39302,0.23544,-0.11772,0.0981,1.67751,0.26487
-1.84428,-1.80504,-2.66832,3.2373,2.4525,0.65727
1.44207,0.55917,0.13734,1.84428,-0.5886,2.943
-1.88352,0.51012,2.89395,-0.70632,-0.46107,-2.81547
1.87371,-0.14715,-0.38259,1.60884,-3.15882,3.44331
0.57879,-0.47088,1.06929,-1.15758,-2.29554,-0.28449
0.53955,-0.56898,-0.40221,0.74556,0.89271,0.55917
0.42183,1.43226,1.41264,-1.23606,-0.26487,0.90252
1.54998,1.88352,2.92338,1.81485,-2.57022,-4.19868
-0.76518,-0.32373,0.76518,0.85347,0.51012,-0.08829
3.40407,-1.3734,-1.03005,0.46107,2.53098,-2.39364
-0.81423,-0.90252,0.21582,-1.50093,1.79523,-0.41202
3.08034,-0.43164,-2.24649,-0.65727,1.30473,1.60884
1.74618,2.78604,1.80504,-1.83447,0.50031,-1.74618
-8.42679,-2.26611,-8.7309,-8.01477,-8.03439,-8.25021
2.75661,4.52241,0.8829,2.19744,1.88352,1.93257
-0.96138,0.89271,3.60027,0.82404,0.90252,-2.16801
-9.13311,-6.33726,-5.56227,-3.20787,-0.07848,1.84428
0.87309,1.70694,2.82528,-1.45188,-1.30473,-2.93319
0.03924,-1.15758,0.27468,0.87309,-0.11772,-0.69651
2.2563,-2.39364,-1.06929,-1.31454,1.74618,1.80504
0.77499,-1.33416,-1.16739,2.69775,-0.85347,1.72656
-0.92214,-0.56898,-0.24525,1.3734,2.76642,-2.54079
-1.89333,-0.63765,-0.00981,-0.96138,-0.84366,0.79461
4.3164,2.93319,-0.05886,2.03067,0.30411,1.22625
1.95219,1.04967,1.58922,-1.10853,0.57879,2.31516
0.67689,1.89333,-1.11834,0.0981,1.42245,1.05948
-1.38321,-1.34397,-1.04967,-0.51993,2.33478,0.38259
-0.63765,-0.01962,-0.0981,-0.37278,3.66894,-0.53955
-0.27468,0.44145,-0.36297,-0.28449,0.10791,0.0981
3.05091,2.54079,2.63889,4.00248,-1.24587,-1.40283
-8.42679,-3.75723,-7.86762,-6.55308,-6.90624,-5.70942
1.15758,0.52974,-2.01105,1.63827,-2.81547,0.40221
-2.16801,-3.24711,-2.17782,0.95157,0.91233,-3.73761
-0.34335,3.44331,0.8829,2.00124,1.26549,-1.31454
0.8829,2.00124,1.15758,-0.50031,0.06867,-4.905
0.26487,-0.24525,0.13734,-1.03005,0.17658,3.15882
1.58922,-3.37464,-1.88352,1.25568,-0.48069,0.97119
-0.42183,0.59841,-3.27654,-1.1772,0.32373,-1.8639
1.79523,0.41202,0.90252,1.6677,2.50155,-2.60946
-1.10853,1.83447,-1.52055,-2.72718,-3.66894,-2.88414
0.85347,-0.07848,1.48131,-0.5886,1.15758,-1.06929
0.87309,0.0,-0.54936,-0.76518,0.53955,4.48317
-0.56898,0.00981,2.44269,-0.28449,-0.63765,5.43474
-0.32373,0.35316,0.38259,-0.08829,0.06867,1.55979
-1.64808,0.46107,-0.69651,1.90314,1.52055,-2.26611
0.23544,0.66708,-0.01962,0.32373,-0.93195,1.41264
-0.01962,-0.92214,-1.05948,-0.30411,1.74618,0.61803
-9.57456,-6.32745,-7.6518,-3.8259,-0.86328,0.45126
0.89271,-0.22563,-0.10791,-0.66708,0.32373,1.82466
-0.57879,-1.05948,-2.41326,-0.31392,-0.17658,-1.40283
-0.81423,-0.8829,5.84676,0.71613,-1.75599,-0.26487
0.06867,2.24649,1.64808,0.0981,-0.51012,-0.02943
-2.59965,0.69651,0.46107,0.04905,0.26487,-2.78604
-0.06867,1.23606,-2.36421,-0.03924,4.37526,1.95219
0.981,-0.18639,-1.49112,0.0981,-1.42245,2.11896
0.62784,-0.86328,-2.31516,-1.48131,1.60884,0.99081
-1.45188,0.44145,-2.02086,-0.60822,4.07115,1.78542
0.42183,-1.57941,-0.16677,1.64808,-1.36359,-5.36607
-0.73575,1.15758,2.32497,1.72656,-2.59965,-1.7658
0.51993,-0.28449,1.70694,-0.23544,4.36545,0.4905
2.95281,0.08829,0.35316,2.41326,1.52055,1.91295
1.73637,0.96138,-0.52974,-2.3544,2.32497,4.46355
1.80504,0.45126,-2.4525,1.31454,-4.39488,-0.16677
2.12877,-1.77561,0.1962,-0.48069,-0.32373,0.01962
2.73699,0.20601,2.97243,1.3734,1.31454,-2.81547
-2.46231,-2.75661,2.36421,2.06991,-0.07848,-4.04172
2.4525,-0.81423,1.58922,-2.26611,0.33354,-4.60089
1.73637,-0.62784,1.21644,-0.43164,1.50093,4.13001
-1.41264,0.69651,-3.39426,-0.981,3.94362,1.68732
0.0,0.52974,1.06929,-1.36359,-0.77499,5.80752
0.81423,-0.86328,0.35316,2.79585,0.31392,-1.41264
1.29492,1.21644,-1.71675,1.72656,-1.11834,-1.7658
-2.41326,0.65727,5.09139,-0.63765,-0.80442,-1.54998
2.90376,4.89519,1.77561,1.13796,0.51993,2.98224
2.59965,0.46107,-3.29616,-0.72594,1.81485,-3.51198
-1.58922,-0.89271,-0.08829,1.51074,2.19744,-3.52179
-0.6867,-1.38321,1.77561,-0.5886,2.12877,-0.42183
-0.50031,-0.53955,1.91295,3.06072,0.46107,-0.87309
1.00062,1.34397,-2.88414,-1.22625,-0.20601,1.81485
-0.16677,1.13796,1.43226,-0.3924,-0.17658,-0.26487
0.3924,1.72656,2.96262,-0.61803,-1.82466,-2.92338
2.82528,1.38321,1.03005,2.92338,2.20725,2.48193
0.7848,0.45126,-0.92214,-1.5696,-2.06991,2.943
3.00186,1.95219,3.2373,0.981,1.26549,-2.22687
-7.08282,-2.41326,-3.06072,-6.14106,-4.95405,-5.03253
-0.10791,-1.02024,-0.74556,-2.1582,0.0,0.97119
-0.25506,-2.14839,-0.21582,-1.32435,-0.87309,-0.08829
1.962,1.87371,-0.91233,-1.59903,2.47212,2.13858
3.89457,1.06929,1.5696,1.21644,1.46169,3.86514
0.31392,-1.20663,-1.8639,-2.00124,-0.87309,3.21768
0.38259,0.61803,0.0981,2.03067,-1.89333,1.83447
0.22563,-0.41202,-2.57022,0.82404,-1.14777,0.06867
2.7468,1.52055,4.94424,1.32435,1.54017,-1.5696
1.72656,0.80442,-1.82466,0.50031,-1.74618,1.25568
-1.18701,0.46107,-2.61927,1.05948,-0.17658,-0.81423
-0.81423,0.1962,2.79585,0.59841,0.34335,0.51993
-0.90252,1.09872,4.15944,0.40221,-1.35378,1.962
3.61008,1.03986,1.01043,1.02024,1.90314,4.07115
2.2563,-3.15882,-0.35316,-3.30597,-0.07848,4.49298
-0.80442,2.90376,0.55917,-0.32373,0.73575,-0.18639
4.08096,0.15696,1.28511,-0.30411,0.65727,0.80442
-1.89333,0.33354,-0.7848,3.44331,1.5696,-3.24711
-0.51012,-0.42183,0.69651,0.3924,-0.46107,-0.08829
0.63765,0.69651,1.03986,0.59841,1.03005,-7.62237
2.10915,3.75723,-0.11772,-0.90252,-2.20725,2.943
0.3924,2.22687,2.79585,0.8829,-1.97181,-3.09015
1.09872,-0.45126,-0.48069,0.11772,3.25692,1.98162
0.2943,-0.1962,-1.75599,2.38383,0.8829,-0.7848
2.3544,-0.90252,-0.92214,-1.69713,-1.42245,0.5886
-2.57022,1.24587,0.96138,1.80504,1.10853,-1.51074
-0.18639,0.77499,1.11834,-0.06867,-0.99081,-4.29678
0.14715,-1.962,-0.51993,-0.86328,0.13734,2.10915
-2.943,-1.00062,3.88476,-0.73575,-0.01962,1.65789
2.47212,2.1582,3.58065,0.80442,-0.81423,-4.06134
0.17658,-0.981,-1.29492,-0.53955,-0.56898,-2.90376
-2.69775,-2.72718,-1.70694,0.48069,0.45126,-3.6297
-0.74556,2.46231,1.36359,0.81423,0.60822,3.76704
1.03986,1.29492,-0.53955,1.01043,-1.52055,-0.0981
-1.26549,-0.76518,1.81485,2.49174,0.3924,-2.27592
1.18701,0.10791,0.65727,0.36297,2.65851,0.61803
0.05886,1.19682,2.65851,0.50031,-0.12753,0.1962
-0.53955,-1.36359,4.18887,1.41264,0.00981,1.49112
0.48069,-0.67689,-1.52055,1.5696,3.14901,5.81733
-0.16677,-2.67813,-1.63827,-1.69713,2.75661,-2.97243
2.2563,1.57941,1.69713,2.75661,2.17782,2.59965
1.53036,-1.90314,-0.12753,-1.22625,1.49112,1.88352
0.84366,0.91233,0.35316,0.66708,4.15944,-1.13796
-0.46107,-1.68732,1.03005,1.25568,-0.43164,-2.49174
0.61803,1.09872,2.12877,0.96138,-0.65727,-0.20601
0.12753,2.08953,-2.71737,-1.55979,-3.90438,-2.65851
2.1582,0.74556,-2.96262,1.78542,1.25568,2.02086
-0.02943,-1.19682,-3.1392,1.23606,-1.19682,0.27468
1.59903,3.30597,3.88476,0.0981,-1.21644,-2.1582
1.32435,0.66708,-1.72656,-0.79461,0.62784,0.63765
-2.49174,-0.03924,1.55979,1.11834,0.27468,-1.58922
-2.43288,-1.34397,3.09996,-0.37278,-1.54017,1.49112
0.94176,1.01043,-1.73637,-1.58922,0.47088,1.1772
1.19682,-0.35316,0.0981,1.48131,-1.63827,-1.18701
-1.51074,-1.03986,3.58065,1.41264,-1.39302,2.3544
-0.18639,-0.99081,1.1772,1.57941,1.61865,1.81485
0.8829,1.46169,-4.25754,1.15758,3.21768,0.92214
2.42307,3.39426,1.52055,1.43226,-0.18639,2.77623
1.54998,-1.1772,1.38321,-1.50093,-0.67689,2.2563
-0.28449,0.11772,-1.38321,-2.60946,-0.47088,0.51993
6.23916,1.55979,1.20663,1.65789,-0.52974,5.87619
2.71737,3.73761,1.97181,-2.49174,1.18701,-1.51074
1.78542,0.32373,-0.83385,-3.69837,2.48193,-1.49112
-2.41326,1.41264,-3.00186,-0.26487,3.11958,-0.38259
0.96138,-0.82404,0.51993,0.47088,0.22563,-0.52974
0.96138,0.23544,-2.77623,1.28511,3.28635,1.0791
-2.63889,-0.44145,-1.95219,0.80442,2.75661,-0.44145
-8.60337,-3.1392,-5.11101,-5.17968,-1.77561,-0.73575
0.51012,0.89271,1.55979,-0.84366,1.45188,-0.54936
1.2753,-1.28511,0.06867,-2.23668,2.40345,1.35378
-4.35564,0.31392,-0.81423,1.57941,1.87371,-0.50031
0.67689,0.97119,2.63889,1.5696,0.89271,-0.42183
1.10853,-1.32435,-0.21582,1.18701,0.4905,-2.61927
-2.58003,1.81485,-0.44145,-0.24525,-2.57022,-0.89271
0.34335,1.65789,1.11834,1.13796,-1.59903,0.36297
1.49112,-0.16677,0.63765,0.28449,1.25568,-1.13796
2.36421,3.16863,1.87371,1.72656,-0.42183,1.94238
1.36359,1.60884,0.28449,-0.17658,-2.47212,-0.08829
-0.96138,-2.51136,-1.93257,-2.2563,-1.01043,-2.19744
-1.0791,-0.06867,2.80566,-0.46107,-1.52055,4.13982
0.16677,0.3924,1.09872,1.83447,0.4905,-0.86328
4.7088,-0.1962,1.68732,0.62784,0.85347,3.41388
0.11772,0.74556,0.81423,-0.5886,-0.05886,1.44207
0.25506,0.64746,1.89333,-0.02943,-1.91295,-0.26487
-2.09934,0.94176,0.44145,-2.44269,-1.93257,2.98224
0.83385,0.36297,1.83447,-2.68794,0.92214,3.69837
1.94238,2.12877,-0.06867,0.50031,1.20663,2.56041
-0.1962,0.69651,0.76518,1.03986,-2.41326,-1.26549
-4.28697,-2.76642,-0.8829,-4.84614,-3.59046,-2.87433
0.70632,0.02943,-0.20601,2.98224,0.51012,-2.76642
-0.43164,1.1772,3.63951,-0.03924,1.44207,-0.62784
-2.75661,-0.35316,1.48131,0.42183,0.04905,1.59903
-2.29554,2.72718,1.22625,0.7848,1.0791,0.55917
0.63765,-2.39364,-1.97181,-0.10791,3.18825,-0.55917
-0.51012,1.69713,1.12815,-1.32435,0.55917,4.81671
-0.1962,0.87309,-0.95157,-1.14777,3.09015,3.61008
0.17658,1.99143,-3.46293,-0.35316,1.84428,-0.76518
-0.74556,-1.25568,1.93257,-0.72594,1.34397,-0.51012
-0.83385,-1.69713,4.64013,0.89271,1.02024,-0.67689
3.59046,2.89395,2.01105,1.03005,0.46107,-0.57879
1.55979,0.74556,-1.73637,-1.43226,-1.51074,-0.23544
-2.17782,2.06991,-1.78542,-1.20663,-2.24649,0.87309
0.20601,2.79585,0.28449,0.14715,0.62784,0.59841
-2.72718,2.3544,-1.53036,-1.10853,-0.7848,-2.26611
0.32373,-0.40221,-2.05029,-0.74556,-0.07848,1.55979
-0.83385,-0.36297,-1.59903,0.13734,-1.88352,3.3354
-0.7848,0.60822,-0.08829,-0.08829,-1.59903,-1.01043
0.02943,0.0,1.88352,1.31454,2.04048,-0.07848
-1.63827,2.1582,0.15696,-0.10791,0.56898,1.78542
0.08829,-0.07848,-1.43226,-3.09015,-1.09872,-2.00124
0.43164,-0.06867,0.02943,1.26549,0.13734,2.23668
0.25506,-0.34335,-1.05948,0.07848,0.81423,-0.92214
-1.80504,-2.34459,-2.0601,0.35316,4.35564,-0.38259
0.59841,0.30411,-1.55979,1.53036,-0.84366,1.15758
-0.59841,-1.54998,0.48069,1.35378,-0.52974,-2.46231
2.29554,4.50279,3.89457,2.12877,1.03005,-3.46293
-1.88352,0.55917,0.37278,-1.23606,0.47088,0.8829
0.15696,0.87309,2.91357,-0.46107,-0.70632,-6.6708
-0.28449,-2.38383,-1.73637,0.74556,1.30473,1.84428
0.32373,0.70632,-1.62846,-1.41264,-0.15696,0.50031
0.7848,-0.61803,0.52974,0.59841,-1.23606,-2.05029
1.21644,-0.3924,2.00124,0.85347,-1.38321,1.13796
-0.03924,-1.53036,-2.0601,0.93195,-0.20601,-1.63827
1.88352,0.981,0.1962,2.13858,1.85409,1.22625
-0.05886,1.52055,-3.38445,-0.71613,0.3924,-2.13858
-9.43722,-3.21768,-6.59232,-3.924,-0.14715,1.06929
1.18701,0.13734,-2.11896,0.48069,1.05948,1.15758
-1.72656,2.92338,-2.08953,-0.31392,-1.70694,-1.34397
2.19744,0.981,3.66894,1.98162,-0.51993,-2.00124
-1.08891,-2.23668,1.00062,1.67751,3.41388,-3.31578
1.1772,-0.34335,1.62846,0.69651,1.34397,0.69651
0.23544,1.22625,0.3924,0.97119,1.04967,-8.02458
-1.50093,-0.75537,-1.39302,-1.06929,2.70756,-0.12753
2.26611,0.63765,-4.64994,1.03005,-2.09934,5.32683
-0.35316,0.80442,-0.13734,3.6297,1.1772,1.61865
-1.04967,-1.80504,-0.44145,2.71737,-2.72718,-2.69775
0.2943,-0.2943,-0.04905,-0.65727,-0.7848,0.27468
-0.94176,0.52974,-2.86452,-0.05886,0.95157,0.73575
-0.0981,0.63765,-0.42183,0.97119,-1.40283,3.01167
0.28449,3.55122,-0.43164,-1.90314,1.13796,0.0981
0.42183,-0.55917,-0.15696,2.65851,1.53036,0.63765
0.81423,-0.99081,-2.11896,1.32435,3.42369,5.1993
2.92338,0.21582,0.99081,-0.52974,0.69651,4.62051
0.60822,-0.7848,-1.16739,1.48131,-0.90252,-0.56898
-1.8639,-0.89271,2.54079,-0.51993,-0.56898,0.24525
-0.981,-1.20663,-0.94176,-2.77623,-0.99081,3.19806
0.11772,0.33354,1.02024,2.22687,0.28449,-6.5727
1.3734,-0.80442,1.34397,-2.58984,-1.72656,-0.94176
-1.50093,-0.13734,2.10915,0.17658,0.92214,1.53036
1.32435,-0.45126,-0.34335,-0.38259,0.38259,0.51993
-0.56898,-1.16739,-1.10853,-0.00981,-0.54936,-2.58003
1.80504,-1.10853,-2.01105,2.44269,2.28573,-0.27468
2.32497,-2.11896,1.22625,0.95157,2.44269,0.86328
-4.2183,2.36421,-2.07972,-1.94238,0.57879,-0.52974
0.81423,0.87309,0.99081,-0.84366,1.04967,-3.71799
-0.33354,-2.51136,0.63765,2.12877,2.42307,0.1962
-1.89333,2.49174,-0.981,-2.1582,-3.11958,-2.81547
-8.64261,-3.77685,-5.2974,-4.11039,-0.95157,1.94238
0.48069,-2.28573,-0.40221,1.16739,0.1962,1.62846
-0.2943,1.50093,1.44207,0.51993,0.32373,-0.59841
-0.26487,-1.70694,0.05886,2.1582,-0.00981,0.1962
-1.23606,-2.78604,-0.35316,1.65789,-1.24587,-0.89271
-0.94176,1.13796,3.32559,-1.02024,-1.25568,3.79647
-2.26611,-0.14715,-2.34459,-0.1962,3.91419,0.45126
-1.69713,-0.46107,0.95157,1.48131,-0.46107,-2.07972
-0.79461,-0.16677,-0.51012,-0.32373,1.1772,-2.20725
-2.39364,-1.09872,0.85347,-1.92276,1.49112,1.19682
-1.90314,-1.58922,-1.16739,-0.4905,3.56103,1.31454
-1.4715,-1.03005,-2.56041,3.27654,2.79585,-1.19682
1.31454,-1.10853,-1.46169,-0.47088,0.18639,-1.55979
-0.66708,0.34335,-1.49112,2.47212,2.79585,-0.22563
2.6487,-0.38259,-2.71737,-0.50031,1.962,1.50093
1.0791,1.59903,2.19744,-0.11772,0.981,-4.79709
-2.18763,1.36359,-0.15696,-1.16739,-0.12753,-0.91233
-6.00372,-6.90624,-4.83633,-3.75723,1.10853,-1.18701
-1.49112,2.13858,1.61865,0.91233,-4.62051,-4.4145
-0.01962,0.13734,-0.93195,-0.24525,-1.24587,0.66708
0.0981,-1.63827,-0.56898,1.03005,0.89271,0.28449
-1.78542,0.99081,-0.07848,-2.6487,0.94176,-2.39364
-0.90252,1.35378,2.90376,2.17782,-3.22749,-2.52117
0.36297,-2.62908,2.87433,0.84366,2.73699,2.66832
-0.81423,2.24649,-0.65727,1.3734,-0.72594,-1.49112
-0.77499,0.08829,2.12877,3.63951,2.8449,1.65789
0.76518,-0.22563,-1.31454,-2.23668,0.05886,2.11896
-0.47088,-0.86328,1.46169,2.18763,1.16739,-2.49174
-1.05948,-2.10915,-2.08953,1.32435,-0.56898,0.8829
-0.71613,0.66708,2.02086,-0.45126,-3.27654,2.17782
-2.33478,1.88352,-0.30411,0.35316,0.64746,-1.59903
0.51993,1.28511,1.03986,1.34397,-1.84428,0.60822
0.05886,0.22563,0.76518,-1.01043,1.88352,-2.72718
2.42307,1.49112,1.57941,1.19682,-1.01043,1.91295
-0.15696,-0.73575,-1.54017,-1.79523,-0.84366,2.07972
1.39302,0.5886,0.13734,0.00981,-1.14777,1.64808
4.96386,2.93319,0.08829,-0.51012,2.48193,-1.35378
3.86514,3.74742,1.54017,1.36359,0.03924,0.46107
-1.21644,-0.28449,0.03924,-1.97181,2.61927,-2.27592
-1.20663,-0.16677,1.64808,2.71737,1.36359,-0.21582
-0.38259,-2.0601,-1.38321,0.18639,1.95219,0.85347
-0.1962,0.46107,-2.01105,0.77499,-0.4905,-2.71737
1.88352,-3.07053,-0.00981,-2.89395,0.32373,5.43474
0.89271,-3.97305,1.88352,-3.42369,-0.05886,-0.76518
-0.0981,-0.04905,1.3734,0.35316,-3.2373,-0.87309
-1.24587,1.05948,1.72656,-1.65789,-0.36297,1.60884
-0.50031,0.63765,3.45312,-0.87309,-0.84366,3.39426
1.51074,-0.67689,-1.99143,0.69651,-0.4905,-2.53098
1.87371,0.0,-0.08829,1.05948,2.48193,-3.40407
0.77499,1.18701,2.4525,0.56898,3.10977,3.36483
-0.08829,2.67813,-0.72594,1.35378,0.05886,1.43226
2.06991,0.22563,-0.99081,-3.39426,0.76518,2.31516
-2.13858,-0.25506,0.56898,2.87433,1.35378,-0.26487
-0.52974,-1.33416,-2.1582,-0.18639,0.4905,-1.11834
2.44269,0.48069,-0.95157,0.60822,3.09015,-1.99143
4.06134,0.63765,3.17844,2.47212,1.4715,-2.93319
2.09934,2.73699,4.17906,3.0411,-0.00981,-4.17906
-0.87309,1.06929,-2.19744,1.34397,-0.04905,-1.23606
-0.42183,-0.81423,-1.57941,0.63765,-0.48069,-2.28573
1.54017,0.20601,2.02086,1.0791,-0.23544,-0.66708
0.23544,2.17782,1.0791,-2.51136,1.26549,-1.77561
4.1202,1.03005,0.17658,1.59903,0.981,-0.45126
0.84366,-1.50093,-1.89333,0.05886,1.20663,0.0
0.18639,-0.46107,0.85347,1.22625,3.74742,-1.32435
0.03924,-0.47088,0.20601,0.59841,0.59841,0.06867
3.74742,2.17782,3.61008,-1.21644,1.58922,-0.20601
3.27654,3.21768,2.01105,0.73575,-0.42183,5.69961
1.97181,1.69713,1.02024,-1.90314,0.66708,1.2753
-0.57879,-0.13734,2.27592,1.31454,2.54079,0.83385
0.90252,3.21768,0.37278,-0.13734,-1.4715,3.75723
-2.90376,0.76518,-0.32373,2.91357,1.20663,0.2943
0.41202,-0.54936,-1.09872,1.48131,0.2943,-0.14715
-1.68732,1.6677,-0.44145,1.92276,0.3924,1.41264
2.63889,-0.38259,3.32559,1.83447,0.41202,-0.76518
2.17782,0.11772,-1.60884,-1.04967,2.21706,1.74618
0.20601,0.04905,-0.34335,-0.57879,4.71861,2.3544
2.99205,1.23606,1.44207,-1.09872,2.70756,2.93319
0.62784,0.0,-6.68061,-0.13734,0.50031,4.86576
-2.0601,1.03005,0.46107,1.79523,-1.50093,0.6867
0.1962,-2.07972,0.42183,-0.02943,-0.74556,-1.5696
-2.41326,-0.38259,-1.16739,-0.8829,0.71613,-2.59965
-2.31516,-0.02943,3.31578,-0.16677,-0.30411,-0.95157
-0.47088,0.21582,0.85347,2.52117,2.59965,-4.84614
-3.01167,1.70694,-1.85409,-1.55979,-2.31516,0.31392
-0.52974,1.23606,-2.19744,3.6297,0.17658,2.01105
-0.54936,0.38259,-1.29492,-1.21644,-0.22563,0.07848
-0.43164,-0.13734,0.89271,-0.48069,1.31454,-0.5886
-3.66894,-0.89271,0.42183,-1.45188,-1.81485,-0.41202
-0.64746,-0.15696,2.2563,-0.94176,-0.81423,4.5126
1.46169,-0.25506,-3.27654,-1.00062,3.16863,0.20601
2.85471,0.6867,0.07848,3.34521,-0.17658,2.41326
1.25568,-0.01962,0.74556,0.28449,0.37278,1.57941
-5.73885,-6.19011,-2.42307,-1.79523,2.02086,-1.33416
-0.44145,-0.64746,0.69651,-1.12815,-0.45126,-2.38383
-0.60822,1.24587,1.30473,1.53036,-2.68794,-1.88352
-0.25506,0.51993,2.11896,0.17658,2.1582,0.56898
0.85347,0.10791,-0.45126,-2.99205,1.8639,3.03129
0.84366,-1.58922,2.79585,-2.69775,-1.16739,-2.12877
3.1392,0.34335,0.07848,2.14839,0.35316,2.72718
-1.32435,1.18701,-1.8639,0.3924,-0.71613,-2.28573
-2.52117,1.67751,-0.23544,0.52974,0.62784,0.79461
0.81423,-0.40221,-0.4905,1.82466,-1.52055,-2.16801
0.35316,-1.89333,0.18639,1.64808,-0.45126,-0.4905
2.07972,0.56898,-0.27468,2.58984,1.79523,1.03005
-0.32373,0.63765,1.98162,0.63765,-0.03924,-4.85595
-0.99081,-1.10853,-0.34335,-0.56898,0.42183,-2.23668
0.66708,0.30411,5.20911,2.97243,-0.01962,-1.55979
0.6867,2.89395,-0.4905,-0.50031,1.19682,1.78542
0.34335,-1.2753,-1.34397,-1.99143,0.13734,-0.55917
0.21582,-1.42245,-1.2753,-1.38321,2.1582,1.2753
-1.28511,0.34335,-2.91357,0.24525,3.91419,1.16739
2.8449,3.11958,1.36359,2.40345,0.14715,0.93195
2.40345,1.62846,2.59965,4.13001,4.15944,0.51993
0.69651,1.99143,1.45188,-0.37278,-0.23544,-1.59903
-0.93195,-0.21582,-1.87371,-0.1962,-2.8449,-0.50031
1.65789,0.38259,-0.37278,-1.36359,2.01105,-1.62846
-0.73575,-0.52974,1.59903,1.49112,6.28821,-3.42369
1.4715,3.64932,1.25568,0.0,-1.02024,-2.41326
0.62784,2.57022,4.50279,0.25506,-3.01167,-4.62051
3.7278,-0.10791,-0.14715,2.58003,0.1962,3.79647
1.18701,-1.46169,-1.15758,0.08829,1.84428,-2.1582
-0.87309,-1.42245,-0.61803,2.17782,3.45312,-4.1202
7.20054,1.2753,1.36359,1.61865,-0.03924,5.42493
-2.77623,2.56041,-1.38321,-1.03986,-2.943,-4.47336
-0.72594,2.61927,1.45188,0.26487,-0.87309,5.72904
-0.21582,1.03005,0.83385,-0.86328,-1.82466,-0.15696
1.25568,2.02086,0.05886,-1.22625,2.71737,3.0411
2.09934,2.6487,-0.77499,-2.12877,-1.49112,1.21644
-0.51993,-0.82404,-1.62846,-2.79585,1.70694,2.0601
-0.07848,0.02943,-1.26549,0.16677,-2.54079,-1.33416
-2.65851,0.33354,0.51993,0.63765,-0.96138,-0.35316
0.45126,2.11896,3.42369,1.50093,-0.37278,-4.23792
-0.34335,0.52974,0.16677,0.01962,-1.80504,-1.25568
-1.22625,2.21706,2.22687,1.08891,-1.75599,-5.75847
-1.39302,1.03005,2.29554,-1.38321,-0.15696,-0.01962
0.67689,0.56898,1.43226,-0.50031,-4.43412,-3.00186
3.57084,1.98162,2.19744,0.76518,1.61865,-1.0791
-1.89333,-0.69651,2.54079,0.74556,0.36297,0.40221
1.29492,-0.24525,-1.71675,0.30411,-2.71737,4.94424
2.51136,2.06991,1.14777,2.42307,1.99143,2.78604
2.85471,0.4905,2.87433,2.16801,1.64808,-2.61927
-0.11772,-2.26611,3.4335,0.60822,1.20663,-4.17906
4.89519,3.10977,0.71613,-0.20601,0.80442,-0.31392
0.32373,0.62784,1.98162,0.0,-0.44145,1.15758
0.3924,-0.11772,-1.2753,0.92214,-1.58922,-2.87433
0.10791,0.21582,-1.00062,0.44145,5.07177,-0.63765
-1.23606,0.33354,-1.03986,-1.53036,0.0,0.43164
0.79461,3.16863,1.61865,-0.12753,1.14777,-1.25568
-1.97181,0.04905,-1.22625,1.45188,4.40469,-3.14901
1.3734,1.60884,1.34397,-1.12815,0.80442,2.09934
-1.4715,0.61803,-0.63765,-3.18825,-3.41388,-1.11834
-0.77499,2.00124,-3.3354,-1.55979,0.90252,-0.41202
0.22563,1.01043,2.28573,-1.13796,-2.39364,0.13734
-0.73575,-0.8829,-1.7658,0.95157,0.31392,-1.12815
-0.43164,-0.83385,-0.53955,0.07848,-0.37278,-1.22625
1.04967,-3.14901,-1.78542,-1.77561,2.87433,2.57022
-0.06867,1.94238,-4.18887,-0.74556,-1.10853,-2.54079
0.67689,0.64746,-0.2943,0.14715,-4.99329,-0.57879
-3.3354,-5.16987,-1.74618,-1.67751,0.07848,-3.59046
-1.01043,-1.52055,-2.57022,-0.50031,0.45126,-0.20601
-1.00062,0.30411,3.66894,0.31392,-0.02943,-0.84366
-0.07848,-1.2753,2.4525,0.47088,-2.42307,-2.47212
-1.06929,-0.23544,-1.83447,-2.4525,0.36297,-1.06929
-1.97181,-1.22625,2.93319,-0.84366,-1.53036,0.80442
-0.96138,0.67689,-0.27468,-3.07053,0.08829,-0.70632
0.04905,1.65789,0.67689,2.30535,2.41326,-0.48069
-0.12753,-1.1772,-0.14715,0.69651,0.10791,-0.64746
-1.10853,-2.49174,0.95157,1.65789,3.06072,1.61865
2.69775,-0.80442,2.26611,1.51074,1.43226,6.53346
-0.97119,-0.93195,-0.92214,-0.21582,1.99143,1.16739
3.26673,-0.55917,-2.66832,-0.15696,1.16739,1.60884
-1.05948,-0.06867,0.57879,1.29492,-1.51074,-0.66708
0.90252,-0.37278,-0.18639,-0.30411,1.13796,-1.39302
-2.87433,-2.6487,1.72656,0.8829,0.74556,-1.41264
-0.02943,-1.54998,1.20663,1.12815,-2.56041,1.73637
-0.26487,0.77499,-1.73637,0.23544,0.40221,-1.22625
-3.64932,0.65727,-2.03067,0.22563,0.46107,-1.78542
-0.25506,0.46107,0.95157,-0.1962,-0.95157,0.981
2.71737,-0.53955,-1.80504,1.43226,-2.10915,2.40345
2.40345,-1.18701,-1.42245,1.69713,-0.47088,-2.09934
-1.30473,0.0981,3.19806,-1.30473,-2.4525,-1.42245
2.86452,-1.09872,3.31578,3.54141,-1.23606,0.0
-3.60027,-1.69713,3.31578,-1.24587,0.65727,2.90376
0.48069,0.2943,-0.21582,0.62784,-0.3924,0.1962
5.46417,2.91357,1.99143,1.75599,-0.51993,5.56227
0.66708,2.7468,-0.25506,0.38259,-1.16739,3.27654
-1.16739,-0.60822,0.86328,0.2943,1.43226,1.89333
0.51012,0.981,0.66708,-0.0981,0.85347,-5.11101
0.01962,2.14839,2.39364,0.45126,0.61803,-0.67689
-1.02024,-0.60822,-0.36297,0.63765,1.24587,2.53098
-2.70756,2.02086,-0.21582,-1.01043,-0.12753,-1.19682
0.22563,0.51012,1.72656,1.16739,2.2563,-0.4905
-0.11772,0.47088,2.16801,1.35378,-1.99143,-3.17844
-1.68732,-0.99081,-0.71613,-1.00062,2.31516,0.82404
-0.60822,-0.81423,1.24587,0.06867,-0.32373,2.81547
-2.19744,1.65789,-1.57941,-1.09872,-2.73699,-6.75909
-1.34397,1.79523,-0.0981,-0.63765,0.01962,-0.51993
3.51198,3.59046,-3.49236,-0.57879,-1.52055,5.08158
0.92214,-0.26487,-2.96262,0.34335,2.59965,0.63765
0.03924,1.54998,1.23606,-1.0791,-3.24711,-1.20663
2.60946,-1.51074,0.83385,-0.31392,1.05948,-0.54936
-3.78666,1.25568,-1.13796,-0.64746,-0.64746,-2.10915
1.50093,0.05886,-3.56103,1.49112,1.0791,2.99205
2.65851,-2.11896,0.42183,-0.64746,2.67813,2.08953
1.15758,-0.48069,2.06991,2.30535,-2.63889,-0.92214
-1.30473,-0.43164,1.39302,-0.6867,0.15696,0.60822
1.36359,-0.23544,-2.51136,-2.22687,1.63827,2.39364
0.26487,-0.20601,1.13796,1.97181,-0.02943,-2.71737
-0.03924,0.81423,1.99143,-0.75537,-1.58922,1.92276
-1.11834,1.95219,1.73637,0.62784,-0.50031,5.1012
0.16677,4.45374,-1.49112,0.3924,0.48069,-0.27468
-2.00124,-0.63765,3.46293,0.14715,-0.89271,-3.07053
1.30473,0.77499,0.62784,1.13796,-1.23606,-0.07848
0.99081,1.06929,4.8069,1.00062,1.65789,2.75661
-3.28635,1.77561,-1.12815,-4.36545,-3.4335,-0.981
2.96262,1.6677,-0.99081,0.82404,0.23544,3.69837
3.26673,1.35378,-0.96138,-0.17658,-0.63765,3.97305
1.0791,-0.82404,1.19682,1.42245,0.06867,2.65851
-1.24587,-0.1962,2.37402,-1.24587,0.8829,-1.4715
-1.43226,1.36359,0.67689,1.08891,0.5886,1.29492
-0.46107,1.6677,1.84428,2.11896,0.63765,-6.48441
2.21706,2.22687,1.69713,3.7278,2.08953,2.00124
0.59841,-0.84366,-0.34335,2.0601,-1.49112,-1.35378
-0.51993,-2.51136,-0.76518,-1.0791,1.58922,4.48317
0.00981,1.25568,0.16677,-0.15696,-1.1772,1.51074
0.77499,3.22749,-0.13734,-0.46107,1.50093,1.81485
0.43164,-2.56041,-1.93257,-1.38321,-0.83385,0.37278
-2.4525,1.61865,-0.87309,-0.27468,-1.83447,3.48255
2.30535,4.77747,0.92214,3.1392,2.68794,-0.96138
2.5506,-0.04905,-2.39364,0.94176,-1.70694,4.19868
5.67018,-1.18701,1.77561,3.05091,0.36297,-0.13734
0.70632,1.64808,0.36297,0.2943,-0.92214,4.84614
-0.95157,-0.1962,-2.98224,0.8829,3.65913,1.63827
-1.99143,-1.45188,2.43288,-0.5886,-0.21582,1.03005
0.74556,-0.59841,1.28511,2.24649,0.1962,-0.51993
-0.65727,0.80442,3.47274,0.84366,-1.04967,0.91233
0.62784,0.23544,-2.98224,1.77561,2.47212,1.16739
1.71675,-0.2943,0.44145,1.70694,-0.87309,3.0411
2.97243,-0.15696,0.86328,1.02024,0.75537,2.41326
-1.32435,-0.55917,1.32435,-1.1772,0.3924,0.43164
1.34397,-2.43288,-0.72594,-3.37464,1.65789,2.96262
-0.67689,-1.33416,0.35316,-0.92214,1.32435,-1.94238
0.03924,0.82404,2.01105,-2.39364,-2.60946,-1.02024
2.77623,2.07972,2.19744,3.68856,-0.95157,0.20601
0.21582,0.27468,-0.30411,-0.981,-0.30411,2.1582
1.06929,2.41326,0.55917,-1.26549,-0.99081,-1.34397
-1.70694,3.05091,0.35316,-0.86328,-0.22563,-0.47088
2.06991,-2.36421,-0.56898,-1.92276,0.95157,1.89333
-0.72594,0.40221,1.43226,1.42245,-2.24649,-0.27468
-0.13734,1.8639,1.60884,-0.60822,0.08829,-3.99267
0.38259,-1.72656,1.23606,0.32373,1.52055,-0.82404
1.04967,1.18701,4.88538,1.74618,-1.08891,-3.42369
-1.51074,-0.59841,3.00186,0.3924,-0.03924,2.92338
0.90252,-0.17658,-1.4715,0.67689,-3.21768,3.69837
-0.90252,1.21644,5.35626,2.92338,0.22563,-0.72594
-0.40221,-2.62908,-3.2373,0.59841,2.69775,1.43226
0.51012,2.14839,2.1582,-0.90252,-1.83447,-0.82404
-0.01962,3.21768,1.75599,1.3734,-1.92276,-0.61803
-0.27468,-1.4715,0.61803,-0.84366,-3.2373,-0.48069
0.59841,2.14839,-0.5886,-2.31516,-0.3924,1.77561
-0.42183,1.69713,-0.30411,-2.90376,0.83385,-0.74556
-4.14963,-8.32869,-5.48379,-4.23792,-3.69837,-4.03191
4.14963,-0.00981,2.06991,-0.42183,1.84428,-0.92214
3.86514,1.14777,-0.80442,2.16801,0.97119,4.1202
1.11834,-1.26549,-0.11772,-3.69837,-0.46107,3.56103
1.62846,-1.42245,1.3734,1.4715,0.91233,0.95157
0.90252,0.91233,1.80504,0.63765,-0.47088,1.20663
-1.19682,-0.40221,-1.79523,-2.03067,0.89271,2.11896
-3.924,-6.09201,-4.79709,-2.41326,-2.39364,-3.52179
1.84428,2.53098,0.33354,-1.36359,-1.54998,-2.01105
0.37278,1.03005,2.69775,0.76518,-0.8829,-1.90314
0.06867,1.46169,3.924,-0.59841,0.25506,0.48069
-1.42245,1.93257,1.0791,-0.92214,1.23606,0.45126
0.97119,0.53955,0.06867,1.42245,-1.69713,0.84366
1.80504,2.43288,4.08096,1.71675,-1.69713,-3.71799
-1.30473,0.73575,-2.12877,-0.62784,3.54141,-1.77561
-0.89271,1.44207,4.13001,0.04905,-0.89271,2.51136
0.81423,0.81423,0.63765,1.49112,-2.10915,-1.52055
-0.8829,3.08034,-1.57941,-0.44145,-1.13796,-3.89457
-2.22687,-0.46107,-2.00124,-0.64746,2.41326,-0.69651
-0.59841,0.30411,0.32373,1.73637,2.30535,-4.64994
-0.31392,0.21582,0.83385,1.54017,0.15696,0.34335
2.52117,-0.64746,0.21582,2.5506,0.1962,-2.00124
-0.69651,-0.40221,-1.38321,-2.07972,0.62784,1.03005
1.57941,-0.60822,-0.04905,-1.81485,-0.04905,2.61927
1.18701,0.43164,-0.60822,-1.2753,-3.27654,2.83509
-1.15758,1.55979,-4.46355,-1.74618,-1.25568,-4.11039
0.01962,-0.69651,-5.4936,0.02943,-0.04905,3.02148
0.03924,1.75599,-1.18701,0.54936,1.28511,0.42183
4.96386,-0.95157,2.34459,4.57146,-0.11772,1.10853
4.88538,-0.37278,4.15944,1.58922,3.24711,-2.13858
-0.1962,-1.46169,2.73699,1.65789,-2.57022,0.45126
-1.41264,0.72594,-2.23668,-3.93381,-1.98162,0.02943
0.66708,2.07972,1.25568,1.18701,-2.34459,0.92214
-0.10791,2.18763,1.24587,1.21644,-1.55979,-1.63827
-2.02086,-6.09201,-0.61803,-0.32373,-2.66832,-3.77685
2.41326,-0.17658,-0.34335,1.85409,-3.75723,2.59965
1.01043,0.79461,1.28511,1.49112,1.8639,1.80504
-0.82404,-0.77499,-0.32373,0.28449,1.1772,-6.89643
-0.8829,1.18701,-0.8829,-2.23668,-1.13796,1.92276
-0.20601,0.60822,-0.32373,-0.37278,-0.24525,-1.01043
4.30659,3.03129,1.29492,2.19744,1.6677,4.65975
1.03986,2.19744,1.54017,0.07848,-1.20663,2.51136
0.35316,1.13796,-1.65789,-1.89333,0.91233,1.79523
-0.77499,0.87309,0.56898,-0.80442,-1.42245,2.58984
-0.11772,1.50093,1.18701,1.73637,0.77499,-0.59841
0.981,-0.44145,0.6867,-0.20601,1.1772,-0.03924
-1.61865,0.0,1.09872,0.60822,0.66708,-0.95157
2.11896,1.03005,-5.4936,0.50031,-0.40221,6.80814
-0.31392,-0.04905,-1.24587,0.05886,1.15758,-1.03005
1.83447,2.82528,3.8259,1.20663,1.46169,-1.25568
-0.8829,-0.37278,1.64808,1.24587,2.79585,-3.61008
-8.98596,-5.31702,-8.18154,-5.91543,-6.17049,-4.78728
0.96138,2.61927,0.65727,-1.44207,-3.76704,1.36359
0.86328,-1.65789,1.40283,3.02148,-1.24587,-0.5886
-0.70632,1.26549,2.14839,0.61803,-1.62846,0.99081
0.3924,0.77499,0.65727,-0.03924,-1.25568,2.16801
0.62784,-1.12815,-2.65851,-2.61927,2.04048,-0.06867
-1.22625,-2.07972,-1.45188,-0.22563,0.24525,-0.51012
0.77499,-1.29492,0.07848,0.57879,0.81423,1.16739
-5.96448,-8.39736,-5.85657,-0.76518,-1.00062,-2.08953
-1.14777,3.67875,-1.42245,-0.66708,0.40221,3.48255
-1.0791,1.59903,-2.58003,-1.44207,-0.8829,-3.29616
-2.12877,-3.26673,2.04048,3.16863,2.05029,-1.42245
-0.27468,0.03924,1.84428,-0.28449,0.46107,-0.00981
-6.83757,-4.99329,-7.54389,-5.48379,-2.51136,-4.65975
0.27468,-1.34397,-1.55979,-1.45188,1.31454,-4.13001
-2.99205,1.38321,1.09872,0.69651,-0.46107,-0.7848
0.25506,1.59903,3.78666,2.92338,-0.12753,-0.87309
1.8639,1.40283,1.23606,1.85409,0.56898,0.44145
-1.10853,0.92214,-1.61865,-0.74556,-0.07848,-1.62846
-0.62784,-2.92338,-1.38321,-0.64746,3.09015,-0.36297
3.96324,0.10791,4.96386,3.39426,1.09872,-2.20725
0.85347,0.02943,0.97119,-0.86328,-1.32435,7.03377
-0.51993,1.71675,-3.06072,-0.90252,-0.05886,-2.46231
-10.42803,-3.24711,-7.33788,-3.97305,0.26487,0.42183
1.98162,-0.53955,-0.80442,-1.04967,0.70632,-1.23606
2.08953,-0.48069,2.07972,0.67689,0.95157,2.20725
-2.20725,0.02943,0.57879,-1.70694,-0.50031,0.50031
0.4905,0.14715,-1.55979,-1.19682,1.54998,1.15758
-2.29554,1.962,-0.83385,-0.83385,-0.83385,-0.52974
-1.26549,0.30411,-0.981,-0.55917,0.13734,-1.29492
-7.24959,-1.83447,-3.29616,-5.85657,-3.64932,-5.26797
0.81423,-0.11772,0.53955,-2.37402,0.89271,-2.09934
1.33416,0.43164,-2.58003,-1.41264,0.90252,0.76518
0.90252,-0.84366,-1.13796,1.94238,-0.27468,-1.19682
1.02024,1.61865,-1.0791,2.13858,-1.06929,-0.96138
3.03129,-0.67689,-2.51136,-0.00981,1.84428,0.72594
0.12753,0.65727,5.58189,0.85347,-0.11772,3.08034
2.3544,-1.13796,2.30535,1.73637,-0.3924,0.0
3.55122,0.74556,-3.08034,0.44145,1.95219,-0.2943
-1.82466,-0.7848,-0.4905,4.13001,2.7468,-3.70818
3.25692,-1.10853,-0.92214,1.70694,-2.5506,0.57879
3.18825,-1.01043,-0.40221,0.89271,-2.78604,1.42245
-2.72718,-2.20725,-1.1772,0.25506,0.82404,-0.47088
-2.92338,2.31516,2.49174,1.72656,-1.21644,-3.78666
-1.19682,0.0,1.94238,-0.10791,-0.81423,-1.55979
1.59903,-1.0791,-2.52117,-0.4905,-0.36297,2.34459
0.40221,1.1772,1.16739,-1.22625,-0.67689,3.58065
2.07972,0.86328,-1.64808,0.61803,-3.01167,1.65789
0.6867,-0.981,2.76642,-2.22687,1.15758,-1.65789
-0.32373,0.59841,2.87433,1.72656,-2.49174,-2.80566
-1.68732,-0.92214,-0.31392,-0.7848,0.46107,0.59841
-0.54936,-0.66708,2.06991,1.89333,-1.18701,-2.41326
1.21644,1.21644,0.3924,0.01962,-1.70694,3.84552
1.55979,-0.4905,-0.26487,2.28573,3.34521,1.32435
-0.65727,1.62846,5.11101,2.29554,-0.24525,-0.34335
-0.31392,-0.46107,0.0,0.15696,4.91481,-1.81485
-0.20601,0.93195,2.87433,1.78542,-3.2373,-1.92276
0.6867,-0.2943,-2.36421,1.21644,-1.71675,2.96262
-1.52055,2.18763,-1.82466,-1.29492,-1.45188,-1.21644
-2.56041,-3.17844,-1.8639,0.35316,1.18701,-1.92276
3.64932,2.65851,4.38507,0.32373,-0.28449,-0.00981
0.57879,1.09872,0.80442,1.44207,2.44269,-8.829
1.77561,-0.51993,0.57879,-1.98162,-1.22625,-2.02086
-0.70632,-1.15758,-1.22625,1.78542,2.04048,-4.23792
0.90252,1.6677,-0.38259,2.58984,1.55979,4.01229
0.85347,1.73637,1.54017,-1.00062,-0.27468,-0.15696
-1.16739,0.41202,1.93257,-2.24649,-1.19682,-0.40221
-1.12815,-2.24649,1.08891,-2.11896,-0.72594,2.57022
1.00062,-2.83509,-0.24525,-2.49174,0.23544,3.42369
-0.22563,-0.99081,-0.27468,2.08953,3.76704,-1.83447
-0.07848,-0.25506,-2.13858,-0.18639,-0.03924,-0.71613
-7.60275,-1.44207,-6.97491,-5.6898,-1.41264,-2.943
-0.34335,-1.10853,0.14715,0.34335,-1.21644,2.89395
-6.55308,-6.91605,-4.27716,-3.67875,0.50031,1.28511
-1.79523,0.55917,1.14777,-1.4715,1.29492,0.59841
-0.26487,-0.01962,0.53955,0.38259,-0.71613,-2.76642
-0.55917,-0.38259,-0.5886,0.51993,0.3924,0.75537
-1.02024,-1.64808,1.962,-0.42183,-0.0981,0.01962
-0.42183,1.99143,4.83633,2.66832,1.28511,0.83385
-1.03986,3.8259,-1.99143,1.75599,-0.55917,2.85471
-1.38321,-1.41264,0.33354,-0.72594,-2.65851,-1.79523
-0.86328,-0.82404,0.07848,0.35316,1.19682,0.11772
0.81423,0.11772,1.08891,-2.58003,-2.81547,-2.53098
-1.09872,-1.14777,0.42183,-2.03067,0.67689,0.33354
0.35316,-0.2943,1.48131,-0.5886,-0.26487,1.06929
3.08034,2.34459,1.16739,1.91295,1.67751,1.4715
1.97181,1.35378,-6.41574,-0.87309,0.7848,5.886
-0.79461,1.21644,0.71613,-0.02943,0.81423,3.93381
2.08953,0.4905,-0.86328,0.94176,2.26611,-3.59046
3.07053,-1.23606,0.67689,-1.23606,-2.19744,-0.45126
1.22625,-0.38259,3.00186,2.36421,-1.64808,-0.00981
4.00248,-0.64746,1.18701,0.42183,0.8829,-0.47088
2.58984,0.48069,4.50279,3.37464,0.23544,-3.8259
0.6867,0.5886,-0.69651,0.01962,1.23606,-1.51074
-0.76518,1.69713,-1.00062,0.44145,-0.74556,2.02086
0.15696,-0.4905,1.49112,2.37402,-2.79585,-3.01167
-1.29492,1.01043,-1.40283,0.99081,1.34397,-0.14715
1.09872,0.21582,-4.48317,0.0981,-0.66708,1.38321
-8.34831,-6.16068,-7.95591,-4.73823,-3.29616,-2.54079
2.17782,3.97305,1.82466,1.38321,1.58922,1.03005
-0.55917,0.67689,1.08891,-0.12753,-0.6867,0.99081
2.33478,-0.00981,1.54017,0.61803,-1.87371,0.69651
0.08829,0.66708,-1.09872,-1.05948,-1.22625,0.28449
0.13734,-1.98162,3.07053,1.26549,0.46107,-4.35564
0.65727,1.95219,-4.05153,0.62784,1.84428,-0.83385
-1.75599,-2.59965,-0.40221,2.20725,1.49112,-3.41388
-2.61927,0.95157,0.92214,0.38259,-0.04905,-0.91233
-3.52179,-6.19011,-4.17906,-1.70694,-1.62846,-3.95343
0.90252,1.18701,0.17658,-0.3924,-0.3924,5.01291
-2.32497,-1.94238,-1.962,1.10853,1.84428,-3.46293
-0.85347,-0.21582,3.42369,0.0,-0.82404,1.98162
0.06867,-2.19744,3.71799,0.0,0.56898,-2.62908
0.34335,0.00981,1.08891,-0.8829,0.34335,5.12082
0.61803,-1.57941,-1.74618,0.37278,1.04967,-0.51012
1.79523,1.35378,-2.05029,1.75599,0.70632,1.7658
0.16677,0.28449,-0.03924,-0.21582,-0.85347,-0.08829
-0.81423,1.94238,1.4715,1.11834,0.7848,3.90438
-1.89333,-0.93195,1.33416,0.54936,-0.91233,0.55917
-0.69651,-0.13734,0.12753,-0.28449,-0.51993,-2.26611
-2.02086,-2.34459,0.4905,1.82466,2.86452,2.18763
1.06929,0.0,1.74618,1.25568,-0.15696,2.09934
2.8449,1.0791,3.03129,1.15758,0.47088,-2.40345
0.7848,-0.44145,0.59841,0.14715,0.7848,-0.63765
0.73575,-2.62908,-2.37402,-1.26549,1.2753,3.60027
-4.30659,-8.6328,-4.94424,-4.34583,-2.85471,-1.90314
0.55917,0.03924,1.99143,0.93195,0.44145,3.3354
0.96138,1.87371,-1.48131,2.46231,-0.57879,1.32435
1.68732,1.06929,0.28449,2.43288,1.34397,1.3734
-0.87309,1.70694,-0.31392,0.981,0.73575,-0.95157
1.62846,0.08829,-0.981,1.60884,-0.08829,1.60884
0.48069,0.81423,0.04905,2.27592,-1.15758,-0.99081
1.06929,2.40345,4.09077,0.90252,0.2943,-3.16863
5.82714,-1.09872,1.87371,4.34583,-0.02943,0.50031
1.03986,1.31454,0.35316,-0.50031,0.05886,0.25506
1.57941,0.85347,-2.86452,-0.62784,-3.01167,-0.32373
0.91233,-0.50031,1.49112,-0.50031,4.07115,-0.99081
1.54998,0.87309,-0.61803,0.70632,1.11834,-2.39364
1.78542,2.98224,0.55917,1.75599,-0.7848,1.61865
1.98162,-2.16801,2.24649,-2.05029,2.3544,2.79585
-1.16739,0.47088,2.68794,0.81423,-0.61803,0.24525
-0.4905,1.20663,0.28449,-0.2943,-1.92276,1.30473
0.67689,-2.27592,-0.74556,-3.32559,0.36297,0.76518
-1.15758,-0.64746,-0.2943,1.21644,2.32497,-5.20911
0.59841,-2.08953,0.84366,1.42245,-2.13858,-0.94176
0.96138,1.77561,3.40407,1.61865,-1.1772,-3.68856
0.05886,1.20663,0.3924,-0.28449,-1.38321,0.00981
-7.71066,-2.0601,-8.22078,-5.84676,-2.24649,-5.45436
2.61927,4.35564,2.943,-1.68732,-0.05886,-2.59965
0.64746,-2.73699,0.3924,-0.86328,-0.54936,-0.87309
0.79461,3.21768,-0.63765,-2.90376,-2.10915,2.42307
2.92338,0.96138,0.99081,-0.93195,-0.95157,5.61132
0.77499,2.26611,1.42245,-0.12753,0.79461,-5.09139
1.54017,2.42307,0.53955,2.59965,1.48131,0.40221
-0.05886,-2.66832,-2.70756,2.00124,-0.10791,-2.31516
0.35316,0.36297,1.52055,0.0,0.06867,-2.90376
2.58984,3.59046,0.46107,1.10853,-0.53955,4.00248
1.01043,0.86328,-2.58003,-1.45188,-2.24649,0.4905
1.03986,1.38321,2.10915,1.05948,-2.26611,-2.10915
-0.42183,-2.67813,-1.41264,-1.34397,3.42369,-1.98162
1.04967,-1.38321,0.25506,1.93257,2.0601,-1.51074
3.95343,-0.53955,4.17906,2.36421,1.7658,-1.40283
1.13796,1.91295,-0.42183,-3.03129,-1.88352,-1.75599
-0.0981,-0.76518,0.38259,1.95219,1.35378,-2.58984
1.55979,1.81485,-0.17658,1.25568,-1.71675,2.10915
0.89271,-1.88352,-3.42369,-0.52974,-0.37278,2.32497
0.99081,1.62846,0.97119,-0.41202,-0.03924,2.05029
-7.41636,-2.0601,-4.13001,-5.25816,-3.98286,-5.03253
-0.54936,-0.07848,0.35316,1.34397,-0.34335,-5.08158
-0.13734,1.05948,-0.70632,3.17844,3.61989,-3.37464
-0.61803,0.53955,0.75537,0.08829,1.88352,-0.46107
-0.67689,-0.96138,0.87309,2.01105,4.40469,-0.12753
0.83385,-1.19682,-1.40283,1.15758,-0.81423,-2.17782
0.36297,-1.1772,-1.28511,-0.2943,2.47212,0.56898
-1.51074,1.51074,1.46169,2.31516,-1.63827,2.26611
-5.21892,-6.90624,-3.57084,-4.23792,1.05948,-0.96138
-7.29864,-1.29492,-4.85595,-4.14963,-0.48069,-1.19682
2.80566,5.30721,0.48069,2.83509,1.92276,0.4905
0.12753,1.08891,-1.97181,-2.2563,-2.34459,0.17658
1.49112,-0.51993,0.35316,-1.79523,1.74618,1.26549
-0.86328,0.18639,-1.19682,-1.13796,3.69837,0.04905
0.21582,-1.18701,0.07848,2.22687,-1.94238,-3.70818
2.39364,-2.61927,-0.66708,-2.27592,1.95219,5.33664
0.94176,1.5696,-1.80504,1.69713,0.10791,-0.02943
-2.19744,-2.89395,1.11834,0.93195,1.26549,-0.31392
2.87433,0.82404,-1.69713,0.23544,-1.09872,1.06929
2.39364,1.73637,-3.91419,-0.17658,-0.16677,3.90438
6.50403,2.19744,1.44207,1.23606,0.27468,6.60213
-1.59903,0.80442,-0.03924,-1.26549,1.05948,-2.04048
1.52055,-1.15758,1.87371,1.28511,2.1582,0.20601
-0.27468,-1.50093,-2.59965,0.26487,2.53098,1.20663
-0.60822,0.79461,-0.24525,0.03924,2.09934,-0.38259
2.57022,-0.54936,1.81485,0.33354,1.64808,0.36297
-6.23916,-7.29864,-2.36421,-2.63889,1.35378,-0.59841
2.34459,1.05948,-3.67875,0.13734,-2.20725,0.02943
-1.33416,-0.66708,1.45188,1.49112,0.51012,-2.16801
-0.83385,1.31454,1.63827,0.07848,-2.6487,0.97119
-0.80442,2.81547,-1.2753,0.32373,-0.65727,1.41264
-0.54936,-1.21644,-1.02024,1.30473,-1.34397,1.53036
1.21644,-1.09872,1.79523,1.38321,-0.73575,1.99143
0.5886,-0.31392,1.09872,1.13796,-3.48255,-0.56898
-1.2753,0.73575,-0.96138,3.58065,1.68732,0.21582
0.56898,-1.97181,0.02943,-3.35502,-0.34335,1.39302
1.03005,-1.52055,-1.29492,-0.59841,3.50217,0.67689
-0.70632,2.81547,1.08891,0.92214,-1.92276,-3.01167
0.66708,0.74556,-1.16739,-1.20663,-2.99205,-0.42183
1.64808,2.00124,3.97305,1.58922,-2.65851,-2.47212
2.06991,1.85409,-0.67689,0.46107,0.35316,3.1392
-0.91233,-3.57084,-1.70694,1.03005,1.74618,0.3924
-1.11834,0.34335,-2.32497,0.34335,1.39302,0.45126
3.35502,1.46169,0.89271,0.82404,1.19682,5.09139
-0.79461,0.34335,-2.41326,0.03924,0.95157,0.05886
1.5696,-0.56898,-1.36359,-2.75661,0.95157,1.61865
1.02024,0.62784,-0.31392,-3.48255,2.08953,-0.25506
-5.95467,-3.87495,-8.77995,-5.93505,-5.20911,-5.69961
0.8829,0.4905,1.73637,-0.3924,-1.21644,-2.44269
-0.35316,1.05948,0.67689,-0.11772,-1.67751,0.63765
2.39364,-0.91233,-0.05886,1.6677,0.25506,2.13858
-1.16739,-2.54079,-0.90252,1.68732,-0.64746,-3.98286
0.84366,-0.61803,-3.87495,1.57941,1.53036,4.79709
-1.65789,-0.08829,2.21706,-1.24587,-2.31516,2.86452
-0.20601,-2.59965,-1.69713,2.19744,1.05948,2.72718
3.74742,-0.61803,2.1582,2.14839,1.26549,5.84676
-2.4525,-0.46107,-0.12753,0.54936,-1.21644,-0.46107
3.57084,3.05091,0.96138,0.82404,1.41264,2.75661
0.52974,-0.00981,0.50031,1.88352,4.48317,-0.22563
-0.89271,-1.12815,0.23544,1.15758,-0.14715,1.25568
-9.73152,-5.77809,-6.92586,-3.47274,0.14715,0.85347
0.74556,-1.35378,-1.42245,2.95281,1.8639,-0.21582
-0.55917,-0.51012,-0.23544,-0.10791,1.38321,-1.58922
0.75537,1.40283,2.4525,2.05029,-1.90314,0.67689
-2.67813,2.39364,-1.36359,1.49112,1.01043,0.92214
-0.93195,-0.54936,0.83385,1.7658,-2.6487,-2.77623
-2.52117,2.0601,-1.64808,-0.43164,-0.26487,-2.88414
3.63951,2.75661,1.99143,0.25506,0.55917,6.12144
-1.28511,-2.62908,-0.56898,-1.64808,2.09934,-0.90252
-0.96138,-5.55246,-1.85409,0.44145,-0.61803,-1.14777
1.91295,-2.23668,0.40221,-1.58922,-0.56898,-1.90314
3.49236,-1.25568,2.82528,1.91295,0.30411,6.03315
0.2943,-0.79461,-1.52055,0.07848,1.40283,-3.31578
0.0,0.69651,0.50031,-2.51136,1.6677,-1.22625
2.46231,1.57941,0.05886,2.90376,-0.46107,2.46231
3.26673,-1.62846,1.52055,2.39364,0.67689,-2.89395
-0.22563,0.1962,-1.82466,0.99081,1.15758,-2.02086
-2.53098,-1.2753,0.81423,1.0791,-1.22625,-4.18887
-3.85533,-4.92462,-3.67875,-2.58984,0.04905,-3.61008
2.24649,5.37588,1.64808,1.48131,-0.11772,3.96324
1.24587,0.34335,-3.01167,0.38259,-2.1582,1.49112
-1.02024,1.45188,-0.08829,1.90314,0.77499,-0.13734
1.85409,2.32497,-0.75537,-2.16801,-1.75599,1.50093
-1.06929,-2.88414,-0.82404,2.49174,-0.92214,-1.40283
3.55122,0.3924,1.05948,1.51074,1.85409,2.23668
0.0981,2.02086,2.50155,0.16677,-0.8829,3.7278
1.63827,0.44145,-0.36297,-0.01962,-0.64746,-1.02024
0.65727,0.7848,0.31392,2.0601,-2.00124,0.77499
1.50093,-1.93257,-0.25506,2.6487,-0.66708,0.63765
2.53098,4.6107,0.67689,2.24649,2.53098,0.57879
0.99081,1.75599,-1.34397,-0.37278,1.72656,1.18701
0.16677,0.79461,-0.22563,0.45126,-1.11834,1.50093
0.03924,-0.59841,0.31392,2.5506,3.44331,-2.73699
-0.26487,-2.14839,2.21706,-0.2943,2.06991,2.24649
1.53036,-1.81485,-1.14777,-1.18701,0.85347,1.89333
-0.00981,-0.52974,0.85347,2.09934,1.62846,-1.41264
1.54998,-0.81423,1.44207,1.61865,1.57941,0.54936
0.32373,2.3544,-1.29492,0.06867,2.56041,-0.82404
-1.03005,-0.47088,-2.71737,-0.06867,-1.33416,0.89271
1.54017,-1.40283,-1.60884,-0.74556,0.10791,0.62784
0.80442,-2.19744,1.65789,1.59903,-2.06991,-0.16677
-8.99577,-5.77809,-7.89705,-4.52241,-1.50093,-1.19682
-0.22563,-0.41202,-0.79461,-0.47088,2.28573,-0.12753
3.64932,-1.04967,-1.25568,1.44207,-1.58922,3.05091
-1.78542,-5.48379,-1.10853,-0.05886,-1.64808,-1.90314
0.43164,2.23668,1.01043,0.69651,1.88352,3.37464
-2.4525,2.943,4.32621,2.19744,-0.70632,-2.09934
-0.21582,0.17658,-3.07053,-0.51012,3.36483,3.83571
4.27716,2.0601,2.1582,-0.17658,0.16677,-0.03924
-0.16677,0.06867,1.71675,-0.92214,-3.0411,1.72656
-1.32435,-1.60884,2.42307,2.51136,2.52117,-0.3924
1.03986,0.23544,1.79523,0.91233,-0.08829,1.91295
2.79585,3.45312,1.28511,-2.53098,0.77499,-1.84428
-1.03005,-0.89271,2.72718,0.46107,2.77623,2.2563
2.50155,4.64013,1.16739,3.924,2.34459,3.05091
-0.84366,3.64932,1.55979,-0.6867,1.53036,-0.40221
0.74556,-0.5886,1.29492,-0.90252,1.42245,-1.1772
-0.56898,0.79461,-1.74618,3.75723,1.42245,1.88352
-2.60946,-2.06991,3.32559,0.32373,1.59903,-1.7658
-0.61803,-2.37402,0.0981,0.21582,1.59903,-1.83447
-0.84366,2.88414,1.43226,1.11834,1.16739,3.49236
0.0,1.22625,-1.09872,-2.02086,0.24525,1.48131
-0.56898,-1.90314,0.67689,0.34335,0.32373,1.15758
0.55917,2.29554,3.24711,0.26487,-0.37278,0.48069
1.79523,0.40221,0.15696,-0.26487,-0.12753,1.80504
1.49112,-2.22687,-0.1962,-4.11039,-1.15758,2.80566
-0.06867,0.0981,-0.92214,-2.33478,-0.71613,1.46169
-1.0791,-2.0601,-1.23606,-1.01043,2.21706,-2.48193
1.2753,0.7848,-1.48131,-1.18701,-1.6677,0.24525
2.02086,3.03129,3.31578,0.6867,0.0,-1.99143
-0.59841,-1.1772,1.53036,2.0601,1.89333,-0.37278
0.79461,1.94238,-1.75599,-0.82404,-2.8449,2.80566
2.0601,3.39426,3.28635,-0.43164,1.97181,-1.16739
-2.85471,2.28573,-0.8829,0.40221,-2.98224,-1.962
-2.03067,-2.14839,-0.14715,-2.05029,0.34335,0.31392
1.64808,0.51993,-0.60822,0.8829,2.70756,-3.1392
0.76518,0.17658,-0.96138,-1.03986,-0.66708,1.74618
1.58922,-0.01962,-1.00062,-1.25568,1.71675,1.60884
-1.87371,-2.59965,1.38321,2.30535,1.64808,-2.78604
1.31454,0.18639,1.14777,-1.8639,0.54936,-0.1962
-8.91729,-3.18825,-9.35874,-6.87681,-6.94548,-7.52427
-1.29492,-1.12815,1.05948,0.70632,0.73575,-0.23544
2.03067,-0.26487,-0.66708,1.72656,-0.33354,4.10058
0.5886,0.16677,-4.27716,0.36297,-1.16739,1.43226
0.62784,0.65727,-2.59965,-2.02086,2.46231,4.44393
-1.31454,3.24711,2.38383,1.4715,-3.32559,-4.05153
0.53955,0.16677,2.12877,-0.07848,-0.67689,-2.69775
-1.18701,-0.90252,1.93257,0.86328,-2.79585,1.34397
-5.50341,-7.56351,-4.68918,-4.16925,-1.10853,-3.19806
3.75723,0.47088,4.55184,3.05091,1.60884,-2.17782
-0.02943,-0.97119,-0.90252,-0.3924,3.27654,1.28511
0.3924,-0.37278,-2.23668,0.51993,1.51074,1.03986
1.28511,0.13734,-2.11896,0.02943,-3.40407,3.81609
-1.7658,-0.50031,-0.01962,-0.12753,-2.03067,1.34397
-1.32435,1.16739,-2.19744,-1.09872,-2.44269,-0.53955
-6.39612,-4.71861,-7.48503,-6.10182,-3.66894,-5.75847
3.34521,1.7658,1.67751,0.28449,1.57941,5.99391
2.1582,0.28449,-1.25568,0.53955,-1.11834,0.00981
0.00981,1.31454,3.69837,0.13734,-0.28449,1.962
2.70756,1.99143,3.58065,1.45188,1.63827,-1.57941
-1.59903,1.89333,-1.88352,0.08829,-2.20725,-0.15696
-7.90686,-0.40221,-5.35626,-5.11101,-2.57022,-3.89457
0.89271,-0.07848,-0.35316,1.46169,-0.99081,-0.38259
0.06867,1.41264,-0.99081,0.64746,0.80442,2.68794
1.35378,1.78542,2.05029,2.6487,-0.80442,0.48069
0.06867,-0.48069,-0.59841,-0.55917,-1.06929,1.55979
-1.73637,-0.30411,1.80504,-1.55979,0.63765,-1.31454
-2.12877,-0.84366,1.1772,1.78542,-0.03924,0.07848
0.90252,1.41264,1.29492,0.44145,-1.5696,2.0601
0.84366,0.13734,0.84366,0.17658,-0.59841,-4.60089
-0.71613,0.86328,2.52117,-2.61927,-0.86328,-1.67751
-1.2753,-1.22625,1.03986,1.53036,3.93381,-2.09934
-0.96138,-0.72594,2.98224,1.85409,-1.18701,-3.21768
1.15758,-0.80442,1.48131,0.50031,0.00981,-0.86328
3.88476,2.36421,2.13858,1.05948,1.78542,6.92586
0.79461,3.50217,-0.96138,-1.36359,1.3734,-1.54017
-1.14777,3.22749,-1.81485,-0.82404,0.86328,0.20601
2.61927,0.46107,-0.20601,2.59965,0.83385,4.46355
0.28449,1.15758,3.57084,2.99205,0.55917,-1.79523
-0.8829,2.18763,0.59841,-2.16801,0.45126,1.70694
0.32373,2.51136,0.84366,-0.81423,0.53955,4.87557
-1.88352,-0.26487,0.10791,-0.95157,1.2753,1.74618
4.29678,0.52974,0.59841,-0.03924,1.4715,-0.13734
0.66708,0.03924,-0.35316,-0.63765,-1.15758,0.92214
0.27468,0.08829,0.82404,-1.26549,-0.46107,0.85347
-1.24587,-1.39302,-0.01962,0.36297,-0.1962,3.29616
-0.46107,0.53955,3.2373,-3.29616,-3.44331,-1.54998
3.52179,4.95405,0.981,2.98224,1.32435,0.92214
0.42183,1.55979,-0.7848,-0.60822,-0.40221,3.05091
0.03924,-1.09872,0.20601,-0.51993,-0.36297,2.46231
-0.50031,0.99081,2.28573,0.99081,0.63765,-0.26487
-1.42245,0.84366,1.3734,-1.90314,2.80566,1.23606
-3.45312,0.13734,-1.34397,1.03986,0.6867,1.35378
3.32559,2.10915,3.49236,0.40221,-0.84366,-0.80442
0.26487,-3.03129,-1.58922,-0.50031,1.57941,1.08891
5.37588,3.14901,2.27592,1.58922,0.22563,5.57208
0.20601,-2.23668,-0.64746,1.26549,-2.72718,-2.54079
1.97181,-1.15758,2.17782,-0.82404,0.28449,1.04967
0.08829,0.69651,-0.36297,-0.92214,-0.85347,0.27468
-5.1012,-6.09201,-3.97305,-0.96138,1.62846,-1.18701
-4.30659,-6.22935,-4.48317,-2.17782,-3.52179,-3.8259
-4.94424,-8.99577,-7.33788,-1.30473,-2.65851,-4.63032
-0.03924,1.58922,2.42307,0.10791,0.11772,-0.04905
1.89333,1.99143,0.84366,-1.74618,-0.13734,4.28697
0.0,-0.63765,0.06867,0.7848,-0.12753,0.22563
1.13796,0.77499,2.57022,0.02943,0.23544,-4.04172
-9.38817,-5.1993,-7.50465,-5.16006,-4.97367,-4.25754
-0.71613,0.44145,-0.48069,-0.15696,-0.43164,-0.51993
-1.09872,0.03924,0.53955,1.03986,0.48069,-1.13796
-1.24587,-0.34335,3.11958,-0.05886,-0.59841,-1.81485
-0.64746,1.87371,-1.59903,-1.02024,-1.81485,3.09015
1.7658,1.94238,0.99081,-1.54017,0.06867,5.51322
-1.36359,0.24525,1.24587,-1.54017,0.84366,-1.25568
-0.89271,0.07848,0.44145,-0.93195,-0.77499,0.2943
2.11896,-1.98162,-0.63765,-3.36483,1.8639,0.14715
1.2753,1.77561,1.53036,-0.36297,1.79523,0.66708
-0.81423,0.0,3.02148,-1.19682,-1.45188,-0.44145
-2.2563,2.11896,1.04967,0.91233,-0.34335,-0.76518
1.13796,1.26549,3.18825,-0.75537,0.31392,0.4905
-2.40345,-2.11896,-0.22563,-1.74618,-0.04905,0.38259
0.92214,0.60822,-1.79523,0.21582,0.79461,-2.61927
-1.39302,-1.48131,0.45126,-2.43288,0.12753,1.90314
1.52055,0.72594,0.15696,0.06867,1.6677,-1.63827
2.1582,2.3544,0.52974,0.17658,2.19744,5.14044
2.58003,0.62784,-0.01962,-0.27468,1.36359,2.23668
-0.8829,1.03005,1.38321,-0.54936,0.79461,-0.60822
1.20663,-3.84552,2.19744,-2.83509,0.13734,-0.07848
-1.91295,1.50093,0.01962,-0.60822,-0.24525,0.60822
1.83447,3.59046,5.01291,-0.45126,0.96138,-2.12877
2.49174,-1.31454,-0.93195,-2.89395,1.19682,3.1392
-2.61927,2.02086,-0.90252,-0.54936,-1.05948,-0.44145
0.02943,-1.10853,-1.08891,-0.74556,0.17658,-3.61008
2.49174,0.01962,0.24525,-0.26487,2.31516,-0.75537
1.21644,-1.67751,-1.00062,-0.27468,1.31454,-0.21582
-1.05948,-3.25692,-1.05948,2.00124,-1.93257,-1.10853
0.81423,0.48069,1.35378,3.30597,2.66832,0.04905
3.63951,6.07239,0.55917,3.44331,-0.2943,0.0981
0.79461,2.8449,2.13858,1.25568,-1.90314,-2.58984
-0.42183,-0.70632,-2.10915,-2.06991,1.94238,-1.0791
2.09934,0.59841,1.36359,1.09872,0.91233,-0.20601
3.44331,3.47274,0.66708,3.32559,2.44269,4.60089
-4.01229,0.53955,-4.10058,-4.22811,-0.66708,0.08829
0.79461,-0.32373,2.90376,-0.31392,2.01105,0.83385
2.13858,0.99081,0.63765,1.02024,0.60822,0.30411
0.2943,2.93319,0.84366,3.27654,1.83447,0.27468
3.68856,4.32621,0.66708,2.23668,0.37278,1.65789
0.30411,2.98224,-0.44145,-0.31392,0.32373,0.59841
-0.24525,-1.42245,-0.47088,-0.42183,2.88414,1.78542
-0.92214,1.29492,2.39364,-1.15758,-0.40221,0.06867
2.51136,-1.83447,-1.39302,0.74556,-0.51993,3.18825
-0.3924,0.51012,1.32435,1.21644,0.95157,1.3734
2.80566,0.15696,2.19744,-0.5886,2.89395,1.6677
-0.44145,1.31454,0.1962,1.22625,1.21644,3.21768
0.51993,0.64746,0.21582,0.51993,-2.02086,2.48193
-2.29554,-0.0981,2.36421,1.34397,-0.21582,-0.03924
0.37278,-1.44207,-0.40221,-0.0981,-0.10791,0.65727
3.63951,2.62908,1.92276,3.45312,1.57941,7.18092
1.38321,0.42183,0.6867,-0.07848,-0.07848,3.91419
-2.71737,-1.38321,3.25692,-0.84366,0.67689,2.10915
4.32621,2.46231,3.4335,4.905,-2.09934,-1.03005
-1.38321,-0.40221,1.83447,-0.81423,0.69651,0.981
-0.7848,0.31392,1.39302,0.32373,-1.11834,-0.84366
1.19682,0.73575,-0.03924,-0.03924,-0.54936,-0.26487
1.95219,0.73575,-2.33478,-1.36359,0.86328,1.25568
4.05153,0.92214,-0.65727,2.65851,-0.14715,4.32621
1.98162,1.38321,2.70756,0.53955,0.05886,1.48131
-0.26487,-0.90252,1.6677,1.44207,1.79523,0.31392
2.87433,0.981,-0.10791,1.3734,-0.1962,1.3734
6.50403,1.88352,0.41202,2.37402,0.60822,6.03315
0.6867,-0.84366,-0.25506,0.56898,-0.03924,-1.24587
3.50217,1.63827,3.52179,-0.95157,1.78542,0.33354
0.73575,3.67875,-0.83385,-0.89271,1.06929,1.33416
0.90252,1.7658,1.5696,0.55917,1.80504,5.80752
0.05886,-2.48193,0.50031,-1.23606,-0.61803,-2.02086
4.43412,1.88352,2.11896,-0.31392,1.50093,0.28449
1.16739,2.67813,0.0981,0.11772,-1.38321,4.42431
-0.01962,-1.63827,-1.74618,0.62784,0.23544,-2.05029
0.42183,-0.44145,0.71613,0.76518,-0.23544,0.60822
-0.34335,2.98224,0.65727,1.4715,0.00981,-2.0601
0.04905,2.61927,0.41202,2.46231,1.97181,-0.41202
2.47212,-1.44207,1.30473,-1.70694,0.47088,-3.69837
-1.32435,1.69713,-3.05091,1.63827,-1.5696,1.59903
0.56898,2.85471,-0.36297,2.2563,0.74556,3.28635
0.8829,0.79461,-1.46169,-2.1582,1.98162,3.36483
-0.14715,-0.12753,0.01962,1.53036,-0.08829,-2.68794
1.48131,-1.32435,0.79461,1.55979,0.63765,-2.58984
-0.72594,1.92276,1.03986,2.61927,0.03924,-1.4715
1.53036,0.59841,2.70756,0.85347,-0.51012,2.38383
0.60822,3.07053,1.77561,0.981,1.08891,1.80504
0.96138,-0.1962,-0.40221,1.83447,1.31454,-3.63951
1.09872,-0.21582,-1.67751,-2.0601,1.22625,1.39302
-0.60822,-0.93195,-0.13734,-2.58984,0.30411,0.02943
3.8259,0.25506,1.83447,2.46231,1.10853,5.17968
-0.05886,1.53036,0.90252,-0.6867,1.23606,3.20787
1.36359,-1.65789,-0.7848,1.03005,0.84366,-1.92276
-2.88414,0.6867,-2.09934,-1.3734,0.51012,-2.81547
-1.57941,0.55917,-1.22625,-0.70632,1.57941,1.77561
-3.18825,-0.67689,-0.04905,-0.52974,-1.25568,-1.57941
2.0601,1.72656,-4.10058,-0.75537,-2.4525,-1.35378
-0.06867,0.66708,-0.47088,-0.37278,-0.44145,1.31454
-5.97429,1.52055,-1.91295,-2.90376,-1.87371,-3.39426
-1.31454,-2.56041,0.80442,2.03067,0.34335,-1.28511
0.71613,-3.71799,1.49112,-3.58065,-0.33354,-1.11834
0.16677,1.41264,-0.01962,1.90314,0.99081,1.52055
0.981,-1.18701,-1.12815,2.44269,1.19682,-1.34397
2.80566,-0.25506,1.63827,0.27468,2.30535,-1.23606
-1.23606,1.52055,1.11834,-0.72594,-0.72594,-2.60946
-1.03986,-1.83447,-1.2753,0.02943,-1.08891,0.34335
1.83447,-2.18763,-0.75537,-1.10853,0.6867,0.56898
-1.13796,0.50031,0.17658,-1.15758,0.04905,-1.04967
-1.03986,1.34397,-0.8829,-2.40345,-2.96262,-1.11834
0.57879,-1.15758,-2.39364,2.03067,-1.67751,3.31578
2.53098,-0.33354,-0.5886,-0.47088,2.39364,-0.3924
1.51074,1.64808,-0.00981,2.12877,1.13796,1.60884
0.24525,-0.43164,0.73575,0.03924,4.93443,3.80628
1.77561,0.28449,-0.56898,0.0981,0.52974,0.36297
2.4525,3.18825,4.50279,3.74742,2.52117,-4.63032
2.58003,-0.45126,0.75537,-0.3924,-3.0411,-0.73575
-0.22563,-0.36297,0.51993,0.84366,3.83571,-3.29616
1.1772,-1.36359,1.59903,0.31392,0.14715,0.42183
-0.89271,-2.20725,-2.3544,-0.01962,-0.00981,-2.57022
-0.24525,3.08034,-0.54936,0.61803,2.32497,0.75537
1.92276,-1.0791,-1.41264,0.35316,0.16677,1.95219
0.56898,-0.4905,2.44269,-0.24525,2.30535,1.85409
2.18763,0.16677,-1.25568,0.67689,-0.21582,0.26487
-0.71613,-1.67751,-0.24525,-0.13734,2.67813,-2.57022
3.18825,0.56898,-2.59965,1.14777,-0.0981,-1.18701
-1.10853,0.53955,2.12877,-2.69775,-2.29554,-1.91295
1.02024,0.36297,-0.12753,2.77623,4.40469,1.20663
1.31454,-1.03005,0.28449,-0.44145,-0.72594,0.69651
2.08953,-0.3924,1.44207,0.28449,0.77499,1.88352
-1.42245,-1.61865,3.02148,1.84428,-1.64808,4.0221
2.41326,2.0601,1.44207,1.70694,1.73637,0.96138
-0.48069,-2.50155,0.04905,1.92276,-1.69713,-2.76642
0.89271,1.69713,-6.20973,-1.1772,-0.46107,-4.04172
0.37278,0.84366,1.65789,0.75537,2.12877,-6.69042
-3.01167,0.33354,-0.52974,-0.74556,-1.05948,-3.20787
1.11834,-0.08829,1.30473,1.73637,-2.58984,1.00062
-0.83385,-1.33416,0.11772,1.31454,1.92276,-0.48069
2.22687,-0.17658,-2.11896,0.6867,1.4715,-0.56898
-1.6677,0.48069,0.67689,-1.57941,1.36359,-2.21706
2.52117,3.77685,0.80442,0.65727,-0.48069,4.7088
1.26549,1.57941,1.03005,2.44269,3.0411,1.50093
2.85471,1.55979,0.37278,1.74618,-0.05886,4.60089
-0.5886,0.85347,-2.16801,-1.01043,3.29616,-0.17658
1.77561,0.76518,-3.80628,-0.05886,1.38321,-4.19868
0.38259,0.24525,1.41264,-0.42183,-1.1772,5.67999
2.5506,1.54017,1.30473,0.92214,-1.41264,3.40407
-0.70632,0.03924,0.54936,2.12877,-1.8639,-3.41388
-1.18701,0.04905,-2.27592,0.36297,-2.38383,-0.74556
-1.30473,-0.67689,-1.46169,-1.42245,0.03924,-0.23544
1.05948,-0.70632,-1.18701,2.7468,-0.15696,2.17782
1.32435,-3.97305,1.25568,-3.93381,0.13734,-0.86328
-0.52974,-0.46107,1.01043,0.8829,1.85409,-3.0411
-0.81423,-1.34397,1.87371,0.45126,1.7658,0.69651
-0.15696,-0.30411,-0.55917,0.85347,0.55917,0.95157
2.44269,-2.95281,-0.25506,1.48131,2.26611,2.03067
-1.34397,-0.1962,-0.55917,3.05091,-1.38321,-0.80442
3.36483,-1.33416,0.59841,-2.14839,1.6677,2.28573
2.34459,0.71613,-2.92338,1.69713,0.45126,2.82528
0.48069,2.62908,0.46107,1.09872,-2.10915,-2.04048
0.8829,0.97119,2.52117,0.06867,-0.23544,3.27654
2.10915,-0.3924,0.47088,0.11772,1.19682,3.3354
1.65789,-0.25506,0.73575,1.25568,3.64932,1.91295
0.79461,3.45312,-0.35316,0.48069,-0.03924,-0.5886
2.22687,-0.13734,-0.13734,0.02943,2.12877,-1.53036
1.13796,-0.85347,0.8829,-0.24525,0.21582,0.34335
1.57941,0.01962,-2.02086,-0.69651,1.03005,2.26611
-1.5696,0.26487,3.10977,-0.2943,0.22563,-2.08953
0.37278,-0.12753,1.18701,1.54017,-0.15696,2.53098
1.0791,0.0981,-0.93195,-0.14715,4.00248,-0.72594
-0.0981,-0.70632,-0.2943,0.48069,0.07848,0.50031
-9.1233,-5.85657,-6.06258,-2.72718,-1.95219,0.18639
-1.01043,-1.31454,4.65975,0.95157,1.53036,1.11834
1.64808,-0.75537,-0.57879,1.32435,-2.19744,2.06991
-0.64746,-0.06867,1.05948,0.22563,0.90252,2.40345
2.99205,0.14715,4.27716,1.72656,1.58922,-2.56041
-2.99205,1.19682,-0.15696,-0.48069,-0.72594,-1.09872
0.25506,-1.03005,-0.31392,-0.15696,-0.35316,1.12815
1.26549,-0.11772,-1.80504,0.56898,-1.03005,1.60884
-0.40221,0.76518,1.59903,0.0981,-1.30473,1.7658
0.64746,-0.06867,1.54998,-2.65851,-3.34521,-1.68732
-2.22687,1.19682,-2.02086,-1.28511,-3.07053,-4.64013
0.83385,1.92276,0.94176,0.10791,-1.46169,0.92214
-2.57022,-0.75537,-1.45188,-1.84428,0.18639,-0.65727
-0.77499,-0.12753,3.21768,0.56898,2.02086,0.35316
1.82466,0.44145,-0.50031,-0.42183,0.48069,1.59903
0.24525,0.77499,1.72656,-1.69713,-2.56041,-0.87309
0.04905,0.36297,-1.04967,-2.76642,0.0,-0.38259
0.31392,2.69775,1.29492,1.54998,-0.45126,-0.13734
0.11772,1.25568,-1.11834,-1.44207,-3.17844,1.10853
1.79523,3.19806,1.99143,-0.17658,-0.05886,-2.7468
-0.81423,0.45126,-0.43164,-1.77561,-1.46169,0.5886
-0.31392,1.1772,2.28573,-0.72594,-0.75537,-5.44455
-0.34335,0.0,1.1772,0.61803,4.64013,-4.74804
1.0791,-1.82466,-1.84428,1.32435,4.32621,0.46107
0.31392,2.49174,0.08829,1.40283,-1.01043,-3.09996
-1.65789,-1.55979,0.79461,2.33478,-1.24587,-0.08829
1.23606,-0.63765,-0.87309,-0.91233,-0.32373,-5.43474
1.03005,1.53036,-0.44145,2.36421,1.0791,0.97119
0.15696,-1.00062,0.0981,1.03986,1.32435,0.10791
3.07053,0.50031,1.18701,0.03924,0.50031,3.36483
-5.38569,0.87309,-2.63889,-3.90438,-5.5917,-5.77809
1.63827,-1.3734,0.13734,-3.14901,1.51074,-0.67689
0.56898,0.45126,-1.70694,1.75599,-2.71737,0.37278
-0.71613,-2.07972,0.30411,2.05029,1.00062,0.04905
0.52974,-0.26487,2.38383,0.46107,-0.80442,0.0981
-3.31578,1.48131,-3.03129,0.63765,-1.38321,-0.1962
1.06929,0.86328,1.21644,-1.0791,-0.42183,1.58922
-0.67689,2.7468,-0.21582,-0.65727,-2.19744,3.02148
-0.27468,0.70632,-0.51993,0.30411,-1.97181,-1.46169
-5.48379,-7.41636,-5.46417,-3.8259,-1.95219,-1.70694
-1.15758,-1.82466,-0.25506,2.53098,3.69837,-2.89395
-0.53955,0.57879,-1.7658,0.08829,-1.38321,2.97243
-1.42245,0.86328,2.30535,0.61803,-2.48193,0.23544
0.72594,-2.44269,-0.27468,-4.26735,0.65727,-1.88352
-0.59841,1.52055,-1.21644,-2.28573,-0.07848,1.55979
1.44207,3.63951,2.02086,2.63889,2.10915,2.11896
2.68794,1.52055,0.96138,0.48069,-0.34335,-1.75599
2.70756,2.54079,0.74556,-0.26487,1.46169,0.32373
1.53036,1.12815,-1.16739,1.06929,-1.65789,3.63951
3.09015,0.2943,-1.34397,2.50155,1.2753,0.84366
-0.53955,1.4715,-2.11896,3.25692,2.10915,0.01962
-6.09201,0.67689,-2.86452,-3.59046,-4.47336,-5.11101
-0.35316,-2.26611,-1.55979,-1.57941,1.35378,2.14839
-1.36359,-0.54936,0.94176,-0.13734,0.84366,-0.35316
1.95219,1.03005,2.68794,0.86328,1.0791,-0.07848
0.15696,1.78542,2.19744,-1.42245,0.12753,2.59965
0.52974,0.24525,2.77623,0.86328,1.59903,-0.70632
-0.38259,0.1962,0.0,-0.35316,1.13796,-2.10915
-0.04905,1.55979,0.91233,-0.20601,-2.85471,-3.17844
-1.8639,-1.79523,-1.16739,-0.52974,4.16925,-0.06867
0.63765,1.62846,1.77561,0.53955,1.6677,-7.44579
-0.54936,0.24525,3.68856,-1.44207,-0.7848,-0.17658
-1.13796,0.04905,0.0981,1.94238,-1.84428,-1.55979
0.60822,-0.91233,-0.66708,1.71675,-1.22625,-0.33354
-0.91233,-2.19744,3.03129,-0.60822,2.10915,2.40345
0.72594,0.94176,0.04905,-0.44145,0.7848,-1.08891
-0.82404,2.31516,0.8829,1.41264,0.84366,-0.54936
-1.15758,0.77499,-0.30411,0.50031,0.47088,-0.74556
1.18701,0.23544,2.76642,2.28573,0.24525,-1.57941
-1.79523,-0.42183,-0.13734,0.99081,1.32435,1.03005
2.41326,1.54998,-3.4335,-0.04905,-0.33354,1.90314
3.17844,0.10791,0.54936,2.44269,-1.15758,0.82404
3.7278,2.17782,-0.73575,3.0411,-0.00981,3.78666
2.16801,1.03005,-1.28511,1.13796,1.69713,-4.18887
-2.59965,2.52117,-1.16739,-0.81423,-1.35378,-1.54017
-0.30411,-0.81423,0.27468,1.18701,-1.03005,-0.01962
2.66832,-1.58922,-0.76518,1.28511,-1.54017,3.51198
1.09872,-0.36297,0.81423,-1.0791,1.15758,0.22563
-7.1613,-1.54998,-6.3765,-5.61132,-1.39302,-4.00248
0.52974,4.65975,-0.61803,1.05948,1.19682,0.18639
0.46107,0.8829,-2.943,-1.99143,-2.08953,1.88352
-1.75599,2.58984,-2.37402,1.52055,-0.03924,0.91233
-1.29492,-2.76642,-2.1582,0.1962,3.46293,2.03067
2.61927,2.43288,3.26673,1.19682,2.10915,-1.62846
1.87371,-1.49112,-0.13734,-0.77499,0.8829,2.52117
2.86452,1.71675,1.19682,1.06929,-2.05029,1.01043
-8.3385,-3.55122,-6.48441,-5.35626,-2.07972,-3.63951
-2.75661,-0.46107,-0.72594,1.03005,-1.40283,-3.7278
1.95219,0.16677,2.34459,0.52974,0.03924,2.10915
-0.66708,1.14777,2.88414,-0.84366,-1.74618,1.10853
1.39302,0.89271,-1.24587,-1.43226,-0.99081,1.1772
-0.08829,-2.88414,-2.13858,-1.6677,-0.87309,-0.63765
1.61865,1.06929,-3.2373,0.32373,1.49112,-4.98348
-1.20663,0.57879,-3.26673,0.06867,1.55979,0.24525
0.60822,0.76518,1.10853,-0.31392,2.20725,0.74556
0.87309,1.03986,3.88476,3.0411,-0.3924,-2.79585
1.03986,-0.51012,0.04905,-0.2943,5.3955,0.69651
1.53036,0.43164,-0.89271,0.96138,0.2943,1.38321
-0.0981,1.35378,0.46107,1.74618,0.59841,0.71613
0.5886,-1.04967,0.46107,-1.55979,-0.47088,-0.74556
-3.34521,1.61865,-2.28573,-4.38507,-2.10915,-1.38321
-0.53955,-2.20725,-0.8829,1.52055,2.48193,-1.40283
-0.11772,1.68732,0.95157,-3.00186,1.02024,-0.64746
2.05029,2.23668,0.77499,0.50031,-1.88352,5.2974
3.4335,1.01043,1.16739,1.11834,-0.81423,2.36421
1.39302,2.05029,-3.08034,0.71613,0.73575,-0.64746
2.40345,-1.15758,1.01043,-1.85409,-1.18701,-2.69775
-4.57146,-0.26487,-5.11101,-3.61989,-0.22563,-0.02943
-2.78604,-4.96386,-3.60027,-1.72656,-3.18825,-5.35626
-2.82528,-0.33354,-0.08829,0.94176,0.59841,-0.93195
-1.49112,2.3544,1.14777,1.82466,-1.04967,-1.82466
2.36421,3.61008,1.14777,2.56041,3.14901,3.37464
0.63765,1.23606,2.87433,0.31392,0.06867,-4.53222
0.26487,-0.81423,-4.5126,0.36297,-0.89271,0.13734
3.10977,3.01167,-1.08891,0.38259,1.44207,-0.47088
0.59841,-1.04967,2.71737,-2.72718,-0.63765,-1.82466
2.63889,0.00981,3.17844,0.56898,1.35378,-0.51012
0.80442,-2.46231,-1.41264,-1.18701,1.20663,-2.79585
1.40283,-1.05948,0.3924,-0.35316,-0.15696,-0.20601
-0.76518,1.13796,0.60822,-1.04967,-0.03924,-1.38321
0.08829,1.38321,0.7848,-0.70632,-2.08953,-3.80628
-5.26797,-8.38755,-6.51384,-1.23606,-1.11834,-3.93381
0.89271,0.38259,0.84366,2.71737,-0.64746,-1.63827
1.09872,-1.91295,0.75537,1.21644,-1.04967,-0.67689
0.73575,-0.42183,-0.59841,-3.42369,2.11896,2.5506
0.38259,1.80504,1.58922,-0.28449,1.02024,3.73761
-1.15758,-0.64746,0.18639,1.0791,1.70694,-1.50093
-0.03924,0.4905,-0.08829,0.14715,-0.45126,1.08891
-0.57879,0.0,-0.94176,0.72594,1.28511,0.45126
1.67751,0.32373,-0.51993,-0.22563,1.01043,-2.98224
1.24587,-0.27468,-0.55917,0.35316,-1.23606,0.69651
-0.74556,-1.43226,0.86328,-0.55917,-1.26549,-1.44207
1.80504,-1.8639,-3.09996,-0.42183,0.38259,1.78542
0.8829,-0.12753,1.38321,-1.59903,-1.02024,5.25816
1.62846,-3.12939,-0.35316,-1.19682,0.22563,1.54998
0.7848,0.32373,0.05886,-0.01962,2.73699,0.45126
-1.93257,-1.7658,3.50217,-0.17658,2.98224,-0.8829
-2.44269,-0.96138,1.82466,0.35316,-1.28511,-1.3734
2.62908,-0.96138,-2.49174,1.22625,0.84366,-1.84428
-0.57879,-0.92214,-0.24525,0.51012,-0.38259,-2.99205
-0.08829,2.30535,0.90252,1.67751,0.981,-6.82776
-2.80566,-1.13796,2.943,0.59841,1.16739,-3.64932
2.99205,4.04172,-1.72656,-1.14777,-1.62846,4.99329
2.59965,0.99081,-6.14106,-0.22563,-0.46107,6.79833
-0.17658,1.32435,0.81423,-2.32497,2.85471,0.95157
-0.7848,-0.20601,1.08891,-0.92214,-0.70632,-2.17782
-2.58003,-0.10791,0.59841,-0.57879,0.13734,-3.35502
2.03067,-2.20725,2.52117,-1.08891,0.12753,0.42183
1.19682,2.26611,-1.44207,-1.53036,-1.67751,-0.63765
-0.94176,-0.87309,0.53955,-0.1962,-0.63765,0.3924
0.08829,1.36359,-2.1582,-2.04048,-1.01043,2.61927
1.48131,0.75537,1.23606,1.4715,-1.35378,-1.32435
-2.04048,-0.55917,3.11958,-0.35316,0.36297,-3.18825
1.85409,3.8259,2.58984,-0.28449,1.31454,-1.69713
-3.44331,1.41264,-1.03005,-4.25754,-3.88476,0.64746
-0.37278,0.34335,0.80442,0.02943,-1.71675,-0.41202
0.06867,1.39302,2.12877,-1.21644,1.04967,2.01105
2.07972,-2.86452,-0.59841,-1.11834,1.57941,-1.42245
-0.81423,-0.07848,1.46169,-2.1582,0.12753,-4.66956
0.0981,0.24525,-1.41264,0.37278,0.42183,-2.8449
-0.57879,-2.0601,-0.24525,1.90314,2.69775,-1.62846
-1.6677,-3.71799,1.55979,1.75599,1.77561,-3.55122
0.37278,-0.43164,1.04967,-0.47088,0.69651,4.26735
1.21644,1.59903,-1.42245,-1.84428,-0.50031,-0.40221
4.16925,2.69775,1.92276,3.96324,2.34459,7.6518
1.0791,2.13858,3.41388,2.27592,1.38321,1.54998
-0.64746,0.54936,-1.19682,-1.12815,-0.69651,0.48069
-0.76518,-0.26487,-2.77623,-0.67689,0.41202,-0.77499
1.77561,3.15882,4.59108,3.47274,1.02024,-4.44393
-1.54017,0.67689,1.5696,-0.23544,-2.50155,-0.01962
-6.98472,-4.73823,-8.49546,-4.85595,-5.13063,-3.6297
0.92214,0.8829,-0.12753,0.37278,0.37278,1.24587
0.96138,-2.81547,-1.04967,-3.97305,0.73575,-0.23544
-2.82528,-1.88352,-0.57879,-2.29554,-0.70632,0.0981
-0.00981,-0.82404,0.981,-0.14715,-0.08829,1.26549
-4.92462,-2.51136,-2.38383,-3.59046,-1.09872,0.90252
1.42245,1.31454,0.61803,-0.81423,2.18763,2.86452
0.32373,-0.31392,-0.56898,0.73575,-0.01962,0.3924
1.72656,-0.40221,1.962,0.81423,0.53955,0.13734
-0.61803,3.51198,-1.60884,-0.92214,1.31454,-1.91295
0.17658,2.13858,2.23668,1.59903,-1.0791,-1.74618
1.52055,-0.83385,0.65727,-0.24525,2.23668,-0.51012
2.82528,-2.03067,-1.46169,0.43164,0.76518,1.46169
0.76518,-3.02148,-2.68794,1.1772,1.40283,2.20725
-2.31516,1.74618,-2.88414,-1.4715,-4.6107,-6.31764
-1.02024,-0.57879,2.00124,2.7468,0.5886,-2.58984
-1.19682,0.36297,-2.33478,2.19744,2.95281,0.97119
-0.8829,0.59841,2.90376,-0.10791,-0.65727,0.36297
1.42245,0.56898,-3.83571,-0.05886,0.77499,3.06072
1.3734,0.97119,3.31578,2.5506,-0.36297,-0.82404
-1.3734,-2.50155,1.80504,2.02086,1.69713,-1.80504
2.3544,2.05029,4.07115,1.15758,-0.981,-1.77561
0.07848,1.62846,0.62784,-0.37278,-1.51074,2.80566
1.0791,-0.63765,-1.05948,-0.99081,1.30473,-1.6677
3.63951,-0.28449,0.44145,-0.80442,1.08891,2.44269
3.49236,1.88352,1.85409,0.5886,-0.15696,3.94362
0.52974,0.63765,1.12815,1.7658,-0.99081,-4.30659
0.35316,-1.55979,-0.42183,-3.17844,-1.06929,0.10791
1.23606,0.81423,0.77499,-1.10853,-3.36483,-2.47212
0.30411,-0.93195,0.87309,2.71737,-0.13734,0.27468
0.95157,1.06929,-2.51136,0.27468,3.20787,-0.50031
0.01962,0.84366,0.93195,-0.10791,-0.34335,-0.70632
-4.28697,-6.19011,-5.31702,-2.29554,-3.02148,-4.88538
-0.89271,-1.90314,1.21644,1.88352,2.81547,-1.05948
0.86328,-1.10853,-1.71675,-1.19682,0.71613,0.8829
-1.21644,0.17658,2.50155,0.92214,0.41202,0.63765
3.85533,3.70818,-1.40283,-1.58922,-1.74618,2.97243
-0.64746,-1.12815,1.52055,-2.17782,0.3924,-3.52179
-0.24525,1.73637,0.67689,-2.28573,0.73575,-1.83447
-3.16863,-1.23606,-0.72594,1.63827,0.05886,0.96138
0.59841,0.11772,-2.6487,-1.41264,1.15758,3.2373
0.40221,3.28635,0.63765,-1.99143,-2.36421,3.03129
-0.52974,3.18825,-0.12753,-0.36297,-2.79585,0.92214
-1.54998,2.37402,3.06072,1.45188,-2.32497,-3.58065
-0.96138,-1.15758,0.31392,1.82466,3.28635,1.5696
0.33354,0.48069,-2.02086,-2.3544,-1.25568,2.16801
-1.01043,2.69775,-1.19682,-0.2943,-2.2563,-5.0031
5.70942,-1.16739,3.1392,4.43412,-0.79461,1.46169
-0.8829,-0.35316,-1.33416,-1.43226,2.62908,-0.4905
-0.13734,-1.42245,2.47212,-0.36297,-0.87309,-0.67689
0.38259,-0.69651,2.72718,0.81423,0.56898,-3.47274
-0.81423,-0.00981,2.39364,-0.97119,-0.03924,1.94238
-0.92214,2.51136,0.51993,1.60884,0.71613,-0.81423
1.49112,3.10977,-1.25568,-0.90252,-2.23668,-1.55979
-0.12753,-0.91233,0.96138,1.49112,1.38321,-1.87371
0.81423,-0.74556,2.58003,-3.4335,-1.00062,0.46107
-3.67875,1.28511,-3.60027,-3.59046,-1.30473,-1.28511
1.45188,0.15696,0.11772,0.13734,-0.67689,-1.03005
0.21582,-0.36297,-1.83447,-0.60822,-1.83447,-2.17782
-1.26549,0.73575,2.81547,0.08829,-0.74556,-0.20601
0.53955,-1.59903,-2.58984,-1.04967,-0.8829,1.18701
1.3734,1.01043,-2.17782,0.10791,-1.41264,-1.51074
1.08891,1.55979,0.81423,0.28449,-1.42245,0.61803
0.81423,-1.16739,1.23606,2.99205,-0.53955,0.64746
2.60946,3.14901,4.11039,1.40283,1.73637,-1.74618
0.76518,-0.17658,1.1772,1.84428,-3.83571,0.03924
-0.18639,1.3734,0.70632,-1.20663,-2.19744,1.22625
-0.36297,-0.22563,1.14777,1.06929,1.33416,0.33354
-0.66708,-0.00981,0.95157,-0.8829,0.06867,1.59903
1.32435,1.8639,0.50031,-1.51074,0.63765,1.7658
-0.0981,-0.06867,1.23606,-0.44145,-0.93195,-2.10915
0.73575,0.54936,-2.73699,-1.84428,-1.98162,1.18701
-0.38259,0.22563,3.32559,2.52117,0.48069,-3.32559
1.61865,-0.89271,-1.39302,-3.36483,2.70756,3.51198
1.32435,2.72718,0.12753,-0.35316,-2.52117,-1.64808
-1.68732,1.3734,-0.03924,1.57941,3.20787,-1.82466
0.13734,-0.63765,5.50341,-0.20601,0.12753,-1.84428
1.21644,0.08829,-0.96138,-1.01043,2.78604,1.33416
-1.48131,-0.91233,1.75599,1.55979,0.86328,0.56898
-0.36297,-0.31392,-2.04048,-0.30411,-0.99081,-0.10791
-2.68794,-0.22563,-0.1962,2.1582,-0.3924,0.2943
3.7278,-1.95219,2.26611,4.04172,-0.23544,0.73575
0.15696,-0.94176,-0.83385,0.65727,1.00062,-0.77499
-0.4905,2.78604,0.71613,0.06867,1.04967,-2.23668
0.981,2.05029,2.46231,0.26487,-3.60027,-3.68856
0.79461,-1.15758,0.17658,1.22625,-0.22563,-2.90376
1.45188,2.5506,-0.11772,1.49112,0.07848,2.60946
0.4905,-0.26487,-2.5506,-3.71799,1.72656,-0.77499
-0.67689,0.14715,-2.0601,0.17658,2.51136,0.31392
-0.26487,0.13734,1.85409,-1.75599,2.28573,-1.55979
1.32435,0.52974,1.69713,-2.39364,0.46107,2.36421
-0.93195,0.79461,0.55917,0.7848,-1.20663,-0.33354
0.45126,-1.12815,4.38507,0.48069,-2.23668,-2.19744
-0.75537,0.53955,2.56041,-1.13796,0.83385,-1.67751
2.21706,-0.50031,0.16677,-0.7848,0.92214,2.58003
-4.11039,-4.74804,-3.46293,-0.81423,0.24525,-1.06929
0.33354,-0.96138,1.962,0.04905,0.17658,0.981
-1.55979,1.68732,2.21706,0.43164,-0.37278,0.3924
4.88538,3.17844,2.01105,1.78542,0.0981,5.81733
1.80504,0.28449,-0.82404,0.92214,0.04905,2.69775
0.21582,2.50155,0.44145,-0.21582,0.47088,-4.33602
0.61803,1.40283,-6.63156,-0.43164,0.92214,4.47336
0.53955,-0.21582,-0.70632,1.28511,0.70632,-0.12753
6.70023,0.82404,0.92214,2.27592,-0.73575,5.50341
-0.13734,-2.42307,0.24525,1.23606,-0.32373,-6.4746
-2.07972,2.18763,-2.70756,-2.28573,0.55917,-1.02024
0.981,-1.95219,0.10791,0.91233,-0.31392,-0.82404
-0.59841,-1.71675,-2.70756,0.59841,1.55979,-2.57022
3.66894,-0.70632,-1.01043,1.41264,-2.98224,2.77623
2.98224,-2.69775,-0.7848,-1.2753,0.79461,1.60884
-0.44145,0.63765,1.97181,-2.12877,-0.81423,4.14963
-0.79461,-0.2943,1.28511,2.98224,2.52117,1.64808
-9.32931,-5.97429,-5.16987,-2.75661,-0.71613,1.44207
3.08034,1.79523,0.37278,0.65727,-0.85347,5.73885
0.92214,-0.17658,-1.75599,0.46107,1.26549,-0.45126
-1.12815,0.44145,-0.35316,-1.34397,0.48069,2.23668
1.98162,0.18639,1.5696,-0.40221,2.24649,2.1582
-0.14715,-1.21644,0.42183,-1.03986,-1.43226,-0.46107
-0.2943,-0.72594,-0.37278,0.02943,-1.06929,-0.54936
0.38259,0.95157,2.12877,-0.84366,-1.43226,-5.42493
0.10791,-0.59841,0.64746,1.89333,0.74556,1.77561
4.01229,2.32497,1.68732,3.76704,1.77561,6.07239
0.96138,-2.12877,0.45126,1.12815,-0.96138,1.19682
0.51012,-0.23544,1.82466,1.44207,0.40221,0.0981
-0.0981,-1.83447,1.59903,2.66832,-1.82466,-0.24525
-0.57879,0.86328,5.37588,0.25506,0.46107,2.3544
-5.33664,2.01105,-1.75599,-1.83447,-2.30535,-1.04967
0.11772,-1.46169,-0.82404,-2.28573,-0.15696,3.71799
-1.00062,2.09934,1.0791,-1.80504,0.60822,3.01167
1.53036,-2.65851,-0.90252,-1.10853,2.04048,-0.46107
-1.6677,0.63765,2.97243,-0.99081,0.03924,2.07972
-0.46107,-1.40283,0.63765,-0.86328,-0.41202,-3.48255
-0.51012,-1.26549,-3.15882,0.51993,-1.61865,-2.41326
0.11772,0.51993,1.09872,-1.23606,-2.40345,5.37588
-2.92338,-0.94176,1.36359,1.33416,0.8829,-1.38321
0.35316,1.13796,-0.3924,3.83571,2.26611,1.0791
-5.57208,-8.36793,-5.80752,-3.21768,-3.09015,-2.24649
0.55917,-1.26549,-1.5696,0.42183,0.42183,1.98162
-0.84366,-1.39302,2.85471,-0.75537,0.94176,1.84428
1.02024,-0.56898,2.19744,0.10791,0.35316,-0.23544
0.8829,2.38383,-0.8829,0.54936,2.07972,0.1962
-1.2753,0.94176,0.7848,-4.16925,-0.76518,-3.26673
-2.87433,0.60822,1.68732,0.51993,0.1962,-1.52055
1.89333,-1.10853,-1.54017,0.0,1.08891,-1.8639
0.25506,-0.81423,-0.07848,-0.77499,-0.84366,-0.44145
0.15696,2.48193,1.74618,2.31516,0.99081,1.21644
-0.24525,-0.15696,0.65727,-1.05948,1.60884,-1.55979
1.14777,-1.33416,-1.00062,0.63765,0.08829,-2.96262
1.34397,0.70632,-1.15758,-1.5696,0.2943,0.05886
1.11834,-3.4335,0.15696,-2.2563,-0.42183,1.84428
1.16739,2.38383,2.50155,2.79585,-1.25568,-0.3924
-0.52974,0.0,3.02148,0.26487,0.92214,-1.88352
1.61865,-0.05886,2.59965,3.10977,-0.52974,-2.00124
-1.94238,0.00981,1.46169,1.57941,2.36421,-0.76518
-0.93195,-0.52974,-0.50031,2.1582,2.47212,-5.37588
3.40407,-1.32435,1.11834,-2.49174,-0.07848,-4.2183
0.92214,-1.88352,-2.62908,0.12753,-1.39302,2.10915
0.44145,-1.64808,-2.73699,-0.50031,-1.30473,-2.38383
2.19744,-0.77499,1.36359,0.24525,1.87371,1.1772
1.91295,0.03924,1.87371,0.17658,1.15758,1.48131
-1.25568,-0.32373,-0.46107,2.69775,2.96262,-3.28635
-0.85347,1.71675,2.52117,0.42183,-1.36359,4.0221
1.82466,-0.00981,-2.61927,2.85471,0.77499,1.4715
-3.03129,-1.38321,1.43226,1.38321,-2.80566,-4.65975
0.8829,1.44207,-1.91295,0.18639,-1.80504,0.72594
2.48193,3.71799,0.32373,0.24525,1.1772,4.32621
-0.46107,-0.36297,0.80442,0.95157,-2.27592,-0.30411
-2.66832,-0.35316,-1.85409,-0.13734,-1.00062,-1.51074
1.14777,4.39488,-1.05948,1.58922,-0.73575,2.7468
-2.30535,-1.09872,2.75661,-1.00062,0.81423,-0.71613
1.33416,-2.19744,-1.64808,-1.46169,2.69775,2.19744
2.90376,0.83385,2.88414,3.16863,0.51993,-3.29616
1.68732,-2.28573,-0.17658,-2.58984,-0.10791,4.34583
-1.00062,0.81423,-1.35378,0.95157,-0.50031,-1.70694
-0.13734,-0.26487,1.52055,1.28511,0.32373,-0.25506
-1.06929,0.42183,1.64808,0.38259,-1.29492,1.90314
1.82466,1.57941,0.46107,2.32497,-1.03005,3.58065
0.41202,0.30411,0.96138,0.20601,-1.65789,2.4525
-2.07972,-0.6867,1.06929,-0.0981,-1.13796,-1.31454
-0.51993,-0.44145,0.17658,-2.943,-1.74618,1.89333
1.13796,0.37278,1.34397,2.22687,2.38383,-0.05886
-2.03067,-2.20725,-0.11772,2.19744,4.06134,-2.81547
1.01043,3.86514,3.11958,2.85471,0.03924,-0.94176
-1.48131,2.12877,1.79523,1.46169,-1.65789,-2.1582
0.14715,-2.08953,-0.10791,-0.40221,-1.02024,-0.25506
3.65913,2.88414,4.11039,0.0,-0.47088,0.02943
2.65851,3.95343,3.58065,-2.03067,0.66708,-1.69713
-1.68732,0.15696,3.8259,-0.5886,-1.10853,-1.61865
-0.64746,0.96138,1.58922,-0.5886,-0.26487,1.79523
-0.70632,1.98162,4.14963,-0.69651,-0.37278,4.10058
-0.11772,2.87433,0.12753,0.41202,-2.77623,2.66832
-0.82404,0.05886,0.81423,-0.28449,-3.18825,1.09872
-0.06867,1.83447,3.40407,0.97119,1.03986,-2.0601
1.34397,-1.46169,-0.2943,0.11772,-0.81423,-1.46169
-0.30411,1.94238,3.52179,0.59841,-0.17658,-0.85347
-1.8639,-0.4905,-0.15696,-2.03067,0.62784,0.46107
1.24587,0.51993,-1.10853,-0.54936,-0.14715,-0.14715
4.36545,1.01043,-0.92214,1.75599,1.43226,-0.30411
1.34397,0.32373,-0.71613,0.33354,1.60884,-6.29802
-1.81485,-0.26487,-1.94238,0.11772,3.97305,-0.25506
-2.92338,1.57941,0.70632,0.66708,-2.32497,-2.42307
3.09996,0.00981,0.44145,2.28573,-0.20601,-0.90252
-1.24587,-0.76518,1.44207,1.59903,1.65789,-1.68732
1.63827,-0.69651,1.09872,1.02024,-0.07848,0.67689
1.75599,-0.59841,-2.56041,0.20601,1.52055,0.82404
1.01043,1.31454,-1.4715,-1.33416,-2.68794,0.63765
-3.45312,0.47088,0.24525,1.12815,0.14715,-2.67813
1.14777,3.39426,3.60027,1.50093,-1.00062,-0.4905
2.09934,1.77561,1.61865,0.45126,-1.60884,-1.74618
0.75537,3.06072,2.38383,1.49112,0.3924,0.53955
3.55122,3.51198,4.14963,0.94176,-0.24525,0.54936
-0.74556,-1.03986,3.47274,1.87371,0.76518,1.93257
0.2943,-1.71675,-1.00062,1.0791,-2.90376,-3.08034
-5.20911,-2.1582,-1.65789,-3.55122,-0.97119,0.10791
0.45126,2.00124,1.08891,-1.15758,-3.38445,1.69713
-1.28511,2.41326,1.19682,1.13796,0.73575,-4.22811
-3.40407,-0.87309,1.49112,0.73575,-1.10853,-0.99081
-2.33478,2.67813,3.78666,2.12877,0.42183,-4.14963
-3.09996,-2.57022,-1.12815,0.45126,2.1582,-2.52117
-0.27468,-0.69651,-0.85347,2.38383,3.05091,1.91295
-1.84428,2.80566,-2.07972,-1.24587,-1.89333,-0.14715
-0.17658,-0.04905,-1.67751,-1.59903,-0.6867,0.24525
0.03924,1.03005,-1.92276,1.00062,-2.23668,0.08829
1.40283,1.75599,-0.83385,1.48131,1.13796,2.73699
1.60884,3.45312,3.52179,2.39364,0.94176,-1.63827
2.32497,5.16006,1.55979,1.70694,-0.32373,2.97243
-1.91295,2.26611,2.10915,1.13796,-3.924,-3.09015
0.79461,1.39302,1.3734,1.05948,-1.08891,3.16863
-1.21644,1.30473,1.30473,0.57879,-1.71675,2.19744
3.61989,2.23668,1.88352,0.46107,-0.77499,4.6107
-0.26487,0.51993,-1.90314,-2.44269,0.61803,5.09139
-0.77499,-0.24525,-1.89333,0.84366,-0.60822,0.02943
1.34397,-0.73575,1.32435,-1.67751,-0.72594,3.25692
0.72594,-2.28573,-0.44145,-0.37278,0.3924,-0.95157
-1.39302,-0.51993,1.14777,-0.52974,-0.60822,1.38321
-2.49174,0.08829,-1.83447,0.03924,3.18825,0.3924
1.48131,0.44145,-0.37278,1.10853,-0.06867,2.06991
0.67689,-2.37402,-1.30473,-0.20601,2.06991,1.41264
-1.61865,-1.3734,-0.6867,3.27654,2.3544,-2.08953
1.77561,1.34397,-6.32745,0.17658,0.31392,7.04358
0.12753,0.69651,0.85347,0.15696,1.30473,4.69899
0.82404,1.34397,-1.21644,-3.14901,-2.92338,-2.09934
3.97305,2.09934,1.74618,3.4335,1.6677,8.15211
-2.86452,0.48069,-0.03924,-0.60822,-1.38321,-0.3924
-0.14715,0.6867,1.62846,2.63889,0.0981,-3.69837
2.41326,0.56898,-0.15696,1.61865,-1.79523,3.20787
-3.41388,0.63765,1.19682,0.32373,-1.2753,-2.8449
2.53098,2.62908,1.19682,-0.03924,-0.5886,-4.35564
0.20601,-1.44207,-0.6867,-0.03924,0.46107,3.94362
1.6677,2.37402,0.0,0.27468,-1.60884,0.24525
1.98162,2.57022,1.13796,2.98224,1.1772,2.34459
-0.75537,1.83447,-0.86328,1.21644,1.87371,2.11896
-2.21706,1.57941,-0.92214,-0.24525,2.22687,4.04172
3.99267,1.04967,0.81423,2.93319,-0.71613,3.924
-0.14715,0.60822,2.1582,-0.83385,-1.50093,-0.73575
0.96138,0.71613,-1.69713,-1.03005,-1.72656,1.33416
1.3734,0.91233,-1.10853,2.91357,-0.79461,-0.33354
-2.71737,-1.19682,4.3164,-0.5886,-0.14715,2.96262
-0.28449,2.5506,0.69651,0.20601,1.05948,-1.98162
-0.8829,-1.25568,-2.96262,1.52055,2.06991,0.81423
0.06867,0.40221,1.09872,-0.07848,-0.06867,0.00981
2.31516,2.37402,3.09015,0.93195,-2.28573,-4.05153
2.79585,0.2943,-1.77561,0.65727,1.23606,0.50031
2.83509,1.4715,-0.97119,3.28635,0.37278,3.6297
-3.14901,2.16801,1.28511,-0.31392,-2.37402,-0.83385
3.56103,3.03129,1.88352,0.81423,0.08829,4.69899
-6.867,-4.78728,-9.38817,-5.90562,-4.07115,-5.84676
1.71675,0.51012,2.96262,-1.44207,0.95157,1.46169
-8.48565,-2.28573,-7.93629,-6.35688,-2.00124,-5.3955
-0.26487,-0.77499,-3.42369,-0.18639,-2.24649,1.20663
-0.00981,-2.21706,-1.20663,1.40283,0.85347,-2.60946
0.61803,0.1962,1.41264,-0.5886,-1.46169,0.81423
0.15696,-1.65789,-2.14839,1.30473,2.22687,4.89519
-0.55917,1.52055,5.34645,1.58922,0.03924,-0.12753
-0.24525,-0.23544,1.20663,0.63765,-0.27468,-1.05948
-0.42183,-1.05948,0.0981,0.06867,1.81485,0.79461
-0.05886,1.16739,-0.00981,-0.16677,-0.41202,3.65913
0.7848,-0.0981,-1.77561,-0.36297,0.85347,1.98162
-1.09872,0.51012,-2.23668,3.09996,2.70756,1.12815
2.48193,2.79585,4.64013,1.14777,0.52974,-2.32497
-0.47088,-2.16801,3.08034,1.77561,2.8449,-0.75537
1.64808,-0.63765,1.68732,-2.2563,1.13796,3.15882
-1.04967,0.25506,-1.74618,-0.37278,1.1772,0.77499
3.20787,-0.50031,2.75661,0.23544,2.21706,-0.47088
6.12144,1.33416,-0.14715,2.51136,-0.7848,3.99267
-0.56898,3.30597,2.00124,0.21582,-0.35316,-2.48193
0.92214,-0.05886,-0.06867,1.23606,-1.05948,0.20601
2.42307,0.93195,-1.59903,0.12753,1.06929,-0.74556
1.11834,-0.42183,-1.4715,0.41202,0.04905,2.60946
1.36359,2.17782,-0.21582,0.55917,-1.64808,0.23544
1.22625,0.18639,-0.8829,-3.32559,1.34397,3.85533
2.943,1.01043,-5.66037,0.52974,-0.1962,6.19011
0.44145,-2.58984,-0.11772,-0.35316,0.12753,0.38259
-8.68185,-1.87371,-7.57332,-5.75847,-3.07053,-6.19011
-8.85843,-5.91543,-6.25878,-4.15944,-4.46355,-2.69775
-2.12877,-1.24587,3.3354,-0.34335,1.23606,1.01043
-0.24525,1.09872,2.00124,-0.42183,-1.30473,0.30411
0.76518,-0.76518,1.49112,2.1582,-1.7658,-3.31578
-1.24587,-0.71613,-0.92214,1.29492,-2.58003,-1.31454
-1.85409,1.89333,2.91357,0.67689,1.0791,-0.14715
0.25506,1.03986,-1.85409,1.13796,-2.91357,1.72656
-1.01043,-0.38259,0.21582,-0.24525,-0.72594,2.56041
1.12815,0.24525,-0.10791,-0.13734,0.54936,2.42307
-2.05029,1.71675,4.84614,2.87433,-0.24525,-1.06929
-0.59841,-2.42307,0.67689,2.62908,1.33416,-2.78604
1.92276,0.21582,-1.19682,-1.09872,1.32435,-4.91481
