Crack1_30,Crack1_50,Crack2_30,Crack2_50,Crack3_30,Crack3_50,Crack4_30,Crack4_50,Crack5_30,Crack5_50,Crack6_30,Crack6_50,Anomaly_Label,Anomaly_Score,Anomaly_Status
0.76518,1.75599,1.95219,-0.18639,-2.07972,1.83447,-1.28511,-1.12815,-0.31392,-0.52974,3.35502,-1.04967,1,0.14496754936643863,Normal
1.11834,0.25506,1.3734,0.84366,-2.50155,-0.61803,-0.82404,-1.23606,-0.24525,-0.67689,2.79585,-1.6677,1,0.15548018980488015,Normal
1.00062,-0.32373,1.34397,1.11834,-2.88414,2.2563,-1.22625,-2.52117,-0.20601,-0.08829,1.81485,-1.84428,1,0.1480368658289346,Normal
0.0,-1.54017,1.22625,1.77561,-1.09872,0.81423,-2.02086,-2.76642,0.24525,-0.83385,1.48131,-1.62846,1,0.14935039662298422,Normal
0.08829,-1.962,1.36359,3.49236,-2.1582,1.78542,-2.04048,-3.49236,-1.01043,-1.03986,2.61927,-1.54017,1,0.11984959552223251,Normal
-0.06867,-2.00124,0.0981,3.6297,-0.92214,3.37464,-2.33478,-3.44331,-0.71613,-0.82404,1.46169,-1.77561,1,0.13741929011461262,Normal
0.14715,-1.77561,-0.59841,3.46293,-1.04967,2.89395,-2.60946,-2.81547,-0.41202,-0.86328,0.79461,-1.36359,1,0.13790911549119778,Normal
-0.21582,-4.06134,-0.64746,2.81547,-0.27468,0.42183,-3.08034,-3.02148,0.17658,-0.96138,0.99081,0.38259,1,0.12596523974752621,Normal
-1.08891,-4.86576,-0.16677,3.6297,-0.48069,0.35316,-2.60946,-2.69775,-0.21582,-0.62784,-0.16677,-0.99081,1,0.12889029407458286,Normal
-0.60822,-4.22811,-0.93195,1.62846,-0.13734,2.17782,-2.58984,-1.62846,0.30411,0.75537,0.02943,-1.10853,1,0.14393555157481325,Normal
-1.09872,-5.28759,-1.14777,0.02943,0.42183,1.80504,-2.03067,-1.16739,0.67689,0.60822,0.33354,-1.01043,1,0.14568970013312388,Normal
-2.39364,-5.20911,-1.09872,0.91233,0.85347,1.45188,-1.92276,-1.49112,1.49112,0.8829,1.19682,-0.25506,1,0.12084719888548823,Normal
-1.54017,-4.29678,-0.99081,1.60884,0.41202,2.02086,-2.0601,-0.75537,0.48069,0.80442,-1.3734,-2.44269,1,0.1344245637637737,Normal
-0.54936,-1.43226,-1.43226,2.06991,2.41326,3.80628,-1.88352,-0.50031,0.52974,1.12815,-2.22687,-1.60884,1,0.1246366461218043,Normal
-1.11834,-1.19682,-1.4715,-0.0981,1.90314,1.19682,-1.06929,0.02943,0.27468,1.59903,-2.28573,-1.21644,1,0.1569190807985456,Normal
-0.74556,-0.66708,-1.25568,0.70632,1.93257,2.62908,-0.72594,0.97119,1.34397,0.99081,-0.51012,-0.13734,1,0.16359857410615336,Normal
-0.13734,-2.71737,-1.42245,2.17782,2.47212,2.63889,-0.36297,1.05948,-0.87309,0.8829,-0.67689,-1.05948,1,0.1429599985417438,Normal
-0.03924,-1.92276,-1.02024,0.51012,2.80566,2.83509,0.21582,1.67751,0.17658,1.74618,0.77499,1.30473,1,0.15321377267359543,Normal
-0.38259,-2.7468,0.35316,-1.33416,1.52055,2.52117,0.0,1.89333,1.13796,1.73637,0.96138,2.12877,1,0.15136253707738634,Normal
0.37278,-2.943,0.36297,-0.981,2.06991,3.61008,0.56898,2.20725,-0.54936,1.31454,0.981,1.90314,1,0.14762671584496345,Normal
0.4905,-2.22687,0.7848,-1.69713,2.80566,5.07177,0.51012,1.5696,-0.81423,1.39302,-0.32373,0.91233,1,0.12498526803632043,Normal
0.12753,-2.48193,1.38321,-2.52117,1.32435,5.1993,0.8829,1.55979,0.20601,0.99081,1.68732,1.25568,1,0.12747294626479022,Normal
-0.03924,-2.22687,1.69713,-2.8449,1.82466,5.45436,0.04905,1.65789,-0.01962,0.65727,1.64808,2.60946,1,0.11047628593555597,Normal
1.12815,-1.28511,2.12877,-3.14901,1.49112,4.82652,0.3924,1.1772,-1.18701,1.0791,1.99143,3.8259,1,0.11971931449376833,Normal
1.03986,-2.60946,2.19744,-3.6297,1.54017,5.13063,0.07848,0.15696,-1.20663,1.42245,2.51136,2.43288,1,0.11154075938820246,Normal
0.36297,-2.01105,3.18825,-5.30721,0.67689,3.65913,0.50031,-0.50031,-0.2943,1.962,1.41264,2.30535,1,0.11665314633347817,Normal
0.10791,-2.96262,3.61008,-4.14963,0.05886,3.58065,-0.45126,-1.01043,-2.00124,1.52055,1.03005,4.09077,1,0.10821963053921613,Normal
1.58922,-3.88476,3.21768,-4.18887,-0.36297,2.98224,0.37278,-1.49112,-2.2563,1.24587,1.962,2.09934,1,0.11474279327375098,Normal
0.90252,-3.32559,3.21768,-4.01229,0.37278,3.18825,-0.13734,-2.44269,-1.4715,0.76518,3.75723,0.1962,1,0.12368982664001388,Normal
1.40283,-2.14839,3.81609,-3.89457,0.55917,3.88476,0.16677,-2.66832,0.86328,1.44207,2.90376,-1.53036,1,0.10502556790896078,Normal
1.13796,-0.06867,3.20787,-2.96262,-0.69651,5.45436,-0.42183,-3.29616,-2.09934,0.33354,2.26611,-2.61927,1,0.10130485100302916,Normal
2.51136,-0.2943,1.92276,-3.6297,-0.89271,4.72842,-0.28449,-3.59046,-2.20725,0.51993,1.99143,-2.56041,1,0.12498306737814513,Normal
1.2753,1.25568,1.30473,-2.75661,-0.43164,3.30597,-0.51012,-3.90438,-0.3924,1.09872,1.8639,-3.35502,1,0.14555810005617204,Normal
1.20663,0.57879,1.54998,-2.75661,-0.69651,1.41264,-0.73575,-4.22811,0.35316,0.92214,1.4715,-4.0221,1,0.14241681051811456,Normal
0.96138,1.19682,0.71613,-1.30473,-1.69713,2.51136,-1.03005,-5.07177,-1.72656,1.11834,1.33416,-3.30597,1,0.13638730136687505,Normal
1.40283,-0.12753,0.16677,-0.35316,-1.6677,1.65789,-0.33354,-3.95343,-0.28449,0.59841,4.20849,-4.71861,1,0.1306412631313742,Normal
0.87309,-0.82404,0.0,0.13734,-0.54936,0.57879,-0.76518,-4.39488,0.53955,-0.05886,4.48317,-5.47398,1,0.1288587069591332,Normal
0.89271,-0.60822,-0.22563,1.42245,-0.10791,0.52974,-0.66708,-3.97305,0.32373,-0.03924,1.82466,-4.60089,1,0.15615158206329577,Normal
0.32373,-0.77499,-0.40221,2.61927,-2.05029,2.58003,-0.74556,-3.64932,-0.07848,0.59841,1.55979,-4.08096,1,0.14107892357192742,Normal
0.62784,-1.45188,-0.86328,2.82528,-2.31516,2.20725,-1.48131,-3.84552,1.60884,0.10791,0.99081,-3.74742,1,0.12037285141517168,Normal
0.21582,-0.36297,-1.42245,1.78542,-1.2753,-0.81423,-1.38321,-3.90438,2.1582,0.0,1.2753,-2.52117,1,0.15045166632848883,Normal
0.13734,0.72594,-1.33416,1.59903,-1.16739,-1.962,-1.25568,-3.65913,1.75599,0.54936,-0.01962,-2.72718,1,0.14828552185196997,Normal
-1.12815,0.50031,-1.11834,2.22687,-1.28511,1.05948,-0.83385,-3.84552,0.80442,0.46107,2.10915,-2.52117,1,0.15474848120667106,Normal
-0.59841,0.02943,-1.10853,0.55917,0.48069,0.96138,-0.94176,-2.5506,0.61803,0.85347,2.32497,-1.15758,1,0.16198429568494793,Normal
-1.19682,-0.30411,-0.7848,1.01043,0.46107,-1.32435,-0.57879,-3.12939,1.59903,-0.53955,0.69651,-1.41264,1,0.1614798332643989,Normal
-1.54017,-0.59841,-0.77499,0.54936,0.97119,0.46107,-0.75537,-3.87495,1.64808,0.42183,0.21582,0.4905,1,0.1541350022815947,Normal
-1.50093,-1.70694,-0.13734,1.0791,2.10915,0.42183,0.17658,-3.00186,0.92214,0.82404,1.53036,-0.0981,1,0.15499233676356583,Normal
-1.48131,-1.16739,0.14715,0.51993,2.19744,1.34397,-0.31392,-2.54079,1.11834,0.56898,0.77499,-0.87309,1,0.16372143551963486,Normal
-1.38321,-0.51993,-1.01043,0.13734,2.46231,1.53036,-0.1962,-3.15882,1.95219,0.48069,-0.64746,0.28449,1,0.1454790059077417,Normal
-1.38321,-0.18639,-0.00981,0.6867,2.19744,2.79585,0.17658,-2.04048,1.12815,1.80504,-0.10791,-0.03924,1,0.16289356360606716,Normal
-1.19682,-0.63765,0.0,-1.13796,1.94238,3.74742,-0.10791,-2.03067,-0.81423,1.36359,-1.55979,-1.04967,1,0.15681837956086542,Normal
-0.66708,-0.37278,0.23544,-1.7658,3.3354,3.25692,0.51012,-0.95157,0.17658,2.30535,-2.47212,-1.59903,1,0.13611105940488571,Normal
-0.67689,-0.33354,0.2943,-1.84428,3.09015,3.94362,0.0981,-1.01043,0.69651,1.62846,-1.53036,-0.67689,1,0.1355560927108816,Normal
-0.81423,-0.51012,0.1962,-2.79585,2.79585,2.93319,0.59841,-0.63765,0.34335,1.38321,0.51993,-1.28511,1,0.14501571020502163,Normal
-0.65727,-1.2753,0.80442,-2.98224,3.47274,5.71923,0.84366,0.12753,-1.04967,0.89271,0.91233,-2.21706,1,0.10305873277696498,Normal
-0.50031,0.40221,0.99081,-2.41326,2.28573,6.85719,0.99081,1.49112,0.63765,0.5886,-0.26487,-1.93257,1,0.11825669986349058,Normal
-0.77499,1.64808,0.18639,-2.32497,2.99205,7.30845,0.34335,1.67751,0.37278,-0.03924,-1.16739,-0.8829,1,0.10265951178044103,Normal
-0.26487,2.04048,1.40283,-2.87433,1.67751,6.80814,1.26549,2.00124,-0.80442,0.28449,0.72594,-0.76518,1,0.12085344086913274,Normal
-0.36297,2.28573,1.53036,-2.943,1.18701,6.95529,0.92214,2.42307,-2.21706,-0.4905,-0.1962,-1.3734,1,0.11342091302978319,Normal
0.24525,2.04048,1.38321,-3.08034,0.981,5.67999,0.97119,2.57022,-1.01043,-0.96138,-1.28511,-0.4905,1,0.12802131063899225,Normal
0.51993,2.58984,1.28511,-2.63889,1.03986,4.92462,1.34397,2.4525,-1.84428,-1.74618,0.60822,0.8829,1,0.1333410086813936,Normal
0.7848,2.36421,1.73637,-2.69775,0.62784,6.41574,1.09872,1.77561,-2.14839,-0.64746,1.99143,-0.46107,1,0.11867230021945807,Normal
0.66708,2.44269,2.07972,-1.81485,1.25568,6.17049,1.18701,1.53036,-2.34459,-0.35316,0.92214,0.07848,1,0.12043328142884502,Normal
0.27468,1.87371,2.00124,-1.23606,1.65789,5.16006,0.72594,2.14839,-1.16739,-0.28449,1.14777,0.23544,1,0.1394911885079173,Normal
0.79461,2.90376,1.39302,-1.08891,1.3734,5.4936,1.05948,1.7658,-1.08891,-0.33354,3.16863,-0.28449,1,0.13136019274113675,Normal
1.52055,3.19806,1.06929,-0.47088,0.86328,4.49298,0.60822,0.57879,-1.58922,0.03924,2.24649,-0.37278,1,0.14486686043096303,Normal
0.90252,2.46231,1.41264,1.34397,1.29492,1.81485,0.44145,-0.55917,-1.5696,0.51993,2.0601,0.40221,1,0.15872886555159477,Normal
1.40283,0.92214,0.61803,0.44145,1.42245,2.66832,0.83385,-0.981,-1.16739,-0.13734,0.53955,-2.03067,1,0.16966127972902745,Normal
1.24587,-0.73575,0.4905,1.26549,1.08891,3.24711,0.55917,-1.8639,-0.47088,0.08829,2.52117,-0.73575,1,0.16377879666342787,Normal
1.35378,-1.05948,0.10791,2.1582,-0.32373,1.74618,0.44145,-2.98224,-0.45126,0.60822,3.58065,-0.38259,1,0.15070588339718227,Normal
0.3924,-2.14839,-0.35316,4.29678,0.56898,1.40283,0.5886,-3.55122,-0.80442,0.07848,2.07972,-0.99081,1,0.13780604598037316,Normal
0.21582,-2.98224,-1.2753,3.05091,1.00062,-0.64746,-0.07848,-3.67875,-1.00062,0.47088,2.72718,-0.52974,1,0.14098218991524142,Normal
0.61803,-1.962,-1.2753,2.43288,0.04905,-1.62846,-0.11772,-3.48255,-0.02943,0.72594,3.05091,-0.11772,1,0.14196513327593135,Normal
0.25506,-0.64746,-1.53036,2.43288,0.62784,-1.60884,-0.02943,-4.1202,0.18639,0.48069,2.83509,-1.34397,1,0.14564052455784904,Normal
-0.56898,-1.26549,-1.90314,3.09996,0.67689,-2.59965,0.34335,-4.10058,0.32373,0.18639,1.15758,-0.2943,1,0.1498110853878326,Normal
-1.02024,-0.81423,-2.3544,1.52055,0.54936,-1.94238,0.92214,-3.76704,-0.06867,0.30411,0.02943,-1.8639,1,0.15616947502239342,Normal
-1.55979,-0.70632,-2.7468,1.20663,0.48069,-2.2563,0.10791,-3.93381,0.7848,-0.25506,0.47088,-1.45188,1,0.15218186180801346,Normal
-2.19744,-0.2943,-2.89395,1.962,1.11834,-2.36421,0.93195,-3.5316,1.26549,-0.07848,-0.31392,-1.67751,1,0.14789941603583773,Normal
-2.52117,-1.33416,-2.32497,2.21706,0.22563,-3.21768,0.76518,-3.50217,0.08829,-0.13734,-1.90314,-0.70632,1,0.1346837898507619,Normal
-2.87433,-0.44145,-3.05091,0.27468,0.61803,-3.18825,0.48069,-3.12939,-0.40221,-0.12753,-0.99081,0.25506,1,0.13567610905465255,Normal
-3.01167,-0.08829,-2.69775,-0.81423,1.06929,-4.13001,0.82404,-2.16801,0.1962,-0.5886,-1.42245,0.03924,1,0.13600469163762602,Normal
-2.87433,0.43164,-2.6487,0.76518,1.72656,-3.95343,0.8829,-2.13858,0.74556,-0.11772,-1.41264,-0.65727,1,0.1378894139967634,Normal
-3.11958,0.43164,-1.79523,-0.54936,2.51136,-1.48131,0.80442,-1.42245,-0.03924,0.24525,-1.62846,-0.56898,1,0.14030067146979414,Normal
-3.10977,0.21582,-1.54017,-1.78542,2.12877,-0.13734,1.14777,-0.5886,0.86328,0.63765,-1.40283,-0.7848,1,0.14596312131487482,Normal
-1.81485,0.21582,-1.05948,-2.79585,1.962,-1.03005,0.64746,-0.7848,1.7658,0.26487,-2.29554,-0.80442,1,0.14163779679593513,Normal
-1.70694,1.19682,-0.80442,-1.73637,3.41388,-1.40283,0.89271,-0.69651,1.98162,0.67689,-1.63827,0.3924,1,0.13466161767988044,Normal
-2.02086,0.06867,-0.13734,-1.60884,1.59903,-0.41202,0.44145,0.38259,1.05948,0.51012,-1.11834,-0.26487,1,0.16119674883394125,Normal
-2.10915,-0.4905,0.3924,-2.37402,1.71675,0.60822,0.24525,0.38259,0.74556,-0.27468,-2.86452,-0.66708,1,0.1470992747440899,Normal
-1.01043,-2.11896,-0.15696,-3.94362,2.19744,2.20725,0.22563,0.66708,0.36297,-0.27468,-1.01043,-1.23606,1,0.14821212698074354,Normal
-1.16739,-1.80504,0.66708,-1.91295,1.98162,0.6867,0.23544,1.05948,0.85347,0.24525,-0.65727,-1.94238,1,0.1605372556279302,Normal
-0.76518,-2.1582,0.44145,-2.28573,1.40283,2.21706,-0.00981,0.60822,1.20663,-0.54936,-1.73637,-1.29492,1,0.15843459539707244,Normal
-0.32373,-3.16863,0.5886,-3.70818,0.26487,2.41326,0.55917,0.90252,1.43226,-0.17658,-0.32373,-1.52055,1,0.1482987316783051,Normal
-0.01962,-1.95219,0.10791,-3.99267,0.85347,2.50155,0.65727,0.62784,1.29492,-0.31392,-0.31392,-1.92276,1,0.15626264543397328,Normal
0.02943,-1.30473,-0.03924,-1.71675,0.91233,3.42369,0.60822,0.92214,0.25506,-0.43164,-0.82404,-2.48193,1,0.16788689475752727,Normal
0.6867,-0.06867,0.5886,-2.86452,-0.69651,2.81547,0.01962,0.77499,1.23606,-0.36297,-1.51074,-2.60946,1,0.15684967048454196,Normal
0.00981,-0.14715,0.47088,-3.21768,-1.44207,4.47336,0.27468,0.67689,0.77499,0.4905,-1.25568,-3.11958,1,0.1350742535398538,Normal
-0.1962,0.52974,0.15696,-3.20787,-0.24525,5.74866,0.60822,1.12815,-0.13734,0.0,-1.33416,-3.35502,1,0.12472826557932376,Normal
-0.42183,0.87309,-0.81423,-1.75599,-1.57941,4.04172,0.63765,1.00062,-0.48069,-0.01962,-2.28573,-2.04048,1,0.14215278388559416,Normal
0.15696,0.38259,-0.94176,-2.58003,-0.83385,3.74742,0.65727,1.61865,1.00062,0.06867,-0.77499,-2.88414,1,0.1520066324048165,Normal
0.30411,-1.13796,-1.30473,-3.30597,-1.42245,4.34583,1.52055,1.33416,1.05948,-0.0981,0.24525,-3.56103,1,0.13114434596173163,Normal
0.03924,-1.50093,-1.53036,-2.03067,-0.47088,2.23668,1.38321,1.4715,2.08953,0.26487,0.80442,-3.26673,1,0.1467542474777801,Normal
0.0981,-0.6867,-1.63827,-0.20601,-0.56898,0.55917,1.03005,0.33354,0.89271,-0.46107,0.28449,-1.85409,1,0.16529911698258126,Normal
1.05948,0.06867,-1.28511,1.08891,-0.23544,0.32373,0.15696,1.05948,0.75537,0.35316,0.8829,-2.67813,1,0.16818011917899295,Normal
0.45126,0.75537,-1.23606,0.99081,-0.23544,1.70694,0.17658,0.22563,1.63827,0.43164,2.05029,-2.21706,1,0.16243589157691524,Normal
1.09872,0.40221,-1.70694,0.55917,1.00062,1.7658,0.28449,0.06867,0.82404,-0.07848,1.73637,-1.64808,1,0.17095845281888816,Normal
0.42183,-0.12753,-2.85471,1.53036,0.56898,-0.15696,-0.17658,-0.47088,-0.12753,0.0981,0.77499,-0.8829,1,0.16447697458873545,Normal
0.81423,-1.99143,-2.54079,1.61865,1.49112,-1.3734,0.60822,-0.21582,1.01043,-0.14715,1.52055,-2.89395,1,0.1559073935577906,Normal
0.36297,-3.79647,-2.62908,1.80504,2.87433,-1.52055,0.84366,-1.06929,2.73699,0.45126,2.66832,-2.83509,1,0.1024476066680714,Normal
0.70632,-4.37526,-1.6677,1.40283,3.37464,-3.09015,0.53955,-1.80504,2.00124,0.25506,1.61865,-2.76642,1,0.11577450823131485,Normal
-0.51993,-3.74742,-1.85409,2.1582,2.52117,-3.5316,0.30411,-2.40345,1.69713,0.20601,2.54079,-3.10977,1,0.10743320513107796,Normal
0.37278,-4.11039,-1.51074,2.49174,3.2373,-5.61132,0.06867,-3.81609,2.77623,0.67689,4.46355,-3.85533,1,0.05428711095228733,Normal
-0.15696,-2.83509,-1.50093,3.55122,3.39426,-2.19744,-0.12753,-3.00186,3.00186,1.05948,3.01167,-3.60027,1,0.08017903627450385,Normal
-0.26487,-2.75661,-2.14839,3.00186,2.21706,-1.42245,-0.2943,-2.91357,2.06991,0.981,2.24649,-2.23668,1,0.12637888800316815,Normal
-0.92214,-2.80566,-2.58003,2.76642,3.39426,-1.87371,-0.41202,-2.943,1.6677,-0.07848,-0.25506,-2.14839,1,0.11203317785349409,Normal
-0.91233,-2.27592,-2.19744,1.8639,3.03129,-0.73575,-0.60822,-2.4525,2.10915,0.15696,2.40345,-1.52055,1,0.12119074549356224,Normal
-1.97181,-1.90314,-2.2563,0.981,4.23792,1.88352,0.33354,-2.1582,1.81485,0.27468,-1.69713,-1.92276,1,0.11484331975889939,Normal
-1.93257,-0.80442,-1.7658,0.20601,3.50217,0.10791,-0.17658,-2.16801,2.98224,-1.05948,-0.8829,-0.85347,1,0.12288906224206703,Normal
-2.60946,0.93195,-2.06991,-0.17658,3.32559,-1.09872,0.32373,-2.29554,1.59903,-2.14839,-1.7658,-0.69651,1,0.12465385250376482,Normal
-3.05091,0.7848,-1.87371,-0.91233,2.93319,1.63827,-0.12753,-2.62908,1.84428,-2.47212,-0.59841,-0.55917,1,0.11393791714942086,Normal
-2.80566,3.06072,-1.13796,-0.76518,2.943,2.26611,0.59841,-1.68732,1.16739,-2.49174,-3.64932,-0.71613,1,0.10642631557313131,Normal
-2.26611,2.91357,-0.28449,-0.99081,1.33416,2.24649,1.04967,-1.34397,1.32435,-2.34459,-3.39426,-0.10791,1,0.13849546159001364,Normal
-2.23668,3.87495,-0.73575,-2.22687,4.35564,1.57941,0.90252,0.02943,0.27468,-3.14901,-3.20787,0.26487,1,0.11155994067293123,Normal
-1.90314,2.6487,-1.10853,-2.68794,2.46231,1.0791,1.02024,0.18639,0.71613,-2.98224,-4.05153,-0.01962,1,0.0964366696039351,Normal
-1.34397,3.40407,-0.64746,-2.73699,2.02086,1.81485,1.23606,0.38259,0.79461,-3.83571,-4.55184,1.42245,1,0.10782519165757071,Normal
-1.14777,2.12877,-1.18701,-3.90438,3.68856,0.86328,1.64808,0.84366,0.79461,-3.86514,-3.83571,1.42245,1,0.09275559197137873,Normal
-0.96138,2.23668,-0.72594,-3.90438,2.98224,0.26487,1.85409,0.71613,-1.18701,-4.10058,-3.21768,0.34335,1,0.11095230675837836,Normal
-0.54936,2.31516,-0.66708,-4.82652,2.06991,0.6867,1.89333,-0.18639,-1.18701,-3.4335,-2.41326,-1.57941,1,0.1291398043287884,Normal
0.52974,2.90376,0.63765,-4.35564,1.12815,1.90314,1.7658,-0.76518,-0.99081,-3.69837,-4.30659,-1.73637,1,0.11968293179094192,Normal
0.45126,3.25692,0.18639,-4.26735,0.5886,2.00124,2.16801,-0.7848,-1.35378,-3.95343,-3.97305,-1.78542,1,0.11218053113009152,Normal
0.15696,1.61865,-0.4905,-3.97305,1.49112,2.54079,2.37402,-2.00124,-2.79585,-2.65851,-3.01167,-3.4335,1,0.10946526238276799,Normal
0.76518,1.93257,-0.76518,-3.35502,1.49112,0.79461,2.1582,-1.29492,-1.7658,-2.1582,-3.31578,-3.7278,1,0.12558767199768184,Normal
0.21582,0.14715,-1.18701,-2.50155,0.07848,1.31454,2.22687,-1.0791,-1.94238,-2.66832,-3.70818,-3.34521,1,0.11862697017981594,Normal
-0.14715,-0.6867,-2.4525,-2.30535,0.981,-0.30411,2.76642,-1.99143,-1.4715,-2.06991,-3.27654,-3.95343,1,0.10608379187622596,Normal
-0.48069,-2.26611,-2.50155,-3.34521,0.04905,-2.72718,1.92276,-2.91357,-1.69713,-1.33416,-2.76642,-3.87495,1,0.11228120782799317,Normal
-0.73575,-0.44145,-1.60884,-2.22687,0.27468,-2.87433,2.14839,-3.15882,-1.79523,-0.30411,-3.30597,-2.51136,1,0.12608347825732324,Normal
-1.20663,-0.54936,-1.72656,-1.10853,0.06867,1.02024,2.41326,-3.93381,-2.70756,-1.13796,-2.72718,-2.44269,1,0.1224015633217787,Normal
-1.04967,1.06929,-1.80504,-2.10915,-0.44145,0.25506,2.71737,-4.33602,-2.72718,-0.36297,-2.69775,-3.49236,1,0.10351441764199304,Normal
-1.05948,0.47088,-3.25692,-1.11834,-1.05948,-0.69651,2.00124,-4.16925,-1.93257,1.20663,-1.10853,-2.58984,1,0.13824617958511198,Normal
-1.06929,1.00062,-2.88414,-0.63765,-0.82404,-1.84428,2.49174,-3.5316,-0.92214,0.86328,-1.40283,-2.77623,1,0.1398145958558265,Normal
-1.962,-0.53955,-2.16801,0.67689,0.03924,-2.44269,2.31516,-3.52179,-1.32435,0.95157,-1.75599,-2.89395,1,0.12397944090680896,Normal
-1.50093,-1.02024,-2.66832,1.59903,1.1772,-4.54203,2.08953,-3.73761,-0.60822,1.24587,-0.59841,-3.03129,1,0.1157096574790405,Normal
-1.7658,-2.0601,-2.87433,1.2753,0.15696,-3.61989,1.98162,-3.47274,-0.08829,1.72656,-0.47088,-1.73637,1,0.12102747703477107,Normal
-0.92214,-0.87309,-1.99143,2.23668,-0.11772,-1.41264,1.79523,-2.70756,0.44145,0.90252,-0.21582,-0.75537,1,0.14825709040657553,Normal
-1.65789,-1.88352,-1.55979,3.15882,0.79461,-2.06991,2.33478,-2.81547,-1.24587,1.29492,-0.08829,-0.69651,1,0.13195153001883614,Normal
-0.59841,-1.42245,-1.52055,3.15882,1.43226,-1.50093,1.6677,-2.19744,0.34335,0.77499,1.93257,-2.11896,1,0.14091975654471656,Normal
-0.18639,-1.19682,-0.99081,3.6297,1.1772,0.16677,1.57941,-1.48131,1.61865,1.03005,1.81485,-1.82466,1,0.13655197475640263,Normal
0.10791,-0.03924,-0.59841,2.20725,0.64746,1.44207,1.89333,-0.44145,0.74556,1.09872,1.77561,-2.19744,1,0.1605135828276294,Normal
-0.31392,-1.09872,0.21582,3.15882,0.83385,-1.54998,1.54017,-0.01962,0.15696,0.26487,0.34335,-1.3734,1,0.15120337271831014,Normal
-0.57879,-1.45188,-0.13734,3.40407,2.27592,-1.65789,1.31454,0.92214,2.54079,0.54936,0.83385,-2.61927,1,0.13486861944318568,Normal
-0.54936,-2.05029,-0.44145,2.96262,1.19682,-2.0601,2.48193,0.7848,2.37402,-0.36297,-0.18639,-2.38383,1,0.14085420607255894,Normal
-0.87309,-1.18701,-0.36297,1.0791,1.16739,-1.28511,2.01105,0.70632,2.00124,-0.13734,-0.05886,-1.63827,1,0.1613179658482658,Normal
-0.92214,-1.22625,0.44145,0.87309,2.52117,-2.23668,2.13858,0.96138,0.41202,-0.97119,-0.40221,0.51993,1,0.14683956663460773,Normal
-0.92214,-2.01105,0.0,-0.27468,3.10977,0.03924,2.91357,1.13796,2.02086,-0.25506,-0.41202,-0.32373,1,0.1307729547515704,Normal
-1.20663,-1.31454,-0.16677,-0.70632,1.64808,0.69651,2.71737,1.35378,1.36359,0.05886,-0.21582,-1.16739,1,0.1555804114659876,Normal
-1.02024,-0.83385,-0.57879,-1.91295,2.00124,2.02086,2.7468,1.90314,0.5886,0.00981,-2.58984,-2.13858,1,0.13325238630376807,Normal
-1.04967,-0.38259,-0.96138,-1.30473,2.39364,0.44145,2.61927,2.61927,0.75537,-0.04905,-1.2753,-1.7658,1,0.14101975636044595,Normal
-1.04967,-0.81423,-1.46169,-2.13858,2.21706,-0.17658,2.43288,1.99143,2.4525,-0.23544,-1.64808,-0.80442,1,0.13955324308014305,Normal
-1.05948,-1.36359,-1.14777,-3.18825,0.27468,-0.14715,2.6487,1.16739,1.45188,-0.48069,-1.68732,-0.8829,1,0.13577093373069848,Normal
-0.76518,-0.24525,-1.26549,-4.43412,1.67751,0.51012,2.943,1.64808,0.5886,-1.23606,-2.71737,0.48069,1,0.11894859565612348,Normal
-0.50031,-0.54936,-0.53955,-3.81609,1.91295,-2.06991,3.06072,0.81423,0.46107,-2.66832,-0.87309,2.30535,1,0.13011874982200078,Normal
-0.38259,-0.2943,0.22563,-4.19868,3.32559,0.45126,2.52117,0.42183,0.48069,-1.58922,-3.32559,1.03986,1,0.10381179433242727,Normal
-0.14715,0.74556,0.6867,-4.47336,1.62846,2.52117,2.63889,0.31392,0.0981,-2.00124,-3.69837,-0.31392,1,0.1095466080353441,Normal
0.31392,1.11834,0.67689,-3.93381,1.77561,1.67751,2.05029,0.40221,-2.23668,-1.7658,-2.31516,-0.20601,1,0.13472944459607178,Normal
-0.32373,0.51993,0.28449,-2.79585,3.37464,-1.13796,2.13858,0.13734,-1.78542,-1.51074,-2.5506,0.11772,1,0.12181731790509864,Normal
-0.11772,-0.2943,0.47088,-1.97181,2.16801,-0.85347,1.35378,0.42183,-1.99143,-1.00062,-3.17844,-0.31392,1,0.14813278581145822,Normal
0.25506,-0.18639,0.75537,-2.02086,-0.22563,-0.03924,1.45188,-0.25506,-2.58984,-1.45188,-3.6297,-1.09872,1,0.14219575249573108,Normal
-0.46107,-0.86328,0.20601,-2.19744,1.21644,-1.25568,1.23606,-0.981,-2.37402,-0.80442,-2.40345,-0.55917,1,0.14578427063237237,Normal
-0.60822,-0.57879,1.24587,-1.74618,1.30473,-0.23544,1.53036,-1.36359,-2.68794,-0.99081,-1.88352,-1.32435,1,0.14696532711946098,Normal
-0.63765,-0.92214,1.35378,-1.78542,1.81485,0.4905,1.62846,-1.38321,-1.88352,-0.31392,-1.99143,-1.79523,1,0.14884420467894888,Normal
-0.73575,-1.68732,1.15758,-2.30535,2.32497,0.36297,1.72656,-2.37402,-2.59965,0.59841,-1.7658,-2.95281,1,0.12296137427691178,Normal
-0.8829,-1.99143,1.06929,-2.8449,1.55979,-1.00062,1.92276,-1.67751,-2.13858,2.03067,-0.91233,-2.97243,1,0.13033489068590576,Normal
-0.90252,-1.35378,1.35378,-1.94238,2.90376,-1.97181,2.17782,-1.84428,-3.22749,3.44331,-2.52117,-3.18825,1,0.09360653330529178,Normal
-1.53036,-2.17782,0.69651,-1.94238,2.26611,-2.50155,1.80504,-1.5696,-1.91295,3.68856,-1.01043,-2.88414,1,0.11338985540102431,Normal
-1.33416,-1.88352,0.48069,-0.2943,1.54998,-0.54936,2.03067,-1.5696,-2.12877,4.62051,-0.69651,-1.6677,1,0.13755421704096438,Normal
-1.26549,-2.38383,0.83385,-1.40283,2.88414,-2.39364,2.17782,-1.81485,-0.90252,4.04172,-0.84366,-1.94238,1,0.1191773111912085,Normal
-1.33416,-1.91295,0.93195,-1.51074,1.75599,-3.60027,2.46231,-2.44269,-1.42245,4.72842,-0.30411,-3.08034,1,0.11901858288117184,Normal
-1.39302,-1.34397,0.40221,-0.07848,0.06867,-3.71799,2.11896,-1.74618,0.65727,4.17906,0.43164,-3.79647,1,0.127928653144683,Normal
-0.43164,-1.77561,1.00062,0.16677,2.33478,-1.2753,2.07972,-2.26611,1.14777,4.27716,0.4905,-3.18825,1,0.13885118633230542,Normal
-0.77499,-0.90252,1.50093,-0.99081,1.57941,-2.02086,2.08953,-1.54998,2.17782,3.26673,-0.64746,-4.07115,1,0.13417345423419486,Normal
0.05886,-0.41202,1.13796,-0.02943,1.72656,-3.56103,1.80504,-0.84366,1.19682,3.45312,-0.4905,-4.52241,1,0.13542239801505007,Normal
-0.47088,-0.02943,0.32373,1.01043,2.13858,-2.93319,1.21644,-0.2943,1.63827,2.97243,0.5886,-5.0031,1,0.1394542895363381,Normal
0.22563,-0.05886,0.51012,1.75599,1.72656,-1.79523,1.16739,1.18701,2.2563,2.0601,-0.4905,-3.96324,1,0.14754138316425353,Normal
0.02943,-0.05886,0.0,1.03986,1.88352,-0.23544,1.31454,0.52974,2.04048,0.3924,-0.07848,-3.54141,1,0.16160600761844246,Normal
0.6867,0.23544,-0.06867,1.95219,0.85347,-0.85347,1.49112,1.44207,2.16801,0.13734,0.60822,-4.54203,1,0.1553705658150376,Normal
0.28449,-0.2943,-0.46107,1.03986,1.43226,1.88352,1.40283,0.77499,3.18825,-1.39302,1.10853,-4.55184,1,0.1469615003707136,Normal
0.55917,0.41202,0.24525,1.62846,2.98224,2.03067,1.53036,2.58984,2.99205,-2.50155,-0.23544,-5.27778,1,0.11721112660815564,Normal
0.18639,0.85347,-0.46107,1.23606,0.85347,2.52117,1.22625,2.14839,3.74742,-2.69775,-1.32435,-6.16068,1,0.1306586115736743,Normal
0.57879,0.28449,-1.00062,1.09872,1.06929,1.70694,1.42245,3.30597,3.42369,-2.65851,-0.55917,-4.78728,1,0.13244897461445915,Normal
0.18639,0.46107,-2.39364,-0.55917,2.5506,4.26735,1.32435,3.71799,3.924,-2.98224,-0.25506,-4.20849,1,0.08491286985727697,Normal
-0.47088,0.51012,-2.16801,0.35316,3.08034,2.08953,1.77561,3.69837,2.8449,-3.18825,-0.75537,-5.07177,1,0.09899362474541334,Normal
-0.89271,-0.77499,-1.90314,-0.12753,1.21644,2.79585,1.88352,3.30597,2.81547,-4.04172,-1.05948,-4.67937,1,0.1028217669292994,Normal
-0.47088,-0.2943,-2.50155,-0.61803,3.09015,2.80566,2.28573,3.69837,1.83447,-3.05091,-0.13734,-3.46293,1,0.09696193414232501,Normal
-0.96138,0.5886,-2.32497,-1.09872,3.6297,1.55979,2.69775,4.07115,2.79585,-3.5316,-0.62784,-2.32497,1,0.08855870444779729,Normal
-1.32435,0.27468,-1.60884,-0.37278,2.42307,1.05948,2.51136,3.96324,2.52117,-4.0221,-0.3924,-4.06134,1,0.10746051245072813,Normal
-1.92276,-0.18639,-1.62846,-0.90252,1.72656,1.98162,2.03067,3.00186,3.49236,-4.01229,-1.11834,-4.36545,1,0.10392354341810939,Normal
-1.6677,1.2753,-2.37402,-2.73699,2.0601,-0.44145,2.21706,3.0411,2.37402,-2.40345,-3.03129,-1.45188,1,0.10250494631458712,Normal
-2.34459,1.58922,-1.99143,-3.0411,3.40407,-0.26487,2.02086,2.95281,1.55979,-2.62908,-1.83447,-1.90314,1,0.10373974766099447,Normal
-2.92338,0.90252,-0.94176,-1.73637,1.36359,-1.11834,1.33416,2.02086,0.8829,-2.71737,-1.38321,-1.92276,1,0.14910519396374394,Normal
-3.14901,0.05886,-0.57879,-2.50155,1.63827,-3.07053,1.16739,1.01043,0.40221,-1.93257,-1.21644,-2.1582,1,0.13809233486070044,Normal
-3.25692,0.66708,-1.68732,-1.77561,2.87433,-3.1392,0.72594,-0.16677,-0.11772,-1.23606,-1.68732,-0.95157,1,0.1269565515704683,Normal
-3.40407,0.72594,-0.87309,-2.08953,1.49112,-3.93381,0.73575,0.04905,-1.10853,-1.59903,-0.99081,-0.81423,1,0.1366919563797067,Normal
-2.99205,0.63765,1.38321,-1.48131,1.09872,-3.64932,0.69651,-0.84366,-0.46107,-1.6677,-0.7848,-1.16739,1,0.1483591026956999,Normal
-2.87433,0.0981,0.60822,-1.53036,1.68732,-3.55122,0.51993,-1.88352,0.1962,-1.25568,-1.52055,-1.82466,1,0.14809767636134363,Normal
-2.943,1.5696,0.61803,-0.00981,0.45126,-2.63889,-0.00981,-2.09934,-1.04967,-0.56898,-2.12877,-1.87371,1,0.150843057936197,Normal
-2.59965,1.52055,1.19682,-0.35316,0.23544,-1.41264,0.04905,-2.7468,-1.71675,-0.4905,-2.1582,-2.68794,1,0.14389288080778762,Normal
-2.82528,1.98162,2.40345,0.89271,-0.28449,-2.60946,0.6867,-3.70818,-1.57941,0.01962,-1.10853,-2.21706,1,0.13026624867986142,Normal
-2.92338,1.83447,1.57941,0.02943,0.70632,-3.3354,0.66708,-4.53222,-2.32497,0.41202,-2.42307,-0.75537,1,0.12185771895141984,Normal
-3.30597,2.52117,0.50031,-0.02943,1.67751,-0.45126,0.81423,-3.8259,-2.00124,1.04967,-1.09872,-0.91233,1,0.1340919738185124,Normal
-3.1392,0.33354,0.8829,0.82404,0.65727,-2.79585,1.19682,-3.99267,-2.49174,1.69713,0.05886,-2.27592,1,0.13318581405333807,Normal
-2.68794,0.06867,0.24525,2.39364,0.48069,-3.83571,1.4715,-2.83509,-0.67689,1.94238,-0.38259,-2.03067,1,0.13265376430101333,Normal
-2.80566,0.54936,0.72594,1.42245,2.68794,-2.37402,1.23606,-3.24711,-0.99081,2.41326,-1.97181,-1.84428,1,0.1251484267622629,Normal
-2.52117,0.6867,0.51993,1.00062,2.3544,-1.59903,1.28511,-2.26611,-0.96138,2.76642,-1.962,-1.97181,1,0.13771673211211372,Normal
-1.98162,0.17658,0.83385,2.37402,-0.25506,-3.70818,1.73637,-2.77623,-0.26487,2.87433,-1.46169,-0.981,1,0.13170384321489176,Normal
-1.7658,-1.84428,0.80442,1.43226,1.43226,-4.23792,2.09934,-2.40345,0.15696,3.54141,-1.73637,0.67689,1,0.12603144772737862,Normal
-1.72656,-1.64808,-0.06867,0.07848,1.44207,-2.95281,1.95219,-2.03067,-0.3924,3.30597,-1.88352,0.27468,1,0.13697952605797326,Normal
-1.69713,-2.38383,-0.46107,-0.59841,0.95157,-2.78604,1.48131,-1.46169,-0.46107,3.09996,-2.07972,0.51993,1,0.14621913809990583,Normal
-1.16739,-3.41388,0.23544,-0.30411,0.99081,-3.6297,2.04048,-0.62784,-0.02943,2.40345,-1.58922,0.10791,1,0.14024144206098127,Normal
-0.35316,-3.69837,-0.4905,0.27468,1.99143,-2.79585,1.61865,-0.75537,0.67689,1.61865,-2.09934,0.97119,1,0.13996096220592047,Normal
-0.83385,-4.16925,-0.21582,-1.39302,1.20663,-3.15882,0.75537,-0.07848,0.07848,1.0791,-3.99267,-1.34397,1,0.12583618812618586,Normal
-0.61803,-4.6107,0.03924,-1.48131,1.23606,-2.42307,1.20663,0.36297,0.17658,-0.80442,-2.88414,-0.94176,1,0.14837200492935826,Normal
-0.1962,-3.75723,-0.22563,-0.59841,1.00062,-0.85347,1.4715,0.28449,1.1772,-0.99081,-1.88352,-1.83447,1,0.15926984293644714,Normal
0.03924,-3.26673,-0.21582,-0.06867,1.04967,-2.27592,1.7658,0.76518,1.62846,-1.77561,-2.56041,-2.48193,1,0.1489879292616214,Normal
0.05886,-2.65851,-0.50031,-2.68794,0.2943,1.45188,0.80442,0.53955,0.26487,-2.37402,-2.38383,-2.38383,1,0.14444077743848177,Normal
-0.14715,-4.4145,-0.12753,-1.82466,0.01962,1.03005,1.53036,1.12815,-0.08829,-4.08096,-2.68794,-2.31516,1,0.1328710362361208,Normal
-0.00981,-2.65851,-0.52974,-1.22625,0.85347,2.42307,2.09934,0.65727,1.62846,-3.96324,-1.41264,-2.1582,1,0.1375153774033958,Normal
-0.12753,-3.71799,-0.91233,-1.54017,0.96138,1.25568,1.49112,1.1772,1.38321,-4.93443,-1.87371,-3.14901,1,0.13183240847953998,Normal
-0.59841,-2.49174,-1.15758,-1.57941,-0.64746,1.91295,0.84366,1.93257,0.84366,-5.93505,-1.4715,-3.22749,1,0.12976475268039955,Normal
-0.72594,-2.02086,-0.60822,-0.07848,1.67751,0.3924,1.57941,3.78666,1.52055,-6.63156,-1.57941,-4.29678,1,0.11171455894128968,Normal
-0.59841,-1.10853,-1.1772,1.08891,1.53036,1.61865,2.0601,3.25692,1.89333,-6.5727,-0.37278,-3.73761,1,0.11921446799074475,Normal
-1.1772,-1.26549,-0.93195,-0.18639,0.65727,-0.97119,1.79523,3.17844,1.18701,-5.75847,-0.73575,-3.11958,1,0.13614184210299712,Normal
-1.53036,0.44145,-1.2753,-0.90252,2.0601,-0.24525,1.61865,2.82528,0.97119,-5.01291,2.01105,-3.40407,1,0.13171505653189908,Normal
-1.80504,0.01962,-1.03986,-0.56898,2.23668,-1.33416,1.6677,2.98224,0.51993,-4.3164,1.36359,-2.32497,1,0.1370631349868292,Normal
-2.12877,-0.28449,-0.84366,-0.4905,1.1772,-2.42307,1.78542,2.18763,-0.03924,-2.66832,0.07848,-2.85471,1,0.1505481655933132,Normal
-1.98162,-1.12815,-0.67689,-2.19744,1.50093,-1.01043,1.43226,1.58922,0.27468,-1.09872,0.38259,-1.8639,1,0.15412953333190488,Normal
-2.29554,-1.71675,-0.7848,-2.62908,1.26549,-3.32559,1.65789,1.31454,-0.08829,-1.2753,-0.31392,-1.57941,1,0.1348207748412859,Normal
-2.29554,-1.74618,-0.0981,-1.73637,2.36421,-6.06258,1.34397,1.58922,-0.21582,-0.07848,-0.03924,-2.22687,1,0.12429040830652999,Normal
-2.65851,-1.69713,0.33354,-1.67751,0.51993,-3.24711,0.63765,0.18639,-0.96138,0.51993,-0.35316,-1.69713,1,0.1430208217419201,Normal
-2.41326,-0.45126,0.981,-1.41264,1.15758,-4.85595,0.4905,-0.30411,-0.96138,1.54998,1.73637,-0.25506,1,0.13803879453945733,Normal
-2.72718,-0.63765,1.40283,-1.40283,1.46169,-7.29864,0.46107,-1.18701,-1.12815,2.50155,-0.46107,-0.52974,1,0.10282569634129307,Normal
-2.72718,-0.92214,2.03067,-3.49236,2.08953,-5.1012,0.12753,-1.52055,-1.97181,3.76704,-0.70632,-1.95219,1,0.09060183387869758,Normal
-2.99205,-0.45126,1.92276,-2.51136,0.3924,-3.42369,0.18639,-2.77623,-3.29616,3.47274,-1.31454,-1.82466,1,0.09801463836243135,Normal
-3.14901,-0.83385,2.16801,-2.69775,1.28511,-4.35564,-0.31392,-2.5506,-2.37402,5.50341,-0.83385,-0.52974,1,0.0962479110306691,Normal
-2.85471,-2.07972,2.28573,-2.2563,-0.8829,-4.95405,0.40221,-3.29616,-2.98224,5.52303,-1.962,-0.34335,1,0.08698892099348438,Normal
-2.32497,-2.81547,2.72718,-0.61803,-0.52974,-2.59965,0.01962,-2.97243,-2.70756,5.53284,-1.21644,1.38321,1,0.10971619309240432,Normal
-2.58003,-0.94176,1.81485,0.71613,-0.44145,-5.41512,-0.24525,-3.77685,-2.57022,5.32683,-0.89271,0.8829,1,0.09466793768320758,Normal
-2.50155,-0.96138,1.99143,0.24525,0.8829,-5.26797,0.50031,-2.50155,-1.90314,5.07177,-0.47088,1.97181,1,0.10819944456647757,Normal
-1.6677,-0.47088,2.1582,0.26487,-0.03924,-4.82652,0.54936,-1.14777,-1.65789,4.85595,-0.46107,1.1772,1,0.11546481662226193,Normal
-1.23606,0.33354,1.83447,0.46107,0.50031,-4.85595,0.32373,-1.58922,-1.95219,4.54203,-0.46107,2.17782,1,0.13028716829340375,Normal
-1.25568,0.86328,0.61803,0.4905,0.28449,-4.07115,1.29492,-0.82404,-2.3544,5.14044,0.20601,1.85409,1,0.13385025100576686,Normal
-0.7848,1.69713,0.31392,0.30411,1.39302,-0.75537,0.32373,-0.3924,-1.11834,4.56165,-0.84366,1.80504,1,0.15371565064151183,Normal
-0.1962,-0.00981,0.69651,0.87309,0.76518,1.20663,1.03986,0.21582,-2.41326,4.26735,-1.26549,2.09934,1,0.14893132660569525,Normal
0.15696,-0.16677,-0.13734,0.62784,-0.57879,-2.04048,1.02024,-0.80442,-2.08953,3.38445,-2.36421,3.25692,1,0.1422016877033458,Normal
0.43164,-0.59841,-0.61803,-0.8829,0.33354,-3.00186,0.981,0.45126,-1.00062,3.06072,-3.54141,3.31578,1,0.13560057678788856,Normal
0.79461,-0.03924,-1.15758,-0.32373,0.17658,-0.79461,1.22625,0.59841,-0.22563,1.87371,-2.90376,2.51136,1,0.1538186137471817,Normal
1.54998,-0.96138,-1.64808,-0.8829,-1.28511,-0.66708,1.01043,1.09872,-0.57879,1.20663,-3.0411,2.41326,1,0.14569776839083587,Normal
1.36359,-0.64746,-1.65789,-0.43164,-0.7848,-4.54203,1.03005,-0.08829,0.84366,-0.08829,-1.92276,0.89271,1,0.1472419507156828,Normal
1.44207,-0.62784,-1.18701,-0.80442,-0.35316,-1.79523,0.93195,1.06929,0.03924,-0.31392,-2.0601,1.1772,1,0.16642940404208817,Normal
0.99081,-1.98162,-1.81485,-2.8449,-0.55917,0.83385,0.34335,0.50031,1.55979,-1.18701,-3.4335,-0.69651,1,0.1320177635155506,Normal
0.51012,-1.59903,-1.45188,-0.60822,-2.62908,1.45188,0.59841,1.29492,0.60822,-1.28511,-2.97243,-1.46169,1,0.14559219423581438,Normal
0.04905,-0.8829,-1.2753,-0.95157,-0.75537,-0.95157,0.71613,0.4905,1.31454,-1.09872,-2.77623,-1.45188,1,0.1564582218724671,Normal
0.2943,0.70632,-0.79461,-0.70632,-1.52055,0.02943,0.07848,0.80442,1.40283,-2.21706,-3.31578,-0.63765,1,0.15165582518582665,Normal
-0.55917,1.00062,-1.13796,-1.25568,-1.85409,-1.06929,0.59841,0.92214,1.64808,-2.99205,-2.81547,-2.12877,1,0.14825660416253567,Normal
-0.59841,1.28511,-1.71675,0.57879,-2.70756,0.32373,0.59841,0.89271,1.55979,-3.26673,-2.57022,-0.83385,1,0.13711192861694338,Normal
-1.18701,1.59903,-0.63765,-0.28449,-2.53098,-4.42431,0.57879,0.28449,2.30535,-3.2373,-2.13858,-0.13734,1,0.13747436928130569,Normal
-1.8639,2.48193,-0.3924,-0.18639,-1.62846,-2.29554,0.71613,1.79523,2.72718,-3.14901,-1.5696,-1.81485,1,0.14333329862342337,Normal
-2.63889,2.33478,-0.44145,-0.90252,-1.95219,-2.11896,0.80442,3.84552,2.75661,-3.14901,-0.44145,-2.24649,1,0.12777623016928646,Normal
-3.03129,2.32497,-0.02943,1.35378,-3.09996,-0.94176,1.20663,2.53098,1.33416,-2.51136,0.40221,-2.67813,1,0.1426189684541329,Normal
-3.75723,1.49112,0.26487,1.69713,-0.86328,-2.59965,1.51074,3.60027,1.79523,-1.64808,-0.08829,-1.65789,1,0.1389383991899214,Normal
-3.89457,2.04048,0.17658,1.40283,-1.63827,-2.60946,1.63827,4.27716,1.61865,-0.96138,0.21582,-1.75599,1,0.132529431541214,Normal
-3.89457,2.81547,-0.27468,0.79461,-2.02086,-0.28449,1.06929,4.59108,1.65789,-0.74556,-0.72594,-0.90252,1,0.1334260903389246,Normal
-3.83571,4.74804,0.11772,1.5696,-2.02086,-1.31454,1.34397,2.59965,1.0791,0.23544,-0.37278,-0.37278,1,0.1393223807763454,Normal
-4.35564,4.06134,0.31392,-0.2943,-0.81423,-1.11834,1.57941,3.20787,1.87371,0.89271,-0.50031,1.94238,1,0.12385321388161186,Normal
-3.77685,4.40469,-0.20601,1.09872,-0.60822,-2.37402,1.16739,2.23668,1.04967,0.85347,0.15696,1.03986,1,0.14631285603290944,Normal
-4.44393,3.3354,0.50031,1.09872,-1.75599,0.38259,0.92214,2.40345,0.94176,1.73637,1.40283,-0.07848,1,0.1332669949082016,Normal
-4.07115,2.61927,1.14777,-0.25506,-0.981,-1.13796,1.01043,1.31454,0.13734,2.53098,-0.31392,-0.57879,1,0.13669358907625734,Normal
-3.74742,1.77561,0.7848,0.02943,-0.59841,1.59903,1.15758,1.44207,-0.04905,3.09996,-0.0981,-0.38259,1,0.1371404771759137,Normal
-3.47274,2.12877,0.45126,1.51074,-0.47088,2.10915,1.01043,0.65727,-0.24525,3.4335,-0.54936,0.0,1,0.134619143696748,Normal
-3.1392,1.65789,2.10915,-0.06867,0.50031,1.38321,0.51012,-0.42183,0.01962,2.92338,-1.03005,0.04905,1,0.1385531811980072,Normal
-2.78604,1.81485,1.77561,-0.77499,0.92214,0.77499,0.74556,-1.28511,-0.06867,3.15882,-2.63889,0.56898,1,0.13293822970403457,Normal
-2.75661,1.30473,1.72656,-0.45126,0.66708,0.48069,1.33416,-1.85409,0.06867,3.60027,-0.36297,1.04967,1,0.1415505298555026,Normal
-2.2563,1.01043,2.11896,-0.8829,1.04967,-1.21644,0.91233,-1.62846,-0.34335,3.24711,-0.76518,0.72594,1,0.1388020726117934,Normal
-2.06991,-0.38259,3.03129,-0.60822,1.6677,0.74556,1.13796,-1.71675,-0.02943,2.76642,-0.42183,1.49112,1,0.1462216363059905,Normal
-1.42245,-1.68732,2.5506,1.62846,0.67689,0.34335,1.54998,-2.09934,-0.63765,3.11958,-0.84366,1.78542,1,0.1417234286960402,Normal
-1.08891,-1.78542,3.20787,1.12815,1.60884,1.93257,1.58922,-2.44269,-1.36359,2.04048,-0.59841,2.38383,1,0.13632938453498877,Normal
-0.10791,-3.44331,2.18763,1.962,1.24587,-1.71675,1.21644,-2.22687,-1.55979,2.5506,-1.63827,1.0791,1,0.14057078915319188,Normal
-0.01962,-3.09015,3.21768,1.29492,1.75599,-0.28449,1.3734,-1.73637,-1.92276,0.95157,-0.61803,1.51074,1,0.1441015475320674,Normal
0.43164,-4.44393,1.83447,1.85409,2.76642,-0.43164,1.54017,-2.34459,-2.39364,1.39302,-0.82404,1.58922,1,0.11693826984649602,Normal
1.11834,-3.60027,0.99081,1.81485,2.99205,-0.66708,2.09934,-2.43288,-3.25692,1.2753,-0.89271,2.02086,1,0.10748366661087294,Normal
1.94238,-3.15882,0.52974,0.26487,1.33416,-2.5506,1.52055,-1.23606,-2.69775,-0.17658,-0.79461,2.30535,1,0.13582327644548842,Normal
1.21644,-3.11958,0.85347,1.35378,2.61927,-0.23544,1.0791,-1.95219,-1.95219,-0.37278,-0.80442,2.70756,1,0.14124723912949116,Normal
0.84366,-3.78666,-0.02943,3.86514,1.69713,-0.43164,2.17782,-1.08891,-2.40345,-0.35316,-0.27468,2.0601,1,0.12565033744186155,Normal
1.2753,-1.7658,0.0,2.87433,0.8829,-0.54936,1.11834,-0.72594,-1.962,-1.01043,0.10791,0.84366,1,0.1586531792246209,Normal
1.19682,-1.71675,-0.35316,0.87309,0.0981,-0.79461,1.48131,-0.93195,-1.63827,-1.01043,-1.18701,1.89333,1,0.1621383475437318,Normal
0.71613,-2.1582,-1.97181,3.14901,0.33354,-0.22563,1.34397,-0.91233,-1.49112,-2.02086,0.2943,1.06929,1,0.146048469014478,Normal
0.46107,-2.76642,-1.16739,2.76642,-0.5886,-2.34459,1.49112,-0.51993,-1.61865,-1.88352,-0.86328,1.42245,1,0.14274849375774662,Normal
0.69651,-2.39364,-2.09934,0.28449,-1.20663,-3.17844,1.41264,-0.77499,-1.06929,-1.69713,-1.45188,0.55917,1,0.14661262688354743,Normal
-0.20601,-2.44269,-1.92276,-1.22625,-1.24587,-2.66832,1.35378,-0.31392,-1.32435,-0.92214,-1.11834,0.21582,1,0.1477101271786806,Normal
-1.02024,-2.92338,-1.54017,-0.46107,-1.06929,-2.71737,1.30473,-0.31392,-0.25506,-1.80504,0.11772,-0.5886,1,0.15572392716964245,Normal
-1.49112,-3.51198,-1.05948,0.2943,-1.0791,-2.1582,1.52055,0.53955,-0.69651,-0.6867,0.3924,-2.37402,1,0.1464497968108761,Normal
-1.77561,-1.16739,-0.95157,-0.85347,-2.21706,-1.72656,1.30473,1.28511,0.3924,-0.981,0.96138,-2.5506,1,0.1506066847467536,Normal
-3.15882,-2.1582,-1.14777,-0.981,-1.4715,-2.04048,1.6677,1.28511,0.4905,-0.25506,0.81423,-1.67751,1,0.14307417463319944,Normal
-3.16863,-2.49174,-1.23606,-0.00981,-0.72594,-2.69775,1.63827,1.70694,0.05886,0.79461,0.96138,-1.69713,1,0.13803989334402106,Normal
-3.45312,-1.44207,0.13734,1.0791,-1.34397,-1.77561,1.03986,2.72718,0.6867,1.50093,1.35378,-3.6297,1,0.1369656539148118,Normal
-3.08034,-1.78542,0.51012,-0.46107,-1.31454,-2.09934,1.4715,1.89333,1.40283,2.10915,0.26487,-4.23792,1,0.13214365903307568,Normal
-3.71799,-2.39364,-0.20601,-0.63765,0.43164,-3.20787,1.6677,1.58922,1.00062,2.43288,0.61803,-3.27654,1,0.11857850114238605,Normal
-3.88476,-1.99143,0.46107,-0.55917,-0.28449,-1.04967,1.6677,1.80504,1.06929,2.87433,0.85347,-3.29616,1,0.12558973963597486,Normal
-3.25692,-0.2943,1.42245,0.71613,0.08829,-1.03986,1.4715,1.08891,1.00062,2.44269,0.06867,-3.17844,1,0.14070999927474975,Normal
-3.22749,1.08891,1.52055,0.21582,-0.99081,-2.81547,1.12815,0.90252,1.70694,3.25692,0.25506,-3.90438,1,0.12614016121447252,Normal
-3.00186,1.28511,1.35378,0.62784,-0.38259,-0.77499,0.981,1.01043,0.69651,2.47212,0.59841,-2.39364,1,0.14968454401553233,Normal
-2.943,1.99143,1.15758,2.17782,0.53955,-1.84428,1.2753,0.91233,0.48069,3.51198,0.72594,-2.2563,1,0.14167350470356055,Normal
-2.29554,1.20663,2.72718,3.28635,1.22625,-0.6867,0.7848,0.05886,1.0791,2.82528,0.55917,-2.22687,1,0.1373700492706849,Normal
-2.08953,1.03986,1.34397,2.33478,-0.24525,0.54936,1.31454,-0.13734,1.08891,2.2563,1.01043,-1.2753,1,0.15092884170584703,Normal
-1.43226,0.06867,1.36359,2.0601,0.67689,1.61865,1.08891,-0.08829,0.5886,2.68794,1.29492,-1.1772,1,0.16542043379318566,Normal
-1.11834,0.76518,1.29492,1.73637,-0.70632,-0.77499,1.2753,-1.67751,0.33354,2.79585,-1.15758,0.0,1,0.15604625715339576,Normal
-0.83385,0.46107,1.84428,1.93257,0.27468,3.01167,1.08891,-2.00124,0.05886,1.64808,-1.38321,-0.64746,1,0.16013151960340782,Normal
-0.44145,-0.01962,1.23606,0.62784,-0.54936,2.2563,1.02024,-1.60884,-0.24525,1.57941,0.67689,2.63889,1,0.1659619541308588,Normal
-0.2943,-0.79461,1.3734,0.8829,0.1962,3.97305,1.52055,-1.79523,-1.22625,1.87371,1.14777,2.40345,1,0.1469457175700496,Normal
0.34335,-0.86328,1.65789,2.75661,1.11834,2.75661,1.13796,-2.4525,-1.59903,1.26549,0.36297,4.24773,1,0.14559259351287512,Normal
0.53955,-2.28573,1.87371,2.16801,0.11772,4.20849,1.52055,-1.55979,-0.82404,0.62784,-0.77499,3.03129,1,0.12433281469042035,Normal
0.65727,-2.4525,0.7848,1.18701,0.31392,5.21892,2.0601,-0.64746,-2.00124,0.40221,0.77499,3.19806,1,0.1176976657620028,Normal
0.75537,-3.18825,1.40283,1.29492,2.4525,5.33664,2.05029,-1.25568,-1.90314,1.68732,0.67689,5.45436,1,0.10058908398039662,Normal
0.60822,-3.37464,0.31392,2.58984,1.24587,6.23916,1.99143,-1.58922,-1.2753,1.31454,-0.25506,3.17844,1,0.09378101689905155,Normal
0.94176,-3.02148,0.73575,2.28573,0.04905,5.60151,1.84428,-1.42245,-2.86452,0.44145,-0.00981,3.50217,1,0.094249130194196,Normal
1.19682,-3.40407,1.35378,1.59903,1.25568,2.04048,1.65789,-0.90252,-2.32497,0.53955,-0.14715,4.00248,1,0.14192166752120572,Normal
1.1772,-1.88352,1.34397,2.6487,1.50093,1.84428,1.57941,-1.16739,-2.85471,1.05948,1.12815,6.84738,1,0.1297364393923791,Normal
1.40283,-0.31392,0.66708,4.47336,1.09872,1.16739,1.39302,-0.70632,-2.67813,0.43164,0.38259,5.84676,1,0.13190512032271545,Normal
0.97119,-0.99081,0.53955,2.943,0.06867,-1.962,1.42245,-0.54936,-1.69713,-0.0981,0.84366,3.10977,1,0.1537347025050646,Normal
1.30473,-0.11772,0.77499,2.71737,0.62784,-1.35378,1.13796,0.32373,-1.23606,-0.69651,-0.07848,3.96324,1,0.1599010794512058,Normal
0.73575,1.54998,0.50031,2.33478,0.91233,0.6867,0.81423,-0.77499,-0.75537,-0.3924,0.17658,4.26735,1,0.1641274019238313,Normal
0.48069,2.16801,0.2943,0.76518,-0.21582,-1.88352,0.62784,-1.06929,-0.3924,-0.5886,0.1962,2.7468,1,0.1715702238403884,Normal
-0.22563,3.21768,0.48069,0.56898,-0.42183,-1.74618,0.59841,-0.85347,0.25506,-0.46107,0.55917,1.79523,1,0.17061153671831775,Normal
-0.32373,3.28635,1.57941,1.78542,-1.38321,-2.79585,0.33354,-1.11834,1.16739,-0.99081,2.02086,3.10977,1,0.14590111795568883,Normal
-0.73575,3.89457,0.35316,1.08891,-1.63827,-3.12939,0.67689,-1.2753,0.37278,0.15696,1.23606,3.86514,1,0.15254858898797474,Normal
-0.79461,3.95343,0.34335,-0.43164,-2.41326,-4.0221,0.03924,-0.27468,0.95157,-0.89271,0.05886,1.52055,1,0.14952341649942286,Normal
-0.94176,3.40407,0.52974,-0.31392,-2.86452,-4.15944,-0.05886,0.65727,0.95157,-0.77499,0.73575,1.7658,1,0.14547948274979244,Normal
-1.20663,3.28635,0.57879,-1.01043,-3.26673,-2.16801,0.06867,-0.08829,1.55979,0.33354,0.24525,1.7658,1,0.13831411453048215,Normal
-2.22687,3.03129,0.89271,-0.71613,-1.91295,-0.5886,-0.15696,0.61803,1.91295,1.24587,-0.20601,-0.50031,1,0.1423841357575743,Normal
-2.49174,2.36421,0.08829,-3.64932,-1.83447,-1.64808,0.03924,1.02024,3.18825,1.06929,0.3924,-1.38321,1,0.1227391173029897,Normal
-2.26611,2.63889,-0.14715,-3.5316,-2.34459,-0.44145,-0.1962,0.77499,3.91419,1.50093,0.45126,-1.73637,1,0.11008104892524861,Normal
-2.41326,1.54017,1.41264,-2.90376,-3.00186,0.65727,-0.26487,-0.41202,3.11958,2.32497,-0.38259,-0.5886,1,0.10839820991224453,Normal
-2.92338,1.4715,0.51993,-3.32559,-2.16801,-0.06867,-0.43164,0.37278,2.57022,2.61927,-0.50031,-0.81423,1,0.11824469055067727,Normal
-2.22687,1.49112,-0.46107,-3.70818,-2.00124,-2.07972,-0.64746,1.51074,2.41326,2.87433,-0.69651,-1.33416,1,0.12075300041313664,Normal
-1.99143,2.43288,0.96138,-1.01043,-0.92214,-0.52974,-0.94176,1.45188,2.58003,3.09015,0.43164,1.20663,1,0.1357839999199646,Normal
-2.20725,1.38321,0.51012,0.26487,-1.13796,0.06867,-0.5886,0.87309,0.61803,3.19806,-1.01043,-0.35316,1,0.15313155180713317,Normal
-1.4715,1.45188,0.23544,-1.09872,0.57879,0.14715,-1.33416,2.31516,1.09872,3.49236,-0.2943,-0.71613,1,0.15470834418189178,Normal
-1.79523,1.51074,0.55917,-2.48193,1.14777,-2.48193,-1.4715,1.23606,1.29492,4.57146,0.59841,-1.92276,1,0.1283726388307469,Normal
-1.09872,1.82466,0.81423,-0.96138,-0.11772,1.09872,-1.3734,0.8829,1.26549,3.86514,0.83385,0.99081,1,0.159292689685902,Normal
-0.59841,1.74618,1.71675,1.09872,-1.1772,2.00124,-0.59841,0.08829,1.05948,4.27716,-0.77499,0.51993,1,0.16191841808630836,Normal
-0.4905,1.89333,1.23606,0.92214,1.38321,2.83509,-0.40221,0.36297,0.70632,2.97243,1.38321,1.3734,1,0.16793374219643664,Normal
0.73575,2.52117,1.14777,2.47212,-0.41202,0.8829,-0.48069,-0.92214,0.81423,2.36421,1.60884,3.97305,1,0.1542665729536758,Normal
0.51993,2.58003,0.76518,4.73823,-0.95157,2.13858,-0.40221,-0.45126,0.27468,1.75599,1.81485,5.04234,1,0.1413989703670563,Normal
0.51012,2.05029,0.44145,3.86514,-0.8829,3.32559,-0.15696,-0.81423,-0.38259,1.58922,1.80504,3.99267,1,0.15262075019148963,Normal
0.70632,0.92214,0.36297,4.64994,-1.55979,2.31516,0.00981,-0.96138,-0.59841,1.13796,1.84428,4.65975,1,0.13290758486859888,Normal
1.05948,0.46107,-0.20601,4.48317,-0.02943,2.04048,0.75537,-1.58922,-1.06929,0.91233,2.04048,5.886,1,0.13974484066470066,Normal
1.00062,-0.77499,0.02943,4.95405,-0.99081,6.16068,0.90252,-1.18701,-2.04048,0.66708,1.90314,4.85595,1,0.09537229769756078,Normal
0.6867,-2.75661,-0.2943,4.0221,-2.36421,4.91481,1.21644,-1.55979,-1.71675,1.30473,2.96262,4.42431,1,0.08847049747676977,Normal
0.6867,-4.00248,-0.72594,4.78728,0.92214,7.53408,1.78542,-1.32435,-1.06929,1.02024,2.41326,5.64075,1,0.07011343126053499,Normal
0.57879,-3.55122,-1.15758,5.08158,-2.39364,6.05277,2.03067,-0.95157,-1.67751,0.981,3.31578,5.69961,1,0.04454150422266845,Normal
0.51012,-3.69837,-0.44145,4.94424,-2.54079,5.03253,1.80504,-0.57879,-0.77499,0.26487,3.16863,4.62051,1,0.06998596724168599,Normal
0.40221,-3.08034,-0.91233,3.28635,-2.33478,5.886,1.13796,0.0,-1.04967,0.86328,3.34521,5.54265,1,0.07028341302366431,Normal
0.1962,-4.0221,-1.962,4.33602,-2.08953,6.01353,0.54936,0.56898,-0.56898,0.12753,2.82528,4.63032,1,0.07358112693146557,Normal
-0.02943,-3.09015,-1.65789,3.22749,-0.75537,2.81547,0.51993,1.00062,-1.65789,0.51993,2.00124,4.67937,1,0.13062049808310644,Normal
-0.34335,-3.71799,-1.10853,3.35502,0.14715,3.69837,0.34335,1.67751,-1.21644,1.59903,2.89395,3.7278,1,0.1236354907041386,Normal
-0.83385,-3.4335,-0.36297,0.70632,-1.59903,3.42369,0.13734,2.32497,-1.88352,2.77623,3.3354,2.06991,1,0.1215484401397155,Normal
-1.24587,-3.54141,-1.39302,1.25568,-0.01962,2.943,0.36297,2.24649,-0.1962,2.1582,3.29616,1.42245,1,0.1370084692998197,Normal
-1.11834,-1.82466,-1.82466,0.59841,-1.11834,0.24525,-0.06867,2.38383,-0.44145,1.62846,2.40345,0.57879,1,0.15282409604749786,Normal
-1.12815,-1.12815,-0.41202,0.86328,-1.2753,-0.11772,-0.5886,2.80566,0.85347,1.78542,3.77685,1.58922,1,0.1436050826166908,Normal
-1.33416,-0.91233,0.36297,-1.41264,-1.73637,-0.26487,-1.06929,2.90376,0.44145,1.45188,2.37402,1.09872,1,0.1507986565100891,Normal
-1.73637,0.0,-0.37278,-0.83385,-1.25568,1.7658,-1.23606,2.24649,2.13858,1.70694,1.90314,1.92276,1,0.1412656620766345,Normal
-2.05029,0.14715,-0.18639,0.21582,-1.15758,-0.00981,-0.8829,1.57941,2.1582,-0.10791,2.06991,-0.17658,1,0.1553476627766467,Normal
-0.99081,-0.82404,0.33354,-0.55917,-1.72656,0.85347,-1.0791,2.29554,3.14901,0.32373,1.70694,0.17658,1,0.13823707766821108,Normal
-1.82466,-0.79461,0.46107,-2.34459,-2.32497,2.85471,-0.81423,0.51993,1.58922,0.38259,0.59841,-1.50093,1,0.13516537818063717,Normal
-1.63827,-0.76518,-0.04905,-0.25506,-1.63827,4.00248,-0.15696,-0.13734,2.3544,0.64746,0.95157,-1.32435,1,0.1434182963425233,Normal
-1.05948,-1.57941,0.18639,-0.42183,-1.42245,1.13796,0.13734,-0.3924,1.87371,0.23544,1.16739,-1.45188,1,0.16199561202806112,Normal
-1.24587,-2.3544,1.03005,-1.48131,-0.99081,2.98224,0.40221,-0.89271,1.49112,-0.25506,1.19682,0.57879,1,0.1576227645764119,Normal
-1.11834,-1.09872,0.34335,-2.17782,-2.32497,5.55246,0.34335,-0.93195,1.39302,0.57879,0.45126,0.77499,1,0.11542958237019108,Normal
-1.01043,-0.84366,-0.55917,-0.06867,-2.20725,6.46479,0.60822,-1.11834,2.58984,0.5886,-0.02943,1.65789,1,0.1019054243867159,Normal
-0.5886,-0.92214,-0.44145,-0.22563,-1.1772,5.20911,0.60822,-1.02024,1.51074,-0.08829,0.16677,1.92276,1,0.1360575440811015,Normal
-0.24525,-2.54079,-0.26487,-0.04905,-0.31392,5.44455,0.48069,0.31392,1.05948,-0.06867,-0.1962,2.95281,1,0.1291342588253085,Normal
-0.77499,-2.2563,-0.24525,0.63765,-1.89333,6.95529,0.84366,-0.31392,-0.60822,0.21582,0.02943,2.30535,1,0.10638031682117172,Normal
-0.57879,-2.31516,-0.00981,1.44207,-1.70694,6.66099,1.16739,-0.03924,0.91233,-0.66708,0.36297,2.09934,1,0.11181878344516061,Normal
0.10791,-0.55917,0.15696,0.2943,-0.38259,2.67813,0.89271,0.54936,-0.50031,0.55917,0.60822,1.57941,1,0.17065159982752304,Normal
-0.17658,0.02943,0.17658,0.67689,0.25506,2.05029,0.85347,0.90252,-0.59841,-0.37278,-0.06867,0.83385,1,0.1746516852733212,Normal
-0.981,0.24525,0.40221,1.0791,-1.49112,2.53098,0.55917,0.62784,-1.00062,-0.24525,0.74556,0.0,1,0.16922165310012877,Normal
0.42183,1.4715,-0.44145,1.80504,0.71613,2.39364,0.76518,1.61865,-0.23544,-0.0981,0.60822,2.86452,1,0.17113433830806124,Normal
0.3924,1.8639,0.77499,1.97181,0.65727,2.93319,-0.03924,0.56898,-1.25568,-0.83385,2.16801,1.50093,1,0.16531891312920233,Normal
0.04905,2.23668,-0.24525,5.18949,0.43164,3.16863,0.30411,0.16677,-1.49112,-1.49112,2.21706,2.86452,1,0.1393825138365667,Normal
0.48069,1.61865,0.84366,4.36545,-0.41202,4.63032,0.2943,0.12753,-2.13858,-1.44207,1.24587,0.42183,1,0.13626789136214207,Normal
0.51993,0.83385,0.64746,4.84614,0.21582,3.86514,0.51993,0.00981,-2.02086,-1.54017,2.48193,1.87371,1,0.12733660290492937,Normal
0.08829,0.59841,0.91233,5.07177,1.28511,4.24773,0.66708,-0.86328,-2.16801,-2.53098,2.81547,-0.81423,1,0.12026056926569373,Normal
-0.0981,-0.10791,0.63765,5.67999,-0.42183,3.0411,0.97119,-1.92276,-1.40283,-2.5506,3.01167,-1.0791,1,0.1229719836990128,Normal
0.03924,0.74556,1.03005,4.00248,-1.92276,2.71737,1.00062,-1.13796,-2.23668,-2.23668,0.08829,-0.35316,1,0.13551551308524024,Normal
0.62784,1.03005,1.13796,5.44455,-0.0981,2.10915,0.86328,-1.77561,-1.54017,-2.59965,0.51993,0.34335,1,0.14269019724135024,Normal
0.73575,1.13796,0.0,5.45436,0.74556,4.44393,1.02024,-2.85471,-2.67813,-2.36421,0.74556,1.38321,1,0.10632517304610972,Normal
0.36297,0.53955,0.51012,5.47398,-0.50031,5.37588,1.32435,-1.92276,-2.79585,-1.57941,0.48069,2.28573,1,0.09542484882626284,Normal
0.56898,1.21644,0.45126,3.69837,-1.70694,2.79585,1.75599,-0.75537,-2.71737,-0.93195,0.37278,4.5126,1,0.1178013351512025,Normal
0.56898,1.42245,-0.75537,4.905,-2.51136,4.3164,1.962,-0.75537,-1.68732,-1.68732,0.92214,3.11958,1,0.09971890827853858,Normal
0.50031,2.82528,-1.18701,4.49298,-1.55979,4.42431,1.99143,-1.08891,-2.02086,-1.34397,0.77499,2.58003,1,0.10959471981416785,Normal
-0.02943,3.22749,-1.19682,1.65789,-3.1392,1.40283,1.23606,-0.13734,-1.19682,-1.25568,0.27468,2.11896,1,0.14302753853919392,Normal
0.17658,2.76642,-0.47088,0.51012,-2.97243,2.23668,1.52055,0.65727,-1.99143,-2.0601,0.36297,1.45188,1,0.14198852682336832,Normal
0.60822,3.58065,-0.7848,2.19744,-1.16739,-0.0981,1.48131,1.15758,-0.90252,-2.29554,-0.56898,0.35316,1,0.15997426175079787,Normal
-0.03924,2.89395,-1.53036,0.52974,-2.0601,0.23544,0.93195,1.23606,-0.20601,-1.63827,-1.63827,0.90252,1,0.16109431769337523,Normal
0.42183,3.59046,-1.70694,-1.65789,-3.78666,0.74556,0.48069,1.53036,0.80442,-1.34397,-1.62846,0.8829,1,0.14461137066234603,Normal
0.32373,3.77685,-1.62846,-0.34335,-0.36297,-1.78542,0.37278,2.2563,0.61803,-1.18701,-1.962,1.54998,1,0.1595558528376716,Normal
-0.01962,3.05091,-1.63827,0.74556,-1.74618,-1.02024,0.62784,1.50093,0.23544,-0.76518,-2.05029,1.52055,1,0.16039065549994386,Normal
-0.52974,3.03129,-1.33416,-2.27592,-2.1582,-0.05886,-0.18639,1.28511,0.4905,0.41202,-1.11834,0.72594,1,0.15258498466194054,Normal
-0.25506,3.96324,-1.33416,-2.20725,-1.08891,-0.99081,-0.65727,1.42245,1.70694,0.27468,-0.47088,0.07848,1,0.1524077459086116,Normal
-0.61803,4.52241,-1.01043,-2.50155,-0.76518,-1.06929,-0.54936,0.59841,1.63827,0.65727,-1.40283,0.96138,1,0.1480270674520151,Normal
-0.18639,3.36483,-0.54936,-2.21706,0.42183,-0.0981,-0.43164,0.46107,2.40345,0.72594,-3.16863,0.3924,1,0.1446652419052129,Normal
-0.80442,2.95281,-0.07848,-2.943,-0.65727,0.63765,-0.6867,-0.92214,3.12939,0.83385,-2.61927,1.36359,1,0.13482691197379093,Normal
0.32373,1.06929,-0.64746,-1.71675,-0.69651,1.75599,-0.34335,-0.981,2.58984,0.26487,-2.18763,-0.08829,1,0.15337520049331516,Normal
0.22563,0.33354,-0.37278,0.11772,0.51012,1.74618,-0.77499,-0.97119,2.06991,0.90252,-1.91295,1.78542,1,0.15989648644772342,Normal
-0.38259,-0.44145,0.1962,-0.11772,0.0,2.19744,-0.35316,-1.30473,1.13796,1.19682,-2.10915,2.2563,1,0.16017063672248733,Normal
0.13734,0.99081,0.43164,-1.7658,-0.18639,3.48255,-0.40221,-2.02086,1.75599,0.8829,-0.00981,2.76642,1,0.1558312540929792,Normal
0.0,2.23668,0.31392,-0.46107,-0.50031,3.50217,-0.48069,-1.80504,0.81423,1.6677,-0.99081,4.32621,1,0.1597989053862508,Normal
0.72594,1.89333,0.48069,0.20601,-0.71613,3.31578,-0.33354,-1.36359,0.23544,2.19744,0.07848,4.84614,1,0.1650531508056317,Normal
0.2943,2.14839,1.0791,-1.2753,-0.13734,2.36421,-0.43164,-1.35378,0.81423,1.14777,-1.50093,5.95467,1,0.1521681599732438,Normal
0.72594,2.08953,0.94176,-0.52974,0.04905,2.65851,-0.44145,-1.70694,0.7848,-0.56898,-1.08891,4.55184,1,0.16377625758328535,Normal
0.83385,1.73637,-0.00981,0.36297,0.30411,2.13858,-0.33354,-0.83385,-0.4905,-0.12753,-0.89271,4.13001,1,0.16785587724393464,Normal
1.03986,-0.8829,1.31454,2.40345,0.35316,0.48069,-0.50031,-0.46107,0.05886,-0.8829,0.25506,3.63951,1,0.1633139914657093,Normal
0.84366,0.23544,1.54998,1.60884,-0.34335,0.1962,-0.54936,-0.06867,-1.33416,-1.40283,0.27468,4.76766,1,0.15867550462773955,Normal
1.19682,0.63765,1.08891,1.77561,1.08891,2.20725,-1.09872,-0.07848,-0.70632,-1.7658,2.23668,4.38507,1,0.15282879649121206,Normal
0.62784,0.55917,1.52055,1.10853,0.75537,1.05948,-1.49112,1.10853,-0.84366,-0.91233,1.71675,2.60946,1,0.15645255884851839,Normal
0.61803,1.3734,1.94238,1.58922,-1.3734,-0.03924,-1.94238,1.12815,-0.63765,-1.52055,1.98162,3.19806,1,0.13728252380751743,Normal
0.89271,2.16801,1.80504,0.47088,-0.96138,-2.69775,-2.04048,0.56898,-0.74556,-1.79523,1.98162,4.49298,1,0.13840920470600654,Normal
1.03005,0.92214,1.5696,1.03005,-1.04967,-0.74556,-2.20725,-0.32373,-0.50031,-2.72718,2.30535,2.51136,1,0.13568104787047985,Normal
0.80442,-0.7848,1.7658,1.15758,-0.56898,0.30411,-2.19744,0.71613,-0.92214,-1.90314,1.42245,1.3734,1,0.1469704460279198,Normal
0.8829,-0.76518,2.53098,1.15758,-1.04967,-1.03986,-2.14839,0.0,-0.50031,-3.19806,1.83447,1.34397,1,0.1362958420165422,Normal
0.59841,-0.7848,2.14839,0.7848,-0.5886,0.0981,-2.31516,0.36297,-0.3924,-3.0411,1.77561,0.3924,1,0.14298270964521764,Normal
1.28511,-0.48069,0.63765,0.53955,-0.56898,-1.98162,-2.04048,-0.1962,-0.65727,-3.00186,0.73575,0.10791,1,0.14895895568000078,Normal
0.80442,0.75537,2.26611,0.08829,-2.43288,1.23606,-1.93257,0.32373,0.50031,-2.48193,1.89333,-0.95157,1,0.13745789637209915,Normal
0.94176,0.26487,1.01043,-0.36297,-1.73637,-0.81423,-1.58922,0.51012,0.47088,-2.48193,1.1772,0.36297,1,0.16339357246712338,Normal
0.70632,1.02024,0.76518,-1.46169,-2.24649,0.11772,-2.02086,0.67689,0.44145,-1.98162,0.51012,0.08829,1,0.1465267573596346,Normal
1.31454,1.6677,0.44145,-2.59965,-3.35502,-1.97181,-1.13796,-0.43164,0.01962,-1.42245,-0.76518,0.40221,1,0.1473313665074098,Normal
0.79461,0.42183,0.87309,-3.14901,-2.66832,1.59903,-1.10853,-1.15758,1.35378,-0.48069,-0.76518,0.72594,1,0.13512681515060743,Normal
1.09872,0.96138,-0.32373,-4.54203,-2.99205,0.20601,-0.99081,-0.34335,1.1772,-0.34335,-0.03924,0.76518,1,0.14008587348069973,Normal
1.84428,0.51012,-0.14715,-4.67937,-1.73637,3.47274,-0.56898,-0.59841,2.07972,-0.33354,-1.03005,0.13734,1,0.14010404358031664,Normal
1.2753,1.5696,-0.67689,-3.78666,-0.99081,0.75537,-0.4905,-0.08829,1.25568,0.56898,-0.77499,1.11834,1,0.15967697725797342,Normal
1.36359,2.19744,-0.48069,-3.22749,-2.30535,1.39302,-0.42183,0.55917,1.49112,0.17658,-0.55917,0.05886,1,0.14850626570078368,Normal
1.28511,2.63889,-1.40283,-4.93443,-2.61927,-0.15696,-0.15696,0.70632,1.69713,1.43226,-1.962,-0.4905,1,0.12225350618305159,Normal
1.58922,1.49112,-1.10853,-5.36607,-1.78542,2.02086,-0.00981,0.94176,2.03067,1.03005,-2.85471,-0.33354,1,0.11598030304928741,Normal
1.18701,1.05948,-1.46169,-4.6107,-1.15758,1.46169,0.08829,0.82404,1.84428,1.7658,-2.1582,-0.89271,1,0.1333409497315809,Normal
1.02024,1.20663,-1.54998,-4.6107,-0.53955,3.45312,0.07848,0.42183,2.36421,2.01105,-2.3544,-0.03924,1,0.13231694729106408,Normal
0.45126,-0.10791,-1.71675,-4.15944,-1.03005,2.11896,-0.06867,0.23544,2.08953,2.16801,-1.85409,-1.5696,1,0.13558776177095755,Normal
0.44145,-0.92214,-1.98162,-2.48193,-1.16739,2.33478,0.1962,-0.23544,1.94238,2.20725,-0.65727,-2.18763,1,0.13890555317698344,Normal
0.06867,-1.34397,-1.32435,-1.11834,1.02024,-0.18639,-0.22563,0.42183,2.12877,2.10915,-0.18639,-0.93195,1,0.15993745839042156,Normal
-0.2943,-0.62784,-2.11896,-2.05029,0.67689,1.65789,0.10791,0.74556,1.45188,2.79585,0.67689,-0.67689,1,0.1519387447359834,Normal
-0.38259,-0.90252,-1.45188,-2.14839,1.16739,1.79523,-0.10791,-0.06867,1.15758,3.08034,0.05886,-0.75537,1,0.1578894502454859,Normal
-0.20601,-0.90252,-1.54017,-1.29492,0.54936,3.09015,0.27468,1.59903,0.66708,1.54017,1.2753,-0.64746,1,0.1641347947270711,Normal
-0.40221,-1.30473,-1.42245,-1.04967,0.47088,3.06072,-0.30411,0.8829,0.28449,0.99081,0.91233,0.76518,1,0.1646546318439726,Normal
-0.8829,0.17658,-1.05948,-1.62846,2.2563,5.11101,-0.15696,1.08891,0.01962,1.77561,1.95219,1.72656,1,0.14016878911861125,Normal
-0.60822,-1.34397,-0.81423,-0.40221,1.24587,4.17906,0.06867,0.60822,-0.32373,1.25568,2.81547,1.04967,1,0.1539418562470813,Normal
-0.77499,-0.47088,0.01962,2.34459,-0.21582,4.27716,0.28449,0.74556,-0.75537,0.82404,3.79647,2.76642,1,0.13366555468768143,Normal
-0.56898,-0.57879,0.00981,1.79523,2.44269,3.45312,-0.28449,1.68732,-0.63765,0.97119,5.43474,5.0031,1,0.10750811413244854,Normal
-0.64746,0.44145,-0.15696,0.79461,2.2563,4.3164,-0.94176,1.45188,-0.81423,0.17658,4.5126,5.90562,1,0.1186369018367267,Normal
0.38259,0.10791,0.24525,0.6867,1.41264,3.16863,-0.42183,1.03986,-1.1772,-0.48069,5.67999,6.71004,1,0.10975619319672336,Normal
0.13734,0.44145,0.82404,1.62846,-0.52974,2.3544,-0.10791,1.61865,-2.05029,-1.64808,5.16006,6.98472,1,0.10737085575686856,Normal
0.0,-0.0981,-0.34335,0.52974,-0.56898,3.34521,-0.33354,1.28511,-0.32373,-2.95281,4.17906,6.40593,1,0.13518068986399084,Normal
0.56898,0.63765,0.0981,-1.62846,1.25568,2.65851,0.08829,0.44145,-1.20663,-2.8449,3.70818,5.76828,1,0.13965510329738612,Normal
0.97119,0.83385,0.33354,0.0,-0.95157,1.87371,0.44145,0.5886,-1.16739,-3.75723,3.90438,4.32621,1,0.13503443884428712,Normal
0.31392,1.16739,0.60822,-0.25506,-0.81423,2.943,0.08829,1.05948,-1.4715,-3.2373,5.08158,3.38445,1,0.11819565843900837,Normal
0.27468,1.23606,0.16677,-0.44145,0.51012,1.77561,-0.40221,-0.00981,-0.51012,-3.89457,4.23792,3.3354,1,0.13123989551978932,Normal
0.79461,1.87371,0.51012,-1.38321,0.11772,1.58922,-0.12753,0.76518,-0.4905,-3.77685,4.17906,3.77685,1,0.1313453648086173,Normal
0.97119,2.76642,0.36297,0.17658,-0.54936,-0.981,0.02943,0.55917,-0.40221,-4.6107,4.05153,2.4525,1,0.13576363070133857,Normal
0.67689,3.32559,-0.48069,-1.54017,-0.3924,-2.40345,-0.3924,0.06867,0.23544,-3.51198,3.00186,2.19744,1,0.14744539288412972,Normal
0.60822,3.54141,-0.73575,-3.24711,0.11772,-3.3354,-0.85347,-1.41264,0.92214,-4.4145,1.80504,1.45188,1,0.13812494762128408,Normal
1.12815,3.6297,0.24525,-5.47398,-0.10791,-1.67751,-0.13734,-1.90314,0.54936,-4.33602,2.42307,-0.69651,1,0.12564880673477258,Normal
1.79523,4.79709,0.40221,-4.72842,0.15696,-2.04048,-0.26487,-1.59903,-0.12753,-2.97243,1.80504,-1.79523,1,0.13923482800853054,Normal
1.1772,4.28697,-1.05948,-6.50403,0.85347,-0.70632,-0.53955,-1.41264,0.24525,-2.04048,1.57941,-2.21706,1,0.12938309016569688,Normal
2.03067,3.65913,-0.44145,-7.5537,0.52974,-1.72656,-0.63765,-2.14839,1.22625,-2.42307,0.67689,-2.63889,1,0.12172229891726727,Normal
1.77561,3.67875,0.28449,-6.26859,-0.56898,-0.76518,0.0981,-1.73637,0.52974,-1.85409,0.36297,-2.69775,1,0.1387284976345361,Normal
1.69713,5.07177,-0.0981,-5.60151,0.00981,-2.14839,-0.10791,-0.94176,0.22563,-1.30473,0.24525,-2.63889,1,0.13173669697048873,Normal
1.54017,5.0031,-1.94238,-6.56289,-0.03924,-2.37402,0.08829,-2.05029,1.83447,-1.53036,-0.03924,-0.13734,1,0.12523069116064373,Normal
1.48131,4.59108,-0.08829,-6.35688,-0.18639,0.97119,0.0,-1.85409,1.73637,-1.71675,-0.82404,-0.92214,1,0.1350819850567938,Normal
2.42307,4.88538,0.93195,-4.81671,-1.59903,0.82404,0.12753,-2.41326,1.06929,-2.06991,-0.74556,-1.10853,1,0.13963760341434667,Normal
1.79523,3.88476,0.30411,-5.47398,-1.0791,1.01043,0.01962,-1.89333,0.90252,-2.04048,-1.85409,-3.11958,1,0.13649981577553788,Normal
1.49112,4.06134,-0.16677,-3.5316,0.63765,1.21644,0.28449,-2.29554,1.25568,-2.32497,-1.13796,-3.19806,1,0.14579592242116213,Normal
1.54998,2.70756,0.87309,-1.25568,-0.61803,0.05886,0.70632,-2.17782,1.11834,-2.86452,-2.39364,-3.58065,1,0.14957669773924587,Normal
1.09872,3.10977,0.85347,-1.12815,-0.60822,2.06991,1.03986,-1.65789,0.54936,-2.51136,-2.29554,-3.14901,1,0.15115629454298296,Normal
0.63765,2.19744,0.24525,-0.74556,0.32373,1.24587,0.6867,-0.74556,0.75537,-2.5506,-2.20725,-2.67813,1,0.16372027140233852,Normal
0.28449,1.79523,0.01962,2.54079,0.10791,2.06991,1.00062,-0.71613,1.60884,-2.66832,-2.07972,-0.83385,1,0.15634125791241077,Normal
-0.1962,1.29492,0.46107,3.28635,-2.01105,1.79523,0.77499,-0.97119,-0.4905,-2.57022,-2.71737,-1.21644,1,0.14752648283949005,Normal
-0.6867,1.15758,0.64746,3.10977,-1.20663,0.71613,0.99081,-0.46107,-0.21582,-2.58003,-1.8639,-0.63765,1,0.1606762655757975,Normal
-0.93195,0.89271,0.72594,4.64994,0.50031,-2.48193,0.50031,0.12753,0.24525,-2.06991,-0.73575,-0.03924,1,0.1490479226711161,Normal
-0.7848,0.62784,0.21582,6.24897,0.48069,-0.38259,0.33354,-0.65727,0.04905,-1.98162,-0.24525,-0.57879,1,0.140295283549841,Normal
-1.03986,0.24525,-0.26487,4.81671,-0.89271,-0.46107,-0.33354,0.14715,-0.63765,-1.04967,-0.31392,-0.95157,1,0.15346878230203526,Normal
-0.8829,1.0791,1.36359,3.84552,-0.4905,-0.69651,-0.41202,0.4905,-0.53955,0.02943,1.42245,-0.77499,1,0.16232207130813087,Normal
-1.11834,-0.23544,0.3924,5.50341,0.0981,-0.72594,-0.61803,1.82466,0.60822,0.00981,2.14839,-0.87309,1,0.1413116238228075,Normal
-1.12815,0.91233,0.44145,6.29802,-0.35316,0.08829,-1.34397,2.80566,0.48069,0.73575,2.23668,-0.25506,1,0.1253430871363853,Normal
-0.99081,0.02943,0.0,3.97305,-1.54998,-0.90252,-1.44207,1.81485,0.0,0.81423,2.36421,0.00981,1,0.14349826309029928,Normal
-0.59841,0.43164,0.66708,4.43412,-0.05886,-1.16739,-1.48131,2.62908,0.44145,-0.00981,3.8259,2.21706,1,0.12548146949246608,Normal
-0.51993,0.981,0.3924,4.52241,-0.85347,-2.44269,-1.90314,2.98224,1.08891,0.31392,3.35502,3.06072,1,0.11621438788476768,Normal
-0.26487,0.40221,0.51993,3.30597,-1.90314,-0.64746,-2.44269,2.26611,0.61803,0.08829,5.09139,4.45374,1,0.07730306879325088,Normal
0.16677,0.84366,0.15696,1.02024,-1.84428,-0.33354,-2.58003,1.77561,0.56898,-1.45188,5.37588,3.22749,1,0.0950296218512987,Normal
0.06867,0.81423,0.22563,1.62846,-1.77561,-0.37278,-2.82528,2.85471,0.28449,-1.6677,3.6297,3.39426,1,0.10816932067152735,Normal
0.6867,0.90252,0.28449,0.87309,-1.69713,0.64746,-2.58003,1.8639,1.38321,-1.84428,3.83571,3.49236,1,0.11216177282641804,Normal
0.87309,0.22563,0.51012,0.37278,-2.72718,0.86328,-2.52117,0.08829,1.35378,-2.31516,2.37402,3.02148,1,0.12437013449105438,Normal
0.73575,-0.03924,0.01962,-0.22563,-2.43288,-0.16677,-1.70694,0.32373,0.38259,-3.5316,3.18825,1.97181,1,0.1385860535821538,Normal
0.59841,0.60822,-0.34335,-0.96138,-2.66832,-0.84366,-0.87309,-0.51012,0.42183,-3.78666,2.39364,3.51198,1,0.13628042633438964,Normal
1.57941,1.29492,0.01962,-1.19682,-2.02086,0.99081,-0.69651,-0.46107,1.03005,-3.79647,2.26611,3.00186,1,0.13611483617670467,Normal
1.46169,0.91233,0.08829,-0.55917,-2.54079,-0.56898,-0.45126,-2.24649,1.22625,-3.87495,1.21644,2.90376,1,0.14136896693912732,Normal
1.6677,0.08829,-0.03924,-2.1582,-2.00124,-0.28449,-0.03924,-2.80566,0.00981,-4.7088,1.21644,0.99081,1,0.1475327849900745,Normal
1.75599,0.981,-0.59841,-1.73637,-2.56041,1.34397,0.20601,-1.88352,1.52055,-5.05215,0.82404,0.80442,1,0.13555612952924845,Normal
2.30535,1.24587,0.31392,-1.21644,-1.95219,-0.77499,0.3924,-2.85471,1.30473,-4.10058,0.50031,1.44207,1,0.14137894506486337,Normal
2.22687,1.962,-0.17658,-2.6487,-2.11896,0.03924,0.6867,-2.943,1.4715,-4.16925,-0.56898,0.42183,1,0.13709576566571502,Normal
1.79523,1.95219,-0.69651,-3.1392,-1.09872,0.59841,0.67689,-2.42307,0.89271,-2.49174,-0.07848,-1.25568,1,0.16130535356613301,Normal
2.24649,2.96262,-0.51993,-2.76642,-0.8829,1.14777,0.62784,-2.80566,2.29554,-2.40345,-1.04967,-2.86452,1,0.14212955714358133,Normal
2.12877,2.48193,0.08829,-4.74804,-1.38321,1.12815,0.63765,-2.76642,2.10915,-0.6867,-1.29492,-3.46293,1,0.12936103083366057,Normal
1.97181,3.0411,0.12753,-5.66037,-0.57879,1.5696,0.71613,-2.62908,1.54998,-1.05948,-1.42245,-3.85533,1,0.11643245972573207,Normal
1.87371,2.59965,-0.24525,-4.87557,-0.11772,0.01962,0.46107,-2.03067,1.83447,-1.10853,-1.60884,-4.63032,1,0.13719203966225035,Normal
2.22687,3.27654,-0.13734,-4.40469,-0.13734,0.23544,0.02943,-2.08953,2.12877,-1.23606,-1.53036,-2.83509,1,0.1394063414429772,Normal
2.16801,2.30535,0.72594,-6.32745,-1.29492,-0.06867,-0.30411,-2.0601,0.8829,-1.81485,-1.62846,-3.08034,1,0.13638691313387835,Normal
1.67751,1.72656,0.32373,-6.2784,-0.51993,-0.32373,-0.22563,-0.89271,1.01043,-2.18763,-2.98224,-2.19744,1,0.1362281869794849,Normal
0.90252,0.40221,-0.37278,-4.60089,-0.18639,0.44145,-0.30411,-0.01962,1.13796,-1.29492,-1.39302,-3.02148,1,0.14872053674763108,Normal
0.26487,0.37278,0.42183,-4.55184,-1.09872,-1.03986,-0.3924,-0.02943,0.64746,-1.71675,-1.39302,-1.68732,1,0.1523980557149422,Normal
-0.20601,-0.61803,1.14777,-4.62051,-0.90252,-1.45188,-0.21582,-0.01962,-0.06867,-1.94238,-1.93257,-1.06929,1,0.1486579559410795,Normal
-0.69651,-0.67689,-0.13734,-3.52179,0.12753,-1.54017,-0.28449,1.60884,-0.51993,-1.40283,-2.26611,-0.70632,1,0.15343146172701538,Normal
-0.77499,0.74556,0.23544,-1.16739,1.35378,0.44145,0.00981,1.15758,-2.12877,-1.61865,-1.45188,-0.50031,1,0.16202109245101298,Normal
-0.60822,-0.85347,1.26549,-1.67751,-0.22563,-0.34335,-0.26487,0.62784,-1.80504,-1.67751,-0.25506,1.28511,1,0.16395395574858806,Normal
-0.981,-0.63765,0.87309,-1.34397,-0.76518,-0.26487,-0.00981,0.92214,-2.31516,-2.26611,-1.21644,1.0791,1,0.15819232923997129,Normal
-0.34335,-1.03986,0.52974,-0.86328,0.16677,-1.3734,0.01962,3.08034,-1.80504,-2.58984,-1.25568,1.45188,1,0.15266074192688878,Normal
-0.26487,-1.05948,0.14715,0.83385,-0.59841,-2.65851,0.17658,2.41326,-1.79523,-2.79585,0.10791,2.57022,1,0.151508742246647,Normal
-0.35316,-2.43288,-0.02943,-0.32373,0.6867,-3.07053,0.16677,1.52055,-1.12815,-2.30535,0.59841,4.77747,1,0.157435351931767,Normal
-0.71613,-0.91233,0.44145,-0.42183,-0.48069,-2.80566,-0.15696,2.59965,-0.43164,-1.19682,-0.51993,5.27778,1,0.15506154088841212,Normal
-0.00981,-0.13734,-0.82404,-0.71613,0.981,-2.39364,-0.14715,3.94362,-0.08829,-0.46107,1.26549,5.11101,1,0.15467508822669468,Normal
0.03924,1.40283,-1.09872,0.22563,0.20601,-1.88352,-0.51993,2.69775,-0.36297,0.51993,2.46231,5.87619,1,0.15082626593926485,Normal
0.57879,1.61865,-0.20601,-0.01962,0.67689,-1.31454,-1.3734,2.87433,0.41202,0.60822,2.49174,5.3955,1,0.15247431731325312,Normal
0.54936,2.86452,-0.31392,-2.02086,0.42183,-0.71613,-1.67751,3.39426,0.10791,0.64746,2.41326,5.27778,1,0.1364528409145811,Normal
1.24587,2.92338,-1.34397,-1.05948,0.0981,-1.92276,-1.73637,4.00248,0.37278,0.40221,1.88352,5.20911,1,0.1315529202905938,Normal
1.30473,1.16739,-0.99081,-0.53955,-0.8829,-4.01229,-1.60884,2.87433,0.20601,0.17658,2.5506,5.31702,1,0.1357348939474914,Normal
1.54017,0.70632,-0.981,-1.65789,-1.42245,-3.75723,-1.39302,1.49112,1.52055,-0.60822,1.35378,5.91543,1,0.13868926443586244,Normal
1.53036,0.22563,-1.81485,-3.71799,-1.14777,-3.85533,-1.18701,1.6677,0.85347,-0.43164,1.89333,4.77747,1,0.12979027784901226,Normal
1.57941,-0.42183,-1.42245,-2.943,-0.24525,-5.17968,-1.01043,0.95157,1.38321,-0.92214,3.63951,4.48317,1,0.1127086223829753,Normal
0.86328,0.95157,-1.60884,-3.46293,-1.32435,-4.08096,-0.65727,-0.55917,1.55979,-0.3924,1.73637,4.30659,1,0.13243921361710553,Normal
0.63765,1.08891,-1.54017,-2.33478,-1.91295,-2.72718,-0.99081,-0.40221,0.69651,-0.50031,1.23606,2.46231,1,0.15208073402417904,Normal
0.67689,1.74618,-1.30473,-2.65851,-1.18701,-2.32497,0.12753,-0.73575,-0.02943,-1.58922,0.66708,1.2753,1,0.16165366972968964,Normal
0.77499,2.30535,-1.29492,-4.0221,0.07848,-3.24711,0.57879,-0.45126,0.81423,-0.59841,1.16739,1.54017,1,0.14698131551957583,Normal
0.32373,3.39426,-0.31392,-3.4335,-0.56898,-2.36421,0.73575,-2.00124,-0.01962,-1.80504,0.3924,0.05886,1,0.1557473371389418,Normal
0.56898,2.23668,-0.14715,-2.00124,-1.88352,-1.87371,1.32435,-2.13858,0.7848,-2.68794,-0.50031,-1.03005,1,0.15977057213371348,Normal
0.981,2.69775,-1.18701,-2.97243,-1.12815,-1.59903,2.44269,-2.41326,1.19682,-2.70756,-1.34397,-3.57084,1,0.13558479026702014,Normal
0.80442,2.37402,-0.42183,-3.27654,-1.05948,-1.38321,2.6487,-2.77623,0.86328,-2.70756,-1.6677,-2.69775,1,0.13980612215380323,Normal
0.77499,2.43288,0.01962,-2.63889,-0.1962,0.10791,3.36483,-2.09934,1.8639,-2.91357,-1.6677,-1.25568,1,0.12690791945339996,Normal
1.08891,2.76642,-0.70632,-2.37402,-0.89271,1.00062,3.3354,-1.4715,0.83385,-1.40283,-2.52117,-3.39426,1,0.12213812112653705,Normal
1.23606,4.10058,0.03924,-3.25692,-0.77499,2.02086,3.14901,-1.13796,0.77499,-2.76642,-4.11039,-3.18825,1,0.1033175761347433,Normal
1.08891,4.35564,-0.73575,-3.54141,-0.01962,2.27592,3.48255,-1.03986,0.6867,-1.24587,-2.32497,-2.79585,1,0.12065582237253986,Normal
0.70632,4.33602,0.02943,-1.88352,-0.20601,3.86514,2.98224,-0.16677,0.51012,-1.7658,-2.76642,-3.16863,1,0.11065632985914192,Normal
1.43226,3.09015,-0.48069,-2.0601,0.01962,3.71799,3.00186,-0.44145,0.41202,-1.88352,-2.88414,-3.0411,1,0.124012563143029,Normal
1.29492,2.19744,-1.22625,-2.0601,0.54936,2.61927,2.51136,-0.16677,1.54998,-1.1772,-2.30535,-2.11896,1,0.13641134892063045,Normal
0.51012,2.32497,-0.77499,-1.83447,1.04967,1.70694,2.0601,-0.92214,-0.45126,-0.30411,-2.75661,-0.94176,1,0.15123384643071242,Normal
0.981,1.09872,-0.03924,-1.20663,-0.41202,3.44331,1.6677,0.15696,-0.23544,-0.3924,-3.03129,0.85347,1,0.14909432756077723,Normal
0.17658,0.23544,-1.69713,-0.5886,-1.18701,2.08953,1.53036,0.05886,-0.71613,-0.79461,-0.7848,0.82404,1,0.15543862072555087,Normal
-0.34335,0.77499,-0.31392,-1.41264,-0.48069,2.96262,1.34397,-0.01962,-0.93195,-0.34335,-0.08829,1.52055,1,0.1658821191423962,Normal
-0.50031,1.09872,-0.44145,-1.78542,-0.23544,-0.67689,0.62784,1.21644,-1.73637,-0.26487,0.47088,2.08953,1,0.16379967936860368,Normal
-0.57879,1.42245,-0.14715,-1.85409,-0.31392,-2.22687,0.72594,1.84428,-1.46169,0.23544,-0.69651,2.21706,1,0.16191709174203772,Normal
-0.15696,1.02024,-0.12753,-0.10791,0.0,-0.96138,0.23544,1.0791,-2.11896,-1.44207,-0.47088,3.96324,1,0.15536330285376665,Normal
-0.63765,0.7848,0.23544,-0.2943,0.50031,-3.38445,0.24525,1.10853,-1.84428,0.01962,0.56898,3.61008,1,0.15318200259495196,Normal
-0.25506,0.50031,0.36297,0.61803,0.79461,-4.20849,0.48069,1.75599,-2.61927,-0.33354,1.65789,3.31578,1,0.14565207083516507,Normal
0.55917,-0.20601,1.23606,0.17658,0.13734,-2.2563,0.30411,0.94176,-2.09934,0.10791,1.68732,4.18887,1,0.15304814499058333,Normal
0.16677,0.73575,0.79461,-1.24587,-0.22563,-2.53098,0.45126,1.16739,-1.11834,-1.06929,1.50093,4.38507,1,0.16034952981875966,Normal
-0.03924,2.06991,0.4905,-1.16739,-0.08829,-1.05948,0.14715,1.24587,-0.45126,-0.67689,1.08891,3.77685,1,0.16924648959706334,Normal
0.54936,1.89333,1.18701,-0.65727,-0.07848,-1.79523,0.04905,2.2563,-2.17782,-0.89271,1.11834,3.51198,1,0.15786310881905052,Normal
0.7848,1.62846,0.72594,-1.54017,0.40221,-0.42183,0.28449,1.90314,-1.30473,0.0981,0.2943,4.26735,1,0.16317598199331418,Normal
1.45188,1.67751,0.15696,-0.59841,0.11772,1.12815,0.13734,1.78542,-0.67689,-0.93195,-1.03005,3.61989,1,0.16528824526464753,Normal
1.24587,2.02086,0.51993,-0.63765,-1.10853,-0.64746,-0.54936,1.28511,-0.14715,0.04905,-0.14715,3.924,1,0.16948268974054392,Normal
2.31516,1.55979,0.86328,-0.72594,-1.0791,-2.33478,-0.92214,1.15758,0.02943,0.23544,-0.55917,2.82528,1,0.1631434890465403,Normal
2.4525,0.76518,0.61803,-0.99081,0.40221,0.45126,-1.11834,-0.27468,0.97119,-0.01962,-1.02024,4.64013,1,0.15300721171336434,Normal
1.98162,0.02943,-0.53955,0.43164,-0.80442,0.71613,-1.04967,-0.30411,0.70632,0.42183,-1.23606,3.0411,1,0.16192849060563153,Normal
2.03067,1.42245,-0.43164,-1.11834,-2.32497,-0.54936,-0.84366,-1.65789,1.52055,0.31392,-0.8829,2.83509,1,0.14523417657598925,Normal
1.65789,1.14777,-0.42183,-0.51012,-2.7468,-1.06929,-1.02024,-2.08953,0.63765,-0.08829,-1.30473,3.00186,1,0.15642131950376692,Normal
1.0791,1.31454,-0.63765,0.15696,-1.05948,0.33354,-0.99081,-2.83509,1.30473,0.8829,-1.6677,3.20787,1,0.1546096755110346,Normal
1.01043,1.91295,-0.89271,-0.2943,0.0981,-0.92214,-0.57879,-2.28573,1.09872,0.55917,-1.91295,3.4335,1,0.1559057978269106,Normal
0.66708,0.8829,-0.73575,-1.34397,-1.97181,-3.16863,-0.31392,-3.30597,0.63765,0.59841,-1.79523,2.11896,1,0.15179796668036838,Normal
0.48069,0.91233,-0.56898,1.21644,-1.962,-2.59965,0.23544,-3.48255,-0.35316,1.08891,-1.52055,1.67751,1,0.1543944209549462,Normal
0.63765,-0.50031,0.23544,1.62846,-0.38259,-2.05029,0.24525,-3.60027,1.08891,1.71675,-1.38321,0.94176,1,0.1608805163843694,Normal
0.0981,-1.61865,0.24525,-0.54936,-1.41264,0.13734,0.37278,-3.19806,0.42183,1.82466,-2.8449,0.07848,1,0.14848247879409315,Normal
1.09872,-0.80442,0.33354,-0.31392,-1.51074,-1.03005,1.15758,-3.44331,0.10791,0.89271,-1.65789,-0.91233,1,0.16204161148161983,Normal
0.40221,-0.61803,0.3924,1.65789,-0.48069,-2.23668,1.50093,-2.40345,0.75537,0.31392,-1.64808,-1.54017,1,0.15798128654354543,Normal
0.20601,-1.20663,0.59841,0.92214,0.43164,0.95157,1.94238,-2.53098,0.18639,0.53955,-1.40283,-1.8639,1,0.15889403081022646,Normal
0.77499,-1.13796,-0.25506,-0.82404,0.45126,-0.73575,2.2563,-2.04048,0.60822,1.10853,-1.97181,-2.93319,1,0.14458445708606782,Normal
0.81423,-0.99081,-0.86328,-0.16677,0.35316,0.18639,2.79585,-1.09872,0.31392,0.3924,-1.41264,-1.48131,1,0.15008180301501184,Normal
0.89271,-1.1772,0.38259,0.44145,0.84366,0.79461,2.71737,0.10791,-0.64746,0.21582,-1.63827,-0.13734,1,0.15194239340513538,Normal
0.85347,-2.17782,-0.40221,1.03986,0.28449,1.05948,2.63889,0.71613,0.71613,0.6867,-1.67751,-0.42183,1,0.15518169556959438,Normal
1.38321,-2.89395,0.05886,1.54017,0.05886,2.86452,2.6487,1.74618,-0.4905,0.60822,-1.23606,-1.46169,1,0.1473813183087424,Normal
0.87309,-2.83509,0.15696,1.63827,-0.01962,2.05029,2.97243,1.65789,-0.53955,0.54936,-2.31516,-0.44145,1,0.1383277656946088,Normal
1.29492,-1.77561,0.07848,3.55122,0.90252,1.00062,2.54079,2.06991,-0.34335,0.70632,-1.05948,-0.0981,1,0.14514336249689647,Normal
0.6867,0.2943,-0.6867,0.72594,0.21582,2.63889,1.962,1.43226,0.24525,0.96138,-1.54017,1.20663,1,0.16330867401123522,Normal
1.16739,0.89271,-0.38259,1.0791,0.12753,0.97119,1.95219,2.00124,-2.34459,0.94176,-1.2753,0.94176,1,0.14994779444365797,Normal
0.81423,1.93257,-0.40221,1.05948,-0.4905,-1.60884,1.82466,2.07972,-1.52055,-0.03924,-2.16801,2.97243,1,0.1535175538351497,Normal
0.83385,1.19682,-1.02024,2.03067,1.14777,-1.20663,1.52055,1.67751,-1.05948,-0.13734,-1.23606,5.06196,1,0.15643290555066464,Normal
1.03005,0.981,-0.61803,0.0981,0.50031,-2.943,1.09872,1.45188,-1.20663,1.73637,0.57879,4.54203,1,0.15722759794696517,Normal
0.50031,0.5886,0.31392,0.43164,0.21582,-1.85409,0.84366,2.50155,-0.81423,0.52974,2.90376,3.6297,1,0.15139809295603707,Normal
0.3924,-0.18639,0.74556,0.16677,-0.5886,-2.85471,0.61803,2.46231,-1.73637,1.50093,1.28511,2.72718,1,0.1508787533783183,Normal
0.32373,0.20601,0.62784,-0.51012,1.98162,-2.07972,0.0,2.22687,-0.44145,1.54017,1.15758,1.77561,1,0.16631646116541837,Normal
0.61803,1.58922,0.10791,-2.21706,0.8829,-3.17844,-0.13734,1.38321,-0.92214,1.94238,3.57084,1.09872,1,0.14700100041998443,Normal
0.90252,1.52055,1.70694,-1.92276,1.85409,-1.80504,-0.23544,1.78542,-0.82404,1.04967,3.41388,1.01043,1,0.14970077866083192,Normal
1.06929,2.13858,0.86328,-2.1582,1.21644,-2.5506,-1.0791,1.50093,-0.42183,0.48069,1.58922,1.46169,1,0.15860534822093753,Normal
1.39302,2.32497,0.37278,-3.58065,2.3544,-2.14839,-1.3734,0.80442,1.04967,-0.20601,2.09934,0.96138,1,0.14353968972836867,Normal
1.03005,2.69775,0.89271,-4.28697,1.63827,-2.39364,-1.36359,1.78542,0.13734,0.65727,2.943,1.49112,1,0.13965319948401833,Normal
1.64808,1.94238,1.3734,-3.8259,1.60884,-1.49112,-1.78542,2.00124,1.34397,0.1962,3.65913,0.96138,1,0.12103017141436861,Normal
1.25568,0.81423,0.17658,-4.20849,2.3544,0.57879,-1.90314,0.0,1.41264,0.12753,2.73699,0.5886,1,0.12321637850560219,Normal
1.71675,1.79523,0.51012,-3.93381,2.96262,0.4905,-1.44207,-0.35316,0.95157,0.52974,1.46169,-0.86328,1,0.13669484157322453,Normal
1.1772,3.51198,-0.02943,-1.78542,1.72656,0.73575,-2.16801,-0.23544,1.64808,0.97119,1.38321,-1.42245,1,0.14430284752779793,Normal
0.64746,3.15882,0.0981,-0.28449,3.69837,0.50031,-2.11896,-1.04967,1.44207,-0.02943,2.41326,0.46107,1,0.12567894539173874,Normal
0.6867,3.48255,-0.981,-0.34335,2.76642,1.44207,-2.22687,-2.20725,1.15758,0.20601,-1.65789,-0.05886,1,0.1336585653601698,Normal
0.15696,4.72842,-1.01043,0.4905,2.2563,-0.50031,-1.98162,-2.23668,0.27468,-0.35316,-0.42183,-0.72594,1,0.1442397009795423,Normal
-0.48069,6.0822,-1.53036,0.14715,0.90252,1.21644,-2.49174,-2.14839,0.87309,-0.46107,-2.88414,1.29492,1,0.1274230517050326,Normal
-0.64746,4.46355,-1.12815,0.66708,1.52055,-0.20601,-2.17782,-2.62908,0.3924,0.28449,-3.52179,2.59965,1,0.11698133977942193,Normal
-0.02943,4.20849,-1.29492,0.25506,-0.13734,0.35316,-0.95157,-3.39426,0.53955,0.85347,-1.52055,2.11896,1,0.14936787503704274,Normal
-0.46107,4.6107,-1.40283,0.02943,0.63765,0.24525,-0.86328,-3.15882,-0.41202,0.07848,-3.48255,0.79461,1,0.14186589624665075,Normal
-0.44145,3.54141,-0.64746,0.0981,0.69651,-1.81485,-1.12815,-2.51136,-0.45126,1.12815,-2.38383,1.38321,1,0.15165929628735908,Normal
0.10791,2.6487,-0.5886,-0.03924,1.1772,-1.69713,-0.80442,-2.75661,0.50031,0.85347,-0.93195,1.03986,1,0.1619209669590897,Normal
0.00981,2.04048,-1.31454,-0.4905,-0.32373,0.12753,-0.3924,-1.93257,-0.86328,0.71613,-1.962,0.4905,1,0.16367636262633495,Normal
-0.2943,1.51074,-1.6677,0.79461,-0.91233,1.05948,0.06867,-0.71613,-1.74618,0.3924,-2.89395,0.80442,1,0.15645643098534295,Normal
0.25506,2.40345,-0.89271,2.1582,0.56898,0.05886,-0.31392,1.01043,0.66708,0.69651,0.16677,2.40345,1,0.16676871665696547,Normal
0.7848,1.04967,-0.61803,0.10791,0.52974,1.26549,0.59841,1.24587,-1.23606,0.67689,-2.05029,2.33478,1,0.164995408984705,Normal
0.83385,2.04048,-1.19682,-0.42183,-1.40283,-1.2753,1.15758,1.73637,-0.81423,0.07848,-2.17782,1.2753,1,0.16514122555882388,Normal
0.60822,2.05029,-0.91233,0.43164,-0.66708,1.98162,1.71675,2.6487,-1.22625,0.08829,-0.33354,1.05948,1,0.15661316962479666,Normal
1.60884,1.53036,-1.69713,0.41202,0.8829,0.73575,1.26549,3.32559,-0.32373,0.35316,-0.1962,1.22625,1,0.16155702801215371,Normal
2.16801,2.48193,-1.64808,-0.24525,0.54936,-0.5886,1.94238,3.60027,0.17658,-0.03924,0.53955,0.96138,1,0.1474686512144731,Normal
1.59903,2.91357,-1.82466,0.74556,0.981,-0.83385,1.48131,4.01229,-0.35316,-0.83385,0.08829,0.64746,1,0.15753825474023853,Normal
1.4715,2.79585,-2.3544,1.74618,0.28449,0.83385,1.82466,4.27716,-0.65727,-0.18639,-0.11772,1.04967,1,0.13947273576425318,Normal
1.48131,2.21706,-2.48193,1.79523,0.65727,-1.64808,1.04967,4.59108,-0.1962,-0.21582,1.28511,1.42245,1,0.14676426419726807,Normal
1.4715,2.58984,-2.63889,1.54017,0.36297,0.01962,1.01043,3.32559,-1.19682,-0.06867,0.42183,0.70632,1,0.14892320529118658,Normal
0.981,2.69775,-1.95219,2.1582,0.10791,-2.52117,0.91233,2.76642,-0.31392,-0.30411,-0.82404,2.42307,1,0.14957006656034105,Normal
0.8829,3.35502,-1.4715,2.87433,0.1962,-0.03924,1.43226,1.92276,-1.2753,0.8829,0.64746,2.18763,1,0.14776616527928588,Normal
0.73575,3.50217,-1.23606,2.1582,0.51993,-0.63765,0.54936,0.94176,-0.75537,0.48069,1.69713,1.77561,1,0.1540673137301144,Normal
0.25506,3.61008,-0.981,0.77499,-0.37278,-2.11896,0.04905,0.61803,-0.60822,0.7848,-0.3924,1.73637,1,0.16120453377256377,Normal
0.03924,3.3354,0.47088,0.24525,-0.95157,-4.55184,0.0,0.05886,0.63765,-0.06867,0.1962,0.1962,1,0.15526495797922835,Normal
0.2943,2.73699,-0.2943,1.36359,-0.04905,-0.54936,-0.65727,-0.20601,-0.7848,0.4905,0.27468,0.20601,1,0.16933995620215586,Normal
0.0981,1.79523,0.73575,0.40221,-0.41202,-2.42307,-1.52055,0.27468,-0.13734,0.16677,0.10791,-1.20663,1,0.16687868069397999,Normal
-0.51993,1.24587,1.62846,-1.14777,-0.69651,-0.46107,-1.88352,0.26487,0.66708,0.10791,2.53098,-0.54936,1,0.15395911631407988,Normal
-0.4905,0.71613,1.00062,-0.02943,0.08829,-0.26487,-2.1582,-1.22625,1.21644,0.75537,1.7658,1.44207,1,0.1540735175531739,Normal
0.01962,0.89271,2.28573,0.0,0.54936,2.90376,-1.95219,-1.49112,0.45126,1.84428,1.05948,-1.42245,1,0.15065036053457576,Normal
-0.05886,1.2753,2.27592,-1.54017,0.20601,1.25568,-1.84428,-1.962,1.15758,1.39302,1.79523,0.06867,1,0.14921788600403973,Normal
-0.56898,0.34335,1.95219,-2.28573,-0.71613,0.69651,-2.0601,-3.12939,2.87433,1.63827,2.46231,-0.47088,1,0.12573783286594897,Normal
-0.17658,0.80442,1.32435,-2.34459,0.81423,-0.81423,-2.32497,-3.50217,2.85471,1.70694,0.95157,-1.11834,1,0.12670967188770932,Normal
-0.11772,0.80442,1.15758,-2.69775,1.49112,2.51136,-2.1582,-3.1392,3.11958,2.13858,1.38321,-1.49112,1,0.1186532815748566,Normal
-0.93195,0.56898,-0.04905,-3.03129,1.12815,0.89271,-2.51136,-3.924,3.15882,2.36421,0.46107,-1.64808,1,0.11900646638003903,Normal
-1.42245,0.47088,0.84366,-2.65851,1.3734,1.03986,-1.90314,-3.34521,2.80566,2.1582,1.23606,-1.61865,1,0.11787265394310104,Normal
-1.02024,1.21644,-0.79461,-1.22625,1.71675,3.42369,-1.10853,-4.05153,1.962,2.48193,0.34335,0.27468,1,0.14987235127355042,Normal
-1.13796,1.1772,-0.30411,-0.64746,1.04967,3.10977,-0.53955,-5.2974,1.75599,3.01167,-0.76518,-0.60822,1,0.1441850633008141,Normal
-1.31454,0.84366,-0.51012,-0.81423,1.08891,2.88414,-0.38259,-6.16068,3.60027,3.40407,-0.77499,-1.32435,1,0.12064012659599932,Normal
-0.59841,0.46107,-1.75599,0.62784,1.15758,0.21582,-0.34335,-5.64075,1.75599,2.26611,-0.06867,0.33354,1,0.14522114417016463,Normal
-0.53955,0.8829,-2.23668,0.95157,-0.07848,-0.43164,0.23544,-5.36607,0.62784,2.21706,-1.20663,-0.06867,1,0.14710119800212856,Normal
-0.26487,-1.21644,-1.70694,1.09872,0.24525,-0.44145,0.72594,-4.2183,1.28511,2.32497,-1.84428,-0.60822,1,0.1537151661812527,Normal
-0.61803,-1.88352,-2.37402,1.54998,0.0981,0.22563,0.21582,-3.87495,1.59903,2.2563,-1.83447,0.71613,1,0.14708452088599966,Normal
-0.00981,-1.28511,-2.21706,2.73699,-1.20663,0.30411,1.40283,-2.76642,0.85347,1.59903,-2.60946,0.65727,1,0.1354804698808345,Normal
0.18639,-0.44145,-1.67751,3.30597,-0.74556,-0.59841,1.78542,-2.92338,-0.92214,1.92276,-2.33478,0.73575,1,0.12966516204600026,Normal
-0.38259,-1.25568,-2.72718,3.55122,-0.5886,0.23544,1.6677,-2.26611,1.6677,2.65851,-2.32497,0.81423,1,0.11866833329389959,Normal
0.31392,-0.81423,-2.30535,2.31516,-1.99143,-0.75537,2.05029,-1.99143,0.31392,1.65789,-0.42183,0.00981,1,0.138342706659015,Normal
1.19682,-0.52974,-1.16739,3.79647,-0.28449,-2.02086,2.60946,-0.36297,0.04905,2.44269,-0.18639,0.46107,1,0.13386001521557483,Normal
1.48131,-1.09872,-1.54017,3.80628,-0.10791,-2.75661,2.52117,0.97119,-1.38321,1.13796,-1.46169,0.65727,1,0.13158404632148507,Normal
1.09872,-2.52117,-2.16801,2.62908,-0.46107,-3.19806,3.18825,2.03067,-0.67689,2.52117,-0.93195,-0.15696,1,0.11145860254821521,Normal
1.50093,-2.16801,-1.93257,1.10853,-0.25506,-3.78666,2.6487,3.80628,-0.66708,1.58922,0.63765,1.21644,1,0.11568867349559331,Normal
1.25568,-0.66708,-1.49112,3.41388,0.34335,-2.97243,3.4335,3.63951,-1.06929,1.98162,0.63765,1.04967,1,0.1043763641534915,Normal
1.61865,-0.57879,-1.85409,2.47212,1.46169,-4.99329,3.42369,3.98286,-0.76518,2.43288,0.69651,1.94238,1,0.09317974024159137,Normal
0.91233,0.30411,-1.35378,3.74742,2.3544,-4.38507,2.93319,3.60027,-0.71613,3.77685,0.33354,3.12939,1,0.09775636956854344,Normal
0.80442,1.69713,-2.4525,2.57022,0.93195,-4.45374,2.61927,3.60027,-0.7848,2.96262,2.61927,2.69775,1,0.09866098938292656,Normal
0.65727,1.78542,-1.90314,3.79647,1.99143,-2.26611,2.98224,3.00186,-1.75599,2.68794,0.36297,1.02024,1,0.10455021682401555,Normal
-0.0981,2.0601,-1.83447,3.05091,1.59903,-2.20725,2.66832,3.02148,-1.82466,2.30535,-0.24525,1.63827,1,0.11950277640977697,Normal
0.15696,2.22687,-1.58922,2.33478,1.30473,-2.36421,2.10915,3.10977,-1.63827,2.26611,-0.53955,0.81423,1,0.13517427588733227,Normal
-0.1962,1.35378,-1.46169,1.01043,2.73699,-1.3734,1.65789,2.88414,-2.57022,1.1772,0.45126,-0.79461,1,0.13971598965190313,Normal
-0.60822,1.05948,-1.08891,2.42307,1.4715,-1.22625,1.1772,1.93257,-2.11896,1.60884,1.54998,-1.02024,1,0.14959694508525334,Normal
-0.46107,0.97119,-0.36297,2.27592,0.80442,-2.39364,0.95157,1.51074,-2.27592,2.09934,-0.30411,0.16677,1,0.14728512457393972,Normal
-0.63765,0.92214,-0.32373,1.38321,1.45188,1.64808,0.18639,0.40221,-1.1772,2.71737,0.62784,-0.3924,1,0.16605175223829488,Normal
-0.5886,2.19744,-0.61803,2.04048,1.68732,-0.08829,-0.25506,-1.01043,-1.30473,3.52179,1.16739,-0.54936,1,0.1540593458847766,Normal
-0.89271,1.77561,0.07848,2.32497,0.44145,2.3544,-0.93195,-1.53036,-0.77499,3.0411,0.2943,-0.38259,1,0.16152903231411758,Normal
-1.13796,2.58984,0.50031,1.80504,0.17658,1.59903,-1.15758,-1.68732,0.04905,3.60027,-1.04967,-1.2753,1,0.1530369882782997,Normal
-1.01043,1.49112,-0.40221,0.28449,0.59841,2.48193,-1.64808,-2.47212,-0.00981,3.16863,-0.5886,-2.86452,1,0.15698989062131496,Normal
-1.51074,1.54998,0.17658,-0.25506,2.29554,0.69651,-2.14839,-2.12877,-0.24525,2.0601,-0.62784,-3.07053,1,0.135645403543231,Normal
-1.42245,1.70694,-0.04905,-0.40221,1.31454,2.09934,-1.83447,-2.78604,-0.60822,2.58984,-0.00981,-3.55122,1,0.14222231318950035,Normal
-1.36359,3.11958,0.24525,0.60822,1.24587,4.28697,-1.54017,-2.44269,0.84366,2.32497,-1.25568,-2.75661,1,0.1311175454837033,Normal
-1.22625,2.36421,-0.21582,0.30411,1.16739,1.72656,-1.10853,-2.88414,0.54936,1.93257,-0.26487,-2.54079,1,0.16210240548305244,Normal
-1.38321,3.86514,-0.40221,-0.01962,1.83447,1.88352,-0.81423,-3.06072,0.69651,2.00124,0.981,-0.11772,1,0.15974870521074758,Normal
-1.63827,5.15025,-0.81423,0.50031,1.38321,3.16863,-0.67689,-2.76642,0.99081,2.44269,1.31454,0.1962,1,0.13909735840935034,Normal
-1.36359,5.38569,-0.54936,1.25568,0.94176,2.65851,-0.13734,-2.66832,0.84366,2.08953,-0.35316,-0.50031,1,0.15277509136354123,Normal
-1.53036,4.50279,-1.94238,1.03986,1.6677,-0.13734,0.42183,-1.94238,1.0791,1.77561,0.02943,-0.03924,1,0.14663856318822155,Normal
-1.4715,5.02272,-1.99143,-0.73575,2.61927,0.26487,0.64746,-1.53036,0.24525,0.23544,-1.55979,0.96138,1,0.13603480065434126,Normal
-0.89271,7.19073,-1.75599,0.60822,0.7848,0.66708,1.29492,-1.52055,1.03005,0.15696,-1.88352,2.23668,1,0.13576885199994337,Normal
-0.73575,5.93505,-3.0411,0.99081,0.67689,0.87309,1.59903,-0.76518,-0.28449,-0.54936,-0.93195,2.2563,1,0.13357682168698182,Normal
-0.56898,6.46479,-2.4525,0.77499,0.73575,0.45126,1.58922,-0.56898,0.10791,-1.13796,0.22563,3.83571,1,0.1328304788287754,Normal
-0.03924,6.58251,-3.49236,0.22563,1.72656,-0.00981,2.23668,-0.56898,-1.53036,0.02943,-1.5696,5.21892,1,0.11020536431383243,Normal
0.55917,6.04296,-2.58984,2.36421,-0.06867,-0.85347,1.78542,0.47088,0.14715,1.06929,0.14715,5.07177,1,0.12076942536808988,Normal
0.63765,4.01229,-3.79647,2.71737,0.02943,-0.03924,2.43288,1.72656,-1.82466,1.71675,-1.93257,3.22749,1,0.10489231903639867,Normal
0.61803,2.61927,-2.28573,2.98224,0.54936,-2.3544,2.71737,2.27592,-0.22563,2.44269,-1.45188,3.4335,1,0.10761310906725474,Normal
1.78542,2.22687,-2.943,2.21706,1.63827,-3.67875,2.80566,2.78604,-0.0981,2.48193,-2.943,3.90438,1,0.09845254432556694,Normal
1.7658,0.99081,-1.74618,4.67937,0.32373,-2.44269,2.73699,2.61927,0.71613,2.96262,-2.38383,4.26735,1,0.1049092558243564,Normal
1.962,0.84366,-1.85409,4.86576,-0.07848,-4.2183,2.44269,2.1582,0.84366,3.52179,-2.27592,3.3354,1,0.09883043595533963,Normal
2.52117,1.67751,-0.64746,3.85533,0.21582,-2.81547,2.5506,2.30535,0.1962,3.79647,-2.00124,3.55122,1,0.11099492483860546,Normal
3.26673,2.26611,-1.62846,2.91357,1.52055,-2.04048,2.39364,3.15882,0.67689,3.75723,-2.89395,4.72842,1,0.09982539627245218,Normal
2.49174,0.0,-1.14777,4.72842,2.07972,-2.06991,1.61865,2.57022,0.28449,4.6107,-3.83571,3.4335,1,0.08517317705083538,Normal
2.3544,1.13796,-1.01043,4.01229,2.39364,0.62784,1.6677,2.28573,0.24525,5.51322,-2.12877,1.46169,1,0.11178816547409726,Normal
2.63889,1.20663,-0.38259,4.00248,3.32559,-1.95219,1.83447,2.5506,0.41202,5.16006,-0.76518,0.77499,1,0.11230228323635277,Normal
1.72656,1.04967,0.11772,3.05091,2.63889,-2.30535,1.50093,3.24711,0.62784,5.44455,-1.80504,0.20601,1,0.12012142419996846,Normal
1.04967,1.3734,0.76518,3.81609,2.76642,-3.44331,1.64808,2.4525,1.31454,5.90562,-2.26611,-1.67751,1,0.09976992332459739,Normal
0.48069,3.46293,0.99081,5.16006,3.91419,-2.65851,1.67751,3.68856,0.53955,5.24835,-2.16801,-2.63889,1,0.0754424347547929,Normal
0.67689,4.22811,0.97119,3.94362,2.63889,-2.87433,1.5696,3.24711,0.89271,4.905,-0.42183,-0.89271,1,0.1121336588782662,Normal
-0.03924,5.16987,0.52974,3.08034,3.07053,0.73575,1.4715,2.50155,0.90252,3.88476,-0.93195,-1.52055,1,0.12208738951520087,Normal
-0.52974,4.98348,0.0,2.98224,3.02148,-1.32435,0.26487,2.63889,0.92214,3.61989,-1.88352,-2.29554,1,0.1179530467965792,Normal
-1.21644,6.23916,0.17658,3.71799,2.50155,-0.14715,0.92214,2.21706,0.41202,3.71799,0.63765,-3.29616,1,0.11491744348414529,Normal
-1.58922,5.81733,-0.22563,2.90376,3.3354,-0.91233,-0.07848,1.54017,-1.54998,3.44331,0.74556,-4.97367,1,0.08465020579142463,Normal
-2.31516,3.71799,-0.02943,3.77685,3.31578,0.77499,-0.16677,1.73637,-0.30411,3.41388,-0.95157,-5.12082,1,0.104977131998584,Normal
-2.66832,3.03129,-0.34335,3.95343,3.31578,-0.56898,-0.14715,0.48069,-2.22687,3.73761,-2.07972,-6.79833,1,0.06438878075827087,Normal
-2.69775,4.68918,-0.08829,5.13063,3.68856,3.50217,-0.42183,0.12753,-1.32435,3.21768,1.00062,-5.86638,1,0.0679186430370719,Normal
-2.43288,3.17844,-1.34397,4.85595,3.09996,2.37402,-0.37278,-0.53955,-1.54017,1.51074,1.49112,-5.28759,1,0.07825727687223699,Normal
-2.36421,1.95219,-1.14777,3.75723,2.69775,3.25692,-0.3924,0.01962,-0.33354,1.38321,0.59841,-3.8259,1,0.12110967412535101,Normal
-1.97181,2.0601,-1.22625,3.45312,2.93319,1.78542,-0.84366,-1.21644,-1.53036,0.79461,0.80442,-2.7468,1,0.132014360834102,Normal
-2.42307,2.12877,-1.41264,2.62908,2.95281,3.18825,-0.42183,-1.77561,-0.83385,0.26487,0.15696,-2.61927,1,0.12120519716294298,Normal
-2.04048,0.59841,-1.70694,1.55979,3.0411,1.6677,-0.77499,-2.18763,-0.72594,-0.77499,0.54936,-2.20725,1,0.13489836314360903,Normal
-2.30535,-0.76518,-1.09872,1.71675,2.75661,2.943,-1.00062,-2.42307,0.81423,-0.50031,-0.71613,-1.61865,1,0.13302329331280982,Normal
-1.8639,-1.05948,-0.89271,1.83447,2.54079,1.34397,-0.51993,-2.71737,-0.56898,-1.65789,0.24525,0.51012,1,0.1379493277825971,Normal
-1.02024,0.50031,-1.64808,2.06991,1.962,2.48193,-0.42183,-2.943,-0.0981,-1.50093,0.01962,2.31516,1,0.15347454775813069,Normal
-1.50093,0.13734,-1.75599,2.2563,1.88352,1.21644,0.14715,-3.10977,0.4905,-1.79523,1.78542,2.75661,1,0.14255674369358573,Normal
-0.81423,-0.92214,-1.34397,2.6487,1.87371,1.44207,0.45126,-2.56041,1.7658,-1.67751,0.69651,3.66894,1,0.13878568966382515,Normal
-0.32373,-1.46169,-1.85409,3.26673,1.93257,1.44207,0.7848,-1.54017,0.2943,-2.0601,-0.41202,4.58127,1,0.13799769426842,Normal
0.0981,-0.08829,-1.77561,1.77561,2.10915,2.41326,1.6677,-0.46107,0.16677,-2.18763,-0.61803,5.48379,1,0.14179815177458965,Normal
-0.26487,-0.47088,-0.90252,3.01167,1.6677,0.0,1.44207,-0.61803,1.79523,-2.08953,0.31392,5.02272,1,0.14566563564352686,Normal
0.15696,-1.13796,-1.00062,2.69775,0.0981,-0.67689,1.03986,0.25506,1.32435,-2.08953,0.10791,5.70942,1,0.14757651473609246,Normal
0.94176,-1.0791,-0.72594,2.34459,1.2753,-1.83447,1.14777,0.67689,1.00062,-2.42307,1.68732,6.66099,1,0.14821614335776406,Normal
0.77499,-1.08891,-0.55917,2.42307,0.41202,-2.07972,1.39302,0.87309,1.1772,-0.63765,-0.02943,6.89643,1,0.15097554001825159,Normal
0.6867,-0.65727,-0.14715,2.79585,1.40283,-3.35502,1.67751,0.45126,1.64808,1.33416,-0.40221,6.45498,1,0.1302323843084373,Normal
1.46169,-1.03986,-0.40221,3.89457,0.55917,-3.29616,1.59903,0.92214,1.40283,1.78542,0.11772,6.78852,1,0.12439362295402273,Normal
1.62846,-1.15758,-1.42245,2.19744,1.3734,-3.3354,1.4715,2.22687,0.91233,1.97181,0.95157,6.16068,1,0.136164151784823,Normal
1.54998,-1.1772,-0.81423,2.54079,1.44207,-1.72656,1.61865,2.51136,1.57941,3.97305,0.54936,4.13001,1,0.12824880416074447,Normal
1.52055,-1.73637,-1.15758,3.81609,1.87371,-3.58065,1.28511,1.82466,2.1582,4.3164,0.20601,2.50155,1,0.11189692788349981,Normal
1.87371,-2.14839,-0.77499,3.83571,1.31454,-1.74618,0.89271,2.18763,1.44207,4.24773,1.03005,1.6677,1,0.12724254118667305,Normal
1.1772,-2.5506,-0.34335,2.47212,1.62846,-1.36359,0.69651,2.05029,1.34397,5.2974,0.69651,1.88352,1,0.1418616759020474,Normal
0.8829,-2.80566,0.22563,4.35564,1.13796,-3.03129,0.83385,1.21644,1.0791,5.44455,0.71613,0.20601,1,0.12681966570612913,Normal
0.52974,-1.42245,0.24525,5.20911,2.77623,-3.18825,0.86328,0.64746,1.59903,5.12082,-0.70632,-0.2943,1,0.10709313884099236,Normal
0.72594,-0.90252,0.38259,4.56165,2.24649,-1.15758,0.0,0.90252,0.97119,4.95405,0.96138,-0.02943,1,0.13569664419056132,Normal
-0.25506,-0.5886,0.51993,3.22749,2.11896,-1.55979,0.17658,1.38321,2.1582,5.64075,0.56898,-0.54936,1,0.14091515053192194,Normal
-0.51012,-1.03986,-0.45126,5.41512,2.79585,-1.21644,0.16677,0.95157,1.49112,4.77747,0.4905,-2.40345,1,0.121267945843064,Normal
-0.77499,-0.10791,-0.12753,3.89457,3.21768,-0.85347,0.56898,1.44207,2.02086,5.21892,0.35316,-4.03191,1,0.11258079568295204,Normal
-1.63827,0.31392,-0.06867,4.56165,2.90376,-1.13796,0.48069,1.91295,-0.35316,4.69899,0.65727,-5.37588,1,0.11003017565716283,Normal
-1.69713,-0.48069,0.21582,3.66894,2.61927,-0.47088,0.34335,2.4525,0.06867,5.13063,0.03924,-5.1993,1,0.11340466280396522,Normal
-1.89333,-1.32435,-0.69651,5.16006,2.54079,-0.04905,0.74556,1.91295,0.36297,3.94362,0.40221,-5.63094,1,0.10237014118598958,Normal
-2.56041,0.40221,-0.4905,3.95343,2.02086,0.46107,1.06929,1.38321,-0.23544,3.01167,0.77499,-4.64013,1,0.1330858572183765,Normal
-2.13858,1.29492,-0.35316,2.53098,2.11896,2.17782,0.6867,2.1582,-0.53955,3.17844,1.88352,-5.58189,1,0.12683925014219988,Normal
-2.75661,1.00062,-0.35316,2.53098,1.48131,1.84428,0.42183,2.46231,0.04905,1.93257,1.59903,-4.22811,1,0.13349200434958453,Normal
-2.81547,0.06867,-1.35378,2.88414,2.02086,1.1772,0.59841,1.58922,-0.61803,0.75537,0.48069,-4.43412,1,0.13169208989605324,Normal
-2.44269,1.08891,-0.96138,0.87309,1.82466,0.10791,0.35316,1.6677,-1.28511,0.94176,-1.3734,-5.6898,1,0.13260940993042303,Normal
-3.00186,0.50031,-0.74556,0.51012,1.41264,-0.42183,0.4905,0.13734,-0.81423,0.55917,-0.04905,-4.89519,1,0.14953533440200617,Normal
-2.32497,0.20601,-1.24587,2.04048,0.99081,0.28449,-0.10791,0.20601,-0.82404,-0.60822,0.41202,-2.88414,1,0.15917085729937863,Normal
-1.11834,-0.1962,-1.88352,3.29616,0.85347,-0.12753,0.63765,-0.35316,-2.1582,-1.12815,-0.28449,-1.52055,1,0.144436238144112,Normal
-0.46107,1.64808,-1.23606,2.88414,-0.17658,0.61803,0.79461,-0.52974,-1.40283,-0.74556,0.35316,-1.28511,1,0.16017677817413783,Normal
-0.12753,2.61927,-1.1772,0.76518,-0.14715,2.77623,0.69651,-2.10915,0.10791,-0.981,-0.64746,-0.15696,1,0.16860135737798365,Normal
0.60822,0.47088,-1.97181,1.87371,0.08829,3.12939,0.59841,-0.99081,0.79461,-1.65789,-1.09872,0.94176,1,0.15835350094103257,Normal
1.10853,0.18639,-1.32435,3.69837,-0.21582,1.31454,1.18701,-0.51993,0.4905,-1.97181,-2.61927,2.68794,1,0.1433644044165831,Normal
1.16739,0.5886,-0.74556,1.90314,0.30411,1.80504,0.92214,-0.12753,1.54017,-2.29554,-2.54079,2.02086,1,0.15403543901708572,Normal
1.19682,0.30411,-0.01962,1.84428,-0.18639,0.65727,1.01043,-0.32373,2.1582,-1.90314,-3.1392,3.73761,1,0.14382977468271219,Normal
1.87371,-0.51993,0.0,3.86514,-0.08829,-1.48131,1.05948,-0.32373,2.48193,-2.50155,-3.40407,5.47398,1,0.11136692647034624,Normal
2.4525,0.23544,0.4905,4.36545,-1.10853,-1.1772,0.91233,-0.25506,1.30473,-2.19744,-4.7088,6.5727,1,0.10468664426609453,Normal
2.23668,1.69713,0.72594,4.28697,-0.50031,-0.77499,0.96138,-0.12753,2.08953,-1.81485,-4.82652,6.58251,1,0.09885257200059339,Normal
2.16801,1.99143,1.03005,4.13982,-1.28511,-1.10853,1.13796,-0.69651,1.69713,-0.95157,-4.18887,6.50403,1,0.10054272331148834,Normal
2.95281,0.82404,-0.17658,5.06196,-1.1772,-1.5696,0.83385,0.08829,2.53098,-0.73575,-4.75785,4.96386,1,0.0870214309401699,Normal
3.08034,1.77561,-0.15696,4.56165,-1.92276,-0.72594,0.67689,0.85347,2.57022,-0.74556,-3.46293,4.36545,1,0.0941123441150033,Normal
1.92276,2.01105,0.60822,4.48317,-1.42245,-2.26611,0.21582,2.23668,2.53098,-0.31392,-2.53098,3.61008,1,0.11494524766954184,Normal
2.44269,0.77499,0.48069,3.77685,-0.95157,-3.25692,0.60822,2.26611,3.09015,1.84428,-1.99143,3.71799,1,0.1056296031306943,Normal
1.64808,1.75599,0.51993,3.76704,-0.60822,-4.71861,0.8829,3.00186,2.70756,1.40283,-3.1392,3.48255,1,0.09245872881174061,Normal
1.99143,1.23606,1.28511,3.30597,-0.51012,-6.06258,0.28449,3.84552,0.99081,2.59965,-1.79523,2.52117,1,0.10213579677554246,Normal
1.52055,2.18763,0.72594,3.67875,0.15696,-6.19992,0.06867,3.47274,1.6677,3.27654,-1.63827,1.88352,1,0.09229234480656584,Normal
1.22625,1.61865,0.48069,1.75599,-0.62784,-6.5727,0.28449,2.98224,1.42245,3.64932,0.42183,1.06929,1,0.11125910140628481,Normal
0.981,1.57941,-0.44145,1.38321,0.6867,-5.08158,-0.20601,3.17844,1.1772,3.75723,-0.03924,-0.67689,1,0.1354058947749069,Normal
0.69651,1.0791,-0.51993,-0.04905,0.6867,-3.28635,-0.77499,3.78666,0.75537,4.53222,0.86328,-0.67689,1,0.14851828824102886,Normal
0.4905,0.72594,-0.67689,-0.08829,1.1772,-4.1202,-0.05886,3.83571,0.31392,4.09077,2.24649,-1.18701,1,0.13394045441772057,Normal
0.13734,0.42183,-1.03005,-0.46107,2.1582,-2.16801,0.02943,4.0221,2.11896,5.24835,2.34459,-1.3734,1,0.1309615044550469,Normal
-0.84366,1.26549,-1.39302,0.37278,2.85471,-2.27592,-0.75537,4.19868,0.94176,5.60151,1.84428,-1.08891,1,0.12902786014776235,Normal
-1.05948,2.31516,-1.23606,1.83447,3.09015,-2.31516,0.27468,3.87495,0.27468,5.67018,2.0601,-0.2943,1,0.12274060195277203,Normal
-1.51074,1.60884,-0.59841,0.44145,3.00186,-1.60884,0.3924,3.20787,-0.03924,6.23916,2.92338,-0.32373,1,0.11826805595238638,Normal
-2.12877,2.03067,-1.24587,2.04048,3.3354,-2.19744,-0.34335,2.01105,1.23606,6.0822,1.01043,-1.12815,1,0.117564594657809,Normal
-2.71737,0.6867,-1.38321,1.45188,3.25692,-1.8639,-0.84366,1.48131,0.67689,4.67937,2.10915,-1.81485,1,0.1204624003517808,Normal
-2.943,-0.34335,-1.00062,1.54998,3.88476,-2.09934,-0.73575,0.97119,-0.01962,3.89457,1.65789,-3.77685,1,0.11587607566363761,Normal
-2.69775,-0.21582,-0.96138,0.3924,2.87433,-1.15758,-0.50031,1.0791,1.15758,4.32621,3.3354,-4.26735,1,0.11222515361004809,Normal
-3.61008,-1.22625,-1.15758,0.02943,4.39488,-0.41202,-1.09872,0.27468,1.61865,3.63951,2.44269,-5.89581,1,0.09205614588976702,Normal
-3.60027,-0.17658,-1.69713,1.23606,3.31578,-0.44145,-1.24587,0.981,0.65727,4.01229,2.90376,-5.51322,1,0.08978599942441567,Normal
-2.71737,-1.08891,-1.19682,2.90376,4.3164,-0.85347,-0.5886,0.87309,-0.14715,3.86514,2.96262,-4.74804,1,0.08951164848836124,Normal
-2.67813,-0.55917,-0.77499,1.38321,4.49298,-1.12815,-0.61803,0.46107,0.51993,3.31578,2.01105,-3.71799,1,0.10997334198740055,Normal
-1.99143,-0.70632,-1.45188,-0.48069,2.43288,-2.4525,-0.5886,0.70632,-0.21582,3.16863,1.03005,-3.25692,1,0.1365559478974226,Normal
-1.90314,-1.22625,-1.60884,1.70694,1.62846,-2.60946,-0.42183,0.11772,-0.44145,2.47212,0.70632,-3.61008,1,0.14763790932263848,Normal
-1.21644,-3.06072,-0.8829,2.09934,2.06991,-2.11896,-0.21582,-0.08829,0.62784,1.35378,0.46107,-4.47336,1,0.14688742927147175,Normal
-0.6867,-4.78728,-1.38321,-0.82404,1.77561,-2.1582,-0.5886,0.60822,2.12877,0.65727,-0.42183,-4.42431,1,0.1370948026997948,Normal
0.32373,-4.00248,-0.83385,-0.30411,0.85347,-3.46293,-0.47088,0.87309,1.41264,-0.10791,0.67689,-3.58065,1,0.14534284557289584,Normal
0.74556,-3.88476,-0.85347,1.35378,0.83385,-0.92214,-0.32373,1.40283,1.14777,-0.92214,0.91233,-0.76518,1,0.15862439665525618,Normal
1.28511,-1.962,-0.31392,1.78542,-0.10791,-0.65727,0.01962,1.28511,2.36421,-0.65727,-0.46107,1.03005,1,0.15896056221535843,Normal
1.52055,-1.79523,-0.83385,0.35316,0.65727,-1.20663,-0.24525,1.70694,2.23668,-1.69713,-0.51012,2.77623,1,0.15255486414560826,Normal
2.39364,-0.62784,-0.47088,2.8449,-0.92214,-0.30411,-0.20601,1.75599,3.75723,-1.69713,-1.85409,3.85533,1,0.11638704050291054,Normal
2.22687,-0.74556,-0.42183,5.32683,-0.36297,-0.94176,0.42183,1.45188,3.4335,-1.3734,-3.01167,5.57208,1,0.09714256889750217,Normal
2.4525,-2.09934,-0.05886,4.94424,-0.69651,0.3924,0.44145,0.6867,3.83571,-1.0791,-3.83571,4.74804,1,0.09184457655417805,Normal
2.58003,-1.65789,-0.13734,3.73761,-0.77499,-0.90252,0.16677,0.93195,3.02148,-1.00062,-3.95343,4.95405,1,0.09562441356289642,Normal
2.90376,-1.85409,0.59841,5.87619,-2.29554,0.1962,0.27468,0.66708,3.97305,-1.71675,-3.81609,7.50465,1,0.05484643895429919,Normal
2.28573,0.0,0.37278,6.24897,-1.5696,-1.42245,0.52974,0.47088,3.06072,-1.28511,-4.27716,7.90686,1,0.06008991350204934,Normal
2.44269,0.45126,0.46107,5.80752,-0.75537,0.17658,0.6867,-0.25506,2.5506,-1.26549,-3.52179,6.36669,1,0.09716607842283359,Normal
2.51136,0.69651,-0.17658,5.42493,-0.77499,-1.46169,0.4905,0.5886,2.13858,-0.36297,-3.65913,6.2784,1,0.10961755259834288,Normal
2.08953,0.95157,0.4905,6.01353,-0.86328,-0.74556,0.94176,0.26487,2.26611,-1.11834,-3.59046,5.31702,1,0.10553086638700737,Normal
2.21706,0.87309,0.14715,4.83633,-0.34335,-1.43226,1.63827,0.57879,1.91295,0.66708,-3.15882,4.78728,1,0.11338661602449046,Normal
1.79523,0.15696,0.41202,3.48255,0.90252,-0.92214,1.6677,-0.46107,2.50155,2.08953,-2.60946,4.83633,1,0.1234086600596414,Normal
1.12815,-0.66708,-0.12753,3.49236,0.51993,-3.22749,1.71675,1.58922,1.61865,1.53036,-2.5506,2.87433,1,0.125163675073303,Normal
0.96138,-1.57941,-0.1962,4.62051,-0.40221,-3.00186,1.83447,1.14777,1.31454,2.27592,-3.63951,1.8639,1,0.10859454014620062,Normal
1.6677,-0.67689,-0.00981,2.61927,0.61803,-3.80628,2.40345,2.63889,1.03986,4.81671,-2.51136,2.12877,1,0.11457326213045804,Normal
0.74556,0.15696,-0.59841,0.75537,1.28511,-3.77685,2.24649,3.15882,0.1962,4.71861,-0.51993,3.17844,1,0.12869992664332564,Normal
0.07848,1.44207,-1.23606,1.70694,1.20663,-3.79647,2.1582,4.08096,1.38321,5.81733,-0.92214,1.81485,1,0.1222065700874686,Normal
0.45126,0.53955,-0.85347,2.29554,2.1582,-3.37464,2.04048,4.96386,-0.74556,5.06196,0.40221,1.49112,1,0.11847894141225945,Normal
0.65727,1.6677,-1.44207,-0.48069,2.52117,-2.17782,2.19744,5.37588,0.46107,5.32683,1.00062,-0.34335,1,0.11890938924989858,Normal
-0.3924,0.57879,-1.70694,-0.92214,3.34521,-1.32435,1.92276,4.62051,-0.22563,6.12144,1.82466,1.45188,1,0.09980803451065101,Normal
-0.74556,0.07848,-1.03986,0.66708,3.47274,-0.83385,1.87371,4.35564,0.76518,5.76828,1.93257,0.35316,1,0.11494333314705918,Normal
-0.4905,-0.27468,-0.89271,1.70694,3.74742,-1.44207,1.53036,4.68918,0.44145,5.30721,1.2753,-0.40221,1,0.11000824662331332,Normal
-0.53955,0.69651,-1.36359,1.14777,4.18887,-1.41264,1.41264,4.39488,0.00981,6.2784,1.49112,0.56898,1,0.11499238109403365,Normal
-0.74556,0.38259,-1.2753,2.42307,4.27716,-1.25568,0.81423,3.26673,-0.23544,5.70942,3.2373,2.09934,1,0.1063100853101861,Normal
-0.981,1.15758,-1.19682,3.09996,2.62908,0.03924,0.62784,2.88414,-0.89271,5.06196,3.83571,2.93319,1,0.11005990793244852,Normal
-1.15758,2.58984,-1.45188,3.40407,2.97243,-1.09872,0.45126,2.19744,-2.30535,4.58127,3.4335,1.33416,1,0.10559992223762826,Normal
-0.85347,2.11896,-1.57941,3.16863,2.99205,0.0,0.4905,2.08953,-1.80504,4.6107,3.52179,1.04967,1,0.11466840643969528,Normal
-1.15758,1.42245,-1.18701,4.08096,2.51136,0.90252,-0.13734,0.21582,-0.34335,3.34521,4.44393,1.80504,1,0.11251009206366014,Normal
-1.2753,0.62784,-0.21582,3.39426,2.56041,0.28449,0.41202,-1.36359,-1.43226,3.05091,3.55122,0.28449,1,0.124419810915613,Normal
-1.0791,-0.51993,-0.06867,2.46231,2.80566,-0.52974,-0.46107,-2.96262,-1.52055,2.21706,4.13982,-0.7848,1,0.12023809891117798,Normal
-0.85347,0.56898,-0.21582,3.02148,3.42369,-0.08829,0.0,-2.09934,-0.82404,2.5506,1.98162,1.79523,1,0.1280835175657674,Normal
-0.81423,0.02943,-0.00981,2.2563,2.39364,-0.1962,-0.97119,-2.92338,-0.03924,1.36359,1.94238,2.88414,1,0.1432719870032363,Normal
-1.35378,0.21582,-0.15696,2.1582,1.26549,-1.72656,-0.28449,-2.39364,-1.13796,0.82404,-0.1962,3.40407,1,0.1593810328487762,Normal
-0.35316,0.43164,-0.28449,2.7468,1.93257,-2.1582,-0.1962,-1.34397,-0.02943,0.61803,-1.58922,3.96324,1,0.15151880268353551,Normal
-0.44145,-1.14777,-0.03924,4.44393,1.13796,-1.67751,-0.46107,-0.45126,0.11772,0.14715,-1.82466,4.89519,1,0.1404372484816912,Normal
-0.17658,-0.77499,-0.45126,3.64932,0.82404,-1.53036,0.17658,-1.06929,0.60822,-0.83385,-1.44207,5.66037,1,0.14487072541114054,Normal
0.35316,-1.03005,0.36297,3.70818,1.52055,-3.924,0.0,-0.25506,0.06867,-0.93195,-2.90376,6.10182,1,0.12331420233239321,Normal
0.28449,0.40221,0.59841,3.2373,1.82466,-2.26611,-0.33354,-0.77499,1.59903,-0.77499,-4.29678,7.23978,1,0.10822996812307945,Normal
0.51012,1.13796,0.981,3.25692,0.66708,-2.28573,-0.0981,0.21582,0.85347,-0.99081,-5.11101,8.54451,1,0.09064692643615846,Normal
0.37278,0.38259,0.84366,2.943,1.65789,-3.18825,0.75537,0.07848,2.12877,-2.34459,-6.69042,9.17235,1,0.0577527626432095,Normal
0.63765,0.47088,0.69651,2.92338,1.03986,-6.14106,0.59841,-0.07848,1.03005,-1.34397,-7.62237,10.37898,1,0.0407211401805706,Normal
0.63765,1.00062,1.62846,3.59046,1.77561,-2.71737,0.53955,1.5696,1.6677,-1.98162,-7.44579,9.82962,1,0.042394947296075625,Normal
0.23544,0.66708,1.22625,4.29678,0.3924,-2.62908,0.97119,1.72656,1.04967,-2.00124,-8.02458,8.50527,1,0.06504897239813179,Normal
0.57879,-0.41202,1.09872,2.90376,0.80442,-1.33416,1.44207,1.54017,2.44269,-1.81485,-8.829,8.99577,1,0.049230456795165745,Normal
0.77499,-0.13734,1.58922,5.31702,1.41264,-1.88352,1.32435,1.23606,1.08891,-0.77499,-8.15211,8.00496,1,0.0625494689584461,Normal
-0.38259,0.26487,2.00124,5.75847,2.44269,0.51993,1.4715,0.45126,1.77561,0.27468,-6.2784,7.07301,1,0.05187747271246951,Normal
-0.08829,2.10915,2.30535,5.04234,0.90252,-0.5886,1.67751,0.83385,0.981,1.81485,-6.82776,7.01415,1,0.07184777041799728,Normal
-0.03924,3.03129,1.60884,4.88538,1.51074,-1.48131,2.18763,0.61803,0.74556,1.98162,-6.3765,6.24897,1,0.0681898284557283,Normal
-0.46107,4.43412,1.6677,3.3354,1.84428,-2.30535,2.11896,0.4905,0.63765,2.52117,-6.48441,4.49298,1,0.07667310246800352,Normal
-1.02024,3.97305,1.63827,3.19806,2.29554,-0.54936,1.54998,1.83447,-0.57879,2.70756,-4.10058,3.12939,1,0.09635031704580516,Normal
-0.48069,3.00186,1.2753,1.60884,2.92338,-1.36359,2.08953,2.58984,-1.04967,3.57084,-3.65913,2.1582,1,0.09992748252686406,Normal
-0.83385,3.57084,0.43164,2.03067,3.76704,-1.65789,1.65789,2.37402,-1.10853,3.15882,-4.38507,1.93257,1,0.08026560256072701,Normal
-0.96138,1.88352,1.03005,2.73699,3.61989,-0.75537,1.68732,3.11958,0.01962,4.25754,-2.49174,0.85347,1,0.10864441124033652,Normal
-1.70694,3.47274,0.67689,2.83509,4.24773,-0.95157,1.1772,3.29616,-1.00062,5.61132,-1.95219,-0.4905,1,0.10191857162607876,Normal
-1.28511,4.32621,0.04905,0.981,4.20849,-1.79523,1.09872,3.84552,-0.981,5.85657,-2.46231,-0.22563,1,0.10892099425382407,Normal
-1.38321,5.13063,-0.08829,0.94176,3.49236,-3.34521,0.97119,3.81609,-1.44207,6.11163,0.43164,0.79461,1,0.10310909089999487,Normal
-1.16739,4.73823,0.40221,0.24525,3.84552,-2.03067,0.16677,4.14963,-2.0601,6.23916,0.63765,0.07848,1,0.1021944020952209,Normal
-1.0791,4.58127,-0.05886,0.21582,2.90376,-4.14963,-0.00981,4.34583,-1.92276,6.75909,1.28511,-0.30411,1,0.10820830745063498,Normal
-0.86328,2.98224,-0.87309,-2.60946,2.70756,-3.41388,-0.12753,4.95405,-2.5506,5.43474,0.24525,1.09872,1,0.10794597578727322,Normal
-0.55917,1.64808,-0.32373,-1.18701,2.47212,-1.91295,-0.93195,4.39488,-1.4715,5.27778,0.59841,2.52117,1,0.12874450545097904,Normal
-0.74556,0.32373,0.18639,0.24525,1.43226,-1.13796,-0.61803,4.00248,-1.85409,4.23792,3.26673,2.22687,1,0.13201322972119817,Normal
-0.36297,-0.15696,-0.06867,0.28449,0.63765,-0.42183,-0.45126,2.06991,-2.0601,4.72842,2.3544,3.18825,1,0.13609738317403297,Normal
-0.16677,0.57879,0.06867,0.1962,1.71675,-0.6867,-0.92214,1.54998,-3.0411,3.97305,1.72656,3.19806,1,0.14533600254128481,Normal
0.03924,1.88352,0.24525,1.28511,0.6867,-0.60822,-1.29492,0.15696,-2.11896,3.36483,2.82528,4.53222,1,0.14017782879421214,Normal
1.18701,1.94238,0.43164,1.22625,-0.60822,-0.37278,-1.2753,-0.21582,-3.27654,3.40407,2.83509,5.12082,1,0.12919994929891604,Normal
0.7848,2.65851,0.45126,0.57879,-0.92214,-0.41202,-1.5696,-1.36359,-2.06991,3.54141,2.943,5.02272,1,0.13091531627005776,Normal
0.42183,1.03005,0.36297,0.92214,-1.34397,-1.5696,-1.52055,-1.08891,-1.8639,2.2563,2.65851,4.18887,1,0.1383985311968577,Normal
1.39302,1.13796,0.89271,0.94176,-1.24587,-0.7848,-1.43226,-1.24587,-0.99081,1.52055,1.1772,5.75847,1,0.15125953367908218,Normal
1.90314,-0.32373,0.86328,1.94238,-2.31516,-0.32373,-2.02086,-1.53036,-0.42183,1.06929,1.32435,7.24959,1,0.11975241686859972,Normal
1.21644,-1.31454,1.59903,2.3544,-1.42245,0.53955,-1.84428,-1.34397,-0.50031,1.09872,-0.40221,7.44579,1,0.12054172470934016,Normal
1.34397,-0.80442,0.70632,3.01167,-1.15758,-0.00981,-1.5696,-0.67689,0.2943,0.48069,0.05886,6.48441,1,0.1423287802542274,Normal
1.94238,-0.12753,0.95157,4.30659,-1.04967,-0.75537,-1.55979,-0.87309,0.2943,-0.24525,-1.44207,7.68123,1,0.11273935868305984,Normal
1.46169,1.22625,0.46107,3.46293,-2.29554,-2.48193,-1.65789,-0.70632,0.86328,0.27468,-2.63889,8.96634,1,0.0900066027279306,Normal
1.42245,0.59841,1.28511,2.43288,-0.8829,-2.33478,-1.57941,0.67689,1.50093,0.51993,-3.88476,7.23978,1,0.10713402891279666,Normal
1.61865,0.08829,0.54936,2.47212,-1.38321,-3.49236,-1.48131,0.70632,1.06929,-0.01962,-4.2183,5.89581,1,0.10684328827532935,Normal
1.61865,-1.39302,-0.40221,3.21768,-1.05948,-1.29492,-1.50093,2.943,0.89271,0.34335,-6.44517,7.51446,1,0.07534442104744371,Normal
1.92276,-2.77623,0.21582,3.47274,-1.19682,0.31392,-1.09872,2.69775,1.32435,1.54998,-4.91481,9.01539,1,0.06202035059462163,Normal
0.70632,-3.75723,1.22625,3.56103,-0.04905,0.77499,-0.27468,2.43288,2.42307,1.45188,-5.1012,9.21159,1,0.0460053299343563,Normal
1.57941,-4.05153,-0.27468,3.2373,0.15696,-1.81485,0.21582,2.26611,2.18763,2.1582,-6.91605,7.63218,1,0.04746902014974075,Normal
1.34397,-3.26673,0.32373,4.2183,-0.71613,-1.57941,0.33354,3.61989,1.60884,2.2563,-6.29802,8.11287,1,0.057193812004254885,Normal
1.26549,-1.46169,0.26487,3.22749,-0.35316,-1.22625,0.81423,2.23668,0.8829,2.86452,-6.43536,7.83819,1,0.07147739994495039,Normal
1.02024,-0.47088,-0.20601,1.39302,-0.28449,0.51012,0.92214,2.23668,1.53036,2.20725,-4.16925,5.6898,1,0.11757787381644424,Normal
0.89271,0.52974,-0.93195,0.31392,-0.00981,-0.51012,1.40283,1.28511,1.77561,2.67813,-5.7879,2.82528,1,0.10215266795355438,Normal
0.43164,-0.35316,-0.87309,0.80442,0.20601,0.97119,1.4715,2.43288,1.11834,3.35502,-4.65975,3.61989,1,0.11180677448751664,Normal
0.77499,-1.09872,-0.47088,2.09934,-0.10791,2.72718,1.70694,2.67813,2.31516,3.4335,-3.8259,2.38383,1,0.10806654997172244,Normal
0.03924,-0.82404,-0.44145,1.30473,1.12815,1.45188,2.06991,2.01105,1.91295,4.27716,-2.76642,1.74618,1,0.13498139992629055,Normal
-1.24587,-0.53955,-0.76518,1.42245,1.44207,0.30411,1.59903,2.61927,1.65789,4.52241,-1.68732,-0.2943,1,0.13674118033153054,Normal
-1.32435,1.12815,0.17658,2.26611,1.4715,0.77499,1.41264,3.02148,1.5696,5.87619,-1.18701,0.12753,1,0.13995912201464056,Normal
-1.33416,2.57022,-0.66708,2.76642,1.45188,1.35378,1.49112,2.943,0.51012,6.11163,-2.16801,0.0981,1,0.12458113060333992,Normal
-1.50093,4.00248,-0.28449,1.42245,2.85471,-0.31392,0.66708,1.87371,-0.28449,5.15025,0.54936,-1.18701,1,0.13520393611820525,Normal
-2.42307,3.06072,-0.85347,-0.83385,1.79523,-0.63765,0.48069,2.54079,0.17658,4.33602,-1.31454,-2.46231,1,0.1290861182769995,Normal
-1.61865,2.93319,0.0,-0.05886,1.09872,-0.83385,0.60822,3.08034,0.66708,5.03253,-0.95157,-1.73637,1,0.14093537746987067,Normal
-0.94176,1.74618,-0.87309,0.0981,0.53955,0.43164,-0.1962,2.69775,-0.63765,3.87495,0.3924,-1.59903,1,0.16394542176423427,Normal
-0.981,1.57941,-0.73575,0.79461,2.47212,0.15696,-0.32373,1.91295,-1.08891,4.48317,-0.32373,-0.80442,1,0.14904646883864697,Normal
-1.39302,0.41202,-0.51993,1.13796,1.14777,-0.56898,-0.52974,1.22625,-0.60822,4.38507,1.38321,0.23544,1,0.16150231766993084,Normal
-0.34335,-0.53955,-0.52974,3.34521,1.24587,-0.37278,-0.14715,2.17782,-0.74556,4.71861,-0.73575,1.39302,1,0.14935768826369628,Normal
0.36297,-0.20601,-1.16739,3.08034,0.85347,-1.78542,-0.86328,1.03005,-2.61927,4.54203,0.74556,1.88352,1,0.13629410303663464,Normal
0.42183,1.09872,-0.4905,2.05029,0.66708,-3.5316,-1.45188,-0.15696,-1.23606,4.29678,-0.25506,3.26673,1,0.13636471566382447,Normal
0.79461,-0.42183,-1.09872,0.80442,-0.33354,-3.924,-1.55979,-0.83385,-0.96138,4.3164,0.0981,3.32559,1,0.14159554389852258,Normal
2.09934,-0.10791,-0.73575,1.28511,-0.84366,-1.22625,-0.96138,-0.59841,-0.76518,3.47274,-1.24587,4.69899,1,0.14119246550782605,Normal
2.3544,-0.51993,-0.90252,3.11958,-0.92214,-2.81547,-1.69713,-2.1582,-1.42245,2.22687,0.5886,4.38507,1,0.12559344108988812,Normal
2.69775,-1.19682,-1.49112,1.80504,-1.01043,-2.66832,-1.46169,-1.48131,-0.89271,1.25568,-2.21706,7.19073,1,0.12063590720947981,Normal
2.54079,-0.81423,-0.79461,1.88352,-2.52117,-1.15758,-1.44207,-2.70756,-0.67689,1.10853,-0.52974,5.82714,1,0.12420281820857582,Normal
3.38445,-0.35316,-0.53955,3.76704,-3.03129,0.0,-1.12815,-3.14901,-1.05948,1.16739,-0.52974,6.4746,1,0.10042108638079195,Normal
3.97305,-0.23544,-0.7848,4.10058,-2.56041,-0.14715,-1.24587,-3.08034,-0.44145,0.48069,-2.5506,6.51384,1,0.09005817517081915,Normal
3.52179,0.81423,0.89271,4.87557,-2.38383,0.03924,-1.26549,-1.97181,0.81423,0.90252,-3.12939,6.92586,1,0.08496614594728363,Normal
2.75661,1.59903,0.24525,5.41512,-3.12939,1.10853,-1.57941,-2.00124,0.60822,0.77499,-3.61008,7.03377,1,0.0805546449101241,Normal
3.74742,1.7658,-0.01962,6.75909,-2.93319,2.42307,-1.36359,-2.21706,0.36297,0.89271,-2.8449,7.60275,1,0.06169052139693354,Normal
2.59965,1.78542,0.46107,5.2974,-3.29616,0.93195,-0.72594,-1.7658,1.81485,0.82404,-3.51198,8.39736,1,0.06914185542722684,Normal
2.34459,1.89333,0.90252,4.92462,-3.05091,2.19744,-0.61803,-0.82404,1.26549,0.62784,-5.62113,9.21159,1,0.05330879016122714,Normal
1.77561,1.22625,0.76518,5.38569,-3.80628,1.49112,-0.05886,-0.54936,1.38321,1.63827,-4.19868,8.72109,1,0.07007013195951772,Normal
1.61865,1.36359,1.06929,6.48441,-3.2373,0.52974,0.32373,-0.2943,1.49112,2.09934,-4.98348,8.67204,1,0.05303746407388443,Normal
1.35378,1.31454,1.61865,5.99391,-4.13001,1.01043,-0.18639,0.51993,2.83509,3.09996,-5.64075,8.90748,1,0.011157837598811282,Normal
1.5696,2.69775,1.50093,4.93443,-3.26673,2.41326,0.22563,1.45188,0.66708,4.59108,-4.91481,10.16316,1,0.050473373188709925,Normal
0.38259,3.25692,1.24587,5.52303,-2.66832,0.96138,0.31392,1.64808,1.41264,5.1012,-3.76704,10.18278,1,0.04477050045594494,Normal
0.92214,3.27654,0.60822,4.62051,-1.79523,2.96262,0.21582,1.34397,0.79461,5.86638,-2.61927,9.55494,1,0.07838374735578141,Normal
0.50031,3.20787,0.8829,2.18763,-2.61927,1.10853,0.72594,1.91295,1.68732,6.59232,-4.43412,7.66161,1,0.06599981353526163,Normal
-0.22563,3.61008,0.1962,1.95219,-1.82466,1.38321,0.99081,1.15758,1.15758,7.3575,-2.02086,6.84738,1,0.13165084855665748,Normal
-0.41202,2.76642,0.11772,3.49236,-1.53036,-0.26487,1.06929,1.1772,1.94238,7.75971,-1.80504,6.12144,1,0.11243877679115466,Normal
0.0,3.20787,-0.01962,2.07972,-0.10791,1.19682,1.21644,0.33354,1.55979,8.05401,-2.76642,5.47398,1,0.11565601433862749,Normal
-0.73575,4.38507,-0.8829,0.86328,-1.7658,0.86328,0.95157,0.70632,0.31392,8.829,-1.12815,4.23792,1,0.11372888759935301,Normal
-0.26487,4.27716,-0.54936,0.0,-1.43226,2.07972,1.39302,1.01043,0.97119,8.86824,0.23544,3.54141,1,0.11836466417391917,Normal
-0.47088,5.14044,0.04905,1.03005,0.28449,3.61008,1.24587,-0.17658,1.48131,8.06382,0.08829,2.51136,1,0.11640671105447292,Normal
-0.45126,5.03253,-0.42183,-1.45188,1.13796,4.28697,0.51012,-1.14777,2.04048,6.80814,1.03986,0.96138,1,0.12419702933186416,Normal
-0.51993,4.22811,-0.77499,-2.13858,0.07848,4.36545,0.56898,-0.73575,0.8829,6.35688,0.04905,-0.54936,1,0.13095627585469477,Normal
-1.02024,3.76704,-0.60822,-0.65727,-0.36297,4.71861,0.63765,-0.48069,1.24587,6.09201,2.53098,0.05886,1,0.13027386817525688,Normal
-0.82404,3.16863,-0.59841,0.85347,1.40283,4.32621,0.24525,-2.23668,1.49112,5.53284,2.6487,1.02024,1,0.13074583834362907,Normal
-1.05948,1.61865,-0.99081,-1.46169,1.42245,3.75723,-0.01962,-2.5506,1.26549,4.78728,1.3734,1.21644,1,0.15632421632009735,Normal
-0.65727,1.79523,-0.5886,-0.36297,0.84366,1.29492,0.31392,-2.67813,-0.47088,4.71861,1.95219,2.6487,1,0.14853101545151803,Normal
-0.32373,1.41264,0.35316,0.64746,0.38259,0.51012,-0.08829,-2.81547,0.06867,2.80566,1.55979,3.56103,1,0.15701403371167627,Normal
-0.25506,0.69651,0.46107,0.70632,0.95157,1.90314,-0.1962,-3.3354,-0.95157,1.31454,0.981,3.78666,1,0.16093288456758764,Normal
0.20601,-0.77499,0.46107,-1.98162,0.51012,1.28511,-1.03005,-2.70756,-0.07848,0.71613,1.18701,4.05153,1,0.15250385820659573,Normal
0.79461,-1.43226,1.09872,0.90252,0.05886,0.96138,-1.18701,-2.83509,-1.20663,0.32373,1.02024,5.28759,1,0.14985992363213174,Normal
0.47088,-2.48193,0.97119,1.60884,-0.43164,0.2943,-1.0791,-3.87495,-0.2943,-0.8829,0.92214,7.81857,1,0.1300430604244695,Normal
0.66708,-3.27654,0.03924,1.3734,-0.35316,0.28449,-0.63765,-4.72842,-1.15758,-0.981,0.92214,8.86824,1,0.11139643225327978,Normal
1.2753,-2.8449,0.7848,0.37278,-1.48131,-2.57022,-1.18701,-4.25754,-1.6677,-2.30535,0.24525,9.88848,1,0.10437629792401759,Normal
1.55979,-2.27592,0.74556,2.61927,-1.73637,-4.25754,-1.43226,-4.17906,-1.51074,-1.78542,-0.23544,9.33912,1,0.0876422911510894,Normal
1.52055,-3.05091,0.75537,3.44331,-2.59965,-3.52179,0.13734,-4.45374,-0.69651,-3.06072,-0.47088,8.65242,1,0.0860088044135896,Normal
1.57941,-2.83509,0.85347,3.63951,-2.86452,-1.44207,-0.62784,-3.93381,-3.01167,-2.97243,-0.32373,8.61318,1,0.07141835041908345,Normal
1.59903,-1.78542,1.89333,2.89395,-2.96262,-2.24649,-1.09872,-3.10977,-2.4525,-2.09934,0.45126,9.00558,1,0.07757056185550715,Normal
2.0601,-2.50155,1.72656,4.96386,-4.10058,0.02943,-0.75537,-3.07053,-2.4525,-2.59965,-1.35378,9.74133,1,0.04532786423674695,Normal
0.63765,-2.37402,2.1582,5.94486,-5.32683,3.1392,-0.28449,-3.75723,-0.92214,-1.71675,-2.29554,8.78976,1,0.05453947300677653,Normal
1.35378,-0.97119,1.34397,4.6107,-4.13001,1.16739,-1.35378,-2.82528,-1.54017,-0.20601,-1.74618,8.46603,1,0.08167177706820455,Normal
1.02024,-0.92214,1.97181,5.31702,-5.21892,2.33478,-1.23606,-3.0411,-0.54936,0.61803,-2.14839,8.9271,1,0.05049424525480972,Normal
0.89271,0.05886,1.69713,5.93505,-6.20973,2.51136,-1.1772,-2.5506,-0.46107,0.92214,-4.04172,9.56475,1,0.030861433336265565,Normal
1.23606,0.70632,1.59903,7.23978,-5.3955,3.21768,-1.16739,-2.34459,-0.46107,2.50155,-3.93381,8.11287,1,0.04772816437242311,Normal
0.51012,2.08953,1.70694,6.45498,-4.78728,2.77623,-1.00062,-1.22625,-0.66708,3.37464,-2.61927,8.58375,1,0.06933952335370014,Normal
0.33354,2.4525,0.90252,5.62113,-5.20911,3.76704,-1.11834,-0.48069,-1.33416,4.1202,-1.54017,9.0252,1,0.05493139656784857,Normal
0.11772,1.65789,1.23606,6.69042,-6.21954,4.67937,-0.95157,0.10791,-1.05948,4.35564,-3.11958,8.91729,1,0.008718062810907479,Normal
-0.06867,2.51136,1.94238,6.55308,-4.18887,4.76766,-0.74556,0.1962,-1.10853,5.96448,-2.54079,8.12268,1,0.03626148028303178,Normal
-0.05886,1.64808,1.52055,5.66037,-3.38445,2.67813,-0.71613,0.74556,0.3924,7.1613,-2.13858,8.85843,1,0.07220484640183283,Normal
-0.51993,3.03129,1.71675,5.40531,-3.06072,1.49112,-0.90252,1.03986,-0.05886,7.62237,-2.46231,8.4366,1,0.07227768027572029,Normal
-1.0791,2.05029,1.59903,4.67937,-2.58003,1.14777,-1.44207,0.60822,-0.8829,8.59356,-3.29616,8.50527,1,0.050687416771816596,Normal
-0.27468,4.93443,0.50031,5.12082,-1.20663,0.51993,-0.34335,0.4905,0.5886,8.48565,-2.11896,7.49484,1,0.07385712819883644,Normal
-0.31392,4.66956,-0.04905,3.35502,-1.24587,-1.19682,0.05886,0.59841,1.15758,8.66223,-1.03005,7.89705,1,0.07472703816198167,Normal
-1.01043,4.4145,-0.32373,2.69775,-0.93195,1.2753,-0.47088,1.15758,1.31454,8.59356,-1.15758,6.28821,1,0.10669360281401369,Normal
-0.48069,4.08096,-0.22563,1.44207,-0.15696,0.52974,-0.17658,1.50093,0.06867,8.60337,0.33354,5.99391,1,0.1223299516445554,Normal
-0.23544,3.96324,-0.35316,2.56041,0.60822,1.71675,0.33354,2.13858,1.67751,7.93629,2.70756,5.02272,1,0.11416992041759955,Normal
-0.38259,2.5506,-1.24587,2.12877,0.86328,1.09872,0.85347,2.05029,1.41264,8.69166,2.80566,3.88476,1,0.11174147533526596,Normal
-1.16739,1.87371,-0.60822,1.58922,0.86328,2.90376,0.2943,1.09872,1.43226,7.5537,1.89333,2.97243,1,0.13461599378755962,Normal
-0.8829,1.24587,0.14715,0.64746,2.1582,1.70694,0.55917,0.72594,0.84366,6.87681,3.14901,1.6677,1,0.14155870479468097,Normal
-0.56898,1.98162,0.08829,2.23668,2.34459,-0.5886,0.61803,-0.33354,1.2753,6.35688,2.943,1.69713,1,0.1300024694902387,Normal
-1.03005,1.88352,-0.89271,0.94176,2.72718,-1.04967,0.46107,-0.89271,2.77623,4.74804,2.2563,0.8829,1,0.11823819995047063,Normal
-1.0791,0.71613,-0.42183,1.35378,2.51136,0.61803,-0.07848,-0.99081,0.85347,3.11958,2.43288,1.01043,1,0.1508432515344374,Normal
-0.34335,-1.18701,0.34335,0.10791,2.17782,0.10791,0.26487,-0.55917,0.14715,3.15882,2.49174,2.86452,1,0.14876771743140993,Normal
0.37278,-1.3734,-0.15696,1.09872,2.19744,-1.0791,0.33354,-1.20663,1.29492,2.52117,3.5316,4.0221,1,0.13381768249650094,Normal
0.55917,-1.962,0.03924,1.59903,1.99143,0.51993,0.93195,-2.5506,0.44145,0.89271,3.3354,3.81609,1,0.1375453318448494,Normal
0.90252,-3.3354,0.91233,2.06991,1.80504,0.28449,0.63765,-2.32497,-0.47088,1.06929,1.20663,3.79647,1,0.14453850844208077,Normal
1.03005,-4.32621,1.71675,2.06991,1.2753,-2.46231,0.59841,-3.22749,-0.97119,0.76518,2.30535,5.16987,1,0.13081404088926774,Normal
0.83385,-3.50217,1.92276,3.50217,0.94176,-3.51198,0.10791,-4.19868,-1.46169,-0.16677,0.92214,4.47336,1,0.12623053393704353,Normal
1.08891,-3.07053,1.55979,2.53098,0.81423,-2.06991,0.28449,-4.26735,-1.42245,-1.12815,0.61803,5.40531,1,0.13797349005180248,Normal
1.23606,-4.88538,1.90314,2.57022,0.35316,-3.48255,0.15696,-3.71799,-2.83509,-1.44207,0.17658,7.67142,1,0.09183177126804176,Normal
1.32435,-5.06196,2.72718,3.52179,0.12753,-2.1582,-0.35316,-3.98286,-2.52117,-0.89271,-1.64808,10.13373,1,0.07235897977083139,Normal
1.36359,-4.87557,1.60884,3.91419,0.28449,-2.62908,-0.17658,-3.85533,-2.47212,-0.83385,-0.08829,9.2214,1,0.08040352182020499,Normal
1.14777,-3.66894,2.11896,3.46293,-0.4905,0.4905,-0.60822,-3.36483,-2.01105,-1.14777,-1.53036,9.91791,1,0.08468779651015801,Normal
1.49112,-4.00248,3.10977,4.905,-1.25568,-0.93195,-0.90252,-2.95281,-2.23668,0.42183,-1.55979,10.45746,1,0.05828838830205835,Normal
0.80442,-2.88414,2.85471,4.54203,-0.87309,2.32497,-0.8829,-4.46355,-2.14839,1.35378,-3.79647,10.2024,1,0.05821321804955687,Normal
-0.48069,-0.36297,2.65851,4.73823,-1.39302,2.6487,-1.12815,-4.14963,-2.63889,1.98162,-2.95281,8.19135,1,0.07227198772115828,Normal
-0.13734,0.23544,2.96262,3.85533,-2.63889,3.68856,-1.55979,-3.67875,-2.88414,2.63889,-3.48255,8.03439,1,0.05241950003443163,Normal
0.12753,0.0,2.08953,4.18887,-2.71737,2.12877,-1.55979,-3.10977,-3.90438,3.93381,-2.65851,8.11287,1,0.060394167600446025,Normal
-1.19682,0.38259,2.09934,3.46293,-2.38383,4.01229,-1.28511,-3.67875,-1.52055,3.58065,-3.02148,7.59294,1,0.07004159736122356,Normal
-1.19682,1.55979,1.46169,3.65913,-3.924,2.81547,-2.01105,-2.92338,-2.00124,4.09077,-2.54079,7.12206,1,0.08329136859425817,Normal
-1.15758,2.50155,1.55979,2.51136,-4.46355,4.32621,-1.74618,-2.08953,-1.25568,4.33602,-4.11039,6.46479,1,0.06946068444733833,Normal
-1.23606,2.8449,0.92214,4.00248,-3.54141,2.96262,-1.43226,-1.25568,-1.03005,5.24835,-2.13858,6.77871,1,0.09543440014126114,Normal
-1.15758,3.85533,1.88352,2.1582,-2.75661,3.75723,-1.80504,-0.8829,-1.35378,6.34707,-2.56041,5.33664,1,0.09846197386806987,Normal
-0.981,4.88538,0.83385,1.70694,-4.18887,4.14963,-1.62846,-0.36297,-0.36297,5.44455,-2.19744,5.74866,1,0.0851021441750372,Normal
-0.42183,6.51384,0.36297,0.03924,-4.11039,5.63094,-0.85347,0.0,0.40221,5.94486,-2.37402,3.87495,1,0.07642077192954227,Normal
-0.76518,4.85595,-0.26487,0.96138,-2.77623,3.93381,-0.67689,-0.24525,0.41202,5.79771,-0.77499,3.68856,1,0.11833843846112879,Normal
-0.42183,6.17049,0.59841,-0.75537,-3.27654,4.20849,-1.1772,0.35316,0.32373,4.79709,-1.8639,3.40407,1,0.09581138691361996,Normal
-0.38259,4.00248,0.0,0.96138,-4.0221,4.26735,-0.99081,1.05948,0.91233,4.89519,-0.66708,3.83571,1,0.11719049008273519,Normal
-0.57879,4.36545,-1.05948,1.10853,-2.41326,3.85533,-0.31392,1.39302,-0.17658,4.81671,-1.40283,4.72842,1,0.11822456201380399,Normal
-1.04967,3.57084,0.25506,1.25568,-1.74618,3.11958,-0.37278,0.54936,1.1772,4.47336,0.77499,6.62175,1,0.14216919277784784,Normal
-0.27468,4.43412,0.4905,1.20663,-1.13796,4.15944,-0.50031,1.01043,0.51993,4.06134,0.57879,6.68061,1,0.132983197596155,Normal
0.16677,4.01229,0.43164,1.52055,-0.97119,2.95281,0.20601,1.69713,1.35378,4.46355,-1.63827,7.24959,1,0.12991223791455075,Normal
-0.18639,4.04172,0.54936,0.75537,1.31454,3.49236,0.42183,1.55979,0.79461,3.89457,0.17658,6.16068,1,0.14502162394713797,Normal
-0.14715,3.31578,1.32435,0.22563,1.09872,2.67813,0.0981,0.74556,0.2943,3.69837,0.6867,5.9841,1,0.14840969167782792,Normal
0.01962,2.36421,0.84366,0.81423,0.93195,3.75723,-0.10791,0.70632,-0.34335,2.65851,-0.70632,6.867,1,0.15495028027123997,Normal
-0.13734,0.28449,1.11834,0.72594,1.61865,2.90376,0.02943,-0.23544,0.46107,2.52117,-0.46107,6.867,1,0.1491135659647037,Normal
0.20601,-0.47088,1.53036,1.43226,2.36421,1.68732,-0.03924,-0.82404,0.3924,2.6487,-0.07848,7.13187,1,0.13458663426682305,Normal
0.06867,-0.2943,2.24649,1.09872,1.64808,2.32497,0.0981,-1.43226,-0.51012,1.95219,-0.02943,7.44579,1,0.13374683657593056,Normal
0.85347,0.07848,1.73637,1.89333,1.54017,1.70694,-1.00062,-1.59903,-0.27468,1.21644,-0.15696,9.76095,1,0.12269689815237272,Normal
0.96138,0.54936,2.23668,0.35316,1.46169,-0.20601,-0.90252,-1.68732,-0.26487,1.38321,-1.52055,8.86824,1,0.12030149422238634,Normal
0.95157,0.32373,2.23668,0.0,0.90252,0.3924,-0.65727,-2.75661,-0.96138,1.08891,-1.16739,7.73028,1,0.12781483503986873,Normal
1.06929,-0.31392,2.41326,-0.73575,0.55917,0.70632,-1.26549,-2.89395,-0.99081,-0.31392,-1.34397,6.93567,1,0.12939432043016286,Normal
1.32435,0.46107,1.67751,-0.01962,0.57879,3.40407,-1.03005,-3.5316,-0.34335,-1.33416,-0.32373,6.40593,1,0.15033372213605634,Normal
1.84428,-1.67751,2.53098,-0.40221,0.33354,2.65851,-1.36359,-3.41388,-1.54998,-0.66708,-2.01105,6.56289,1,0.128530754991177,Normal
1.2753,-2.99205,1.57941,0.51993,0.08829,3.60027,-1.58922,-3.81609,-1.67751,-1.06929,-0.77499,7.29864,1,0.11529629712865175,Normal
1.19682,-3.19806,2.26611,0.50031,-1.44207,3.71799,-1.53036,-2.92338,-1.67751,-1.01043,-0.63765,7.60275,1,0.10568066142429322,Normal
1.13796,-1.78542,1.91295,1.35378,-0.42183,5.83695,-3.03129,-3.3354,-1.88352,-0.72594,-1.75599,8.86824,1,0.05011789617749762,Normal
1.43226,-2.2563,1.8639,1.61865,-0.42183,3.17844,-2.30535,-3.61989,-1.88352,0.21582,-2.70756,9.42741,1,0.08306483945532572,Normal
0.81423,-2.26611,0.93195,1.82466,-0.74556,2.76642,-2.28573,-2.31516,-1.91295,1.6677,-1.06929,7.52427,1,0.11764614231771925,Normal
0.82404,-2.26611,1.34397,2.68794,-1.21644,2.90376,-3.14901,-3.2373,-2.92338,1.91295,-2.09934,6.77871,1,0.0951741812464153,Normal
-0.12753,-1.90314,0.55917,2.87433,-1.02024,3.55122,-3.00186,-3.18825,-2.26611,2.88414,-3.31578,5.17968,1,0.09282880288461431,Normal
0.03924,-3.09996,0.6867,3.44331,-0.70632,1.962,-2.87433,-3.38445,-2.20725,4.13982,-2.68794,4.45374,1,0.09430968053329897,Normal
-0.52974,-3.30597,0.96138,4.87557,-0.84366,2.40345,-3.3354,-2.80566,-1.82466,3.89457,-0.94176,4.93443,1,0.08834496729600572,Normal
-1.12815,-3.56103,1.06929,5.33664,-1.79523,4.4145,-3.76704,-2.0601,-2.63889,4.45374,0.20601,5.42493,1,0.05370892742255989,Normal
-1.03005,-1.31454,0.92214,5.92524,-1.46169,4.58127,-3.36483,-1.44207,-0.86328,5.01291,-3.60027,4.75785,1,0.05910669181388173,Normal
-0.77499,-1.70694,1.32435,5.96448,-1.95219,3.89457,-3.7278,-1.01043,-1.14777,6.54327,-1.08891,3.59046,1,0.08142468430416511,Normal
-1.41264,-0.63765,0.72594,5.53284,-2.23668,3.83571,-3.93381,-0.23544,-1.98162,6.66099,0.02943,3.67875,1,0.080828495368861,Normal
-1.00062,0.32373,-0.40221,4.00248,-2.72718,2.90376,-3.56103,0.17658,-1.92276,7.00434,-1.24587,2.89395,1,0.09982372766298042,Normal
-1.42245,0.1962,-0.5886,4.64013,-3.09996,1.77561,-3.59046,-0.23544,-0.86328,6.19992,-3.12939,1.09872,1,0.09252470946812164,Normal
-1.04967,-0.96138,-1.23606,4.20849,-3.75723,1.23606,-3.27654,-0.20601,-1.48131,5.886,0.14715,-0.07848,1,0.09480315250070165,Normal
-0.51012,-1.64808,-0.73575,4.25754,-4.74804,2.70756,-3.21768,0.05886,-0.36297,4.67937,0.93195,0.01962,1,0.09903721095615431,Normal
-0.42183,-0.99081,-0.91233,2.69775,-4.45374,2.7468,-2.39364,0.94176,0.20601,3.68856,-0.00981,0.50031,1,0.12033009507523634,Normal
-0.33354,-0.20601,-1.20663,2.54079,-4.35564,3.93381,-2.18763,1.1772,0.84366,2.54079,0.36297,1.20663,1,0.11451410516422378,Normal
0.81423,0.27468,-1.11834,1.74618,-3.89457,4.74804,-1.92276,1.42245,0.75537,2.19744,0.23544,2.47212,1,0.11013484034083848,Normal
1.00062,0.0981,-0.96138,0.45126,-3.93381,3.96324,-1.15758,2.49174,0.46107,0.63765,-0.14715,2.93319,1,0.13767434756079444,Normal
1.09872,-0.40221,-1.85409,-0.36297,-3.59046,2.97243,-0.28449,2.87433,0.3924,1.28511,1.962,4.14963,1,0.1263515064276961,Normal
1.80504,-0.87309,-1.8639,0.66708,-3.09996,3.16863,-0.42183,1.19682,0.38259,-0.56898,1.78542,3.60027,1,0.1409193092563878,Normal
1.59903,-2.01105,-1.0791,0.6867,-2.52117,2.42307,-0.4905,0.95157,-0.36297,-0.71613,2.34459,4.50279,1,0.1398083003422444,Normal
1.69713,-2.00124,-0.05886,0.8829,-1.77561,2.4525,0.1962,0.8829,0.14715,-0.77499,1.50093,4.54203,1,0.15395820544232353,Normal
1.53036,-2.57022,0.43164,1.23606,-0.89271,0.73575,0.96138,0.05886,0.2943,-0.59841,1.38321,4.69899,1,0.1589852569233267,Normal
1.48131,-1.55979,0.44145,1.29492,-0.37278,1.88352,1.10853,1.13796,-0.06867,-1.25568,2.06991,4.48317,1,0.15819414937921794,Normal
1.8639,-1.3734,1.12815,1.69713,0.03924,0.87309,0.73575,1.7658,-0.69651,-0.50031,1.44207,7.2594,1,0.14374110213752728,Normal
1.44207,-1.48131,1.73637,1.65789,0.94176,1.34397,0.85347,1.4715,-1.23606,-0.8829,1.80504,7.50465,1,0.13679544691154005,Normal
1.05948,-1.13796,1.32435,1.91295,0.1962,0.89271,1.50093,0.25506,-0.37278,0.28449,1.18701,7.2594,1,0.14423007431243523,Normal
1.97181,-1.2753,1.3734,4.30659,0.99081,3.21768,0.76518,-0.72594,-1.11834,0.07848,0.66708,6.93567,1,0.13246077896875535,Normal
1.6677,-0.93195,2.37402,3.54141,0.0,2.46231,0.27468,-2.32497,-1.60884,0.86328,0.24525,8.20116,1,0.11211917348769684,Normal
1.03005,-1.16739,2.57022,2.58984,0.40221,3.52179,0.38259,-2.57022,-2.93319,2.02086,0.80442,8.12268,1,0.10701522444581513,Normal
0.89271,0.31392,2.80566,3.46293,-0.31392,1.99143,0.54936,-3.32559,-2.19744,3.06072,1.98162,7.70085,1,0.10279938536209615,Normal
0.62784,1.03005,2.58984,3.16863,0.16677,3.4335,-0.56898,-3.67875,-3.0411,2.87433,0.4905,6.6708,1,0.11871158557520217,Normal
1.54017,2.41326,2.65851,2.42307,-1.48131,1.48131,-0.82404,-2.83509,-2.60946,3.69837,1.02024,7.67142,1,0.10994006983884952,Normal
0.76518,2.17782,1.73637,3.00186,-0.51012,2.51136,-0.50031,-3.16863,-2.23668,4.81671,-0.59841,8.22078,1,0.10443457777300252,Normal
0.54936,1.69713,0.76518,2.20725,-1.18701,2.30535,-0.40221,-4.00248,-2.71737,5.36607,1.26549,6.38631,1,0.12264980186448782,Normal
1.01043,1.28511,1.31454,3.31578,-1.4715,2.86452,-1.33416,-4.50279,-2.68794,6.21954,0.63765,6.26859,1,0.1033070438262112,Normal
0.77499,0.74556,0.83385,1.70694,-1.81485,2.71737,-1.52055,-5.03253,-2.73699,6.50403,-0.24525,4.92462,1,0.10914609785325724,Normal
0.64746,-0.21582,0.05886,1.50093,-1.91295,2.72718,-0.97119,-5.56227,-1.83447,7.01415,1.54017,6.7689,1,0.10289966013123608,Normal
-0.3924,-0.43164,-0.25506,2.07972,-1.54998,3.3354,-1.58922,-4.62051,-1.74618,7.28883,1.78542,5.66037,1,0.11515528698073374,Normal
-0.31392,-0.38259,0.44145,2.38383,-1.62846,3.77685,-2.27592,-4.19868,-2.08953,7.49484,2.7468,3.5316,1,0.10508325970503096,Normal
-0.63765,-0.87309,0.94176,1.00062,-1.73637,2.80566,-1.61865,-2.68794,-1.69713,8.21097,2.47212,2.23668,1,0.11301773022790657,Normal
-1.1772,-0.25506,-0.12753,0.67689,-0.8829,2.63889,-1.85409,-2.46231,-1.23606,7.83819,1.59903,2.3544,1,0.13208272127852688,Normal
-1.46169,-0.63765,-0.33354,1.77561,-0.17658,3.28635,-3.22749,-1.45188,-0.5886,7.02396,2.37402,1.8639,1,0.12618940170021853,Normal
-1.03005,-0.0981,-0.61803,1.98162,-0.91233,3.89457,-2.78604,-1.13796,-1.68732,6.867,2.12877,-0.46107,1,0.12414307050639845,Normal
-0.82404,-0.31392,-0.92214,2.00124,-0.8829,1.46169,-2.17782,-2.0601,-0.54936,6.62175,2.44269,0.70632,1,0.13444480224816124,Normal
-1.11834,1.33416,-1.03986,2.09934,-0.67689,0.66708,-2.4525,-1.45188,-0.63765,5.55246,1.31454,1.09872,1,0.14781873788024152,Normal
-0.981,1.24587,-1.20663,2.77623,-0.94176,1.77561,-2.77623,-0.85347,-0.99081,4.88538,3.19806,0.85347,1,0.12626311449624478,Normal
-0.15696,0.69651,-0.73575,0.95157,-1.54017,2.79585,-1.79523,-0.00981,-0.84366,4.26735,2.07972,0.30411,1,0.15191528992492975,Normal
-0.43164,1.8639,-0.6867,0.97119,-0.99081,2.42307,-2.0601,0.80442,-0.85347,2.12877,2.92338,1.61865,1,0.14506750796082268,Normal
-0.12753,2.53098,-1.14777,-0.22563,-1.89333,-0.3924,-2.58984,1.33416,-1.02024,1.60884,2.7468,1.57941,1,0.13311199168344634,Normal
0.31392,3.79647,-1.20663,0.43164,-1.8639,0.64746,-2.00124,2.34459,-0.87309,-0.11772,3.21768,1.87371,1,0.12464227079944301,Normal
0.26487,2.18763,-1.48131,0.2943,-2.90376,0.63765,-0.75537,1.79523,-0.52974,-1.08891,1.82466,2.61927,1,0.14518356828993795,Normal
0.53955,2.60946,-1.59903,0.99081,-2.58984,-0.57879,-1.04967,2.01105,-0.8829,-2.30535,1.18701,4.03191,1,0.14176295417999318,Normal
0.89271,2.1582,-1.88352,1.32435,-3.42369,-0.34335,-0.52974,1.2753,-0.37278,-2.78604,2.32497,4.81671,1,0.1367395058481657,Normal
1.52055,1.4715,-1.18701,0.36297,-2.80566,3.77685,0.55917,1.64808,-1.19682,-3.52179,1.94238,5.15025,1,0.12522867655205194,Normal
0.92214,0.30411,-1.09872,-0.53955,-3.37464,2.19744,1.45188,2.30535,-0.40221,-3.84552,1.11834,6.79833,1,0.11971971912885171,Normal
1.00062,-0.21582,-0.01962,0.5886,-2.26611,1.58922,1.35378,3.75723,0.46107,-4.71861,2.04048,7.99515,1,0.10059574388980719,Normal
0.33354,-0.94176,-0.37278,-0.36297,-2.18763,0.63765,1.42245,2.61927,-0.47088,-4.01229,2.81547,6.95529,1,0.10697737356555226,Normal
0.3924,-0.97119,0.67689,-0.57879,-1.99143,3.66894,1.60884,2.943,-1.34397,-3.59046,2.6487,7.80876,1,0.0838062623778093,Normal
0.21582,-1.15758,0.89271,0.96138,-1.16739,2.88414,2.42307,2.30535,-1.03005,-4.26735,2.62908,7.03377,1,0.09710414792350724,Normal
-0.67689,-0.14715,0.47088,2.18763,-0.74556,1.49112,2.52117,2.53098,-0.7848,-3.30597,2.24649,6.84738,1,0.12988600294474673,Normal
-0.74556,-0.50031,0.67689,2.81547,-0.62784,3.12939,2.31516,1.45188,-0.69651,-2.48193,1.72656,5.81733,1,0.13622530920930837,Normal
-0.01962,0.26487,1.50093,2.69775,-0.10791,3.91419,2.0601,1.26549,-1.14777,-1.97181,2.10915,7.48503,1,0.11837999051620363,Normal
-0.7848,0.06867,1.74618,3.1392,0.24525,1.49112,2.06991,0.80442,-1.90314,-1.19682,1.59903,6.867,1,0.13259509418071047,Normal
-1.15758,0.59841,1.77561,2.28573,0.42183,2.39364,1.46169,0.4905,-1.14777,-0.93195,1.84428,6.79833,1,0.14170098020094085,Normal
-0.6867,0.83385,2.30535,1.8639,0.30411,1.58922,0.59841,-0.84366,-1.84428,-0.00981,1.23606,6.92586,1,0.13598809589673405,Normal
-0.11772,2.0601,2.87433,1.32435,0.12753,2.21706,0.41202,-0.96138,-2.77623,1.03986,2.66832,6.77871,1,0.1286468047434789,Normal
-0.52974,2.17782,3.18825,1.36359,-0.12753,2.78604,-0.36297,-1.33416,-2.79585,1.21644,0.92214,5.76828,1,0.13846989544147625,Normal
-0.15696,2.5506,2.39364,2.00124,-0.52974,2.18763,-1.0791,-2.57022,-2.10915,1.84428,1.04967,5.54265,1,0.1374079246913768,Normal
0.11772,2.63889,1.25568,2.77623,-1.11834,4.32621,-1.44207,-2.37402,-3.17844,3.55122,1.10853,6.13125,1,0.10961413700511086,Normal
0.79461,2.33478,1.94238,1.77561,-1.75599,4.91481,-0.82404,-3.05091,-2.8449,3.86514,2.80566,4.26735,1,0.0962173152943685,Normal
0.01962,2.05029,2.28573,1.12815,-2.14839,4.69899,-1.92276,-3.4335,-2.57022,3.89457,-0.92214,4.24773,1,0.09079719908662509,Normal
0.12753,1.55979,1.08891,0.13734,-1.97181,4.17906,-2.2563,-1.84428,-2.34459,4.01229,0.17658,3.11958,1,0.12452857260989625,Normal
0.46107,0.46107,0.8829,0.37278,-2.943,5.52303,-1.99143,-0.67689,-2.08953,4.89519,1.88352,4.23792,1,0.08267456870595102,Normal
0.20601,-0.54936,1.36359,-0.77499,-2.07972,2.46231,-2.06991,-0.40221,-1.83447,4.79709,1.4715,3.64932,1,0.1245199768217577,Normal
0.3924,0.32373,1.22625,0.82404,-2.3544,0.91233,-3.25692,-0.22563,-1.46169,5.27778,0.51012,3.97305,1,0.12201073343688035,Normal
0.33354,-1.46169,0.48069,-0.30411,-2.02086,2.24649,-2.3544,2.13858,-1.25568,6.29802,2.16801,3.24711,1,0.12516971129788673,Normal
0.59841,-0.50031,0.0981,-0.67689,-2.42307,2.63889,-1.21644,1.6677,-0.63765,6.16068,2.92338,3.7278,1,0.13284754462202386,Normal
-0.27468,-1.84428,0.13734,-1.29492,-1.65789,-0.1962,-1.89333,1.53036,-0.90252,5.74866,0.16677,2.6487,1,0.13844245634732844,Normal
0.03924,-0.67689,-1.09872,-0.04905,-2.14839,2.79585,-1.50093,1.97181,-0.26487,5.17968,-1.54017,1.20663,1,0.14061600630100696,Normal
0.84366,-1.8639,-1.61865,-1.88352,-1.40283,1.81485,-1.43226,2.4525,0.35316,5.36607,1.77561,-0.06867,1,0.14435200301036122,Normal
0.13734,-1.78542,-1.42245,-0.89271,-1.34397,0.981,-0.48069,1.98162,0.40221,5.48379,2.04048,1.40283,1,0.14568827600543538,Normal
0.10791,-0.6867,-1.55979,-2.09934,-0.79461,0.46107,-0.80442,1.09872,0.08829,3.924,-0.41202,1.69713,1,0.15329313926754007,Normal
0.72594,-0.4905,-2.28573,-1.60884,-0.44145,-0.77499,-0.37278,0.67689,0.3924,3.77685,-0.95157,2.4525,1,0.15056624252606388,Normal
0.37278,0.54936,-1.44207,-2.92338,-0.40221,-0.20601,-0.0981,0.28449,-0.10791,2.66832,0.65727,2.27592,1,0.1479962021049388,Normal
0.61803,0.7848,-1.32435,-1.93257,-0.95157,1.13796,0.15696,-0.77499,-0.34335,1.98162,1.53036,3.28635,1,0.15222759993090873,Normal
1.23606,1.77561,-1.54998,-1.99143,-1.1772,-0.76518,0.62784,0.59841,-1.87371,-0.32373,-0.28449,2.7468,1,0.15451737267911547,Normal
1.03986,1.39302,-1.3734,-0.99081,-0.76518,1.77561,1.03005,-0.55917,0.47088,0.08829,2.17782,4.73823,1,0.15401564190984124,Normal
1.24587,1.45188,-0.27468,-0.66708,-0.55917,1.7658,0.35316,0.47088,-1.23606,-1.58922,0.69651,4.30659,1,0.16244160758101467,Normal
0.92214,0.4905,-0.05886,0.00981,-0.06867,3.21768,1.23606,-0.18639,-1.05948,-2.26611,0.20601,4.69899,1,0.16094140340293883,Normal
1.57941,-0.12753,0.41202,0.80442,-1.03005,3.51198,1.22625,0.22563,-0.57879,-2.39364,-1.48131,4.64994,1,0.15379754152773667,Normal
1.28511,-0.30411,0.13734,0.33354,-0.17658,1.63827,0.85347,0.28449,-0.38259,-2.8449,-1.13796,7.14168,1,0.14749079860838216,Normal
1.03986,0.14715,1.29492,1.1772,-0.53955,2.943,1.01043,0.92214,-1.52055,-3.02148,-0.0981,7.02396,1,0.14490522731716188,Normal
0.81423,-0.86328,0.81423,2.04048,0.63765,4.49298,1.49112,1.59903,-2.10915,-2.62908,-1.52055,7.39674,1,0.11711652953407248,Normal
0.48069,0.20601,1.7658,2.06991,0.01962,2.59965,0.72594,2.69775,-0.03924,-2.89395,1.3734,7.3575,1,0.1280684313494514,Normal
-0.4905,-0.50031,2.01105,2.93319,1.72656,2.87433,-0.02943,3.30597,-0.30411,-2.44269,1.78542,8.61318,1,0.1086836199563731,Normal
0.03924,-0.34335,2.57022,4.04172,1.18701,4.01229,0.18639,3.84552,-2.62908,-1.39302,0.53955,7.32807,1,0.088461923521864,Normal
-0.42183,-0.42183,1.78542,3.94362,1.30473,3.87495,0.34335,3.6297,-3.18825,-0.26487,-1.64808,6.40593,1,0.09572435576551125,Normal
-0.7848,0.10791,2.69775,4.73823,1.91295,3.71799,-0.72594,3.55122,-0.55917,0.25506,-2.40345,6.61194,1,0.1080607958822627,Normal
-1.20663,0.3924,2.86452,5.89581,2.32497,4.73823,-1.05948,2.47212,-1.09872,0.86328,-1.61865,6.24897,1,0.08262203044938476,Normal
-0.84366,0.85347,2.22687,5.65056,1.68732,3.38445,-0.81423,3.35502,-2.08953,1.65789,-2.47212,7.11225,1,0.09155878627623332,Normal
-0.91233,1.60884,1.95219,4.77747,1.93257,5.1012,-0.74556,2.6487,-2.52117,2.8449,-2.43288,4.69899,1,0.08634504096928408,Normal
-1.24587,1.43226,2.65851,4.34583,2.57022,5.35626,-1.72656,3.01167,-1.74618,3.09996,-0.90252,4.78728,1,0.07487827879410203,Normal
-1.02024,1.67751,2.79585,3.14901,1.87371,4.73823,-1.89333,2.57022,-2.90376,2.92338,-0.22563,3.6297,1,0.09404523177711294,Normal
-1.01043,1.34397,3.0411,2.53098,2.00124,5.20911,-1.91295,2.37402,-2.37402,4.39488,-0.51012,2.52117,1,0.09624128200538201,Normal
-1.57941,1.88352,2.07972,3.25692,0.80442,5.0031,-1.89333,2.99205,-2.11896,4.20849,-2.92338,0.86328,1,0.08702555808564744,Normal
-0.51993,2.93319,2.32497,4.49298,1.16739,6.83757,-2.80566,3.28635,-1.84428,3.80628,-0.31392,1.3734,1,0.06516869895951327,Normal
-0.21582,2.90376,2.24649,4.46355,-0.03924,5.71923,-2.88414,2.92338,-2.31516,4.34583,0.30411,1.08891,1,0.08096920732524726,Normal
-0.44145,1.93257,1.21644,3.78666,-0.62784,3.89457,-2.43288,2.52117,-1.48131,4.91481,-0.5886,0.2943,1,0.12276916708438823,Normal
0.04905,2.51136,0.81423,2.48193,-1.3734,2.83509,-1.93257,4.22811,-0.47088,4.78728,-2.6487,0.77499,1,0.12969241086510164,Normal
1.15758,2.30535,0.59841,1.05948,-1.05948,2.95281,-2.80566,4.33602,-0.96138,3.96324,-0.31392,0.1962,1,0.136810994445567,Normal
0.61803,2.37402,0.82404,1.08891,-1.16739,0.67689,-2.65851,4.3164,-2.42307,2.92338,-0.0981,-0.46107,1,0.12220602422907739,Normal
0.71613,0.57879,-0.03924,-1.23606,-0.42183,0.43164,-1.70694,3.75723,-0.30411,3.03129,0.21582,0.55917,1,0.15656648276618218,Normal
0.96138,1.89333,-0.45126,-1.04967,-0.31392,1.1772,-1.73637,3.56103,1.04967,2.23668,-0.69651,0.26487,1,0.15623251058003879,Normal
1.57941,2.30535,-0.60822,-1.5696,-0.04905,0.65727,-1.81485,3.06072,-0.04905,1.10853,2.61927,1.35378,1,0.1434012620970132,Normal
1.7658,3.01167,-1.09872,-1.29492,0.04905,0.02943,-0.86328,2.41326,0.81423,1.49112,-0.64746,1.84428,1,0.1548734715706872,Normal
1.42245,1.62846,-1.02024,-1.60884,-0.18639,-2.81547,-0.2943,1.85409,1.71675,2.28573,-1.59903,2.46231,1,0.14634268544082318,Normal
2.52117,2.56041,-1.69713,-0.63765,-0.25506,-3.61989,-0.70632,1.92276,2.34459,0.2943,-0.57879,1.88352,1,0.14491230973449848,Normal
2.60946,3.09015,-1.51074,-1.28511,0.83385,-2.38383,-0.31392,2.04048,1.05948,-0.13734,-0.54936,1.6677,1,0.15675782296941276,Normal
2.32497,1.92276,-2.11896,-2.39364,1.22625,-3.80628,0.95157,0.73575,2.44269,-0.96138,0.86328,2.1582,1,0.1335912945491028,Normal
2.76642,2.68794,-1.58922,-3.1392,1.94238,-4.0221,0.4905,1.03005,1.77561,-1.65789,0.3924,4.59108,1,0.13008257641062648,Normal
2.29554,2.91357,-1.39302,-2.79585,1.26549,-1.15758,0.8829,1.26549,1.69713,-2.49174,1.24587,3.7278,1,0.13736944858487488,Normal
2.79585,3.54141,-1.28511,-3.99267,1.52055,-2.12877,1.58922,0.71613,1.42245,-2.07972,1.30473,4.28697,1,0.1263236786437344,Normal
2.83509,2.87433,-1.12815,-2.53098,1.36359,-1.74618,1.59903,0.35316,1.28511,-2.13858,0.16677,5.17968,1,0.13934450710138785,Normal
1.962,2.57022,-0.85347,-2.30535,-0.21582,-0.74556,1.7658,0.0981,0.87309,-1.88352,1.5696,5.66037,1,0.1523334156124601,Normal
2.39364,3.28635,-0.91233,-0.43164,-0.05886,-0.23544,1.6677,0.6867,0.25506,-2.88414,2.13858,3.74742,1,0.14419323612699153,Normal
2.38383,3.22749,-0.12753,-1.34397,-0.38259,-1.75599,1.88352,2.44269,-0.00981,-2.85471,2.92338,3.39426,1,0.13128031126762857,Normal
1.62846,3.32559,0.08829,0.8829,-0.981,0.32373,1.60884,2.73699,-0.08829,-2.03067,1.60884,3.80628,1,0.15190932804008644,Normal
0.59841,2.943,0.30411,0.90252,-1.55979,-0.53955,1.53036,4.15944,-0.84366,-1.63827,1.15758,5.62113,1,0.14462233150970044,Normal
1.53036,3.21768,1.12815,1.14777,-1.16739,1.0791,1.06929,4.0221,-1.65789,-0.92214,3.63951,6.12144,1,0.11961376235203514,Normal
0.44145,4.1202,0.92214,1.0791,-1.16739,0.83385,0.57879,3.95343,-1.03986,-0.11772,4.59108,6.39612,1,0.10607626454129937,Normal
0.04905,3.68856,1.3734,1.49112,-0.981,0.8829,1.00062,3.97305,0.31392,0.14715,2.92338,6.03315,1,0.1360641850517303,Normal
-0.32373,3.14901,0.96138,1.49112,-0.4905,2.13858,0.51012,4.7088,-0.94176,0.8829,3.12939,6.16068,1,0.12490943375877328,Normal
-0.72594,2.36421,0.69651,1.94238,-0.26487,4.45374,0.21582,4.01229,-1.1772,1.36359,4.20849,5.67018,1,0.12303722416133961,Normal
-0.72594,3.94362,1.23606,3.55122,-0.06867,1.48131,-0.66708,4.77747,-0.20601,1.57941,4.19868,5.1993,1,0.10749768125013393,Normal
-0.96138,3.27654,1.30473,2.76642,-0.05886,3.4335,0.0981,5.02272,0.21582,1.82466,3.31578,3.20787,1,0.13083949362519698,Normal
-1.69713,4.01229,0.72594,2.58984,0.63765,1.42245,-0.94176,4.23792,-0.77499,2.56041,3.97305,1.11834,1,0.12528701048660834,Normal
-1.00062,3.84552,1.12815,2.89395,0.70632,2.52117,-1.09872,4.59108,-1.19682,2.51136,3.58065,1.62846,1,0.12877977264365287,Normal
-0.51012,4.37526,1.69713,4.06134,1.12815,1.77561,-1.32435,5.30721,0.55917,3.14901,4.81671,2.1582,1,0.09631948208830832,Normal
-0.96138,4.33602,1.08891,2.85471,1.38321,4.00248,-0.86328,4.73823,0.1962,3.94362,3.19806,1.2753,1,0.1206417271575711,Normal
-1.31454,3.20787,0.33354,1.69713,1.52055,4.32621,-1.57941,4.75785,-0.04905,4.38507,4.0221,1.33416,1,0.11497762739684325,Normal
0.73575,2.82528,0.28449,1.10853,1.39302,4.64994,-1.5696,4.68918,-0.53955,4.06134,3.38445,-0.37278,1,0.12330829850880348,Normal
0.28449,3.07053,0.30411,1.59903,0.5886,3.39426,-1.18701,5.67018,-0.50031,3.73761,3.77685,-1.62846,1,0.12368027840541346,Normal
0.21582,3.1392,0.27468,0.14715,-0.30411,3.06072,-0.981,5.08158,-0.30411,3.90438,2.1582,-2.59965,1,0.14648766905832483,Normal
0.26487,2.1582,-0.24525,0.89271,0.13734,4.28697,-1.03005,5.56227,0.17658,2.92338,3.15882,-1.80504,1,0.13177973235301338,Normal
0.71613,2.12877,-0.81423,0.76518,-1.18701,1.78542,-0.86328,5.02272,-0.25506,2.72718,3.51198,-2.77623,1,0.14219194101535154,Normal
0.86328,2.27592,-1.10853,0.16677,-1.71675,2.943,-1.19682,5.95467,0.71613,2.37402,0.8829,-2.51136,1,0.14140217435271984,Normal
0.35316,2.53098,-1.94238,0.13734,-1.73637,3.37464,-0.77499,5.95467,0.04905,2.44269,1.05948,-2.95281,1,0.13531170430666478,Normal
1.54017,1.41264,-1.40283,-1.09872,-1.60884,1.5696,-0.74556,5.41512,0.10791,1.33416,0.62784,-1.59903,1,0.1465675567527407,Normal
1.91295,0.51012,-2.41326,-1.06929,-2.09934,1.29492,-1.2753,4.62051,-0.27468,1.13796,1.09872,-1.77561,1,0.1275876304949456,Normal
1.30473,0.69651,-2.81547,-2.63889,-1.98162,1.65789,-1.16739,4.86576,0.17658,0.67689,1.22625,-1.2753,1,0.1227071571053252,Normal
1.32435,0.59841,-2.69775,-2.00124,-0.8829,-0.74556,-0.65727,3.79647,0.54936,-0.40221,1.63827,-0.10791,1,0.15011330996142508,Normal
1.83447,2.03067,-2.18763,-3.63951,-0.75537,-0.66708,-1.10853,4.25754,0.6867,-1.28511,0.56898,-0.18639,1,0.14505475070201534,Normal
2.18763,2.02086,-2.69775,-3.35502,-1.40283,-1.84428,-1.15758,2.39364,0.73575,-2.05029,1.49112,0.65727,1,0.14038300625953543,Normal
1.53036,2.78604,-2.65851,-2.79585,-0.90252,-2.29554,-1.10853,1.92276,2.04048,-1.78542,-0.46107,2.04048,1,0.13761744060360087,Normal
2.07972,2.10915,-2.86452,-1.63827,-0.59841,-1.52055,-1.11834,1.20663,1.57941,-2.17782,-1.42245,3.03129,1,0.14310458825877548,Normal
2.47212,2.31516,-2.63889,-1.44207,-0.46107,-1.40283,-1.05948,0.13734,0.75537,-2.21706,-0.4905,3.31578,1,0.15351862875156735,Normal
1.62846,1.64808,-3.12939,-0.13734,-0.35316,-1.10853,-1.19682,0.21582,0.22563,-3.05091,1.54998,2.75661,1,0.15660738435678623,Normal
1.91295,1.63827,-3.01167,-0.07848,0.45126,-0.21582,-1.02024,0.36297,0.31392,-3.07053,0.6867,4.4145,1,0.15111092887696764,Normal
3.07053,1.30473,-2.03067,0.32373,0.84366,-0.86328,-0.17658,1.28511,-0.21582,-1.97181,1.10853,5.07177,1,0.1445800973822131,Normal
2.58003,1.33416,-0.981,1.95219,0.35316,-1.49112,-1.11834,1.36359,-1.04967,-1.43226,1.77561,5.56227,1,0.14505470208686821,Normal
2.21706,1.62846,-0.50031,1.59903,0.16677,-0.22563,-0.7848,2.48193,0.92214,-1.54998,2.58003,5.96448,1,0.13504656787557945,Normal
2.10915,1.51074,-0.3924,2.13858,0.47088,0.41202,0.11772,1.5696,1.19682,-0.51993,3.3354,7.82838,1,0.12090610844615068,Normal
1.82466,1.7658,0.44145,2.93319,-0.50031,1.02024,-0.42183,2.85471,0.48069,0.75537,1.59903,7.90686,1,0.13009343338522,Normal
1.44207,1.26549,0.65727,4.18887,-1.32435,3.73761,-0.87309,3.06072,0.7848,0.27468,1.95219,7.05339,1,0.12764773191131568,Normal
0.97119,1.31454,0.20601,3.61008,-0.96138,4.905,-1.29492,3.22749,0.07848,1.02024,1.8639,7.19073,1,0.11321719332451358,Normal
0.62784,1.18701,-0.06867,3.0411,-1.09872,4.87557,-0.93195,4.20849,-0.32373,1.01043,2.02086,6.26859,1,0.11922807863582596,Normal
0.76518,1.15758,0.17658,3.44331,-0.96138,6.1803,-1.03986,4.94424,-0.66708,2.12877,1.74618,5.16987,1,0.09940553682002806,Normal
0.34335,1.54998,1.25568,2.21706,-0.96138,5.07177,-1.67751,6.25878,-1.46169,2.58003,1.11834,3.83571,1,0.11464197452995994,Normal
0.44145,3.38445,0.84366,1.52055,-1.10853,3.95343,-1.61865,5.92524,-0.14715,2.87433,3.52179,5.03253,1,0.11808115797903357,Normal
0.16677,4.57146,1.3734,0.48069,-1.02024,4.24773,-1.91295,5.79771,-0.08829,3.21768,2.69775,3.70818,1,0.11113757858211731,Normal
-0.6867,4.92462,1.26549,0.7848,-1.22625,4.73823,-1.90314,5.63094,-0.42183,4.76766,2.78604,2.75661,1,0.10253667877899786,Normal
-0.28449,5.07177,0.11772,-0.86328,-1.38321,5.91543,-2.60946,5.6898,-0.47088,3.29616,0.51993,1.25568,1,0.0963543154512948,Normal
-0.64746,5.4936,0.54936,-0.89271,-1.19682,6.65118,-1.12815,5.15025,-0.69651,4.24773,0.48069,1.18701,1,0.10764411229668619,Normal
-0.81423,5.85657,0.45126,-2.61927,-0.43164,6.02334,-1.77561,5.70942,-1.46169,3.26673,0.5886,-1.1772,1,0.08730721045404355,Normal
-0.43164,4.91481,-0.8829,-2.31516,-1.79523,6.867,-1.45188,4.66956,-1.962,3.61008,1.25568,-0.92214,1,0.08954609083130127,Normal
0.06867,5.60151,-0.48069,-3.37464,-0.59841,4.24773,-0.55917,5.16006,-1.06929,3.12939,1.55979,-1.57941,1,0.11999097246396784,Normal
-0.60822,5.31702,-0.37278,-2.72718,-1.55979,2.92338,-0.67689,5.07177,-0.92214,4.22811,2.53098,-2.87433,1,0.11965432445525181,Normal
-0.28449,5.52303,-0.80442,-2.92338,-1.6677,4.17906,-0.54936,6.30783,-0.75537,4.92462,1.48131,-3.03129,1,0.10106696560903206,Normal
-0.1962,5.31702,-0.7848,-1.962,-2.04048,3.90438,-0.79461,5.71923,-2.20725,4.49298,2.07972,-2.72718,1,0.10020258134213361,Normal
-0.36297,4.37526,-1.40283,-1.52055,-1.20663,3.16863,-0.10791,6.29802,-0.87309,4.77747,0.21582,-1.70694,1,0.13009010833347434,Normal
-0.3924,3.20787,-0.981,-1.1772,-1.87371,2.99205,0.43164,6.0822,0.2943,4.34583,0.90252,-2.80566,1,0.13208627704474474,Normal
-0.16677,2.71737,-1.09872,0.3924,-1.69713,2.61927,0.01962,5.886,0.0,4.48317,0.22563,-2.90376,1,0.1436969304898167,Normal
-0.43164,1.7658,-1.41264,0.91233,-1.7658,3.68856,-0.13734,6.867,-0.32373,2.83509,0.67689,-1.52055,1,0.13812737004532516,Normal
0.42183,2.46231,-1.05948,1.10853,-1.41264,2.81547,1.18701,4.74804,1.14777,2.37402,1.14777,-0.48069,1,0.14830082978907794,Normal
0.36297,2.32497,-1.4715,1.82466,-2.05029,1.48131,1.05948,4.77747,0.99081,2.28573,2.5506,-1.46169,1,0.13443048776355782,Normal
0.05886,3.39426,-1.50093,2.48193,-2.61927,2.33478,-0.06867,5.0031,1.20663,2.61927,1.77561,0.14715,1,0.12277552661219959,Normal
0.37278,3.26673,-1.62846,2.39364,-1.10853,1.71675,0.64746,5.45436,0.42183,1.98162,0.7848,0.71613,1,0.14362440889389266,Normal
0.67689,4.79709,-1.7658,2.80566,-1.22625,0.981,0.91233,3.83571,1.79523,1.64808,1.62846,0.51012,1,0.12740153233694984,Normal
-0.28449,5.93505,-2.38383,2.33478,-1.73637,0.73575,0.74556,4.68918,1.30473,0.981,1.84428,0.62784,1,0.11858634802746426,Normal
0.17658,6.58251,-2.39364,3.95343,-1.29492,1.58922,0.34335,3.11958,1.0791,-0.70632,1.05948,2.67813,1,0.11789700978130219,Normal
0.44145,5.64075,-2.58984,3.12939,-0.11772,0.7848,-0.35316,2.26611,0.12753,-1.15758,0.38259,3.79647,1,0.1259554661070738,Normal
0.71613,6.55308,-2.69775,3.93381,-0.1962,1.36359,0.83385,0.63765,2.31516,-2.04048,0.6867,4.14963,1,0.11050761408366433,Normal
0.73575,6.97491,-2.48193,2.76642,-1.10853,0.0981,0.8829,0.70632,2.2563,-1.38321,3.58065,5.08158,1,0.10286203943469491,Normal
0.28449,6.74928,-1.42245,2.99205,-0.84366,-1.94238,0.27468,-0.15696,1.55979,-1.94238,2.22687,5.82714,1,0.11766063962359513,Normal
-0.01962,6.58251,-1.42245,2.30535,-1.0791,0.46107,0.3924,-0.80442,0.96138,-1.42245,1.962,6.73947,1,0.12563876779323918,Normal
0.67689,6.64137,-1.73637,4.15944,-1.24587,1.36359,1.2753,-0.71613,1.6677,-1.13796,3.10977,6.38631,1,0.09738183904524278,Normal
0.21582,7.1613,-1.58922,3.40407,-1.21644,2.37402,1.18701,-0.52974,-0.03924,-1.12815,3.71799,6.99453,1,0.09610618262736448,Normal
0.25506,5.87619,-1.03005,3.68856,-0.31392,2.75661,-0.15696,-0.46107,-0.35316,-2.61927,1.12815,6.64137,1,0.12847855893233484,Normal
0.63765,4.905,-0.59841,2.57022,0.25506,1.72656,0.61803,0.95157,-0.28449,-2.50155,1.03005,7.4556,1,0.13090761200066053,Normal
0.53955,4.98348,-0.56898,4.54203,-0.40221,3.17844,0.74556,2.21706,0.89271,-2.67813,0.55917,6.54327,1,0.1284487316512541,Normal
0.43164,3.924,-0.06867,3.67875,0.02943,2.00124,1.26549,2.17782,0.13734,-3.44331,2.23668,7.85781,1,0.10958938509702859,Normal
0.8829,4.17906,0.97119,4.55184,0.32373,1.33416,0.4905,3.38445,0.0981,-2.4525,1.59903,6.83757,1,0.1275796100282433,Normal
0.00981,4.35564,0.59841,3.16863,0.13734,3.10977,0.10791,4.42431,0.51012,-1.77561,4.04172,5.03253,1,0.11183099647127653,Normal
0.4905,5.14044,1.16739,3.11958,-0.1962,4.17906,0.52974,5.83695,0.05886,-1.88352,1.95219,3.1392,1,0.1205199891308969,Normal
0.70632,4.56165,1.41264,2.13858,-0.12753,5.32683,0.54936,6.5727,-1.30473,-1.74618,3.01167,2.96262,1,0.10913686916834309,Normal
0.23544,5.79771,0.66708,2.69775,-0.01962,5.53284,0.32373,7.41636,-0.93195,-1.97181,1.41264,3.18825,1,0.1106438663406657,Normal
0.61803,6.71985,0.87309,0.981,0.55917,6.26859,0.51993,9.08406,-1.69713,-1.23606,2.58984,0.76518,1,0.07147552093603798,Normal
0.00981,7.30845,1.25568,0.56898,0.16677,5.91543,-0.15696,7.76952,-1.1772,-1.34397,1.51074,-0.55917,1,0.09276929444581622,Normal
0.05886,7.90686,1.20663,-0.67689,0.3924,5.93505,-0.28449,8.22078,-1.38321,-0.21582,0.00981,-1.23606,1,0.08003620042645876,Normal
-0.20601,7.24959,0.60822,-0.25506,-0.32373,5.03253,-0.37278,8.07363,-0.24525,1.18701,-1.01043,-1.73637,1,0.09556411434962359,Normal
-0.63765,7.96572,0.37278,-2.37402,-0.59841,5.50341,0.62784,8.31888,-0.76518,2.70756,-0.27468,-3.05091,1,0.062205651807898,Normal
-1.26549,6.09201,0.30411,-2.90376,-0.981,5.31702,-0.55917,9.09387,0.13734,4.19868,-1.29492,-2.81547,1,0.064916628655248,Normal
-0.91233,4.78728,-0.53955,-2.54079,-1.36359,5.07177,0.32373,8.80938,0.54936,4.54203,0.6867,-4.34583,1,0.07409464008393812,Normal
-0.77499,3.28635,-0.86328,-2.44269,-1.6677,3.46293,0.34335,9.27045,0.23544,4.09077,0.4905,-4.36545,1,0.0865198349826955,Normal
-1.2753,4.33602,-0.981,-2.48193,-1.54017,3.61989,0.80442,9.20178,0.30411,3.47274,-1.36359,-5.01291,1,0.07950663005507985,Normal
-1.03986,4.19868,-0.71613,-2.08953,-1.14777,3.64932,-0.06867,9.06444,0.84366,4.07115,-0.44145,-4.27716,1,0.10015459461281495,Normal
-0.99081,3.27654,-0.75537,-2.09934,-1.73637,1.98162,0.84366,8.68185,0.42183,3.02148,0.31392,-4.18887,1,0.10387338493220044,Normal
-1.57941,2.70756,-0.95157,-1.57941,-1.16739,2.08953,1.19682,7.62237,1.46169,3.05091,-1.22625,-3.29616,1,0.11530321770779894,Normal
-1.19682,3.2373,-0.90252,-1.97181,-0.42183,2.1582,1.54017,8.2404,0.76518,4.08096,-2.75661,-3.924,1,0.09746951529853892,Normal
-1.52055,2.21706,-0.41202,0.05886,-0.91233,0.0,0.89271,8.66223,0.91233,4.25754,0.2943,-2.69775,1,0.1171450260040694,Normal
-0.83385,2.77623,-1.33416,1.58922,0.11772,-1.38321,1.31454,7.72047,1.92276,3.22749,-0.48069,-0.85347,1,0.12730285980167028,Normal
-0.46107,3.88476,-1.32435,2.76642,0.55917,-1.8639,1.50093,7.77933,2.11896,2.14839,1.09872,-0.44145,1,0.109184371543457,Normal
-0.3924,3.54141,-0.83385,3.68856,0.50031,0.11772,0.83385,7.12206,2.3544,1.61865,0.03924,0.24525,1,0.12383341083440286,Normal
-0.64746,3.89457,-0.06867,4.68918,1.05948,-0.36297,0.22563,8.11287,0.90252,0.96138,2.40345,0.90252,1,0.11695687319244918,Normal
-0.36297,3.95343,-0.22563,4.99329,1.14777,0.66708,1.06929,7.19073,1.33416,1.34397,0.33354,1.92276,1,0.12544117889263934,Normal
0.28449,5.53284,0.73575,4.50279,1.34397,0.72594,0.07848,6.36669,1.61865,-0.28449,-0.59841,0.85347,1,0.12155268545671427,Normal
0.21582,4.99329,1.09872,5.31702,0.83385,0.15696,0.53955,5.17968,0.95157,0.981,0.73575,0.17658,1,0.12885699554601543,Normal
0.22563,6.19992,0.65727,5.80752,0.60822,0.03924,-0.32373,5.25816,-0.81423,1.04967,-1.25568,0.44145,1,0.11534389551766688,Normal
1.22625,6.49422,1.04967,5.75847,0.71613,2.14839,-0.23544,3.7278,1.42245,0.06867,-2.4525,1.59903,1,0.10709747654357588,Normal
0.81423,7.42617,0.87309,6.10182,0.99081,1.21644,-0.84366,2.82528,1.04967,-0.8829,-3.71799,1.4715,1,0.09984464848945146,Normal
0.92214,6.6708,0.92214,6.94548,0.83385,1.31454,-0.24525,2.93319,0.38259,-1.33416,0.1962,2.47212,1,0.11569593041615417,Normal
1.12815,6.02334,1.49112,5.72904,1.82466,0.74556,-0.2943,4.2183,-0.36297,-1.42245,0.13734,1.38321,1,0.1188491184357654,Normal
1.16739,6.26859,1.13796,4.23792,0.96138,2.0601,-0.25506,3.99267,0.4905,-2.51136,-1.75599,1.24587,1,0.1260744985404365,Normal
1.32435,5.82714,1.78542,4.24773,0.89271,3.55122,-1.03986,2.91357,0.43164,-2.48193,-1.04967,-0.56898,1,0.1307409131738752,Normal
0.94176,6.11163,1.72656,3.83571,1.0791,1.19682,-0.5886,4.84614,-0.30411,-2.72718,0.25506,-0.11772,1,0.12737226908944005,Normal
1.98162,6.11163,1.85409,2.60946,1.60884,1.12815,-0.31392,5.94486,0.01962,-2.61927,-3.58065,-0.43164,1,0.09814414906097141,Normal
1.69713,5.7879,1.34397,1.48131,0.5886,2.68794,-0.72594,4.57146,0.70632,-3.10977,-3.09996,-0.57879,1,0.12740250983751644,Normal
0.64746,5.70942,1.98162,1.49112,0.51012,3.66894,-0.66708,4.99329,-1.04967,-3.65913,-2.18763,0.75537,1,0.11898120929197392,Normal
1.59903,5.22873,2.36421,1.55979,1.67751,3.25692,0.26487,6.70023,-0.2943,-2.93319,-0.981,0.14715,1,0.12927842228840386,Normal
1.44207,5.74866,1.92276,1.65789,2.36421,3.75723,0.28449,6.68061,0.61803,-3.24711,-2.75661,0.91233,1,0.10902423710395331,Normal
1.13796,5.53284,1.94238,-0.02943,2.12877,2.11896,-0.06867,8.57394,0.46107,-3.26673,0.27468,-0.70632,1,0.11514026567245883,Normal
0.4905,5.05215,2.23668,-2.05029,2.36421,3.83571,-0.55917,8.54451,0.20601,-2.09934,2.06991,-0.46107,1,0.09602986997925334,Normal
1.21644,5.45436,1.39302,-3.2373,2.24649,2.66832,-0.85347,10.77138,0.17658,-2.0601,-1.08891,-1.73637,1,0.07453644850624719,Normal
0.74556,6.04296,1.34397,-3.39426,1.21644,2.90376,-0.56898,10.0062,0.2943,-1.63827,0.21582,-2.34459,1,0.08687312894897242,Normal
-0.16677,7.1613,0.6867,-3.68856,1.14777,3.70818,-0.54936,10.47708,-0.5886,-0.71613,1.13796,-3.94362,1,0.07358855038375661,Normal
-0.48069,5.76828,0.96138,-4.35564,0.89271,4.94424,-1.33416,8.95653,0.06867,0.02943,1.01043,-2.72718,1,0.08456978177747726,Normal
0.05886,5.62113,0.22563,-5.44455,0.76518,4.38507,-1.01043,8.72109,1.88352,-1.04967,-2.72718,-3.56103,1,0.06426528188221675,Normal
-0.84366,6.21954,-0.59841,-5.14044,-0.11772,6.69042,-0.81423,7.22997,0.24525,-0.53955,-0.03924,-3.8259,1,0.07643043470680949,Normal
-0.82404,6.98472,-0.30411,-4.93443,-0.46107,5.43474,-1.36359,7.08282,0.91233,0.59841,0.14715,-3.15882,1,0.07630955858731109,Normal
-0.8829,6.46479,-0.35316,-5.06196,-1.33416,6.05277,-1.43226,6.55308,2.62908,2.04048,-0.4905,-2.62908,1,0.04995688631655221,Normal
-0.72594,6.89643,-1.43226,-5.2974,-0.82404,5.36607,-1.49112,6.49422,1.98162,2.00124,-1.45188,-3.70818,1,0.05674428673124998,Normal
-1.28511,7.22997,-1.69713,-5.74866,-1.26549,3.41388,-1.80504,5.38569,0.59841,2.46231,0.31392,-5.55246,1,0.05694663411778195,Normal
-1.0791,7.12206,-2.0601,-4.39488,-1.23606,1.70694,-1.01043,5.28759,2.21706,2.93319,-2.48193,-4.65975,1,0.0691596421884807,Normal
-0.6867,5.91543,-2.21706,-2.63889,-1.72656,2.11896,-1.67751,3.95343,2.85471,2.33478,-2.07972,-4.97367,1,0.08212198356993433,Normal
-0.42183,6.10182,-2.67813,-2.38383,-1.41264,1.82466,-1.34397,2.7468,3.42369,1.67751,-1.98162,-3.93381,1,0.08945716655775021,Normal
-1.21644,6.1803,-2.63889,-2.00124,-0.86328,3.55122,-0.981,2.56041,1.54998,1.08891,-0.86328,-2.11896,1,0.1300565889181764,Normal
-0.71613,6.15087,-1.67751,-0.26487,-0.24525,3.16863,-0.13734,2.69775,2.67813,1.54017,-2.57022,-0.15696,1,0.12152763741088224,Normal
0.65727,5.71923,-1.43226,-0.38259,-0.22563,1.69713,-1.19682,1.88352,3.08034,0.77499,-1.25568,-0.75537,1,0.1375540279002247,Normal
-0.24525,7.10244,-1.42245,1.08891,-0.47088,1.30473,-0.42183,2.38383,2.88414,1.98162,1.78542,-0.20601,1,0.11894969961437424,Normal
0.24525,6.72966,-1.84428,2.20725,0.6867,-0.20601,-0.50031,3.11958,3.16863,2.00124,0.3924,-0.48069,1,0.10967223540573773,Normal
0.91233,7.70085,-0.50031,4.19868,1.49112,-1.09872,-0.50031,1.70694,4.07115,1.30473,-0.99081,0.04905,1,0.10573419019435204,Normal
0.84366,7.82838,-0.76518,4.23792,1.81485,-1.73637,-1.12815,2.1582,1.97181,0.82404,-1.03005,-0.30411,1,0.11367365744145969,Normal
0.56898,8.17173,-0.4905,4.26735,2.44269,-2.79585,-0.24525,0.7848,2.30535,0.30411,1.85409,1.35378,1,0.0954667908375249,Normal
0.14715,7.81857,-1.15758,4.23792,2.58984,-0.17658,0.34335,1.71675,1.62846,-0.11772,-1.60884,2.5506,1,0.10648351925975369,Normal
0.70632,8.08344,-0.38259,5.74866,2.31516,1.73637,-0.20601,1.14777,0.64746,0.03924,-1.32435,1.84428,1,0.1079069113827757,Normal
0.74556,9.11349,0.33354,5.80752,1.77561,1.3734,-0.83385,1.87371,1.19682,-0.34335,0.44145,0.11772,1,0.10405165509642356,Normal
0.65727,9.55494,-0.30411,6.75909,2.38383,1.46169,0.07848,2.21706,1.95219,-0.36297,1.60884,0.35316,1,0.08935869981917388,Normal
0.42183,10.48689,-0.50031,7.24959,1.68732,2.76642,0.0,3.75723,1.46169,-0.73575,-1.23606,0.31392,1,0.08304484687615582,Normal
0.51012,10.35936,0.89271,8.68185,1.55979,0.56898,-0.84366,3.19806,1.45188,-1.23606,-0.54936,-0.28449,1,0.09004441024426202,Normal
0.26487,9.68247,0.84366,7.3575,0.96138,-0.64746,-1.20663,3.69837,1.20663,-2.01105,1.77561,-1.21644,1,0.07707689579999921,Normal
-0.40221,8.96634,0.08829,7.04358,1.20663,1.84428,-0.42183,4.6107,1.58922,-1.92276,-0.89271,-1.87371,1,0.08865312229794653,Normal
-0.01962,7.75971,-0.15696,6.06258,0.61803,4.13982,0.04905,5.26797,1.43226,-2.50155,-2.05029,-2.72718,1,0.08505982357436076,Normal
-0.36297,6.56289,0.40221,5.80752,0.54936,3.93381,-0.57879,5.91543,0.56898,-2.98224,-0.57879,-3.12939,1,0.09594852680058663,Normal
-0.42183,6.36669,-1.05948,2.80566,0.0981,3.89457,0.06867,7.13187,1.81485,-3.77685,0.79461,-3.61989,1,0.09035676056608388,Normal
0.27468,6.31764,-1.29492,2.37402,0.11772,5.77809,0.17658,9.10368,1.70694,-4.48317,-0.52974,-4.22811,1,0.0477423421503394,Normal
0.0,5.32683,-1.42245,2.57022,-0.41202,5.69961,0.02943,10.1043,1.40283,-4.23792,-0.17658,-3.8259,1,0.0451894880698393,Normal
-0.18639,6.00372,-0.60822,1.29492,-0.5886,4.71861,-0.0981,10.87929,1.4715,-4.62051,1.74618,-3.69837,1,0.05678378872723944,Normal
0.08829,5.36607,-1.29492,0.20601,-0.43164,3.21768,0.18639,11.03625,2.10915,-4.85595,1.78542,-4.06134,1,0.06699862589405081,Normal
-0.31392,4.69899,-1.49112,-1.23606,-0.63765,5.86638,-0.35316,11.2815,1.65789,-4.96386,1.19682,-4.7088,1,0.050300992897543584,Normal
-0.75537,4.15944,-1.30473,-1.19682,-1.62846,7.40655,0.05886,10.9872,1.28511,-4.34583,1.51074,-4.91481,1,0.03350913975584585,Normal
-0.01962,3.61008,-0.92214,-4.01229,-1.05948,4.52241,-0.30411,11.34036,1.74618,-4.43412,0.61803,-4.81671,1,0.06391921541856066,Normal
0.67689,3.16863,-2.37402,-5.89581,-1.30473,4.34583,-0.20601,10.94796,2.06991,-3.65913,1.41264,-4.50279,1,0.03900309908777477,Normal
0.26487,3.25692,-3.03129,-6.84738,-1.58922,6.12144,-0.50031,10.63404,1.57941,-2.98224,1.08891,-5.09139,1,0.021527561576845766,Normal
0.73575,3.28635,-2.62908,-7.39674,-2.37402,4.71861,-1.26549,9.97677,1.2753,-2.33478,3.60027,-5.4936,1,0.018107236946256933,Normal
1.25568,3.24711,-2.50155,-7.50465,-1.83447,2.52117,-1.63827,9.1233,2.66832,-1.46169,3.39426,-4.83633,1,0.03012426742122387,Normal
1.04967,4.3164,-3.14901,-6.51384,-1.78542,1.22625,-1.77561,8.39736,2.87433,-0.41202,2.57022,-5.71923,1,0.03883274175796725,Normal
0.63765,3.97305,-2.65851,-5.12082,-1.75599,3.17844,-1.81485,7.1613,2.69775,-0.99081,3.11958,-4.67937,1,0.056437586832760844,Normal
0.44145,3.924,-2.58003,-5.9841,-2.26611,2.49174,-1.94238,6.44517,2.26611,-0.61803,1.95219,-3.50217,1,0.05257683168338301,Normal
1.33416,4.37526,-2.19744,-4.56165,-1.64808,0.23544,-1.46169,5.70942,2.69775,-0.33354,2.19744,-2.2563,1,0.09656470562064956,Normal
1.54998,4.57146,-2.49174,-4.93443,-1.72656,0.21582,-1.40283,5.23854,2.3544,0.45126,3.93381,-3.4335,1,0.06904278595784508,Normal
1.28511,4.25754,-2.71737,-3.07053,-2.09934,1.52055,-1.16739,4.04172,2.36421,0.56898,2.27592,-3.15882,1,0.1002273940908659,Normal
2.2563,3.98286,-2.39364,-2.6487,-1.06929,0.60822,-1.31454,3.89457,1.74618,1.2753,1.80504,-2.75661,1,0.1249752330324671,Normal
3.02148,4.43412,-2.01105,-1.69713,-0.2943,-1.62846,-1.42245,3.27654,1.93257,1.16739,2.56041,-1.58922,1,0.12574521674444072,Normal
2.65851,4.35564,-2.11896,-1.15758,0.42183,-0.05886,-0.64746,3.42369,2.67813,1.70694,2.08953,-1.35378,1,0.1292843595817565,Normal
2.10915,6.16068,-1.95219,0.16677,0.00981,-0.89271,-0.16677,2.80566,2.54079,0.76518,0.10791,-0.22563,1,0.1325614793315512,Normal
1.65789,5.86638,-1.63827,1.00062,1.2753,-0.12753,-0.13734,3.76704,1.01043,0.6867,0.80442,-0.67689,1,0.14959110299789435,Normal
1.73637,5.17968,-0.62784,0.50031,1.21644,-1.74618,-0.43164,4.19868,1.50093,-0.08829,4.13001,0.03924,1,0.12187398002356481,Normal
2.19744,5.35626,-0.77499,0.71613,1.36359,-0.13734,0.24525,3.61989,1.87371,-0.44145,1.1772,-0.3924,1,0.14900984936561673,Normal
2.12877,5.13063,-1.34397,1.77561,1.2753,1.15758,0.07848,4.13001,1.88352,-1.03005,0.07848,-1.23606,1,0.1450780979783845,Normal
2.0601,4.38507,-0.77499,1.90314,1.97181,-0.20601,0.08829,5.16006,1.05948,-2.20725,0.75537,-0.82404,1,0.13854669582860252,Normal
2.33478,4.47336,0.30411,2.02086,2.11896,-2.75661,-0.36297,5.04234,-0.82404,-2.41326,2.92338,-0.8829,1,0.12570910274292396,Normal
2.10915,4.86576,0.08829,1.35378,2.05029,-1.61865,0.67689,3.8259,0.01962,-2.49174,-0.84366,-1.62846,1,0.14874605889190917,Normal
1.15758,4.5126,-0.80442,1.83447,1.48131,-1.20663,0.50031,4.64994,0.00981,-1.82466,-0.86328,-2.91357,1,0.14835530016929344,Normal
0.25506,4.20849,0.64746,1.54998,1.89333,-1.14777,-0.02943,4.91481,-1.91295,-2.79585,-0.26487,-2.8449,1,0.14116770204331885,Normal
-0.10791,4.64994,1.52055,0.56898,1.98162,-0.63765,-0.50031,5.45436,-0.77499,-3.12939,0.28449,-4.25754,1,0.1409538780432893,Normal
0.22563,4.96386,0.97119,0.70632,1.49112,-0.51012,0.07848,6.29802,-0.76518,-3.83571,-3.16863,-4.64013,1,0.11247762018383273,Normal
-0.0981,4.94424,-0.06867,-0.55917,1.23606,-0.95157,-0.44145,7.01415,-0.93195,-4.20849,-2.10915,-6.98472,1,0.11173756307370908,Normal
-0.21582,3.84552,1.03005,-0.36297,0.83385,-0.77499,-0.86328,7.48503,-1.82466,-5.32683,-0.15696,-6.33726,1,0.10048085806221108,Normal
-0.18639,3.61989,0.44145,-1.51074,0.0,-0.10791,-0.20601,7.50465,-1.60884,-5.3955,-0.0981,-7.50465,1,0.10243569382085321,Normal
0.3924,3.61008,-0.11772,-1.4715,-1.2753,1.36359,0.92214,7.14168,-1.58922,-4.60089,-2.87433,-6.83757,1,0.08768191728924674,Normal
-0.07848,2.79585,0.02943,-1.81485,-1.26549,2.42307,0.16677,7.40655,-2.54079,-3.65913,-1.33416,-8.48565,1,0.0877472692938509,Normal
-1.39302,3.52179,1.33416,-2.44269,-0.85347,0.95157,-0.40221,8.20116,-0.38259,-3.88476,-0.02943,-8.76033,1,0.08724412518781932,Normal
-1.00062,3.4335,0.81423,-3.70818,-1.35378,2.07972,0.95157,8.34831,-0.50031,-4.00248,-1.70694,-8.85843,1,0.08333954660268322,Normal
-0.25506,2.88414,0.25506,-4.44393,-1.81485,2.99205,0.63765,8.79957,0.21582,-4.46355,-3.36483,-9.77076,1,0.04411150534085834,Normal
-0.26487,2.73699,0.77499,-5.07177,-1.73637,2.19744,0.23544,9.18216,0.40221,-5.08158,-1.22625,-9.44703,1,0.04951812782277293,Normal
-0.63765,2.53098,1.06929,-5.06196,-2.27592,1.69713,1.06929,9.45684,3.0411,-5.75847,1.06929,-9.25083,1,0.03708937430682707,Normal
-0.31392,3.90438,0.22563,-4.72842,-2.8449,3.25692,1.24587,8.91729,2.53098,-5.53284,0.25506,-9.7119,1,0.03682391698466647,Normal
0.92214,2.05029,-0.26487,-5.51322,-2.96262,4.88538,0.34335,8.25021,2.59965,-5.80752,0.63765,-9.33912,1,0.03023102651673537,Normal
0.3924,0.89271,-0.37278,-5.44455,-2.23668,4.52241,0.51993,7.32807,1.51074,-5.85657,1.03986,-9.29007,1,0.05011879195450758,Normal
0.05886,1.11834,-0.7848,-5.46417,-2.61927,2.72718,0.8829,7.03377,4.25754,-5.886,1.77561,-7.97553,1,0.049678137087360075,Normal
-0.27468,1.26549,-1.50093,-5.63094,-2.59965,2.62908,0.26487,6.43536,2.53098,-5.40531,1.20663,-6.89643,1,0.059331665472169226,Normal
0.46107,0.36297,-0.5886,-6.05277,-2.65851,4.67937,-0.15696,6.26859,2.75661,-5.71923,0.76518,-7.29864,1,0.05179809682034492,Normal
0.64746,1.51074,-1.20663,-4.76766,-1.88352,2.27592,-0.24525,5.1012,4.1202,-5.09139,0.40221,-6.75909,1,0.08344561735171524,Normal
0.15696,0.80442,-1.15758,-4.64013,-1.83447,2.0601,-0.20601,4.8069,4.13001,-4.65975,1.31454,-5.02272,1,0.07914844926368392,Normal
0.36297,2.08953,-1.1772,-4.2183,-1.28511,2.62908,-0.2943,3.06072,2.47212,-5.05215,0.56898,-5.75847,1,0.12034147107327592,Normal
1.03005,2.22687,-1.52055,-3.22749,-1.29492,2.41326,-0.59841,1.97181,3.50217,-4.27716,0.67689,-4.56165,1,0.11018761601598254,Normal
1.09872,1.87371,-0.73575,-2.69775,-0.99081,1.04967,-0.03924,1.6677,3.11958,-4.17906,1.19682,-4.24773,1,0.12706424562185198,Normal
0.57879,2.29554,-1.09872,-2.87433,-1.09872,0.15696,-0.46107,0.85347,3.10977,-3.52179,2.67813,-3.48255,1,0.12732862488036306,Normal
0.74556,1.89333,-0.51012,-3.08034,-0.26487,0.47088,-0.36297,0.6867,2.12877,-3.4335,1.16739,-2.98224,1,0.1501389708956024,Normal
1.6677,1.59903,-0.64746,-2.29554,-0.15696,-1.01043,0.21582,-0.57879,3.3354,-3.32559,2.09934,-2.05029,1,0.14309053785005532,Normal
1.65789,2.0601,-0.25506,-1.48131,0.73575,-2.17782,1.25568,0.30411,3.64932,-3.05091,1.91295,-2.02086,1,0.14180986686503938,Normal
1.18701,2.96262,0.10791,-1.11834,0.65727,-2.53098,0.36297,-0.36297,2.65851,-3.34521,0.61803,-1.71675,1,0.14915656501898278,Normal
2.32497,2.19744,1.21644,-0.89271,1.18701,-1.58922,0.7848,-1.35378,1.81485,-3.30597,0.53955,-1.82466,1,0.15941254465826327,Normal
2.54079,2.36421,0.52974,-0.12753,1.26549,-2.37402,1.60884,-2.07972,1.81485,-3.26673,0.59841,-3.12939,1,0.1484409472794746,Normal
2.51136,2.23668,0.85347,-0.41202,1.00062,-2.21706,1.14777,-1.46169,1.15758,-3.61008,0.15696,-4.00248,1,0.1475122986148122,Normal
2.13858,2.37402,0.99081,-1.77561,0.63765,-0.47088,1.02024,-2.46231,0.60822,-3.87495,0.30411,-4.905,1,0.14490538031146394,Normal
2.91357,1.32435,0.51993,-0.981,0.73575,-1.29492,1.83447,-1.77561,0.76518,-4.86576,-0.53955,-5.83695,1,0.12977535317429162,Normal
2.09934,1.95219,0.59841,-1.99143,1.36359,-3.66894,1.09872,-1.14777,0.91233,-5.67018,-0.20601,-6.63156,1,0.12134005858717078,Normal
1.8639,1.77561,1.40283,-1.15758,1.23606,-3.18825,1.85409,-0.34335,0.56898,-6.70023,0.44145,-6.55308,1,0.12425430053017344,Normal
1.54017,1.48131,0.20601,-2.62908,2.02086,-1.8639,1.0791,-0.99081,-0.23544,-6.28821,-0.66708,-7.59294,1,0.1281221756626464,Normal
1.6677,1.4715,0.36297,-2.98224,1.38321,-3.06072,0.77499,-1.84428,0.32373,-6.59232,-0.45126,-6.87681,1,0.12636220820886285,Normal
0.72594,2.16801,0.35316,-4.27716,1.51074,-2.62908,1.23606,-1.05948,-0.67689,-7.18092,-1.38321,-6.6708,1,0.11637736051521974,Normal
0.00981,1.20663,0.89271,-5.09139,1.09872,-1.52055,0.99081,-1.42245,0.04905,-6.89643,-1.74618,-7.53408,1,0.11163204787020026,Normal
-0.26487,0.71613,0.0981,-5.79771,0.81423,-0.94176,-0.14715,-2.48193,0.57879,-6.83757,-2.61927,-8.829,1,0.08969090676054392,Normal
0.45126,-0.92214,0.12753,-5.99391,0.38259,-2.12877,-0.24525,-1.98162,0.41202,-6.91605,-2.11896,-9.79038,1,0.09380773876743159,Normal
-1.06929,-1.42245,0.21582,-7.42617,-0.46107,-2.31516,-0.03924,-1.12815,0.73575,-7.01415,-3.27654,-9.60399,1,0.06601502683685506,Normal
-0.8829,-0.56898,0.11772,-7.69104,-0.20601,-2.26611,-0.73575,-1.28511,0.17658,-7.72047,-1.67751,-9.43722,1,0.07559922644388811,Normal
-0.79461,-1.73637,-0.16677,-6.71985,-0.51012,-3.41388,-0.32373,-0.73575,1.1772,-7.66161,-2.20725,-9.45684,1,0.06762183716923231,Normal
-0.55917,-1.08891,-0.51012,-8.05401,-0.23544,-5.15025,-0.10791,-1.25568,1.38321,-6.78852,-1.58922,-8.55432,1,0.06739472147117509,Normal
-1.35378,-1.61865,0.21582,-8.9271,-0.47088,-6.03315,0.14715,-1.81485,2.1582,-7.68123,-2.22687,-8.07363,1,0.05271831834910751,Normal
-0.81423,-1.55979,-0.22563,-7.52427,0.6867,-3.3354,-0.4905,-2.1582,2.77623,-7.0632,-1.49112,-9.42741,1,0.06917335080762038,Normal
-0.31392,-3.02148,0.22563,-7.74009,-0.26487,-5.06196,-0.23544,-1.74618,3.98286,-7.14168,-1.73637,-8.95653,1,0.05721008101244124,Normal
-0.63765,-3.52179,-0.01962,-7.63218,-0.0981,-4.06134,-0.37278,-0.981,3.66894,-7.21035,-0.53955,-8.91729,1,0.0657736488780381,Normal
-0.31392,-4.5126,-0.46107,-7.79895,0.0,-4.64994,0.15696,-0.79461,4.91481,-8.6328,-1.81485,-8.79957,1,0.04048005900705637,Normal
1.03986,-4.32621,-0.51012,-6.10182,0.04905,-4.04172,-0.2943,0.07848,5.3955,-8.5347,0.69651,-8.77014,1,0.05596625620501827,Normal
0.56898,-4.32621,-0.90252,-4.3164,0.21582,-3.69837,0.01962,-0.54936,5.96448,-8.15211,1.40283,-7.44579,1,0.07792281192956674,Normal
0.42183,-3.87495,-1.2753,-4.46355,0.83385,-4.76766,-0.46107,-0.51993,5.20911,-7.76952,0.82404,-7.62237,1,0.06663785717254905,Normal
0.05886,-4.22811,-1.03986,-4.32621,0.94176,-5.14044,0.14715,-1.24587,5.57208,-7.28883,0.59841,-7.59294,1,0.07368723459324161,Normal
1.06929,-4.04172,-0.57879,-2.38383,1.29492,-5.79771,-0.14715,-1.12815,4.83633,-7.38693,2.31516,-6.51384,1,0.06044062316388171,Normal
0.24525,-4.2183,-0.43164,-2.18763,0.73575,-4.27716,0.03924,-1.45188,4.93443,-6.85719,3.80628,-6.13125,1,0.06971157838612774,Normal
-0.14715,-5.25816,-1.28511,-2.61927,2.01105,-2.23668,-0.60822,-0.03924,4.45374,-6.71004,2.68794,-6.58251,1,0.07246646552969649,Normal
0.51993,-5.83695,-0.28449,-1.90314,1.70694,-3.8259,-0.23544,-0.45126,4.36545,-6.48441,0.4905,-6.6708,1,0.08560737789995437,Normal
1.11834,-5.35626,-0.44145,-1.2753,2.51136,-3.70818,0.30411,-0.82404,3.60027,-6.00372,2.08953,-6.00372,1,0.09730554349042714,Normal
0.43164,-3.39426,-0.37278,-1.03986,1.83447,-3.7278,-0.57879,-2.00124,3.90438,-6.21954,2.24649,-4.74804,1,0.09582510015691059,Normal
0.79461,-3.93381,-0.32373,-0.16677,2.90376,-4.64994,-0.31392,-2.57022,2.01105,-6.3765,0.83385,-4.26735,1,0.10293386611253041,Normal
0.981,-4.47336,-0.26487,-0.46107,1.80504,-4.85595,0.59841,-4.14963,2.57022,-6.04296,0.74556,-4.65975,1,0.10580752594887083,Normal
0.59841,-4.3164,0.64746,-1.31454,1.63827,-5.24835,-0.10791,-5.28759,1.6677,-6.02334,1.55979,-4.79709,1,0.11231379223856136,Normal
0.21582,-3.98286,-0.41202,-1.85409,2.14839,-1.21644,-0.46107,-5.82714,1.03986,-6.49422,-0.13734,-4.49298,1,0.1187772581474586,Normal
0.67689,-4.75785,-0.65727,-1.29492,1.59903,-1.98162,-0.34335,-5.67999,0.08829,-6.78852,0.22563,-5.6898,1,0.123723418696157,Normal
0.06867,-5.66037,0.40221,-1.8639,1.09872,-5.04234,-0.07848,-5.65056,-0.06867,-6.79833,0.00981,-6.70023,1,0.09579673402192623,Normal
0.73575,-5.86638,0.07848,-2.6487,2.08953,-5.35626,0.03924,-5.63094,-0.46107,-7.53408,-1.41264,-7.01415,1,0.08237303453498618,Normal
0.52974,-5.60151,-0.26487,-2.43288,2.38383,-2.96262,0.46107,-5.4936,-0.80442,-8.05401,0.0981,-7.91667,1,0.09230265269504678,Normal
1.1772,-6.39612,-1.41264,-2.60946,1.54017,-7.12206,0.56898,-5.70942,-1.79523,-7.42617,0.43164,-8.39736,1,0.06197503812613597,Normal
0.74556,-6.04296,-0.96138,-4.46355,1.45188,-6.04296,1.35378,-5.66037,-1.15758,-7.95591,0.51012,-9.52551,1,0.07381252402336086,Normal
0.66708,-5.64075,-1.01043,-6.14106,1.28511,-7.29864,1.42245,-6.10182,-0.89271,-8.12268,0.0,-8.90748,1,0.05563179247825556,Normal
0.96138,-6.33726,-2.12877,-6.68061,0.45126,-4.43412,1.12815,-5.56227,-0.96138,-9.21159,1.19682,-10.04544,1,0.05863003774296671,Normal
0.26487,-6.84738,-2.0601,-6.89643,-0.80442,-6.35688,0.52974,-4.8069,-1.83447,-9.00558,0.54936,-10.72233,1,0.03905524726375448,Normal
-0.24525,-7.39674,-1.41264,-9.00558,-0.82404,-6.81795,1.00062,-4.16925,-1.10853,-8.93691,2.3544,-12.23307,1,0.01382473821275021,Normal
-0.54936,-6.13125,-1.21644,-8.68185,-1.02024,-5.09139,1.30473,-3.22749,-1.34397,-8.31888,1.53036,-12.60585,1,0.03681880827851752,Normal
0.08829,-5.84676,-1.85409,-8.70147,-2.17782,-5.1993,1.15758,-2.60946,-0.34335,-7.93629,0.62784,-13.37103,1,0.02856403954585296,Normal
-0.5886,-5.85657,-1.04967,-9.03501,-1.94238,-7.86762,0.75537,-2.03067,-0.7848,-7.43598,3.16863,-13.30236,-1,-0.00461827851468577,Anomaly
-1.5696,-5.96448,-1.40283,-10.70271,-1.70694,-6.867,1.04967,-2.62908,1.30473,-6.92586,1.89333,-12.15459,1,0.004321217515379838,Normal
-0.94176,-5.66037,-1.74618,-10.93815,-2.24649,-6.23916,0.79461,-2.89395,0.62784,-6.75909,-1.03986,-12.17421,1,0.006842308920187445,Normal
-1.10853,-6.41574,-0.5886,-10.85967,-2.93319,-6.11163,0.17658,-2.57022,2.44269,-7.2594,1.38321,-11.90934,1,0.007504483593924416,Normal
-0.981,-6.1803,-0.26487,-11.2815,-2.87433,-7.05339,-0.37278,-2.27592,2.23668,-8.76033,3.11958,-10.87929,-1,-0.008548945552441567,Anomaly
-1.28511,-6.43536,0.34335,-11.23245,-2.91357,-5.03253,0.24525,-2.00124,3.91419,-8.77995,1.16739,-9.7119,1,0.014274014288830572,Normal
-1.41264,-5.22873,0.69651,-11.39922,-3.39426,-6.17049,-0.981,-1.34397,3.94362,-8.86824,1.68732,-10.52613,-1,-0.005336788190656749,Anomaly
-0.71613,-5.56227,1.71675,-10.60461,-3.30597,-7.24959,-0.44145,-1.54998,2.96262,-9.7119,0.00981,-9.75114,-1,-0.0017060847071914687,Anomaly
-1.01043,-5.16987,1.03005,-10.34955,-2.42307,-7.87743,-0.50031,-1.60884,3.37464,-9.70209,1.54017,-8.77995,-1,-0.0020067941454512406,Anomaly
-1.30473,-5.56227,0.73575,-9.37836,-2.12877,-6.31764,-0.62784,-2.09934,3.54141,-9.26064,-1.77561,-8.34831,1,0.011392742633399733,Normal
-0.5886,-5.30721,0.85347,-8.67204,-2.16801,-8.57394,-1.01043,-1.83447,3.29616,-9.85905,-0.17658,-9.42741,1,0.0052786471941496105,Normal
0.42183,-6.94548,0.42183,-7.91667,-1.61865,-7.1613,-1.25568,-2.4525,4.22811,-10.62423,0.85347,-8.38755,1,0.013090619335578757,Normal
0.20601,-7.43598,0.04905,-7.12206,-0.34335,-6.82776,-0.57879,-2.42307,4.71861,-11.1834,2.3544,-7.66161,1,0.004744581088495958,Normal
0.10791,-8.05401,0.21582,-5.80752,-1.00062,-5.7879,0.44145,-2.40345,5.07177,-11.55618,-0.63765,-8.67204,1,0.020244053368402737,Normal
1.0791,-8.27964,0.0981,-4.63032,-0.93195,-5.91543,-0.14715,-1.83447,4.00248,-11.00682,-0.72594,-8.49546,1,0.04033584264205109,Normal
1.09872,-7.82838,-0.45126,-3.78666,-0.48069,-6.63156,0.11772,-1.92276,3.25692,-11.66409,1.98162,-9.06444,1,0.034822617559821745,Normal
1.26549,-7.13187,-0.90252,-3.8259,0.1962,-5.83695,1.12815,-1.97181,3.69837,-10.90872,1.52055,-8.52489,1,0.047834081453359156,Normal
0.24525,-6.70023,-1.15758,-2.7468,-0.23544,-5.45436,0.75537,-2.76642,3.30597,-10.01601,0.34335,-10.13373,1,0.05601291420265003,Normal
0.94176,-7.37712,-1.63827,-2.82528,1.08891,-7.21035,0.2943,-3.10977,1.58922,-9.50589,0.26487,-10.32012,1,0.046096955194442124,Normal
0.8829,-7.2594,-1.73637,-2.68794,0.67689,-7.33788,0.15696,-3.57084,2.83509,-9.55494,0.25506,-10.92834,1,0.03607865705914126,Normal
0.38259,-7.17111,-1.72656,-3.28635,1.23606,-5.84676,0.32373,-4.04172,1.52055,-8.40717,-0.82404,-10.57518,1,0.0593121318000992,Normal
0.31392,-6.93567,-1.39302,-3.00186,0.82404,-7.76952,0.5886,-4.74804,1.09872,-8.10306,-1.41264,-10.75176,1,0.05133693297868808,Normal
1.1772,-6.71985,-1.36359,-2.91357,1.59903,-4.73823,0.31392,-4.82652,0.14715,-9.53532,0.42183,-11.10492,1,0.05898337713760482,Normal
0.86328,-7.18092,-1.49112,-4.03191,0.80442,-6.43536,0.981,-4.44393,-0.21582,-9.23121,-0.71613,-11.74257,1,0.04499445525842327,Normal
1.11834,-6.82776,-0.60822,-5.38569,0.53955,-6.90624,1.73637,-4.85595,-1.23606,-8.74071,-0.5886,-11.93877,1,0.022464980338714025,Normal
0.62784,-8.60337,-1.54017,-6.17049,0.43164,-6.34707,0.70632,-4.8069,-0.4905,-8.45622,-3.15882,-12.09573,1,0.02417636625985864,Normal
1.15758,-7.93629,-2.44269,-7.51446,0.62784,-7.34769,0.84366,-6.13125,-1.62846,-8.50527,-1.30473,-11.79162,1,0.008781645689382223,Normal
0.35316,-8.23059,-1.89333,-8.76033,0.18639,-10.62423,1.64808,-6.59232,-0.45126,-8.91729,-0.4905,-10.84005,-1,-0.014045635049815486,Anomaly
0.91233,-9.07425,-2.47212,-9.45684,-0.31392,-7.81857,1.14777,-7.1613,-1.13796,-9.78057,-1.78542,-10.41822,-1,-0.0039062735279769,Anomaly
0.89271,-10.33974,-2.26611,-10.45746,-0.18639,-9.87867,0.53955,-7.02396,-0.93195,-9.92772,0.92214,-11.17359,-1,-0.03559775511339436,Anomaly
0.99081,-9.75114,-2.54079,-11.61504,-0.36297,-7.72047,1.26549,-7.07301,0.08829,-10.03563,0.96138,-11.74257,-1,-0.03438553653090626,Anomaly
1.31454,-9.69228,-2.61927,-12.20364,-1.15758,-10.43784,1.24587,-6.4746,-0.75537,-10.28088,0.69651,-12.27231,-1,-0.05293589333852955,Anomaly
1.26549,-10.9872,-2.40345,-12.63528,-1.69713,-9.30969,1.23606,-5.21892,-0.80442,-9.92772,-0.14715,-11.50713,-1,-0.04805591612308602,Anomaly
1.1772,-11.5758,-2.27592,-12.57642,-1.2753,-9.63342,0.73575,-4.93443,-0.16677,-9.66285,-0.38259,-12.47832,-1,-0.053231198282406744,Anomaly
1.15758,-12.11535,-3.2373,-13.71438,-2.57022,-8.44641,1.12815,-4.47336,0.34335,-9.0252,1.71675,-12.64509,-1,-0.057743233023571205,Anomaly
0.76518,-12.61566,-3.02148,-12.46851,-2.68794,-9.85905,1.1772,-4.5126,1.40283,-9.09387,2.20725,-12.8511,-1,-0.0718469692040059,Anomaly
-0.48069,-13.44951,-2.5506,-11.4777,-2.58984,-8.7309,0.08829,-4.13001,0.18639,-9.28026,2.41326,-11.74257,-1,-0.06268697109293442,Anomaly
1.08891,-13.61628,-2.59965,-11.34036,-2.57022,-8.72109,-0.03924,-4.26735,2.43288,-9.13311,3.34521,-11.94858,-1,-0.07571742912259316,Anomaly
-0.02943,-13.05711,-0.96138,-11.56599,-3.61008,-8.45622,0.0981,-4.17906,2.79585,-9.0252,4.50279,-12.23307,-1,-0.06263688200981488,Anomaly
-0.44145,-13.69476,-0.52974,-10.41822,-3.29616,-8.40717,-1.13796,-4.63032,3.40407,-8.68185,3.06072,-11.9682,-1,-0.058107365452837456,Anomaly
-0.5886,-13.00806,0.26487,-10.37898,-3.25692,-9.62361,-0.63765,-5.27778,3.75723,-8.88786,3.2373,-11.86029,-1,-0.058774136585179715,Anomaly
-0.21582,-13.36122,0.17658,-9.42741,-3.07053,-10.70271,-0.51012,-5.41512,3.36483,-9.08406,3.83571,-11.39922,-1,-0.05263322885675459,Anomaly
-0.85347,-13.2435,0.74556,-9.33912,-3.31578,-8.61318,-0.42183,-5.67018,3.83571,-9.26064,4.83633,-10.66347,-1,-0.04413096037479047,Anomaly
-0.53955,-14.16564,1.03005,-8.07363,-2.68794,-8.27964,-1.0791,-5.60151,3.60027,-9.98658,0.76518,-9.93753,-1,-0.03731282778070888,Anomaly
-0.06867,-14.18526,1.23606,-7.89705,-2.36421,-8.34831,-0.03924,-7.01415,4.37526,-9.5157,1.95219,-9.08406,-1,-0.04125796499677181,Anomaly
0.36297,-14.52861,0.8829,-7.33788,-1.57941,-8.22078,-0.47088,-7.30845,5.08158,-10.76157,1.70694,-6.9651,-1,-0.028463255818357847,Anomaly
-0.04905,-14.2245,1.41264,-7.29864,-1.30473,-6.7689,-0.24525,-7.17111,4.37526,-11.27169,2.73699,-7.12206,-1,-0.01888805041331809,Anomaly
0.82404,-14.24412,2.06991,-6.82776,-0.92214,-5.12082,-0.41202,-7.42617,4.13982,-12.31155,0.92214,-6.9651,1,0.0035520819608205745,Normal
1.44207,-13.72419,1.54017,-7.33788,-0.62784,-7.14168,0.0,-8.1423,3.74742,-11.99763,2.86452,-6.02334,-1,-0.011518817574200924,Anomaly
1.41264,-13.32198,0.96138,-6.94548,0.0,-7.77933,-0.1962,-8.49546,4.13982,-11.82105,3.75723,-6.88662,-1,-0.010667683438868925,Anomaly
0.57879,-12.71376,1.97181,-6.79833,0.83385,-7.61256,0.00981,-8.91729,3.09015,-11.98782,1.13796,-7.22997,1,0.001766261833749505,Normal
0.85347,-12.83148,0.55917,-6.51384,0.7848,-6.25878,-0.30411,-9.01539,3.16863,-11.58561,-1.33416,-8.17173,1,0.012836532355065988,Normal
1.70694,-11.85048,0.04905,-5.32683,1.16739,-6.49422,1.39302,-8.89767,2.87433,-10.75176,-0.20601,-7.56351,1,0.006708041893317418,Normal
1.7658,-10.67328,-0.44145,-5.13063,1.31454,-5.82714,0.75537,-8.97615,1.74618,-10.76157,0.26487,-8.31888,1,0.020697945876559154,Normal
0.7848,-10.68309,-0.53955,-5.16006,2.16801,-6.19011,0.83385,-9.05463,-0.03924,-10.68309,0.59841,-10.55556,1,0.018182101590617283,Normal
2.0601,-10.87929,-0.44145,-5.30721,2.59965,-7.56351,1.1772,-8.36793,0.23544,-10.77138,-0.54936,-11.54637,-1,-0.01564151810098824,Anomaly
2.3544,-11.4777,-1.13796,-5.77809,2.30535,-7.71066,1.73637,-8.18154,-0.3924,-9.7119,0.0,-11.45808,-1,-0.012328569696323122,Anomaly
1.57941,-11.25207,-1.48131,-5.83695,2.1582,-8.85843,0.77499,-8.32869,-1.68732,-9.00558,0.59841,-12.09573,-1,-0.013959152995925317,Anomaly
0.52974,-10.62423,-1.81485,-6.17049,1.53036,-9.56475,1.48131,-10.19259,-2.08953,-8.56413,2.08953,-12.17421,-1,-0.01722105217707548,Anomaly
0.80442,-11.06568,-2.19744,-7.22997,1.65789,-8.87805,1.59903,-10.35936,-2.06991,-7.48503,-0.16677,-12.39984,-1,-0.021973239359112662,Anomaly
1.54998,-12.05649,-1.48131,-6.71004,0.66708,-9.21159,2.77623,-10.50651,-1.54017,-7.05339,0.69651,-12.27231,-1,-0.02912557921770431,Anomaly
0.33354,-11.80143,-2.08953,-6.11163,-0.1962,-12.17421,1.77561,-10.72233,-2.27592,-7.58313,-0.08829,-12.12516,-1,-0.03623529561259664,Anomaly
0.46107,-12.33117,-1.70694,-7.75971,-0.63765,-9.15273,2.59965,-12.13497,-2.36421,-7.87743,0.85347,-12.70395,-1,-0.04536238442554397,Anomaly
0.53955,-14.06754,-1.61865,-8.85843,-0.56898,-9.45684,2.41326,-11.38941,-1.63827,-7.24959,-1.7658,-12.47832,-1,-0.05711168010195278,Anomaly
0.981,-14.59728,-1.40283,-9.46665,-1.02024,-10.87929,1.52055,-10.47708,-1.45188,-7.18092,-1.40283,-13.40046,-1,-0.04801776639322353,Anomaly
0.27468,-13.52799,-1.4715,-11.05587,-1.14777,-11.63466,0.94176,-10.78119,-1.92276,-7.56351,2.47212,-10.81062,-1,-0.05770144116167708,Anomaly
0.50031,-13.26312,-1.23606,-11.63466,-1.55979,-12.34098,2.11896,-10.02582,-1.2753,-7.4556,3.8259,-9.76095,-1,-0.06535852445811874,Anomaly
0.17658,-14.75424,-0.42183,-11.66409,-1.84428,-12.83148,1.42245,-10.67328,-0.48069,-7.54389,2.37402,-9.7119,-1,-0.0546372410802447,Anomaly
-0.21582,-14.89158,-0.72594,-12.21345,-1.69713,-11.92896,0.7848,-9.79038,0.61803,-7.70085,1.30473,-9.36855,-1,-0.04674586833197014,Anomaly
-0.06867,-14.31279,-0.43164,-11.74257,-2.00124,-12.11535,0.63765,-9.92772,1.25568,-8.67204,3.91419,-8.90748,-1,-0.06525187869096194,Anomaly
-0.42183,-14.16564,-0.69651,-12.40965,-1.63827,-11.02644,0.99081,-9.84924,1.11834,-8.81919,2.19744,-10.48689,-1,-0.05087909061632456,Anomaly
-0.67689,-14.23431,0.14715,-12.77262,-2.0601,-12.56661,0.17658,-9.38817,2.51136,-8.78976,0.31392,-12.41946,-1,-0.06704484777046638,Anomaly
0.22563,-13.57704,-0.15696,-11.6739,-2.23668,-11.38941,0.1962,-8.28945,2.7468,-8.72109,0.40221,-12.89034,-1,-0.06140080224642286,Anomaly
-0.48069,-12.86091,0.0,-11.76219,-2.12877,-11.42865,-0.37278,-8.23059,2.12877,-9.36855,4.0221,-11.51694,-1,-0.06829219149239785,Anomaly
-0.52974,-12.24288,0.3924,-11.05587,-1.62846,-11.92896,-0.14715,-7.75971,3.61989,-8.32869,3.81609,-10.45746,-1,-0.0458006580420508,Anomaly
-0.1962,-11.48751,0.87309,-10.80081,-0.95157,-10.47708,-1.14777,-7.46541,3.09015,-8.77995,3.61008,-9.19197,-1,-0.038524991762983185,Anomaly
0.06867,-11.19321,0.23544,-9.57456,-0.73575,-9.18216,-1.0791,-6.60213,3.2373,-7.87743,1.1772,-8.70147,-1,-0.006614592568386146,Anomaly
-0.94176,-11.4777,0.50031,-8.81919,-1.18701,-8.74071,-1.09872,-7.24959,4.82652,-7.39674,5.24835,-7.4556,-1,-0.03958168615919089,Anomaly
0.08829,-12.05649,0.65727,-8.2404,-0.23544,-7.73028,-0.54936,-7.98534,5.24835,-7.50465,4.92462,-7.87743,-1,-0.023637433638325156,Anomaly
0.3924,-12.03687,0.91233,-8.51508,0.14715,-5.53284,-0.56898,-8.08344,3.85533,-7.95591,2.02086,-10.36917,1,0.008958654017175993,Normal
-0.55917,-11.27169,0.93195,-6.30783,-0.54936,-7.15149,0.08829,-7.7499,2.7468,-7.58313,0.81423,-10.25145,1,0.015389917081612525,Normal
-0.41202,-10.92834,2.12877,-6.29802,-0.75537,-7.23978,-1.00062,-8.40717,3.26673,-7.4556,1.91295,-9.10368,-1,-0.000613500862087335,Anomaly
0.08829,-10.75176,2.05029,-6.73947,-0.40221,-7.13187,-0.32373,-8.12268,3.86514,-7.72047,3.31578,-8.30907,1,0.008099344740862713,Normal
0.05886,-9.75114,2.01105,-7.38693,0.14715,-8.05401,-0.03924,-8.83881,2.27592,-6.94548,2.56041,-6.02334,1,0.015409255626164242,Normal
0.43164,-8.72109,2.23668,-5.83695,1.01043,-5.84676,0.69651,-9.07425,1.88352,-6.35688,3.37464,-5.36607,1,0.04050563927760531,Normal
0.24525,-9.47646,2.00124,-6.29802,1.43226,-4.04172,0.32373,-9.10368,2.20725,-6.70023,4.39488,-3.42369,1,0.04221028822375272,Normal
0.90252,-9.04482,1.7658,-5.57208,1.5696,-3.65913,0.55917,-9.2214,1.80504,-7.52427,5.80752,-4.5126,1,0.025546263594043217,Normal
0.48069,-8.27964,2.01105,-5.95467,2.66832,-2.21706,0.46107,-9.89829,0.12753,-7.87743,2.30535,-5.08158,1,0.04115805099413827,Normal
0.93195,-7.32807,1.31454,-4.98348,2.10915,-2.73699,0.70632,-9.77076,0.08829,-7.92648,0.3924,-6.83757,1,0.06058769728015362,Normal
0.05886,-8.21097,1.19682,-5.21892,2.65851,-2.19744,0.50031,-10.17297,-0.12753,-8.49546,0.1962,-7.07301,1,0.033769477981630824,Normal
1.03986,-7.90686,0.23544,-4.85595,1.79523,-3.18825,0.91233,-10.13373,-0.08829,-9.15273,1.91295,-8.77995,1,0.053493151679577966,Normal
0.86328,-7.3575,-0.3924,-6.12144,2.30535,-2.85471,1.62846,-10.92834,-2.02086,-9.26064,1.11834,-8.55432,1,0.02750192041196542,Normal
1.21644,-6.41574,-0.3924,-5.14044,2.00124,-2.943,0.85347,-10.93815,-1.38321,-8.61318,1.13796,-7.76952,1,0.061538878173728384,Normal
0.4905,-7.1613,-1.4715,-5.2974,2.08953,-3.07053,1.02024,-10.80081,-2.0601,-8.1423,2.10915,-8.30907,1,0.04482179307749057,Normal
0.76518,-8.07363,-1.45188,-5.35626,1.49112,-3.77685,2.03067,-10.22202,-1.8639,-8.31888,2.20725,-7.10244,1,0.04410457591959871,Normal
1.3734,-8.56413,-1.88352,-6.33726,0.94176,-2.43288,2.06991,-10.03563,-1.25568,-7.40655,1.6677,-8.08344,1,0.044284343528698644,Normal
1.09872,-9.55494,-1.91295,-5.36607,0.75537,-2.69775,1.21644,-9.64323,-1.04967,-7.848,-0.67689,-8.66223,1,0.04317814941875986,Normal
0.59841,-10.31031,-2.08953,-6.71004,0.84366,-1.41264,1.42245,-10.32993,-2.13858,-7.82838,-0.94176,-10.43784,1,0.03096301642751742,Normal
1.25568,-9.49608,-1.40283,-6.95529,-0.25506,-3.58065,2.7468,-9.64323,-1.88352,-8.40717,-2.61927,-9.36855,1,0.00242941913633421,Normal
0.40221,-9.89829,-1.52055,-7.93629,-0.52974,-6.61194,2.97243,-10.35936,-1.8639,-8.30907,-1.20663,-8.99577,-1,-0.019239743081523097,Anomaly
0.23544,-10.35936,-1.94238,-8.45622,-1.12815,-6.97491,1.81485,-9.99639,-0.76518,-8.19135,-2.23668,-8.4366,-1,-0.008734764686315066,Anomaly
-0.74556,-11.11473,-1.74618,-9.32931,-1.73637,-5.6898,1.78542,-10.31031,-0.7848,-7.82838,-0.24525,-8.01477,-1,-0.003268960754059469,Anomaly
-0.51012,-11.04606,-1.80504,-10.21221,-1.90314,-9.74133,2.58984,-10.37898,0.6867,-7.26921,-0.27468,-6.33726,-1,-0.04445731603409275,Anomaly
-0.51012,-11.58561,-0.77499,-9.81,-3.16863,-11.09511,1.89333,-10.70271,1.58922,-7.04358,2.41326,-5.7879,-1,-0.032619854538667115,Anomaly
-0.8829,-10.97739,-1.25568,-9.58437,-2.96262,-8.17173,1.52055,-10.11411,2.06991,-7.60275,0.81423,-5.51322,-1,-0.023108675979617854,Anomaly
-1.63827,-11.69352,-1.05948,-10.04544,-3.21768,-7.1613,2.38383,-10.41822,1.93257,-7.74009,2.04048,-5.58189,-1,-0.030324330301513047,Anomaly
-0.66708,-12.31155,-1.09872,-9.5157,-3.37464,-8.3385,1.7658,-9.73152,2.54079,-7.90686,-0.63765,-6.23916,-1,-0.02233769917573336,Anomaly
-0.95157,-11.52675,-0.1962,-9.25083,-2.98224,-8.20116,0.8829,-9.55494,3.65913,-8.32869,1.63827,-6.63156,-1,-0.021616498392892702,Anomaly
-2.23668,-10.4967,-0.44145,-10.33974,-2.7468,-6.81795,-0.35316,-9.14292,3.61989,-8.76033,-0.63765,-5.77809,-1,-0.03933580849780194,Anomaly
-1.67751,-10.45746,-0.36297,-9.40779,-2.48193,-6.1803,0.56898,-8.86824,3.30597,-8.61318,-1.28511,-6.75909,-1,-0.012002550409893287,Anomaly
-1.81485,-11.73276,-0.26487,-8.0442,-1.94238,-7.87743,0.11772,-7.4556,3.97305,-7.79895,-0.25506,-6.92586,-1,-0.01421392097130425,Anomaly
-2.47212,-12.38022,-0.17658,-7.13187,-2.16801,-8.78976,-0.31392,-6.62175,4.20849,-7.86762,2.44269,-6.49422,-1,-0.016378015581406058,Anomaly
-1.45188,-12.01725,0.44145,-7.53408,-2.02086,-6.13125,-0.60822,-6.40593,4.07115,-7.88724,1.78542,-6.64137,1,0.01266596952659893,Normal
-1.11834,-12.11535,0.60822,-6.60213,-1.99143,-3.90438,-0.16677,-7.2594,3.6297,-7.73028,1.32435,-7.18092,1,0.026629111886609103,Normal
-1.28511,-12.15459,0.56898,-5.54265,-2.21706,-5.87619,-0.03924,-6.12144,3.61008,-7.88724,0.93195,-8.829,1,0.019443798135337143,Normal
-0.97119,-12.47832,0.89271,-5.9841,-2.00124,-7.73028,-0.25506,-6.19992,3.49236,-7.22997,1.68732,-8.06382,1,0.0138355639563561,Normal
-0.46107,-12.05649,1.5696,-6.43536,-1.62846,-6.1803,0.95157,-6.09201,3.06072,-7.01415,1.40283,-8.26002,1,0.028490550367362144,Normal
-0.14715,-12.88053,1.21644,-6.50403,-1.44207,-5.20911,0.0981,-5.53284,2.22687,-5.63094,-0.65727,-9.03501,1,0.043683792330412086,Normal
0.03924,-12.40965,1.75599,-5.5917,-1.18701,-7.0632,0.54936,-4.92462,1.28511,-5.56227,0.42183,-8.83881,1,0.02459145095965365,Normal
0.06867,-12.49794,1.41264,-5.93505,-0.99081,-8.20116,0.64746,-5.33664,0.80442,-5.41512,2.68794,-7.24959,1,0.022138911273612782,Normal
0.69651,-11.35998,1.8639,-5.82714,-1.11834,-6.24897,0.66708,-5.75847,1.1772,-4.88538,2.62908,-6.89643,1,0.047804093229053324,Normal
1.40283,-10.62423,1.75599,-5.92524,-0.83385,-3.02148,1.48131,-7.17111,1.13796,-4.56165,2.73699,-6.98472,1,0.0568960904721198,Normal
1.87371,-9.88848,1.49112,-5.58189,-1.20663,-5.81733,2.06991,-7.04358,0.57879,-4.43412,2.81547,-8.0442,1,0.04001918614037192,Normal
1.42245,-7.88724,2.18763,-6.05277,-0.54936,-4.0221,1.71675,-7.97553,0.22563,-4.39488,3.66894,-7.85781,1,0.047145030346505246,Normal
2.44269,-6.7689,1.41264,-5.51322,-0.59841,-3.09015,1.68732,-7.93629,0.40221,-4.06134,2.41326,-8.32869,1,0.06499366491441944,Normal
2.20725,-6.70023,1.21644,-5.96448,-0.55917,-2.97243,2.02086,-7.19073,-0.03924,-4.11039,1.97181,-8.69166,1,0.06238852741816092,Normal
2.41326,-5.25816,0.56898,-5.9841,-0.15696,-4.07115,1.61865,-6.00372,-1.79523,-3.35502,3.20787,-8.61318,1,0.06045419979565653,Normal
1.62846,-4.66956,0.80442,-5.31702,0.23544,-5.33664,1.0791,-6.56289,-1.42245,-3.96324,3.69837,-8.59356,1,0.06425978283756167,Normal
2.09934,-4.20849,0.64746,-4.64013,-0.02943,-3.63951,1.16739,-7.42617,-0.69651,-4.62051,2.49174,-8.20116,1,0.07216773671883397,Normal
2.06991,-4.30659,0.48069,-4.28697,-0.59841,-2.00124,1.53036,-7.57332,-1.03005,-4.82652,2.91357,-8.42679,1,0.08923695864890807,Normal
2.10915,-3.74742,-0.22563,-4.86576,-0.87309,-3.89457,1.35378,-8.11287,-1.51074,-5.17968,3.05091,-8.61318,1,0.07010706675756456,Normal
1.85409,-4.85595,-0.52974,-3.38445,-0.93195,-4.48317,0.59841,-8.86824,-1.26549,-5.92524,2.3544,-9.6138,1,0.059882515511555434,Normal
1.55979,-4.57146,-0.56898,-3.58065,0.0,-3.22749,1.43226,-8.69166,-1.23606,-6.42555,0.90252,-9.25083,1,0.08031037261810042,Normal
1.12815,-5.95467,-1.08891,-3.35502,-1.08891,-2.96262,1.54998,-8.15211,-0.51012,-6.66099,0.75537,-9.65304,1,0.07267515045797346,Normal
0.48069,-7.78914,-2.28573,-4.23792,-0.40221,-6.62175,1.16739,-8.4366,0.1962,-6.72966,1.62846,-8.02458,1,0.05379250529342844,Normal
0.71613,-8.12268,-1.52055,-3.94362,-0.61803,-6.46479,1.3734,-8.3385,0.03924,-6.50403,1.3734,-8.98596,1,0.05002499864109755,Normal
0.44145,-8.44641,-1.98162,-3.85533,-1.03986,-7.69104,0.16677,-9.3195,0.81423,-6.49422,0.1962,-8.81919,1,0.03508290836716477,Normal
0.03924,-9.43722,-1.35378,-5.27778,-2.17782,-9.0252,0.89271,-9.07425,1.49112,-6.28821,2.31516,-7.56351,1,0.013603163540443441,Normal
-0.13734,-8.99577,-2.20725,-3.67875,-1.91295,-8.90748,0.87309,-10.19259,1.77561,-6.6708,3.3354,-5.58189,1,0.005941726052539287,Normal
-0.20601,-8.87805,-2.0601,-3.924,-1.7658,-8.62299,0.22563,-10.3005,2.14839,-6.32745,1.14777,-4.47336,1,0.021067503897432505,Normal
-0.44145,-8.60337,-1.5696,-5.25816,-2.39364,-7.95591,0.60822,-11.11473,2.26611,-5.57208,-0.27468,-4.8069,1,0.01611403230422892,Normal
-0.64746,-8.89767,-2.0601,-6.39612,-2.29554,-8.51508,0.45126,-10.74195,3.87495,-5.2974,1.28511,-5.32683,1,0.002217217035456076,Normal
-1.8639,-7.88724,-1.79523,-5.50341,-1.16739,-7.3575,-0.52974,-10.02582,4.16925,-5.2974,-0.06867,-5.05215,1,0.00844103556494824,Normal
-1.72656,-7.68123,-2.12877,-5.5917,-1.68732,-5.91543,-0.94176,-10.01601,4.17906,-4.95405,-1.29492,-5.67018,1,0.009611200674083609,Normal
-1.77561,-7.02396,-1.35378,-6.59232,-1.68732,-7.69104,-0.77499,-9.77076,4.11039,-4.37526,0.04905,-5.18949,1,0.01148352738440106,Normal
-1.52055,-8.08344,-2.37402,-7.13187,-1.52055,-7.53408,-1.15758,-8.87805,4.83633,-4.2183,0.41202,-6.71985,-1,-0.0026816360407880824,Anomaly
-1.90314,-6.07239,-1.58922,-4.91481,-1.16739,-6.05277,-0.4905,-8.26983,3.56103,-4.00248,1.31454,-7.93629,1,0.03984258435342386,Normal
-1.50093,-4.77747,-0.75537,-4.72842,-1.39302,-6.71985,-1.06929,-8.57394,2.70756,-3.6297,-0.12753,-7.848,1,0.04418213671566151,Normal
-1.0791,-5.16987,-0.5886,-4.65975,-0.94176,-7.79895,-1.14777,-8.16192,2.96262,-3.19806,3.4335,-8.18154,1,0.0448515136475135,Normal
-1.68732,-6.03315,-0.99081,-5.05215,-0.71613,-7.22997,-1.00062,-7.13187,2.31516,-2.69775,0.82404,-9.76095,1,0.040523303652069964,Normal
-1.21644,-5.45436,-0.28449,-3.8259,0.03924,-4.66956,-1.97181,-6.89643,2.61927,-2.48193,-2.27592,-10.43784,1,0.047436787057176966,Normal
-0.97119,-4.99329,0.36297,-4.75785,-0.56898,-6.02334,-1.03005,-5.93505,1.26549,-1.78542,-1.95219,-11.00682,1,0.062363614908880594,Normal
-0.5886,-5.35626,-0.25506,-4.25754,0.16677,-5.28759,-1.34397,-5.70942,0.72594,-2.1582,1.03986,-10.05525,1,0.08931083850798399,Normal
-0.66708,-5.17968,-0.00981,-3.61989,0.95157,-5.70942,-0.8829,-4.65975,0.06867,-2.53098,1.59903,-11.03625,1,0.08157743847462151,Normal
-0.24525,-4.58127,-0.23544,-2.19744,1.20663,-4.78728,0.63765,-4.7088,-0.27468,-2.32497,-1.05948,-10.41822,1,0.09935034150174266,Normal
0.41202,-5.24835,0.30411,-2.58003,0.96138,-5.53284,0.20601,-4.63032,-1.65789,-1.79523,2.4525,-10.12392,1,0.0877691421854368,Normal
0.85347,-5.69961,-0.3924,-3.0411,1.50093,-6.10182,0.59841,-6.10182,-2.73699,-2.16801,1.90314,-8.57394,1,0.07077340871782267,Normal
1.11834,-5.81733,-0.08829,-3.64932,1.30473,-5.42493,1.73637,-5.27778,-2.58984,-1.77561,1.00062,-9.76095,1,0.07537562258132502,Normal
1.41264,-4.54203,0.5886,-3.71799,1.78542,-5.7879,1.84428,-5.22873,-2.61927,-1.16739,0.07848,-8.95653,1,0.0733875189971056,Normal
1.59903,-4.54203,0.56898,-5.1012,1.1772,-4.13982,1.80504,-5.32683,-2.70756,-1.51074,0.80442,-7.47522,1,0.08701167284900652,Normal
2.20725,-4.4145,-0.53955,-5.81733,1.10853,-2.34459,1.00062,-5.83695,-3.17844,-1.51074,0.3924,-6.45498,1,0.08633276834015013,Normal
2.31516,-3.86514,-0.63765,-5.67999,0.27468,-0.8829,1.85409,-5.21892,-3.05091,-0.97119,-0.33354,-7.1613,1,0.08931948646273896,Normal
2.3544,-2.28573,-0.54936,-4.48317,0.3924,-2.13858,1.69713,-5.41512,-1.72656,-1.06929,-1.70694,-7.02396,1,0.10709894528425218,Normal
2.31516,-2.6487,-0.51012,-3.90438,-0.16677,-1.18701,1.54998,-5.1993,-2.14839,-1.81485,2.4525,-6.72966,1,0.11069017956302768,Normal
2.30535,-2.52117,-0.48069,-3.07053,0.14715,-0.89271,0.51993,-5.50341,-2.90376,-2.04048,1.84428,-5.70942,1,0.11090822684022028,Normal
2.06991,-3.44331,-0.59841,-2.20725,-0.90252,-3.84552,1.62846,-5.50341,-1.94238,-3.08034,2.2563,-6.22935,1,0.10843806156907126,Normal
1.64808,-3.68856,-0.75537,-1.65789,-0.57879,-2.99205,1.32435,-5.89581,-2.19744,-3.02148,2.06991,-6.2784,1,0.12605702131193708,Normal
1.33416,-4.17906,-0.34335,-2.27592,-1.43226,0.03924,0.91233,-6.87681,-1.0791,-3.86514,2.92338,-6.06258,1,0.10432342730773142,Normal
1.26549,-5.21892,-0.11772,-3.09015,-1.80504,-1.10853,0.56898,-6.7689,-1.03005,-4.24773,1.60884,-6.22935,1,0.10163591529309657,Normal
0.43164,-6.68061,0.05886,-2.73699,-2.07972,-3.61008,0.7848,-6.41574,-0.67689,-3.60027,2.18763,-6.80814,1,0.08794877217659214,Normal
0.22563,-6.91605,-0.41202,-1.69713,-2.57022,-4.3164,0.82404,-5.80752,-1.14777,-3.75723,0.06867,-6.16068,1,0.0966544480168014,Normal
-0.24525,-8.22078,-0.52974,-1.03986,-2.95281,-2.53098,0.51993,-5.97429,0.17658,-3.89457,1.16739,-2.92338,1,0.09717845869272362,Normal
-0.93195,-8.27964,-0.3924,-0.95157,-2.73699,-5.4936,0.96138,-6.34707,-0.27468,-4.34583,2.41326,-2.30535,1,0.07928014374712716,Normal
-1.24587,-8.89767,-0.07848,-0.25506,-2.33478,-8.6328,0.72594,-6.0822,0.01962,-3.57084,2.58984,-1.83447,1,0.05105679072946567,Normal
-1.31454,-10.06506,-0.38259,-0.75537,-1.94238,-5.84676,0.82404,-6.94548,-1.4715,-3.03129,1.8639,-1.60884,1,0.0697419385780162,Normal
-2.02086,-10.64385,-0.34335,-1.30473,-2.30535,-4.15944,0.36297,-7.24959,0.13734,-2.83509,1.69713,-0.17658,1,0.07093735359828918,Normal
-2.08953,-10.68309,0.30411,-2.3544,-2.39364,-5.52303,0.27468,-7.27902,0.63765,-2.39364,1.89333,-0.82404,1,0.058256560317421324,Normal
-1.80504,-10.41822,-0.3924,-2.79585,-2.48193,-5.51322,1.01043,-7.05339,0.71613,-1.14777,1.42245,-0.69651,1,0.057734940630525367,Normal
-1.962,-11.11473,-1.26549,-3.66894,-2.83509,-3.95343,0.38259,-6.30783,-0.24525,-0.02943,0.70632,-0.20601,1,0.060727761441161265,Normal
-0.92214,-10.81062,-0.94176,-3.60027,-2.38383,-4.03191,0.63765,-5.34645,1.35378,1.15758,0.92214,-0.04905,1,0.07659519663047787,Normal
-1.19682,-10.18278,-0.76518,-3.71799,-2.71737,-5.06196,0.0,-5.97429,0.59841,1.52055,-0.65727,-1.24587,1,0.07909628693937909,Normal
-1.01043,-9.81981,-1.52055,-2.13858,-2.57022,-4.62051,-0.50031,-5.55246,0.45126,2.30535,-0.20601,-0.79461,1,0.08965370260283717,Normal
0.0,-9.03501,-1.71675,-3.09015,-2.16801,-2.82528,-0.61803,-5.37588,0.03924,2.22687,0.46107,-0.38259,1,0.09487591723566896,Normal
-0.00981,-8.36793,-0.20601,-3.12939,-1.95219,-1.02024,-0.57879,-5.56227,1.20663,3.00186,-0.01962,-1.80504,1,0.10335354091610288,Normal
0.1962,-7.59294,0.07848,-1.88352,-1.94238,-2.58003,-1.11834,-6.0822,0.981,1.65789,0.50031,-2.43288,1,0.11572179322411846,Normal
0.57879,-6.9651,-0.08829,-1.1772,-1.18701,-1.80504,-0.36297,-5.2974,-0.95157,1.99143,0.60822,-3.74742,1,0.12267145590775741,Normal
0.981,-5.96448,-0.18639,-1.02024,-1.49112,-1.85409,0.0981,-5.01291,-1.42245,2.31516,2.11896,-3.97305,1,0.12313847640145181,Normal
1.32435,-4.69899,-0.45126,-0.93195,-0.34335,-1.25568,-0.38259,-4.28697,0.38259,2.68794,0.51993,-4.92462,1,0.14082657784269803,Normal
1.33416,-4.64013,0.28449,-0.35316,-0.4905,-2.26611,0.08829,-3.85533,-0.43164,2.01105,-0.74556,-4.89519,1,0.1414235383207914,Normal
1.81485,-4.82652,0.22563,-0.01962,0.43164,-1.83447,-0.94176,-3.0411,0.18639,2.24649,-0.33354,-4.33602,1,0.14121707764842412,Normal
2.32497,-4.2183,0.10791,-0.5886,-0.20601,-2.8449,-0.44145,-3.3354,-1.14777,1.60884,-0.41202,-4.3164,1,0.13828732907153574,Normal
2.52117,-3.20787,0.99081,0.08829,0.35316,-2.69775,0.0981,-2.85471,-0.4905,1.42245,0.80442,-4.3164,1,0.14254617949088433,Normal
2.32497,-2.56041,0.52974,-0.04905,1.16739,-2.47212,-0.27468,-2.82528,-1.54998,1.62846,0.67689,-3.98286,1,0.14017781497357018,Normal
2.02086,-1.03986,1.40283,-0.01962,1.6677,-1.99143,-0.01962,-3.47274,-1.78542,1.54998,0.6867,-5.16987,1,0.1409445742343441,Normal
2.86452,-1.04967,1.71675,-0.46107,1.19682,-2.59965,1.06929,-3.22749,-2.05029,1.61865,1.01043,-5.40531,1,0.12587588454533366,Normal
2.78604,0.14715,1.25568,-0.10791,1.95219,-2.46231,0.12753,-2.73699,-2.19744,1.79523,-0.15696,-4.58127,1,0.1318708517400538,Normal
2.09934,-0.23544,1.77561,-1.20663,1.61865,-2.73699,0.45126,-2.4525,-1.60884,1.28511,-1.74618,-3.2373,1,0.1411261626998731,Normal
2.68794,-0.90252,1.52055,-1.14777,0.96138,-0.12753,0.48069,-2.85471,-0.34335,0.07848,-1.75599,-3.00186,1,0.15914733172249368,Normal
3.36483,-1.53036,0.62784,-1.54998,0.65727,-0.90252,0.65727,-2.8449,-1.36359,0.01962,-0.0981,-4.37526,1,0.14539902261639975,Normal
1.63827,-2.04048,0.44145,-1.24587,-0.36297,-0.05886,-0.01962,-3.3354,-0.64746,-0.94176,-1.02024,-5.35626,1,0.15002776944636598,Normal
1.19682,-2.43288,0.73575,-1.62846,-0.03924,0.21582,-0.03924,-4.06134,-0.54936,-0.62784,-0.26487,-5.16006,1,0.14866691287940698,Normal
1.75599,-2.10915,1.15758,-0.75537,-0.53955,0.17658,0.62784,-4.7088,0.22563,-1.03005,1.34397,-4.92462,1,0.14982079852582553,Normal
1.10853,-2.29554,1.65789,-0.0981,-0.72594,0.08829,-0.00981,-5.79771,0.06867,-1.51074,2.65851,-6.06258,1,0.13322557468011642,Normal
-0.08829,-3.56103,1.10853,-0.04905,-0.981,0.14715,-0.61803,-5.71923,0.00981,-2.01105,2.62908,-4.59108,1,0.13429699536985362,Normal
-0.4905,-3.31578,1.01043,-1.01043,-0.18639,0.3924,-0.37278,-5.71923,-0.0981,-2.44269,1.54017,-3.50217,1,0.14536734890946246,Normal
0.0,-3.37464,1.26549,-0.40221,-0.77499,-1.36359,-0.23544,-5.86638,0.84366,-3.1392,1.78542,-3.66894,1,0.1456918303459409,Normal
-1.05948,-4.29678,0.43164,-0.04905,-0.66708,0.06867,-0.70632,-6.60213,0.90252,-3.08034,2.23668,-4.73823,1,0.12150208655111766,Normal
-1.57941,-4.905,0.55917,0.17658,-1.22625,-0.90252,-0.70632,-6.03315,1.57941,-3.31578,1.77561,-4.58127,1,0.1220186892328951,Normal
-1.53036,-5.17968,0.69651,0.25506,-0.90252,-0.71613,-0.27468,-5.55246,2.04048,-3.12939,0.80442,-5.46417,1,0.12661827342332882,Normal
-1.75599,-2.81547,0.96138,0.3924,-1.08891,-2.27592,-0.18639,-6.05277,2.03067,-1.94238,3.75723,-4.3164,1,0.12159849342402551,Normal
-2.7468,-3.4335,0.4905,0.05886,-1.35378,-1.23606,-0.80442,-5.46417,2.00124,-1.70694,5.51322,-3.06072,1,0.08400134373561935,Normal
-2.21706,-2.54079,1.57941,-0.86328,-0.92214,-3.54141,-0.24525,-5.4936,2.22687,-0.51993,4.04172,-3.5316,1,0.10679753277495113,Normal
-1.0791,-2.79585,0.54936,-2.06991,-0.77499,-2.32497,-0.27468,-4.64994,2.0601,0.23544,4.55184,-3.2373,1,0.12222955794018969,Normal
-1.71675,-2.46231,0.17658,-2.51136,-1.05948,-2.18763,0.0,-4.92462,2.04048,0.08829,2.76642,-2.90376,1,0.1295720753981096,Normal
-2.34459,-2.59965,-0.95157,-4.86576,-0.65727,-0.38259,-0.85347,-3.94362,1.18701,0.79461,1.99143,-2.80566,1,0.10858175054500324,Normal
-1.75599,-2.23668,-1.42245,-4.93443,-0.76518,-1.8639,-0.72594,-4.26735,1.91295,1.97181,1.71675,-2.11896,1,0.11048812879395742,Normal
-0.84366,-1.98162,-1.00062,-3.78666,-0.65727,-1.74618,-0.02943,-3.80628,1.98162,3.09996,0.24525,-2.68794,1,0.13795969471585684,Normal
-1.38321,-0.60822,-1.34397,-2.60946,-1.04967,-2.19744,-0.51993,-4.68918,2.33478,3.67875,0.38259,-3.78666,1,0.1314594696511433,Normal
-1.29492,-1.19682,-0.89271,-3.34521,-1.46169,-0.21582,-1.25568,-4.18887,1.40283,4.95405,1.19682,-3.29616,1,0.1252557092531863,Normal
-0.62784,-0.56898,-1.67751,-1.22625,-0.80442,-0.30411,-0.32373,-3.86514,1.34397,5.52303,1.85409,-3.98286,1,0.13600979401231666,Normal
0.14715,0.13734,-1.962,-1.35378,-0.51993,2.11896,-0.86328,-3.45312,0.13734,6.32745,2.10915,-3.64932,1,0.13217398533156843,Normal
-0.35316,0.17658,-1.92276,-1.23606,0.07848,3.30597,-0.93195,-4.32621,0.24525,6.50403,0.36297,-2.26611,1,0.13965872664418377,Normal
-0.25506,-0.89271,-2.14839,-1.73637,-0.21582,2.2563,-1.32435,-4.905,-0.87309,6.06258,-0.08829,-2.67813,1,0.13580152929058226,Normal
0.14715,0.50031,-2.08953,0.42183,-0.10791,3.89457,-0.40221,-5.35626,-1.02024,5.96448,-0.25506,-2.69775,1,0.11713336088249976,Normal
0.56898,1.59903,-2.43288,1.962,0.42183,4.09077,-1.03986,-4.76766,-1.51074,6.07239,-0.31392,-2.26611,1,0.1122132446814616,Normal
0.1962,2.71737,-2.07972,1.57941,0.42183,3.66894,-0.02943,-5.72904,-0.74556,6.21954,-1.5696,-2.80566,1,0.11506239333977547,Normal
0.30411,3.74742,-1.26549,1.67751,0.53955,2.943,-0.15696,-5.54265,-1.13796,6.89643,-3.25692,-3.02148,1,0.10385748528283151,Normal
1.33416,5.48379,-0.46107,3.14901,1.14777,2.54079,0.16677,-5.37588,-0.37278,6.40593,-2.68794,-3.93381,1,0.08826472603338392,Normal
1.65789,4.66956,-0.72594,4.20849,1.26549,2.01105,-0.21582,-4.75785,-0.17658,6.12144,-2.6487,-2.42307,1,0.10081125821181147,Normal
0.84366,4.44393,0.13734,3.26673,0.84366,2.44269,0.17658,-5.28759,-0.59841,4.75785,-4.60089,-2.60946,1,0.08909782520851794,Normal
0.8829,4.78728,0.4905,2.38383,1.73637,1.45188,-0.3924,-4.78728,-1.21644,4.10058,-2.44269,-3.05091,1,0.11520780154140803,Normal
0.53955,4.99329,0.16677,3.14901,2.12877,1.13796,-0.07848,-4.85595,-0.67689,3.63951,-2.69775,-2.88414,1,0.11786231536379649,Normal
0.60822,4.23792,-0.23544,2.70756,1.45188,0.16677,-0.50031,-5.51322,-1.11834,2.70756,-2.04048,-2.80566,1,0.11718536159549325,Normal
-0.18639,4.86576,0.77499,1.79523,1.11834,-1.52055,-0.06867,-5.3955,-0.99081,1.51074,-4.29678,-3.67875,1,0.10412966416152841,Normal
-0.89271,6.64137,1.13796,1.0791,0.80442,-0.15696,-0.03924,-5.72904,-0.36297,1.93257,-2.75661,-3.8259,1,0.10465498457530104,Normal
-0.40221,6.45498,0.27468,1.52055,1.42245,-0.4905,0.13734,-4.95405,0.38259,1.29492,-0.18639,-2.42307,1,0.13754738960509105,Normal
-1.53036,4.37526,0.69651,1.38321,0.25506,-0.71613,-0.20601,-5.15025,0.31392,1.40283,-3.25692,-0.25506,1,0.12160754993323991,Normal
-1.01043,2.8449,1.16739,0.83385,-0.11772,-1.69713,0.2943,-5.40531,1.12815,-0.18639,-2.48193,-1.46169,1,0.14891194667041086,Normal
-2.14839,1.40283,1.87371,0.82404,-0.14715,-1.32435,-0.2943,-5.02272,0.80442,0.26487,0.07848,-2.2563,1,0.1509006754592564,Normal
-2.37402,0.47088,0.92214,2.29554,-0.20601,-1.0791,0.03924,-4.05153,0.8829,-0.55917,1.00062,-1.78542,1,0.14899226911847424,Normal
-1.90314,-1.25568,1.43226,2.30535,-0.81423,-0.1962,-0.57879,-4.69899,0.81423,-1.16739,-1.80504,-0.10791,1,0.14319960068580917,Normal
-2.51136,-0.61803,1.05948,2.6487,-1.10853,0.67689,0.45126,-2.69775,0.37278,-0.66708,0.73575,0.02943,1,0.14843987934335767,Normal
-3.47274,-0.51993,2.17782,3.35502,-1.35378,2.86452,0.91233,-2.92338,0.92214,-0.15696,-0.60822,1.2753,1,0.11955647214794984,Normal
-3.47274,-0.5886,1.1772,2.73699,-1.53036,0.14715,0.97119,-2.19744,0.8829,0.45126,2.30535,1.26549,1,0.13307399225347738,Normal
-2.56041,-0.87309,2.18763,4.4145,-1.44207,1.35378,0.53955,-2.69775,0.76518,1.26549,0.44145,1.09872,1,0.12110095169155671,Normal
-2.67813,-2.13858,2.39364,3.69837,-1.36359,1.62846,1.49112,-2.30535,1.01043,1.65789,0.92214,0.59841,1,0.12016565039713006,Normal
-3.5316,-3.61008,2.76642,3.84552,-1.03005,0.46107,1.24587,-2.3544,0.41202,2.5506,1.63827,0.27468,1,0.10748255618674057,Normal
-2.98224,-3.61008,2.79585,4.92462,-1.20663,-0.92214,0.71613,-1.42245,0.61803,3.40407,0.35316,-0.33354,1,0.10653504892857235,Normal
-2.52117,-2.91357,1.67751,5.03253,-0.23544,-0.24525,0.52974,-1.84428,0.62784,4.22811,0.79461,-0.48069,1,0.11734577288676273,Normal
-2.08953,-1.80504,2.12877,5.03253,-0.30411,1.25568,0.70632,-1.93257,0.8829,5.22873,2.44269,0.66708,1,0.10854467863157446,Normal
-2.48193,-1.05948,1.48131,4.85595,-0.72594,-0.99081,-0.37278,-0.80442,0.73575,5.40531,0.70632,-0.94176,1,0.12017258593104757,Normal
-1.15758,-0.52974,0.77499,3.97305,-0.30411,-1.81485,0.50031,-0.85347,0.47088,5.95467,-0.74556,-2.27592,1,0.13797939522111619,Normal
-0.31392,-0.43164,0.16677,2.92338,0.34335,-0.24525,-0.74556,-1.09872,0.00981,7.1613,0.30411,-1.60884,1,0.14833584056135501,Normal
-0.54936,-0.71613,0.15696,1.962,0.1962,1.08891,0.13734,-1.52055,0.43164,6.46479,0.52974,-1.39302,1,0.15747961150128148,Normal
-0.11772,-1.34397,-0.13734,1.61865,0.14715,-1.03986,-0.74556,-1.70694,0.17658,7.31826,-1.69713,-1.83447,1,0.14515767291709425,Normal
0.74556,-1.15758,-0.5886,1.88352,1.29492,1.33416,-0.90252,-2.56041,1.42245,6.867,-1.1772,-1.32435,1,0.14624801173566898,Normal
1.31454,-0.61803,0.18639,1.49112,1.14777,4.96386,-1.8639,-2.14839,0.54936,7.33788,-0.1962,-2.07972,1,0.116880086746328,Normal
0.5886,0.71613,-1.04967,0.94176,0.46107,2.77623,-1.55979,-1.36359,-0.47088,6.54327,-0.74556,-0.12753,1,0.14857762690713583,Normal
1.5696,1.5696,-0.95157,1.06929,0.89271,1.49112,-2.03067,-1.77561,-0.00981,6.87681,-1.67751,0.79461,1,0.13530963032465199,Normal
2.47212,3.03129,-1.44207,1.65789,1.30473,0.86328,-1.70694,-0.83385,0.47088,6.48441,-3.69837,1.05948,1,0.11334001493298651,Normal
2.57022,3.68856,-1.34397,2.7468,1.30473,0.60822,-2.49174,-0.60822,-1.32435,6.7689,-1.54017,2.04048,1,0.11071046355701253,Normal
2.40345,3.40407,-1.15758,1.98162,1.01043,0.48069,-1.85409,-0.42183,-1.18701,5.38569,-2.69775,2.49174,1,0.11162362888479127,Normal
3.40407,2.79585,-1.32435,4.16925,1.11834,0.3924,-2.49174,-0.74556,-0.07848,5.45436,-4.2183,2.61927,1,0.06944822099318648,Normal
2.56041,2.41326,-1.64808,4.37526,0.92214,2.24649,-2.05029,-0.85347,1.13796,5.17968,-2.83509,3.17844,1,0.09911442351783772,Normal
2.31516,3.71799,-1.20663,4.58127,0.55917,1.59903,-2.05029,-0.77499,-0.96138,4.99329,-1.23606,1.81485,1,0.10938146418663236,Normal
1.77561,4.55184,-0.51993,5.41512,0.57879,-0.56898,-1.98162,-1.02024,-1.22625,4.74804,-2.02086,2.12877,1,0.1010640866873046,Normal
2.4525,5.42493,-0.81423,4.88538,1.58922,0.34335,-2.26611,-1.69713,0.33354,4.50279,-4.60089,1.87371,1,0.062361880111119705,Normal
1.71675,5.886,-0.65727,5.28759,1.25568,-0.84366,-2.96262,-1.70694,0.79461,4.3164,-2.87433,1.88352,1,0.07887753373356521,Normal
1.3734,5.17968,-0.38259,5.1993,0.83385,-1.01043,-2.6487,-1.36359,-0.87309,2.943,-1.01043,1.49112,1,0.10256896993203235,Normal
1.63827,4.18887,-0.00981,6.33726,1.05948,-1.52055,-1.82466,-1.1772,-0.06867,3.37464,-1.7658,1.46169,1,0.10455130580751065,Normal
1.48131,3.65913,-0.34335,5.14044,0.80442,-2.58003,-2.57022,-1.13796,1.23606,2.30535,-1.95219,0.89271,1,0.10217696348719657,Normal
0.81423,3.03129,-0.11772,5.25816,0.53955,-2.13858,-2.37402,-0.92214,0.89271,2.52117,-2.09934,-1.0791,1,0.10447043031826586,Normal
0.27468,2.30535,0.08829,3.48255,0.82404,-0.81423,-1.26549,-0.21582,-0.46107,3.10977,0.85347,-1.25568,1,0.15061450995953324,Normal
0.27468,1.18701,-0.12753,4.36545,1.48131,-2.01105,-1.12815,0.27468,0.17658,2.98224,-1.88352,-2.36421,1,0.1391845178403931,Normal
-0.26487,0.87309,0.13734,1.91295,1.85409,0.35316,-1.75599,1.03986,2.28573,2.33478,-1.55979,-1.82466,1,0.1460259491510213,Normal
-1.65789,-0.40221,0.48069,2.95281,0.77499,-0.65727,-1.04967,1.5696,0.71613,3.11958,-0.40221,-3.19806,1,0.14437198384038535,Normal
-1.05948,-1.55979,0.15696,1.64808,0.981,0.00981,-0.26487,2.19744,0.16677,3.26673,1.72656,-2.16801,1,0.1592947677903323,Normal
-1.84428,-0.69651,0.14715,2.40345,1.53036,-0.34335,0.07848,2.27592,0.74556,2.99205,1.03986,-0.99081,1,0.15311265110698075,Normal
-1.81485,-1.51074,-0.11772,0.75537,1.45188,0.44145,-0.31392,2.09934,0.64746,3.02148,1.48131,-0.95157,1,0.1601124005031478,Normal
-2.75661,-2.31516,-0.24525,2.50155,0.92214,-1.26549,0.14715,3.22749,-0.13734,4.78728,0.48069,-0.21582,1,0.134390552575458,Normal
-2.54079,-2.20725,-0.07848,1.45188,1.26549,0.40221,0.81423,4.15944,-1.02024,4.54203,1.74618,-1.02024,1,0.13405636192568865,Normal
-2.51136,-0.42183,0.07848,3.0411,1.19682,-0.96138,0.3924,4.06134,-0.55917,5.31702,0.05886,-0.23544,1,0.1326165353514422,Normal
-3.00186,-0.32373,-0.33354,2.27592,0.62784,0.22563,-0.23544,4.23792,-0.54936,4.94424,0.36297,-1.2753,1,0.14138838524192238,Normal
-3.09015,-1.62846,-0.51012,4.75785,0.81423,-0.76518,0.51012,4.18887,-0.80442,5.82714,-1.23606,0.33354,1,0.10667032041239566,Normal
-1.89333,-0.79461,-0.93195,5.23854,1.33416,0.12753,0.54936,3.98286,-0.91233,5.94486,0.55917,0.30411,1,0.1165764393802507,Normal
-2.77623,-1.49112,-0.69651,5.04234,1.43226,-1.29492,0.20601,2.60946,-0.8829,5.16987,-0.46107,0.89271,1,0.11935430709822858,Normal
-2.50155,-0.37278,-0.41202,4.78728,0.32373,-0.57879,0.81423,2.51136,-0.77499,5.69961,0.21582,0.52974,1,0.1250598816376836,Normal
-2.26611,0.21582,-0.70632,7.2594,1.13796,1.03986,0.18639,1.7658,-1.32435,6.31764,-0.57879,1.0791,1,0.10524760803684652,Normal
-1.14777,0.96138,-0.7848,6.5727,1.43226,1.74618,0.20601,2.16801,-0.66708,5.89581,0.23544,0.69651,1,0.12437424894788929,Normal
-2.07972,1.92276,-0.6867,5.04234,1.06929,1.73637,-0.0981,2.53098,-1.13796,5.97429,-1.31454,0.97119,1,0.12337339732197233,Normal
-0.74556,1.59903,-1.43226,5.44455,0.86328,3.83571,-0.55917,2.86452,-1.26549,4.64013,-1.44207,-0.06867,1,0.12316526113060366,Normal
-0.81423,3.42369,-3.31578,6.71004,1.50093,2.943,-1.12815,2.48193,-1.03005,4.66956,-3.0411,-0.80442,1,0.09189156623758588,Normal
0.21582,4.14963,-3.0411,4.65975,1.12815,2.02086,-0.27468,1.81485,-0.55917,4.37526,-3.03129,0.16677,1,0.11613823747067797,Normal
-0.43164,4.79709,-1.99143,5.24835,0.83385,2.65851,-0.83385,1.45188,-0.85347,4.1202,-2.72718,-1.12815,1,0.11947816678499873,Normal
0.05886,5.5917,-2.48193,5.40531,0.50031,2.67813,-1.23606,0.57879,-0.61803,2.58984,-2.02086,-2.0601,1,0.11007763696281203,Normal
0.64746,7.02396,-2.73699,4.46355,0.3924,3.98286,-0.86328,0.91233,-0.54936,3.27654,-0.87309,-0.74556,1,0.10999338072214615,Normal
0.51993,8.1423,-1.5696,2.7468,-0.28449,3.4335,-0.87309,0.91233,-1.24587,3.73761,-2.38383,-1.13796,1,0.11274141133389487,Normal
1.49112,9.25083,-1.64808,2.99205,-0.31392,4.83633,-0.44145,2.3544,-0.63765,3.61008,-2.77623,-0.08829,1,0.08160385197989073,Normal
1.94238,9.80019,-2.17782,3.18825,-0.2943,4.1202,-1.22625,2.21706,-1.05948,2.81547,-1.98162,0.0981,1,0.08274084613521826,Normal
1.91295,9.93753,-2.23668,2.40345,0.40221,3.77685,-1.58922,2.01105,-0.56898,3.52179,-1.90314,0.61803,1,0.08443260643546657,Normal
1.68732,9.98658,-2.22687,2.07972,-0.12753,2.44269,-0.69651,1.31454,-0.5886,2.2563,-2.97243,1.45188,1,0.09264846616356592,Normal
1.89333,9.83943,-1.43226,3.48255,0.04905,3.70818,-0.3924,0.43164,-0.52974,3.42369,-2.1582,1.18701,1,0.09682090667510973,Normal
1.95219,10.6929,-2.0601,3.55122,0.06867,2.47212,-0.80442,1.13796,-0.31392,3.05091,0.00981,0.981,1,0.0964480177541468,Normal
1.98162,9.75114,-1.05948,2.90376,0.06867,2.7468,-0.28449,0.79461,-0.4905,3.57084,-0.03924,0.95157,1,0.10945336892626778,Normal
1.34397,9.06444,-1.46169,2.50155,-0.2943,2.79585,0.11772,1.3734,-0.81423,4.30659,-1.46169,2.04048,1,0.10367611958771172,Normal
1.40283,8.93691,-1.05948,4.0221,0.3924,0.93195,-0.35316,2.04048,-0.15696,4.98348,-0.20601,2.24649,1,0.0913413021451483,Normal
1.13796,6.63156,-0.85347,3.01167,0.8829,1.7658,-0.24525,3.57084,0.21582,4.905,0.34335,2.34459,1,0.11885000398474815,Normal
1.01043,5.23854,-0.53955,3.64932,1.50093,-0.11772,-0.48069,2.52117,-0.05886,4.96386,1.30473,2.29554,1,0.12101610042891248,Normal
0.33354,4.25754,-0.96138,4.18887,1.962,-1.22625,0.04905,2.23668,0.17658,4.97367,0.981,3.15882,1,0.12439260604552815,Normal
0.35316,3.86514,-0.2943,3.71799,1.48131,0.59841,-0.5886,1.54998,-0.26487,5.72904,1.06929,1.63827,1,0.14792224203355486,Normal
0.06867,3.63951,0.03924,3.00186,2.03067,-0.34335,-1.16739,2.17782,0.10791,6.52365,4.09077,0.87309,1,0.11141148523497957,Normal
-0.24525,2.49174,1.09872,5.12082,2.00124,2.13858,-0.42183,2.70756,-1.30473,7.64199,0.30411,0.38259,1,0.12036886186920526,Normal
-0.8829,3.10977,0.59841,5.40531,2.90376,1.19682,-0.10791,3.60027,-0.65727,8.22078,0.36297,0.1962,1,0.11127411136936133,Normal
-0.66708,2.62908,1.14777,4.7088,2.88414,1.13796,-0.84366,5.2974,-1.74618,9.38817,1.10853,-0.76518,1,0.08218177773528457,Normal
-0.63765,2.54079,1.50093,3.45312,3.3354,0.93195,0.03924,6.97491,-0.72594,9.5157,2.22687,-0.82404,1,0.08161408821256927,Normal
-1.45188,1.46169,1.30473,5.82714,2.53098,2.32497,-0.30411,6.1803,-1.72656,10.06506,-0.60822,-0.81423,1,0.06752394314743387,Normal
-1.52055,1.03986,0.81423,6.1803,2.79585,1.88352,-0.20601,5.69961,-0.36297,9.1233,0.46107,0.44145,1,0.08523085781070205,Normal
-1.03986,0.55917,0.48069,5.01291,3.01167,3.66894,0.28449,5.53284,-1.35378,9.78057,-0.2943,-0.05886,1,0.07901866107999683,Normal
-1.16739,1.05948,0.47088,5.36607,2.68794,2.59965,0.81423,5.44455,-0.61803,9.45684,0.24525,-0.84366,1,0.0895145041666569,Normal
-1.26549,1.962,0.73575,6.98472,2.81547,4.60089,0.08829,4.81671,-0.74556,9.14292,-0.20601,-0.22563,1,0.07631929082922106,Normal
-1.34397,2.26611,0.63765,6.74928,2.3544,4.52241,0.28449,4.29678,-0.53955,9.57456,-0.67689,0.63765,1,0.07937945606941849,Normal
0.13734,2.0601,0.73575,6.32745,1.72656,4.62051,0.76518,4.24773,-1.52055,9.44703,-0.5886,2.0601,1,0.07206403624395924,Normal
-0.93195,2.75661,0.79461,5.96448,0.55917,5.14044,0.7848,4.11039,-1.20663,8.93691,-0.33354,2.59965,1,0.08361848566012703,Normal
-1.50093,2.91357,-0.26487,6.55308,0.57879,3.54141,0.50031,2.88414,0.17658,7.33788,-1.6677,4.42431,1,0.10108840845760075,Normal
-0.82404,2.37402,-0.85347,6.21954,-0.07848,2.70756,-0.00981,2.50155,0.3924,7.93629,-2.08953,5.1993,1,0.1057842914882316,Normal
-0.70632,2.41326,-1.06929,5.6898,0.17658,4.49298,0.06867,1.57941,1.36359,7.13187,-3.24711,5.41512,1,0.0888073933513504,Normal
-0.99081,2.44269,-1.10853,6.94548,-0.34335,4.905,-0.56898,1.42245,0.42183,5.79771,-2.23668,5.1993,1,0.09324649637071314,Normal
-0.67689,2.97243,-1.33416,6.99453,0.35316,4.77747,-0.92214,0.38259,1.32435,6.12144,-1.94238,5.73885,1,0.08519902111833089,Normal
-0.17658,3.2373,-1.15758,6.33726,-0.43164,4.43412,-1.0791,0.63765,1.49112,5.86638,-1.52055,5.93505,1,0.09403887824759422,Normal
0.38259,2.82528,-1.01043,6.01353,0.14715,4.77747,-0.81423,1.22625,2.17782,6.1803,-1.6677,5.7879,1,0.09454745138029114,Normal
-0.81423,3.15882,-0.90252,7.26921,0.21582,4.59108,-1.50093,1.12815,1.79523,5.41512,-0.41202,5.48379,1,0.09061559059806412,Normal
0.08829,4.77747,-0.36297,6.90624,0.32373,4.16925,-0.94176,1.00062,0.72594,4.75785,-1.09872,4.99329,1,0.10545567681639795,Normal
-0.27468,4.89519,-0.76518,5.91543,0.1962,2.96262,-1.02024,0.31392,1.63827,4.50279,1.13796,6.78852,1,0.11337319294033404,Normal
-0.24525,5.886,-0.15696,5.04234,0.65727,3.21768,-1.05948,0.63765,1.60884,4.23792,-1.55979,4.38507,1,0.11735434323115829,Normal
-0.43164,6.9651,-0.13734,6.09201,0.89271,3.22749,-0.48069,0.7848,1.31454,3.70818,-0.5886,3.20787,1,0.113231223928209,Normal
0.76518,6.99453,-0.981,4.29678,1.46169,2.99205,-0.76518,1.02024,-0.24525,4.53222,-2.16801,2.76642,1,0.10813178821302899,Normal
0.26487,5.03253,-0.40221,3.30597,0.981,2.91357,-0.67689,1.02024,0.73575,4.30659,-0.10791,1.08891,1,0.14800026046382392,Normal
0.85347,5.67018,-0.07848,4.08096,1.48131,2.61927,-0.5886,1.91295,1.15758,4.62051,-1.06929,-0.7848,1,0.1296147807260341,Normal
0.26487,5.23854,0.1962,4.13982,1.6677,3.70818,-0.86328,2.04048,1.48131,3.65913,-0.61803,-0.62784,1,0.13626227786183404,Normal
0.63765,5.18949,0.55917,3.06072,2.12877,2.52117,-0.36297,1.63827,0.07848,3.15882,1.60884,0.83385,1,0.14297581543610421,Normal
0.65727,4.88538,0.55917,3.58065,1.98162,2.38383,-1.25568,2.26611,0.35316,2.83509,1.80504,2.01105,1,0.12846030429163585,Normal
0.06867,4.97367,1.39302,4.4145,2.12877,1.8639,-1.21644,1.98162,1.04967,2.85471,2.01105,0.91233,1,0.12888075416906442,Normal
0.42183,4.59108,1.43226,3.94362,1.41264,-0.03924,-1.23606,2.87433,-0.26487,3.05091,0.90252,0.63765,1,0.1345194303784893,Normal
0.67689,3.65913,1.88352,3.51198,2.21706,1.08891,-0.77499,3.7278,-0.01962,3.37464,1.60884,1.46169,1,0.1418320444735932,Normal
0.56898,2.69775,1.51074,3.81609,2.67813,0.38259,-0.7848,4.84614,0.01962,3.78666,0.95157,1.35378,1,0.1292664512445702,Normal
1.13796,1.3734,1.26549,5.2974,3.18825,-1.63827,-0.75537,5.40531,0.31392,4.63032,0.4905,1.33416,1,0.10900422745793359,Normal
0.23544,0.62784,1.79523,3.69837,3.03129,-2.13858,-0.54936,5.31702,-0.42183,4.67937,0.0,2.1582,1,0.11475306721350892,Normal
0.11772,-0.13734,2.13858,3.38445,3.32559,-0.90252,-0.44145,6.14106,-1.28511,5.47398,3.42369,2.82528,1,0.09149030237125944,Normal
-0.70632,-0.64746,1.98162,7.09263,4.14963,-0.25506,-0.69651,6.48441,-0.37278,5.87619,4.10058,3.59046,1,0.0599033666861038,Normal
-0.47088,-0.83385,1.85409,8.11287,4.27716,-0.1962,-1.82466,6.94548,-1.21644,6.64137,3.41388,2.79585,1,0.0361858326536052,Normal
-0.89271,-0.35316,1.44207,7.10244,4.13001,-0.7848,0.04905,6.98472,-0.89271,7.09263,2.51136,1.81485,1,0.06956506867516654,Normal
-0.80442,0.04905,2.17782,8.58375,4.27716,0.8829,-0.80442,7.76952,-0.90252,7.79895,2.93319,0.66708,1,0.03866280672916256,Normal
-0.11772,0.94176,0.40221,9.85905,4.37526,0.11772,-1.1772,7.42617,-2.27592,7.87743,0.18639,1.82466,1,0.03973233041763058,Normal
0.52974,2.81547,0.01962,6.88662,3.3354,1.39302,-0.91233,7.67142,-2.0601,8.68185,-0.37278,1.79523,1,0.058332600969886905,Normal
-0.32373,3.37464,-0.70632,7.81857,3.50217,2.61927,-0.03924,6.41574,-1.59903,8.54451,-1.20663,1.42245,1,0.05272513569371684,Normal
0.22563,4.34583,-1.10853,8.50527,2.82528,3.7278,-0.51012,6.44517,-2.18763,8.26002,-1.23606,2.01105,1,0.04739231930120563,Normal
-0.52974,4.85595,-0.981,9.18216,2.5506,5.3955,-0.71613,5.34645,-2.59965,7.87743,-0.21582,2.65851,1,0.04023633728516335,Normal
-0.15696,5.57208,-1.18701,6.71985,1.54998,4.09077,-1.42245,4.47336,-1.0791,7.24959,-0.45126,2.17782,1,0.08587227713625017,Normal
-0.6867,5.57208,-1.15758,6.16068,1.24587,6.52365,-0.80442,4.01229,-0.35316,7.5537,-1.00062,1.71675,1,0.07657967963152235,Normal
0.25506,6.45498,-0.81423,7.89705,-0.07848,8.18154,-0.77499,4.65975,-0.84366,6.15087,-0.44145,2.53098,1,0.050813894471671395,Normal
-0.14715,7.43598,-1.21644,8.11287,0.42183,5.86638,-1.03986,4.28697,-1.43226,6.04296,-0.46107,1.5696,1,0.05225946182020491,Normal
0.36297,7.5537,-2.42307,5.16987,-0.83385,7.12206,-0.70632,3.86514,-0.04905,6.06258,-3.29616,2.34459,1,0.04544109840107885,Normal
-0.80442,7.53408,-1.49112,4.64013,-0.37278,8.19135,-0.67689,2.87433,0.18639,6.38631,-2.66832,1.2753,1,0.06074471303199458,Normal
-0.4905,8.85843,-0.96138,5.79771,-1.11834,5.90562,-0.6867,1.99143,0.51012,5.26797,-5.17968,3.14901,1,0.028166794867671374,Normal
-0.981,10.12392,-0.53955,4.99329,-1.88352,6.32745,-0.79461,1.73637,1.00062,4.83633,-3.60027,4.85595,1,0.03340241322669557,Normal
-1.18701,8.88786,-0.60822,3.25692,-1.49112,4.00248,-0.95157,0.72594,1.65789,5.13063,-3.5316,5.02272,1,0.062473764210754845,Normal
-1.30473,7.24959,0.20601,4.58127,-1.01043,3.58065,-0.72594,1.35378,1.35378,4.72842,-3.56103,5.1012,1,0.08720901157693894,Normal
-1.40283,6.70023,0.56898,5.70942,-2.07972,2.52117,-0.59841,1.95219,2.30535,5.07177,-3.85533,4.11039,1,0.06265138161347955,Normal
-1.22625,6.30783,0.70632,4.18887,-1.63827,3.34521,0.0,2.62908,1.92276,4.48317,-1.89333,3.84552,1,0.10341858399946768,Normal
-0.83385,6.53346,-0.42183,2.65851,-1.61865,2.79585,-0.66708,2.82528,1.50093,4.96386,-3.27654,1.80504,1,0.10533552378930577,Normal
-1.65789,6.62175,0.57879,3.77685,-1.19682,2.88414,0.10791,2.92338,1.32435,4.85595,-4.33602,2.67813,1,0.0710407627621889,Normal
-1.03986,7.59294,0.60822,5.23854,0.0981,0.65727,0.23544,2.73699,1.74618,4.8069,-5.44455,1.89333,1,0.05936067604172912,Normal
-1.20663,7.01415,0.63765,3.4335,0.86328,3.10977,0.34335,3.01167,1.09872,4.36545,-3.74742,2.58984,1,0.09193431814352948,Normal
-0.83385,6.45498,0.46107,1.62846,1.23606,1.73637,-0.38259,3.1392,0.44145,4.10058,-3.84552,1.30473,1,0.11045868381446866,Normal
-0.93195,6.69042,1.12815,3.57084,1.28511,1.67751,0.14715,3.74742,-0.43164,3.95343,-3.09015,0.62784,1,0.10640981681494416,Normal
-0.02943,5.30721,1.08891,3.49236,0.74556,0.69651,0.45126,4.7088,-0.02943,3.00186,-2.22687,-0.55917,1,0.127202583319397,Normal
-0.2943,4.24773,1.50093,2.42307,1.44207,3.08034,0.51993,5.03253,0.32373,3.37464,-0.59841,-1.67751,1,0.13997724071338924,Normal
0.14715,3.80628,0.38259,1.30473,1.52055,3.37464,0.20601,6.06258,-0.22563,2.75661,-0.981,-2.95281,1,0.1356343614586472,Normal
-0.0981,4.4145,1.22625,1.80504,2.72718,1.92276,0.66708,6.43536,-0.24525,3.31578,-1.75599,-3.52179,1,0.10992180105252586,Normal
-0.03924,4.89519,1.58922,0.76518,2.42307,3.66894,0.10791,6.81795,0.11772,4.1202,-0.04905,-4.65975,1,0.10907522300916705,Normal
-0.08829,4.42431,1.88352,1.59903,3.21768,3.924,-0.10791,6.62175,-1.20663,5.6898,1.11834,-3.70818,1,0.08379431146332783,Normal
0.55917,3.41388,2.29554,1.05948,3.24711,4.49298,0.26487,7.00434,-0.37278,5.28759,0.48069,-3.09015,1,0.09192566591518192,Normal
-0.17658,2.30535,2.20725,3.42369,3.58065,1.77561,0.03924,7.30845,0.03924,5.03253,-1.48131,-2.32497,1,0.10051204117317963,Normal
-0.30411,2.11896,1.94238,3.42369,3.52179,2.18763,0.59841,8.0442,-0.17658,5.3955,-0.85347,-1.61865,1,0.09639376350897683,Normal
0.0,1.51074,1.95219,2.1582,3.96324,2.1582,0.34335,8.30907,-0.42183,6.13125,0.35316,-0.06867,1,0.09693770475946223,Normal
0.06867,2.19744,1.46169,4.69899,3.924,3.11958,-0.59841,9.60399,0.25506,5.57208,0.48069,1.26549,1,0.0764649558704042,Normal
-0.62784,2.40345,1.23606,5.66037,3.30597,0.36297,-0.56898,8.37774,0.90252,5.75847,0.50031,1.49112,1,0.08894069438085617,Normal
0.00981,2.85471,1.31454,5.79771,3.69837,1.54998,0.13734,8.03439,-0.28449,6.64137,1.962,1.50093,1,0.07769251644955899,Normal
-0.50031,3.54141,0.63765,6.72966,3.45312,3.52179,-0.87309,6.98472,-0.84366,7.86762,3.39426,2.93319,1,0.07273613727020212,Normal
-0.30411,3.73761,-0.24525,7.67142,3.18825,3.89457,-1.22625,6.71985,0.53955,8.0442,0.67689,3.22749,1,0.06309126579306706,Normal
-0.23544,2.30535,0.01962,9.49608,2.98224,4.30659,-0.28449,5.99391,1.80504,7.61256,-0.12753,3.09996,1,0.0698143298268541,Normal
0.20601,3.15882,0.0981,8.85843,3.61989,5.48379,-0.96138,5.09139,0.3924,7.60275,1.01043,4.27716,1,0.05509911199599993,Normal
0.22563,3.35502,-0.40221,7.76952,3.02148,7.59294,-0.76518,4.89519,-0.07848,6.72966,1.25568,4.95405,1,0.05732408950251683,Normal
0.42183,2.73699,-1.23606,7.52427,1.5696,6.73947,-1.69713,4.32621,0.90252,5.77809,0.83385,4.34583,1,0.06999578224269914,Normal
0.84366,3.84552,-0.2943,6.70023,2.02086,6.19992,-1.57941,3.69837,0.82404,5.63094,1.88352,3.39426,1,0.07581726035871955,Normal
1.54998,4.69899,-1.13796,5.66037,1.24587,6.63156,-1.04967,2.47212,1.82466,5.0031,2.48193,4.18887,1,0.08226074034716124,Normal
0.33354,5.08158,-0.45126,5.65056,1.03986,7.73028,-1.73637,1.11834,0.82404,5.48379,2.47212,3.48255,1,0.0683508509877172,Normal
1.2753,4.85595,-1.28511,4.59108,0.06867,6.75909,-2.23668,-0.0981,2.40345,5.79771,1.35378,2.943,1,0.061567615994751856,Normal
1.49112,4.98348,-0.51993,5.63094,0.35316,6.84738,-1.79523,-0.2943,1.74618,5.63094,1.26549,2.41326,1,0.06600923711153711,Normal
1.12815,5.12082,-0.30411,6.03315,-0.44145,8.32869,-2.08953,-0.30411,2.40345,4.84614,3.03129,1.4715,1,0.06293537040098174,Normal
1.01043,4.04172,0.04905,3.68856,-1.46169,8.61318,-2.0601,0.43164,1.03005,4.97367,0.8829,-0.02943,1,0.0831812529206426,Normal
1.04967,3.75723,0.62784,0.84366,-1.97181,6.61194,-2.32497,1.71675,2.59965,4.56165,0.94176,0.06867,1,0.08577323333671089,Normal
1.962,4.23792,1.87371,1.98162,-0.91233,5.93505,-1.59903,1.88352,2.47212,3.8259,2.13858,0.38259,1,0.09606018154381268,Normal
1.26549,4.72842,0.94176,1.36359,-0.8829,3.79647,-1.77561,1.93257,2.66832,3.45312,3.25692,-0.32373,1,0.10819995824619083,Normal
1.10853,3.75723,0.89271,0.47088,-0.93195,5.42493,-2.05029,2.24649,2.88414,3.89457,2.11896,1.16739,1,0.09580623565536284,Normal
1.4715,4.20849,1.99143,0.8829,-0.87309,1.81485,-1.77561,2.19744,2.75661,4.10058,1.78542,0.01962,1,0.11953786211486322,Normal
1.67751,3.71799,1.74618,3.89457,0.30411,2.18763,-1.35378,2.41326,1.88352,2.61927,2.57022,0.76518,1,0.12680923368093272,Normal
1.25568,4.39488,2.02086,4.01229,0.05886,1.77561,-1.22625,3.70818,2.71737,3.30597,3.0411,-0.07848,1,0.10477100862481642,Normal
0.86328,3.06072,1.6677,1.95219,0.79461,1.6677,-1.01043,4.75785,1.53036,2.53098,1.5696,-0.08829,1,0.14261007602492615,Normal
1.71675,1.93257,1.50093,2.97243,0.89271,-2.31516,-0.3924,5.61132,1.99143,2.65851,0.10791,-0.99081,1,0.1274237181235251,Normal
1.50093,1.39302,2.0601,4.14963,2.19744,-0.8829,0.52974,6.55308,1.85409,2.14839,1.40283,0.50031,1,0.11358015741531519,Normal
0.77499,1.19682,1.18701,2.14839,2.4525,-2.48193,0.56898,7.58313,3.10977,3.15882,3.36483,-0.4905,1,0.08546382790288437,Normal
1.43226,-0.42183,1.03005,2.80566,2.54079,-1.53036,0.56898,7.32807,2.6487,2.79585,2.10915,0.0,1,0.09116611094425509,Normal
2.04048,-0.3924,0.96138,4.53222,3.1392,-0.66708,0.92214,7.58313,-0.12753,3.51198,2.17782,-0.76518,1,0.08766044681159973,Normal
1.54017,-0.50031,0.64746,3.70818,4.13001,2.17782,0.85347,8.26002,0.77499,3.25692,2.80566,-2.2563,1,0.08676127908023634,Normal
1.25568,0.27468,0.93195,3.40407,3.66894,3.61989,0.82404,8.69166,2.44269,2.6487,2.12877,-1.83447,1,0.07619204075184327,Normal
0.99081,0.17658,1.06929,4.73823,4.8069,1.53036,1.00062,9.57456,1.65789,2.48193,2.75661,-2.18763,1,0.05404044805143782,Normal
0.56898,1.03005,0.53955,5.37588,4.57146,2.07972,0.86328,10.33974,-0.63765,2.62908,2.11896,-1.67751,1,0.05894473202112577,Normal
0.12753,0.27468,0.65727,3.16863,5.58189,3.22749,0.85347,10.84986,-0.11772,3.28635,3.08034,-1.7658,1,0.05610704867734517,Normal
-0.82404,1.05948,1.09872,2.09934,4.54203,2.59965,0.80442,11.05587,1.18701,3.73761,2.88414,-2.14839,1,0.06368869900142698,Normal
-0.57879,1.61865,0.86328,3.70818,5.37588,2.72718,0.25506,11.29131,0.46107,4.64013,2.3544,-0.47088,1,0.06560034787652774,Normal
-0.12753,1.54998,1.03005,4.38507,4.69899,3.74742,0.59841,10.4967,-1.68732,4.46355,1.95219,0.14715,1,0.051608105887228084,Normal
-0.90252,1.35378,1.09872,3.69837,4.15944,5.71923,0.40221,9.99639,-1.35378,5.28759,1.962,-0.96138,1,0.034920808836346795,Normal
-1.0791,1.74618,2.06991,2.12877,4.16925,7.32807,-0.42183,9.34893,0.53955,4.23792,3.16863,-1.09872,1,0.023050293559748858,Normal
-1.16739,1.72656,1.61865,5.04234,4.17906,5.74866,-1.30473,8.19135,-0.06867,4.53222,4.08096,1.0791,1,0.046554091680758414,Normal
-0.94176,2.63889,1.13796,3.67875,3.32559,7.47522,-1.02024,7.05339,-1.25568,3.84552,3.79647,1.38321,1,0.057524102875984584,Normal
-1.10853,2.31516,0.85347,1.15758,3.19806,8.60337,-1.50093,5.36607,-1.0791,3.27654,3.63951,1.70694,1,0.061662202615023254,Normal
-1.03005,3.09996,0.76518,1.65789,2.51136,8.15211,-1.98162,4.79709,0.53955,3.3354,4.22811,3.18825,1,0.05563177869233865,Normal
-0.44145,2.78604,0.63765,3.22749,1.97181,5.64075,-2.12877,2.8449,-0.81423,2.86452,4.14963,4.44393,1,0.08290363159950076,Normal
0.15696,2.57022,0.30411,1.70694,1.74618,4.52241,-2.14839,1.1772,0.17658,2.2563,3.11958,3.57084,1,0.12386251359493822,Normal
0.83385,3.71799,0.36297,0.89271,1.83447,5.65056,-2.68794,-0.55917,0.92214,1.98162,3.69837,2.21706,1,0.09778707748553878,Normal
1.5696,4.67937,-0.69651,2.61927,1.34397,5.55246,-3.14901,-1.95219,0.74556,1.38321,3.67875,2.81547,1,0.07732038534126628,Normal
1.64808,3.68856,-0.63765,1.21644,1.68732,4.62051,-2.2563,-3.93381,1.13796,1.20663,3.15882,3.22749,1,0.10744649428134323,Normal
2.32497,3.7278,-0.73575,1.05948,0.63765,3.61008,-2.29554,-3.65913,2.37402,1.28511,2.57022,1.79523,1,0.11774263402004831,Normal
3.07053,4.24773,-1.13796,0.26487,0.44145,6.34707,-2.21706,-4.2183,2.0601,1.01043,2.42307,1.22625,1,0.0791298388989829,Normal
2.98224,3.30597,-1.35378,-1.16739,0.03924,5.96448,-2.75661,-4.15944,1.91295,1.05948,2.73699,0.13734,1,0.08288850367115608,Normal
3.36483,4.13001,-1.33416,-1.88352,0.59841,4.78728,-2.14839,-4.34583,1.6677,1.84428,2.28573,0.66708,1,0.0981961824110204,Normal
3.74742,4.68918,-0.64746,-1.29492,0.05886,2.24649,-2.51136,-3.31578,2.89395,1.7658,2.1582,0.62784,1,0.09901682540921103,Normal
4.17906,5.44455,-0.96138,-0.17658,0.84366,3.64932,-2.16801,-2.46231,2.20725,2.22687,2.2563,0.01962,1,0.10966867405144254,Normal
3.98286,4.96386,-0.83385,1.13796,0.97119,3.58065,-0.97119,-1.4715,0.76518,1.63827,1.95219,0.52974,1,0.13755513338306424,Normal
3.09015,3.85533,-0.17658,0.72594,0.76518,1.10853,-1.31454,-0.3924,2.08953,1.70694,1.77561,0.14715,1,0.1444710840110235,Normal
4.17906,4.30659,0.35316,1.80504,0.87309,0.97119,-1.03986,1.38321,2.11896,2.41326,2.43288,0.54936,1,0.13047649523740262,Normal
3.63951,3.65913,-0.28449,3.20787,0.44145,0.99081,-0.80442,2.79585,1.08891,3.37464,2.44269,0.1962,1,0.13071342626439608,Normal
2.92338,1.92276,0.21582,2.24649,0.99081,3.06072,-0.52974,4.26735,0.69651,3.59046,4.62051,0.22563,1,0.11685747155393195,Normal
2.98224,1.91295,0.18639,2.0601,0.6867,1.3734,-0.73575,4.42431,0.57879,3.54141,4.04172,0.17658,1,0.12594732475092124,Normal
3.07053,2.08953,0.50031,3.70818,1.18701,2.02086,0.03924,6.31764,0.50031,2.95281,3.36483,-0.56898,1,0.11731531991514355,Normal
2.90376,2.03067,0.7848,4.65975,0.7848,2.63889,-0.34335,6.55308,0.18639,3.15882,0.86328,0.13734,1,0.12714587999353932,Normal
1.93257,0.76518,0.97119,5.55246,1.81485,3.41388,-0.05886,6.22935,-0.64746,1.92276,2.19744,1.24587,1,0.11351251613728297,Normal
1.94238,1.89333,1.4715,5.96448,1.98162,1.6677,0.13734,6.7689,-0.46107,0.57879,2.33478,1.43226,1,0.1148149941966457,Normal
1.98162,1.54998,1.38321,6.99453,2.70756,2.32497,0.53955,7.12206,0.05886,0.3924,1.48131,2.30535,1,0.10882489616135799,Normal
1.53036,1.45188,0.59841,5.93505,2.70756,1.962,0.85347,6.90624,-0.51012,0.59841,2.38383,1.78542,1,0.11431743905532404,Normal
0.7848,1.46169,0.94176,5.41512,2.96262,0.95157,-0.13734,6.4746,-1.00062,0.06867,3.19806,1.49112,1,0.09936309764585538,Normal
0.73575,1.23606,0.35316,5.5917,2.4525,2.89395,0.28449,6.63156,-0.94176,0.17658,4.35564,0.13734,1,0.09469616999799868,Normal
0.8829,0.55917,0.97119,5.60151,2.52117,5.53284,0.06867,6.9651,-0.23544,0.44145,3.27654,1.84428,1,0.09343390558561293,Normal
0.0981,0.14715,2.02086,4.08096,2.50155,5.1993,0.16677,5.61132,-0.8829,-0.05886,3.7278,0.26487,1,0.0823066719502521,Normal
-0.46107,-0.17658,2.0601,3.45312,2.62908,6.90624,-0.38259,5.91543,-0.8829,-0.64746,4.42431,0.27468,1,0.06497381837105465,Normal
-0.43164,0.27468,1.53036,4.10058,2.62908,4.11039,0.14715,5.76828,-0.20601,-0.12753,3.20787,-0.3924,1,0.11241892646502916,Normal
-1.36359,0.13734,1.99143,4.18887,3.02148,6.68061,-0.40221,6.2784,-0.92214,0.85347,3.1392,-0.52974,1,0.0707217520195651,Normal
-1.35378,-0.53955,1.58922,3.22749,2.19744,4.63032,0.21582,5.50341,-0.41202,0.34335,3.67875,0.31392,1,0.09867408901336877,Normal
-1.11834,-1.10853,1.38321,2.59965,1.65789,6.63156,-0.23544,5.57208,0.22563,-0.12753,4.20849,1.52055,1,0.0908721593578023,Normal
-0.79461,-3.24711,1.21644,1.6677,0.71613,8.28945,-0.02943,6.02334,0.81423,0.53955,3.93381,1.49112,1,0.07110414288730332,Normal
-1.14777,-3.6297,1.63827,0.4905,1.20663,11.34036,-0.47088,4.63032,-0.42183,0.02943,3.83571,3.37464,1,0.056771039853746263,Normal
-0.92214,-2.57022,2.04048,-0.70632,1.08891,11.48751,-0.99081,3.67875,-0.01962,-0.73575,5.1993,1.77561,1,0.04605464438784673,Normal
-0.44145,-2.19744,1.72656,-0.00981,0.96138,10.77138,-1.09872,2.27592,0.43164,-0.6867,3.87495,1.21644,1,0.08203754155505272,Normal
-0.05886,-2.59965,1.53036,-1.34397,0.90252,11.63466,-0.6867,1.5696,1.23606,0.0,3.20787,1.30473,1,0.07950937489465126,Normal
-0.17658,-2.21706,1.41264,0.38259,1.28511,11.23245,-0.50031,-0.24525,0.57879,-0.81423,2.23668,2.98224,1,0.07822144905556971,Normal
0.45126,-1.38321,1.67751,-1.49112,1.02024,11.80143,-0.63765,-1.4715,0.47088,-0.54936,2.30535,2.65851,1,0.07820839557157977,Normal
1.42245,-1.78542,1.31454,-1.4715,0.61803,6.33726,-0.81423,-2.72718,2.18763,-0.64746,2.86452,2.61927,1,0.10531671380982582,Normal
1.80504,-2.76642,0.6867,-2.60946,1.23606,8.13249,-0.96138,-3.12939,2.40345,-0.16677,3.05091,2.76642,1,0.07916956000512293,Normal
1.98162,-1.50093,0.18639,-2.71737,1.5696,5.82714,-0.40221,-4.13001,2.24649,-0.86328,2.1582,3.7278,1,0.10406592432290962,Normal
2.33478,-0.74556,-0.03924,-3.11958,1.60884,5.31702,-1.28511,-4.65975,1.95219,-1.32435,3.08034,2.7468,1,0.1013303290883329,Normal
2.99205,-0.69651,1.23606,-2.32497,1.44207,3.32559,-1.09872,-5.81733,2.70756,-1.40283,2.93319,1.962,1,0.11099071859563059,Normal
3.37464,0.50031,1.18701,-2.31516,1.89333,5.40531,-1.01043,-5.79771,2.8449,-0.7848,2.39364,3.21768,1,0.08877029893701216,Normal
3.28635,1.80504,0.14715,-2.67813,2.34459,3.22749,-0.67689,-5.55246,3.05091,-0.10791,2.06991,1.80504,1,0.10983251595762017,Normal
2.80566,0.77499,0.15696,-0.6867,2.19744,0.81423,-0.5886,-5.13063,2.89395,0.91233,1.6677,1.11834,1,0.12995438093515665,Normal
3.63951,-0.33354,0.20601,-1.13796,2.53098,0.12753,-0.79461,-4.57146,2.93319,1.72656,2.1582,1.25568,1,0.11451351098244411,Normal
3.68856,0.72594,0.40221,-1.13796,2.36421,-0.0981,-0.56898,-2.72718,2.81547,2.59965,0.44145,1.32435,1,0.12837028126517258,Normal
2.57022,0.80442,-0.54936,-0.46107,1.81485,-0.1962,0.33354,-1.22625,1.64808,3.25692,0.36297,0.37278,1,0.14606410813257775,Normal
2.08953,-0.89271,-0.3924,0.85347,1.44207,-0.54936,0.28449,0.3924,0.77499,3.0411,1.88352,0.83385,1,0.15408324372546167,Normal
1.91295,-0.60822,0.03924,1.29492,1.87371,-0.32373,0.17658,1.7658,1.15758,3.65913,1.48131,0.95157,1,0.15126551938734617,Normal
2.08953,0.51993,-0.48069,2.3544,2.07972,0.54936,0.67689,2.87433,0.95157,3.85533,2.20725,0.11772,1,0.14230317426535843,Normal
1.21644,-0.06867,-1.09872,2.3544,1.79523,1.92276,1.38321,4.55184,-0.73575,3.26673,1.99143,1.19682,1,0.1363751292740516,Normal
0.37278,-0.45126,-0.12753,4.00248,1.18701,0.97119,1.54017,5.63094,-0.15696,3.93381,2.53098,-1.62846,1,0.11265175785666243,Normal
1.06929,-0.17658,0.0,4.44393,1.74618,2.13858,1.25568,6.22935,-0.15696,4.38507,2.09934,-0.06867,1,0.11616455541983206,Normal
1.0791,0.57879,-0.82404,3.99267,1.19682,2.1582,1.42245,6.79833,0.06867,3.97305,2.65851,0.28449,1,0.1255675870732012,Normal
-0.1962,0.03924,-0.10791,3.96324,0.96138,0.77499,2.34459,6.52365,-1.42245,4.08096,2.59965,-0.33354,1,0.10514180419201197,Normal
-0.26487,1.30473,0.51993,5.1993,1.15758,0.50031,1.4715,5.89581,-0.41202,3.40407,3.99267,-0.47088,1,0.10196853802267225,Normal
-0.06867,1.70694,1.4715,4.01229,1.45188,1.29492,1.85409,5.22873,-0.76518,3.29616,3.4335,-0.25506,1,0.11366097248615809,Normal
-0.93195,1.3734,1.0791,3.22749,1.06929,0.85347,1.90314,5.6898,-0.69651,2.58984,2.39364,-0.43164,1,0.12496807384541114,Normal
-1.51074,0.47088,1.51074,4.01229,1.46169,2.21706,2.31516,4.57146,-1.63827,1.2753,2.26611,1.7658,1,0.10775879662327814,Normal
-0.73575,1.29492,2.19744,4.73823,1.62846,1.09872,1.55979,4.57146,-0.37278,0.6867,2.90376,0.90252,1,0.11020884468762682,Normal
-0.81423,1.73637,1.94238,2.58003,1.4715,2.16801,1.11834,3.59046,0.7848,0.99081,3.90438,2.50155,1,0.1330162093784245,Normal
0.0,1.54998,1.80504,2.20725,1.13796,3.85533,1.63827,2.5506,0.08829,0.82404,3.4335,2.91357,1,0.13328833800883944,Normal
-0.96138,1.14777,2.943,1.02024,1.02024,1.88352,1.38321,2.61927,0.26487,0.32373,3.39426,2.39364,1,0.14162810321823027,Normal
-0.74556,2.33478,2.46231,1.22625,1.36359,2.54079,0.81423,0.89271,0.60822,0.92214,3.76704,2.33478,1,0.14194367528457286,Normal
-0.84366,2.86452,3.09996,-0.76518,1.03005,3.21768,1.29492,0.06867,1.55979,1.18701,3.924,3.46293,1,0.12123201564357405,Normal
-0.84366,2.07972,2.88414,-0.23544,1.43226,4.38507,1.11834,-0.15696,1.16739,0.981,3.49236,4.15944,1,0.13119826197144357,Normal
-0.34335,1.34397,2.61927,0.30411,1.60884,3.87495,0.57879,-0.04905,0.18639,1.11834,2.85471,3.8259,1,0.14389651680724969,Normal
-0.03924,0.74556,2.11896,-0.48069,1.13796,5.14044,1.23606,-0.72594,0.56898,0.6867,4.24773,3.08034,1,0.11575932863266114,Normal
0.21582,0.22563,1.8639,-1.09872,0.50031,3.89457,0.75537,-0.73575,0.94176,0.92214,3.51198,3.22749,1,0.1377081562408014,Normal
0.93195,0.0,2.01105,-1.42245,0.63765,5.3955,0.95157,-0.72594,1.08891,1.31454,3.25692,3.03129,1,0.12541401417362097,Normal
0.69651,-0.55917,1.08891,-3.30597,1.11834,4.50279,1.13796,-0.95157,0.74556,0.48069,3.01167,3.34521,1,0.13160809147697466,Normal
0.79461,0.52974,0.32373,-2.29554,1.20663,5.73885,0.73575,-2.4525,1.54998,0.77499,3.37464,2.86452,1,0.11823826521358533,Normal
1.23606,0.45126,1.4715,-2.3544,0.90252,6.15087,1.73637,-3.3354,1.42245,1.64808,1.32435,3.81609,1,0.10519181651181797,Normal
0.76518,0.5886,0.81423,-3.0411,1.48131,5.94486,1.34397,-4.08096,2.07972,0.59841,1.69713,2.01105,1,0.10545594067537967,Normal
1.01043,0.80442,0.79461,-3.48255,1.28511,5.5917,1.49112,-4.98348,1.8639,0.17658,1.80504,0.981,1,0.11745085394465643,Normal
1.83447,0.89271,0.73575,-2.92338,1.22625,4.56165,0.53955,-5.4936,0.61803,-0.37278,0.95157,-0.38259,1,0.13166197765168258,Normal
2.07972,0.89271,0.92214,-2.04048,1.26549,4.30659,0.95157,-5.2974,1.11834,-0.97119,1.41264,-0.51993,1,0.1387530595228142,Normal
2.20725,1.6677,1.25568,-2.67813,1.48131,1.99143,-0.10791,-4.89519,1.64808,-2.20725,0.35316,-0.63765,1,0.14488857486901752,Normal
2.10915,2.56041,0.6867,-3.67875,1.52055,2.71737,0.28449,-5.48379,1.74618,-2.6487,1.63827,-0.82404,1,0.13309601215197997,Normal
1.50093,2.22687,1.65789,-1.82466,1.84428,1.13796,0.43164,-4.58127,0.06867,-2.47212,0.97119,0.74556,1,0.16063000925848392,Normal
1.7658,2.98224,1.55979,-0.86328,1.54017,1.69713,0.0,-3.09996,2.87433,-2.51136,0.62784,-0.33354,1,0.142491753535524,Normal
1.83447,1.58922,1.41264,-2.86452,1.42245,1.88352,-0.97119,-3.58065,2.40345,-2.60946,0.43164,0.52974,1,0.14565748026617598,Normal
1.2753,1.962,1.77561,-2.30535,1.53036,1.45188,-0.36297,-2.75661,1.79523,-2.48193,0.66708,-0.82404,1,0.15565927402846913,Normal
0.99081,1.93257,1.62846,-0.46107,0.97119,-0.08829,-0.41202,-1.63827,-0.03924,-2.58984,2.05029,-0.22563,1,0.1695529502590002,Normal
1.95219,1.35378,1.04967,0.48069,1.58922,-1.20663,-1.10853,0.92214,0.57879,-2.98224,2.31516,1.04967,1,0.1527696689455706,Normal
1.3734,1.01043,1.60884,-0.14715,1.34397,-1.23606,-1.12815,2.05029,0.80442,-3.41388,2.09934,1.01043,1,0.15568855924688546,Normal
0.87309,0.53955,1.58922,-0.23544,1.03005,-2.14839,-0.73575,3.88476,0.1962,-2.37402,1.36359,2.1582,1,0.15638320216927765,Normal
0.56898,0.75537,1.55979,2.20725,1.03986,-0.34335,-0.84366,4.7088,-0.64746,-2.69775,2.4525,1.23606,1,0.1461612084535695,Normal
1.08891,-0.08829,1.10853,1.09872,1.18701,-0.21582,-1.15758,6.02334,-0.53955,-2.54079,2.48193,2.58003,1,0.13835302093324048,Normal
0.62784,-0.96138,1.68732,0.82404,0.32373,1.08891,-0.63765,5.45436,0.08829,-2.51136,2.31516,2.24649,1,0.1368500670762398,Normal
0.07848,-1.25568,1.62846,0.48069,0.62784,0.10791,-0.37278,5.1012,-1.51074,-2.32497,2.80566,3.65913,1,0.13417859759756862,Normal
-0.00981,-2.28573,1.52055,2.19744,0.41202,-0.85347,-0.60822,4.48317,-1.04967,-3.07053,3.21768,3.2373,1,0.12065290863160716,Normal
0.67689,-1.6677,1.6677,-0.14715,-0.11772,0.1962,-1.00062,3.03129,-1.45188,-2.943,3.16863,4.2183,1,0.1358742693405131,Normal
-0.06867,-0.59841,0.81423,-0.47088,-0.61803,1.98162,-0.43164,2.27592,1.14777,-3.61989,4.06134,2.82528,1,0.12636450472296767,Normal
-0.05886,0.50031,1.16739,-0.34335,-0.00981,0.1962,-0.16677,2.53098,-0.41202,-4.04172,3.65913,4.53222,1,0.1282909322555955,Normal
0.90252,0.46107,1.18701,-0.92214,0.17658,1.19682,-0.3924,2.01105,-0.3924,-3.73761,5.01291,3.44331,1,0.11442051910534573,Normal
0.70632,0.13734,1.64808,-3.09015,0.36297,2.63889,0.2943,1.84428,-0.92214,-3.79647,4.84614,3.75723,1,0.1074846213104857,Normal
0.28449,0.40221,1.89333,-3.51198,0.04905,2.58984,-0.08829,-0.14715,1.32435,-3.99267,4.33602,2.17782,1,0.12004855210403365,Normal
1.23606,-0.07848,1.38321,-4.29678,-0.08829,0.24525,-0.33354,-1.05948,0.1962,-2.5506,5.11101,3.34521,1,0.12376642189386944,Normal
1.79523,-1.63827,1.03005,-3.87495,0.38259,2.2563,0.51993,-2.52117,0.77499,-2.99205,5.16006,2.85471,1,0.11905869035036337,Normal
1.81485,-1.68732,2.19744,-5.20911,0.30411,2.96262,0.64746,-3.08034,1.58922,-2.79585,5.43474,1.40283,1,0.0956548865573813,Normal
2.1582,-1.5696,2.3544,-6.04296,0.52974,3.42369,0.17658,-3.46293,2.19744,-2.87433,5.14044,1.72656,1,0.09043004597579557,Normal
3.40407,-1.13796,1.23606,-6.97491,0.70632,3.26673,-0.16677,-3.93381,1.67751,-2.32497,5.81733,1.57941,1,0.08007960432154693,Normal
3.35502,-1.13796,1.46169,-5.56227,0.89271,2.33478,0.82404,-4.23792,1.19682,-1.69713,5.09139,0.90252,1,0.10383121635173548,Normal
3.2373,-1.59903,1.54017,-6.49422,1.03986,4.04172,1.54017,-3.7278,2.57022,-1.13796,4.04172,0.51993,1,0.09833074831515126,Normal
3.34521,-3.80628,1.30473,-7.51446,1.31454,4.00248,1.04967,-4.4145,1.59903,-1.09872,3.4335,1.06929,1,0.09336339476060784,Normal
3.61008,-4.71861,1.03986,-5.27778,1.01043,4.55184,1.02024,-4.13982,1.90314,0.2943,4.07115,0.26487,1,0.0983692593786511,Normal
3.98286,-6.56289,0.06867,-4.55184,0.46107,5.40531,1.09872,-5.69961,0.70632,0.81423,3.70818,0.84366,1,0.08348670060504193,Normal
3.89457,-7.28883,1.06929,-5.48379,1.5696,5.91543,1.21644,-5.51322,1.46169,-0.44145,3.86514,0.89271,1,0.06529749464064727,Normal
4.7088,-5.82714,-0.1962,-5.62113,1.68732,2.02086,0.62784,-5.84676,0.85347,-0.27468,3.41388,0.83385,1,0.10171248258101584,Normal
4.46355,-5.21892,0.95157,-3.0411,1.64808,4.54203,1.36359,-5.886,0.3924,0.28449,4.57146,1.54017,1,0.09165704731307478,Normal
4.13982,-4.64013,-0.20601,-2.54079,1.18701,4.10058,1.43226,-5.03253,1.22625,-0.27468,3.61989,2.8449,1,0.10421002402287549,Normal
3.55122,-4.46355,0.3924,-3.36483,1.05948,4.7088,1.51074,-3.61008,1.85409,-0.56898,2.23668,2.86452,1,0.11061890155642817,Normal
3.27654,-5.20911,0.08829,-2.56041,0.84366,3.44331,0.6867,-2.46231,0.87309,-1.31454,2.3544,1.71675,1,0.13675950308469748,Normal
3.36483,-6.06258,0.16677,-0.16677,0.67689,3.89457,0.99081,-2.92338,0.76518,-1.16739,2.27592,2.58003,1,0.12938190607844258,Normal
2.97243,-7.1613,-0.15696,0.10791,0.86328,3.30597,1.02024,-2.23668,0.75537,-2.23668,2.41326,0.33354,1,0.1387574214985604,Normal
2.943,-6.32745,-0.47088,-0.44145,1.14777,3.16863,0.50031,-0.65727,-0.59841,-3.66894,2.17782,1.58922,1,0.13328968170876587,Normal
2.48193,-5.30721,0.51012,1.46169,1.20663,1.89333,0.10791,-1.04967,-1.52055,-4.20849,1.95219,3.11958,1,0.12758189237413664,Normal
2.42307,-5.0031,1.65789,-0.34335,1.20663,2.36421,0.32373,-0.27468,-1.13796,-4.99329,3.19806,2.86452,1,0.12464963579214267,Normal
0.92214,-4.10058,1.42245,-0.35316,0.91233,2.21706,-0.59841,0.92214,-0.26487,-7.18092,2.04048,4.17906,1,0.12340703939014824,Normal
1.15758,-2.22687,1.72656,-0.33354,0.83385,2.3544,-0.28449,2.68794,-0.65727,-7.43598,1.70694,3.22749,1,0.12219248268338834,Normal
1.18701,-2.22687,2.23668,-0.42183,0.71613,1.6677,-0.27468,4.08096,-1.41264,-7.70085,1.99143,3.31578,1,0.10925228068184595,Normal
1.09872,-2.90376,1.98162,-1.39302,0.85347,2.14839,-1.02024,4.11039,-1.51074,-8.79957,3.73761,1.29492,1,0.1027842130948266,Normal
0.40221,-1.98162,1.1772,-1.13796,1.16739,2.22687,-1.22625,3.924,-0.67689,-7.75971,3.58065,2.67813,1,0.1063547102485819,Normal
0.87309,-2.51136,0.42183,-0.64746,1.11834,0.05886,-1.34397,4.1202,-1.24587,-7.93629,4.6107,2.47212,1,0.10013458492953214,Normal
0.11772,-2.09934,0.51993,-1.83447,1.09872,0.83385,-1.23606,3.32559,-2.40345,-7.83819,5.37588,2.03067,1,0.0746083293986845,Normal
0.8829,-0.91233,-0.12753,-2.44269,1.38321,1.2753,-1.59903,1.54998,-1.02024,-7.34769,5.25816,2.77623,1,0.08565171271839112,Normal
0.34335,-0.14715,0.00981,-2.72718,1.08891,1.03986,-0.8829,2.07972,0.34335,-6.0822,5.12082,3.22749,1,0.09849143283937895,Normal
0.0,0.5886,0.52974,-2.75661,1.06929,-1.82466,-1.36359,2.08953,-0.77499,-6.36669,5.80752,3.19806,1,0.09065823202181666,Normal
0.85347,0.40221,0.02943,-4.17906,0.97119,-1.6677,-0.86328,2.0601,-1.32435,-4.77747,7.03377,2.92338,1,0.0875409396128567,Normal
1.0791,0.95157,-0.5886,-3.17844,1.54998,-1.5696,-0.46107,1.12815,-1.23606,-3.39426,6.89643,2.72718,1,0.09881009363801646,Normal
0.99081,0.57879,-1.44207,-2.26611,1.63827,-1.48131,0.25506,0.50031,0.61803,-1.64808,5.41512,3.20787,1,0.11275614256381677,Normal
1.962,0.99081,-1.13796,-2.32497,2.24649,-3.58065,0.31392,-1.4715,0.2943,-0.73575,5.64075,1.962,1,0.09960984570756987,Normal
2.71737,1.50093,-1.40283,-3.20787,2.00124,-1.962,0.84366,-2.83509,0.33354,0.73575,6.22935,1.59903,1,0.10074098411111565,Normal
2.69775,0.06867,-0.80442,-3.17844,2.26611,0.02943,1.51074,-5.28759,1.43226,2.59965,6.53346,-0.57879,1,0.0846329032519264,Normal
2.44269,0.97119,-0.67689,-3.34521,2.20725,-0.72594,1.72656,-5.886,1.54017,2.30535,6.97491,1.48131,1,0.069253730285663,Normal
2.85471,-0.13734,-0.06867,-3.42369,2.28573,-0.62784,1.60884,-6.89643,1.06929,2.73699,6.94548,0.67689,1,0.06308162075959545,Normal
3.49236,-1.06929,-1.25568,-2.57022,2.82528,0.35316,1.91295,-6.81795,0.30411,3.64932,6.03315,1.60884,1,0.05360424539569181,Normal
3.74742,-2.44269,-0.61803,-3.39426,2.1582,1.12815,2.14839,-7.67142,1.26549,2.81547,5.84676,0.71613,1,0.0504487614047906,Normal
3.8259,-2.69775,0.25506,-2.39364,1.83447,-0.00981,2.46231,-7.70085,1.10853,3.3354,5.17968,0.53955,1,0.06475973029570603,Normal
5.17968,-2.60946,-0.13734,-2.41326,2.00124,0.38259,2.2563,-9.04482,1.19682,3.61989,5.81733,-0.43164,1,0.027644401757889292,Normal
5.07177,-3.22749,0.38259,-2.943,1.92276,0.8829,2.99205,-9.67266,1.26549,3.73761,6.63156,-0.14715,1,0.023099906321519703,Normal
4.87557,-4.42431,0.15696,-3.63951,1.68732,2.83509,3.17844,-9.34893,1.52055,3.67875,6.17049,0.02943,1,0.02334350260704221,Normal
4.94424,-4.05153,0.0981,-2.58984,1.70694,2.40345,3.05091,-8.4366,1.0791,4.60089,6.03315,-0.55917,1,0.032012559713637645,Normal
4.92462,-5.63094,0.16677,-2.29554,1.15758,2.24649,3.61989,-7.49484,0.70632,3.30597,5.12082,-0.28449,1,0.036548225618548424,Normal
5.0031,-5.48379,0.37278,-1.71675,0.90252,2.40345,3.34521,-7.01415,0.83385,2.65851,5.20911,0.3924,1,0.04803262085565363,Normal
5.22873,-6.36669,0.52974,-2.01105,0.86328,2.72718,3.31578,-5.6898,0.55917,2.86452,5.33664,0.79461,1,0.043073141051429564,Normal
5.1012,-5.42493,0.55917,0.00981,0.84366,0.80442,3.09996,-3.98286,0.31392,2.62908,4.7088,1.38321,1,0.0858624829930677,Normal
5.0031,-5.22873,0.08829,0.28449,1.15758,1.04967,2.88414,-4.09077,0.05886,1.81485,3.89457,0.46107,1,0.10806789698856001,Normal
4.98348,-4.11039,0.12753,0.80442,1.22625,1.67751,3.14901,-3.65913,0.14715,1.65789,3.32559,2.53098,1,0.10733851727035104,Normal
3.99267,-4.3164,1.04967,-0.24525,0.81423,0.96138,2.93319,-2.57022,-0.71613,2.24649,3.924,3.25692,1,0.10575783314382381,Normal
4.39488,-4.22811,0.81423,1.42245,1.04967,1.09872,1.8639,-0.32373,0.08829,1.48131,3.44331,2.85471,1,0.12547896276439158,Normal
3.89457,-3.00186,0.34335,1.69713,0.44145,0.16677,2.33478,-1.03005,0.74556,0.46107,3.61989,4.07115,1,0.11387553084815788,Normal
2.85471,-3.35502,1.55979,1.64808,0.37278,1.84428,1.74618,0.33354,-0.05886,-0.0981,4.60089,4.08096,1,0.11203374472133915,Normal
3.08034,-1.2753,1.79523,1.74618,0.37278,1.42245,0.65727,0.4905,-0.85347,-0.13734,5.73885,3.09996,1,0.09896628852393291,Normal
2.83509,-0.87309,1.43226,3.73761,0.3924,0.76518,0.27468,2.21706,-0.25506,-1.94238,4.13001,2.32497,1,0.12149855712313345,Normal
1.80504,0.00981,1.59903,3.76704,0.41202,-0.17658,0.3924,0.30411,-0.60822,-3.22749,2.91357,2.73699,1,0.14107664055317765,Normal
1.97181,0.23544,1.87371,2.13858,0.59841,0.37278,0.10791,0.45126,-1.43226,-3.56103,3.31578,3.25692,1,0.13618496633612576,Normal
1.98162,0.20601,1.61865,1.7658,0.44145,0.07848,-0.64746,0.70632,-0.62784,-4.08096,1.83447,3.30597,1,0.14457712395403444,Normal
1.58922,-0.40221,2.54079,2.36421,-0.01962,1.39302,-0.7848,1.23606,-0.0981,-4.69899,2.81547,2.61927,1,0.12704389907993657,Normal
1.12815,-0.93195,3.0411,0.04905,0.36297,1.55979,-1.46169,0.04905,0.13734,-6.17049,3.29616,1.48131,1,0.12252833151837283,Normal
1.52055,-0.96138,2.60946,-2.09934,-0.11772,1.10853,-1.34397,0.55917,-1.28511,-6.06258,4.54203,1.58922,1,0.11291062970056165,Normal
1.23606,-0.85347,2.4525,0.50031,0.52974,0.95157,-2.68794,0.91233,-0.61803,-5.27778,3.52179,0.16677,1,0.11260157983078795,Normal
1.89333,-0.66708,1.99143,1.12815,0.84366,0.34335,-1.74618,1.3734,-0.13734,-5.97429,4.28697,0.42183,1,0.11117341470136594,Normal
1.7658,1.23606,1.94238,-1.50093,0.99081,-0.3924,-1.54017,-1.24587,0.06867,-6.23916,5.51322,0.0981,1,0.0998584153463144,Normal
2.92338,1.05948,0.96138,-2.51136,0.99081,0.4905,-0.93195,-0.7848,-0.95157,-4.37526,5.61132,1.43226,1,0.09997542487355704,Normal
3.58065,0.06867,1.63827,-2.65851,0.90252,0.93195,-1.50093,-1.03986,0.66708,-3.7278,5.43474,0.79461,1,0.09162008133464272,Normal
3.30597,-0.44145,1.54998,-2.03067,0.73575,0.24525,-0.5886,-2.80566,1.74618,-3.10977,5.08158,1.4715,1,0.1089270234394703,Normal
2.63889,-0.76518,1.77561,-2.54079,1.32435,1.1772,-0.16677,-3.29616,0.99081,-2.13858,6.98472,2.73699,1,0.1050468284203146,Normal
3.58065,-2.63889,1.62846,-3.41388,1.74618,-0.03924,0.44145,-3.55122,1.29492,-0.83385,5.63094,2.1582,1,0.10355434749659082,Normal
3.34521,-2.67813,1.7658,-2.63889,1.67751,-0.31392,0.28449,-4.62051,1.57941,0.4905,5.99391,2.03067,1,0.09712587911210507,Normal
3.88476,-3.45312,2.36421,-2.6487,2.13858,-2.23668,1.05948,-5.41512,1.78542,0.77499,6.92586,2.04048,1,0.06515875702807189,Normal
3.95343,-2.88414,2.87433,-3.924,2.07972,-0.33354,1.61865,-6.20973,2.12877,2.54079,8.59356,2.8449,1,0.04077701609724832,Normal
4.2183,-3.90438,2.41326,-4.52241,2.33478,-1.12815,2.85471,-5.93505,1.62846,3.74742,8.10306,2.60946,1,0.015679364867280166,Normal
4.13001,-4.38507,2.53098,-2.03067,1.8639,-0.47088,2.51136,-6.56289,3.09015,3.71799,7.92648,4.04172,1,0.007479272311549767,Normal
4.11039,-5.886,2.99205,-1.23606,1.73637,-0.53955,3.39426,-6.17049,2.98224,3.58065,8.93691,3.46293,1,0.005370223122632467,Normal
3.97305,-5.93505,2.09934,-2.30535,1.74618,0.77499,3.4335,-6.29802,1.6677,5.60151,8.15211,4.75785,1,0.009442343483490157,Normal
4.16925,-5.74866,2.69775,-2.49174,1.92276,1.59903,3.96324,-5.11101,2.34459,3.97305,7.6518,4.50279,-1,-0.0017561479990206852,Anomaly
3.1392,-5.64075,3.29616,-1.0791,1.77561,2.27592,2.83509,-5.51322,1.90314,3.83571,7.11225,3.6297,1,0.03225354403282604,Normal
3.63951,-6.82776,2.62908,-1.97181,1.92276,1.26549,3.45312,-4.46355,1.57941,2.93319,7.18092,2.72718,1,0.02479501667389994,Normal
3.60027,-5.37588,2.2563,-2.21706,2.46231,2.30535,3.67875,-3.09015,0.80442,3.63951,6.68061,2.37402,1,0.04715983857440931,Normal
4.01229,-5.62113,2.32497,-0.02943,1.68732,1.90314,3.76704,-1.83447,1.77561,3.41388,6.07239,2.72718,1,0.05941060988407393,Normal
3.83571,-6.01353,2.12877,0.71613,1.67751,2.52117,2.52117,-0.56898,1.50093,2.76642,5.67018,2.93319,1,0.06969450987121717,Normal
4.66956,-5.93505,2.19744,0.1962,1.70694,3.69837,3.06072,0.67689,0.16677,2.34459,5.67999,3.25692,1,0.05344250320201993,Normal
4.6107,-4.6107,1.70694,1.58922,1.61865,2.97243,2.98224,2.34459,0.02943,1.8639,5.92524,3.57084,1,0.05576348089320882,Normal
4.30659,-4.17906,3.03129,1.88352,1.29492,2.8449,2.19744,3.07053,1.6677,0.90252,4.65975,4.66956,1,0.06826534391280648,Normal
4.03191,-4.32621,3.06072,1.04967,1.962,1.19682,0.92214,2.65851,0.14715,0.82404,4.22811,3.15882,1,0.09583230730296799,Normal
3.81609,-2.90376,3.39426,0.00981,2.07972,0.3924,1.18701,2.52117,-1.2753,-0.4905,4.42431,2.76642,1,0.10027645750917674,Normal
3.4335,-2.43288,2.81547,1.20663,1.02024,0.47088,1.34397,2.52117,-1.05948,-1.23606,3.91419,0.72594,1,0.12990292764584327,Normal
3.57084,-1.98162,3.05091,1.11834,0.96138,-0.36297,0.82404,2.47212,1.41264,-1.24587,2.75661,0.59841,1,0.12957735471256315,Normal
3.18825,-2.40345,3.05091,0.56898,0.96138,1.45188,0.69651,1.61865,-0.64746,-1.40283,2.29554,0.22563,1,0.14042763918361945,Normal
2.52117,-2.22687,3.77685,0.46107,0.80442,1.03986,0.65727,1.87371,-0.48069,-2.58984,4.7088,0.75537,1,0.10693976353799967,Normal
2.58984,-2.85471,3.59046,1.35378,0.46107,0.40221,1.10853,2.75661,-0.53955,-2.46231,4.00248,0.0981,1,0.10940455234005786,Normal
2.48193,-1.38321,3.71799,-0.08829,0.32373,0.06867,0.24525,1.55979,1.1772,-2.89395,4.32621,-0.46107,1,0.11821696654881075,Normal
1.52055,-1.54017,2.93319,-1.42245,0.2943,-0.54936,-0.41202,0.80442,-0.55917,-3.07053,3.71799,-2.07972,1,0.14515652695698789,Normal
1.16739,-0.16677,2.67813,-0.8829,0.0981,-1.41264,0.11772,-0.75537,-1.38321,-4.64013,4.42431,-1.15758,1,0.13369961607825825,Normal
0.66708,-0.46107,2.7468,-0.07848,-0.25506,-1.60884,0.38259,-0.70632,-1.16739,-4.93443,3.27654,-2.21706,1,0.14016175189647717,Normal
0.99081,-1.10853,2.80566,-2.32497,0.0,-1.75599,0.10791,-1.962,1.03986,-4.72842,2.12877,-2.68794,1,0.14454751540639205,Normal
1.38321,-0.77499,2.52117,-3.15882,-0.63765,0.17658,0.07848,-2.08953,-0.17658,-5.76828,2.48193,-2.62908,1,0.1442816959669027,Normal
2.04048,-0.47088,2.05029,-2.57022,-1.23606,-0.61803,0.12753,-2.68794,-1.74618,-5.4936,2.70756,-1.10853,1,0.13555580409866586,Normal
2.56041,-1.73637,1.70694,-2.27592,-1.12815,0.01962,0.43164,-1.85409,-0.20601,-5.79771,3.29616,-1.55979,1,0.13815181360148154,Normal
2.96262,-1.1772,1.6677,-3.05091,-0.99081,0.46107,0.82404,-2.54079,0.23544,-6.24897,3.69837,-2.28573,1,0.13171953559985805,Normal
3.26673,-1.75599,1.35378,-2.32497,-0.96138,1.6677,-0.17658,-2.18763,-0.63765,-6.11163,3.97305,-1.50093,1,0.12172516785112597,Normal
4.06134,-1.7658,1.98162,-1.24587,-0.7848,0.17658,0.73575,-3.06072,-1.09872,-4.57146,4.52241,-0.28449,1,0.1165150884263974,Normal
3.68856,-2.33478,1.75599,-2.29554,-0.50031,0.67689,0.63765,-2.51136,1.48131,-4.99329,3.09015,-0.06867,1,0.12471944098330762,Normal
4.0221,-2.01105,2.02086,-3.58065,-0.32373,0.84366,0.87309,-3.42369,1.90314,-3.29616,4.17906,1.03005,1,0.11256204310232953,Normal
4.15944,-1.39302,2.09934,-3.44331,-0.71613,2.70756,1.14777,-3.02148,0.91233,-2.70756,4.11039,2.13858,1,0.11307662949457808,Normal
5.1012,-2.80566,1.962,-2.06991,-0.74556,-0.24525,1.52055,-3.38445,0.80442,-1.75599,4.7088,1.25568,1,0.11160362430661713,Normal
4.50279,-2.78604,2.27592,-2.68794,-0.66708,2.23668,2.04048,-3.38445,1.72656,-2.17782,3.14901,2.39364,1,0.1125447611939398,Normal
5.16987,-2.92338,2.86452,-2.80566,-0.6867,0.91233,3.11958,-3.24711,2.53098,-1.44207,3.69837,1.83447,1,0.08042558012029755,Normal
4.47336,-3.41388,2.79585,-0.33354,-0.42183,2.33478,2.68794,-3.41388,0.43164,-1.41264,4.32621,2.77623,1,0.09678278582666616,Normal
4.47336,-5.20911,3.74742,0.27468,0.05886,0.0,2.96262,-3.15882,1.95219,0.55917,4.3164,2.01105,1,0.0760943059587878,Normal
3.44331,-3.24711,3.47274,-0.27468,0.66708,0.06867,3.32559,-3.81609,2.44269,0.62784,4.60089,1.58922,1,0.07043516276817441,Normal
2.36421,-4.47336,4.53222,0.43164,0.76518,1.52055,3.28635,-3.46293,2.67813,0.36297,4.00248,1.78542,1,0.07005632379674809,Normal
3.07053,-5.06196,3.74742,1.52055,1.16739,1.73637,3.35502,-3.68856,0.74556,1.83447,5.48379,1.39302,1,0.05132772714251066,Normal
2.68794,-4.52241,4.27716,0.21582,1.55979,1.35378,3.1392,-2.6487,2.31516,1.52055,2.93319,0.70632,1,0.09348414073166322,Normal
2.50155,-4.73823,4.64013,-0.27468,1.16739,1.48131,3.924,-2.49174,2.34459,0.61803,3.05091,0.91233,1,0.07753777801786099,Normal
2.51136,-4.18887,5.5917,0.67689,1.45188,2.30535,4.09077,-2.14839,2.13858,0.56898,3.05091,1.36359,1,0.06508674583876806,Normal
2.93319,-4.17906,4.98348,1.84428,1.26549,2.03067,3.45312,-2.63889,-0.48069,0.25506,5.02272,0.42183,1,0.049156938461690336,Normal
2.943,-3.60027,5.12082,0.981,1.1772,1.26549,3.58065,-1.74618,0.83385,-0.26487,2.57022,-0.47088,1,0.09124938631710755,Normal
2.52117,-2.98224,5.37588,1.1772,1.20663,0.82404,3.37464,-1.61865,0.61803,-0.54936,3.26673,-0.80442,1,0.08700671084756134,Normal
2.24649,-3.48255,5.37588,2.30535,1.64808,0.81423,1.48131,-0.83385,-0.11772,-0.37278,3.96324,0.77499,1,0.10964906162723892,Normal
2.32497,-1.60884,5.16006,1.24587,1.55979,1.23606,1.70694,-0.43164,-0.32373,0.41202,2.97243,-0.2943,1,0.11695312999197338,Normal
3.08034,-0.61803,4.66956,0.42183,2.32497,0.52974,1.29492,-0.51012,0.30411,-0.25506,1.79523,-0.50031,1,0.12231456128251061,Normal
2.58984,-0.01962,4.69899,0.16677,2.43288,0.82404,1.20663,0.55917,0.32373,-1.03005,1.73637,-0.82404,1,0.12352992528442513,Normal
2.90376,0.91233,4.89519,0.66708,1.77561,-0.3924,1.13796,0.25506,0.51993,-0.35316,2.98224,-0.93195,1,0.12680789156771372,Normal
2.86452,1.46169,4.23792,-0.70632,2.02086,-1.25568,1.42245,0.56898,0.02943,-1.04967,3.28635,-2.16801,1,0.12870266039040856,Normal
2.36421,2.05029,3.16863,0.28449,1.87371,-2.5506,1.72656,0.65727,-0.42183,-2.39364,1.94238,-1.97181,1,0.13730763879187613,Normal
2.42307,1.73637,3.39426,0.61803,1.52055,-2.54079,1.43226,0.79461,-0.18639,-1.43226,2.77623,-1.40283,1,0.1399289840169849,Normal
2.7468,1.61865,3.74742,0.40221,0.99081,-4.28697,1.19682,0.6867,-0.52974,-2.23668,2.58984,-0.52974,1,0.12866519290286343,Normal
1.78542,1.03005,2.98224,-1.05948,0.55917,-4.03191,1.75599,-0.60822,-0.7848,-1.13796,1.61865,0.45126,1,0.15179994478993486,Normal
1.6677,-0.3924,2.69775,-1.03986,0.8829,-2.42307,1.38321,-0.99081,-0.50031,-0.95157,1.52055,0.34335,1,0.15931843849196153,Normal
1.67751,-0.24525,2.29554,-1.92276,0.62784,-2.98224,1.72656,-1.00062,0.42183,-1.79523,3.22749,-0.25506,1,0.14636001490558548,Normal
1.82466,-0.70632,1.57941,-1.8639,0.46107,-2.86452,2.32497,-2.58003,-1.03005,-1.08891,3.58065,-1.65789,1,0.13691124973018726,Normal
2.46231,-1.11834,1.57941,-1.93257,0.05886,-2.19744,2.90376,-2.67813,-0.46107,-2.72718,2.46231,-1.02024,1,0.12970253327514286,Normal
2.85471,-1.69713,0.6867,-1.1772,0.07848,-2.86452,3.34521,-3.30597,-0.17658,-4.49298,2.41326,-1.962,1,0.11085872896758275,Normal
2.83509,-3.36483,1.4715,-1.6677,-0.97119,-1.32435,3.28635,-2.60946,0.37278,-3.99267,3.6297,-1.25568,1,0.10606200714883496,Normal
4.1202,-4.14963,0.56898,-1.74618,-1.12815,-0.70632,2.68794,-3.30597,-0.96138,-3.14901,4.57146,-1.13796,1,0.09975208561231236,Normal
4.33602,-5.85657,1.18701,-2.37402,-0.95157,-0.80442,3.30597,-3.83571,-0.59841,-4.08096,4.17906,0.10791,1,0.08239360802789986,Normal
4.77747,-6.36669,0.66708,-1.35378,-0.73575,-0.26487,2.46231,-4.32621,0.02943,-3.41388,6.09201,0.981,1,0.06553818190038685,Normal
5.83695,-7.01415,0.93195,-2.08953,-0.44145,1.12815,2.87433,-4.39488,-0.41202,-3.08034,5.83695,0.38259,1,0.040406459227069924,Normal
6.02334,-5.81733,1.22625,-1.97181,-0.45126,1.74618,2.81547,-3.94362,-1.40283,-3.27654,5.52303,-0.73575,1,0.030629097461424504,Normal
6.12144,-5.97429,1.33416,-1.19682,-0.14715,1.4715,2.51136,-4.06134,-0.7848,-1.59903,3.99267,-0.48069,1,0.09837410071302793,Normal
6.50403,-5.03253,1.88352,-0.44145,0.41202,2.26611,2.37402,-2.59965,0.60822,-1.40283,6.03315,0.22563,1,0.05747253333088792,Normal
6.70023,-4.53222,0.82404,-0.41202,0.92214,2.17782,2.27592,-1.29492,-0.73575,-1.11834,5.50341,-0.81423,1,0.06860080979374206,Normal
6.23916,-4.81671,1.55979,-0.34335,1.20663,2.56041,1.65789,-0.31392,-0.52974,0.23544,5.87619,-0.83385,1,0.0706310373089542,Normal
7.20054,-4.34583,1.2753,1.20663,1.36359,0.67689,1.61865,-0.72594,-0.03924,1.00062,5.42493,0.32373,1,0.06942586407949936,Normal
6.50403,-4.14963,2.19744,1.85409,1.44207,1.54998,1.23606,0.84366,0.27468,1.10853,6.60213,1.04967,1,0.06605134756551578,Normal
5.69961,-2.99205,2.62908,1.87371,2.06991,2.61927,1.61865,1.30473,-0.22563,1.88352,5.89581,0.03924,1,0.06383577069004431,Normal
5.46417,-3.06072,2.91357,1.50093,1.99143,1.8639,1.75599,0.8829,-0.51993,1.12815,5.56227,-0.92214,1,0.059760296522529066,Normal
5.37588,-3.2373,3.14901,2.50155,2.27592,1.69713,1.58922,0.8829,0.22563,1.54998,5.57208,-1.7658,1,0.04635362579626612,Normal
4.88538,-2.82528,3.17844,2.08953,2.01105,2.30535,1.78542,0.65727,0.0981,2.5506,5.81733,-1.59903,1,0.06614622518991559,Normal
3.81609,-3.71799,3.03129,1.82466,1.962,0.59841,1.48131,1.34397,-0.01962,1.45188,5.47398,-2.63889,1,0.08189658424140073,Normal
3.27654,-4.5126,3.21768,2.96262,2.01105,1.0791,0.73575,0.37278,-0.42183,2.04048,5.69961,-2.72718,1,0.06821730773672485,Normal
3.71799,-5.44455,3.1392,3.19806,1.62846,0.17658,0.01962,-0.22563,0.56898,1.18701,5.62113,-2.58003,1,0.08113821997740378,Normal
3.63951,-5.16987,2.75661,2.37402,1.99143,0.83385,0.25506,0.36297,0.55917,0.48069,6.12144,-1.78542,1,0.0811533010693608,Normal
3.56103,-6.07239,3.03129,2.79585,1.88352,0.2943,0.81423,0.33354,0.08829,0.48069,4.69899,-2.66832,1,0.0954583954273544,Normal
3.61989,-5.4936,2.23668,2.97243,1.88352,1.73637,0.46107,-0.96138,-0.77499,0.77499,4.6107,-2.96262,1,0.09532926131990266,Normal
3.35502,-5.45436,2.42307,2.47212,1.75599,0.4905,0.62784,-0.61803,0.21582,-0.23544,4.86576,-3.11958,1,0.10914949637386356,Normal
2.69775,-5.09139,1.65789,1.2753,1.79523,0.82404,1.2753,0.59841,0.21582,-0.47088,4.60089,-2.78604,1,0.12990029814030807,Normal
3.49236,-5.99391,1.88352,0.79461,1.85409,1.40283,0.5886,0.15696,-0.15696,-1.10853,3.94362,-3.48255,1,0.12642796893710107,Normal
3.51198,-5.64075,1.35378,1.25568,1.46169,1.0791,0.0981,-0.66708,-0.92214,-0.74556,2.0601,-2.56041,1,0.1467356535407776,Normal
3.24711,-4.39488,1.05948,1.11834,1.43226,0.36297,0.05886,0.14715,0.43164,-0.7848,3.05091,-2.02086,1,0.14179638180426318,Normal
2.98224,-3.78666,0.85347,0.30411,1.49112,0.06867,0.13734,0.17658,0.90252,-1.29492,2.19744,-0.17658,1,0.15279540657978652,Normal
3.52179,-4.16925,0.40221,2.34459,1.46169,-0.17658,1.05948,0.07848,-0.62784,-0.76518,1.92276,-1.61865,1,0.1415389551413419,Normal
3.4335,-2.19744,1.01043,3.01167,1.16739,-0.05886,1.11834,-0.36297,-0.81423,-0.17658,2.36421,-0.57879,1,0.14553221829476215,Normal
3.2373,-1.69713,0.31392,2.23668,0.82404,-0.24525,1.962,-0.30411,0.72594,-1.1772,2.89395,-1.18701,1,0.14025309044988088,Normal
3.02148,-0.93195,0.13734,2.10915,-0.00981,-0.30411,2.40345,0.77499,0.26487,-1.48131,2.73699,-1.18701,1,0.1392222170060352,Normal
3.26673,-2.2563,0.0981,1.73637,-0.21582,0.67689,1.80504,0.46107,-0.8829,-1.15758,2.24649,-2.54079,1,0.1458686820892509,Normal
3.1392,-2.17782,0.34335,1.42245,0.07848,1.97181,2.14839,-0.30411,0.35316,-1.7658,2.72718,-1.94238,1,0.1423724269317772,Normal
2.61927,-2.09934,0.46107,0.30411,-0.20601,0.37278,2.59965,-1.25568,0.83385,-1.34397,4.46355,-1.2753,1,0.1317585235941795,Normal
3.7278,-2.65851,-0.10791,0.46107,-0.14715,-0.31392,2.58003,-1.8639,0.1962,-1.80504,3.79647,-1.81485,1,0.12956166260566598,Normal
4.25754,-4.27716,0.0,0.82404,-0.69651,-0.72594,3.08034,-4.32621,-0.41202,0.0,3.8259,-1.5696,1,0.1083534063217721,Normal
3.4335,-4.34583,0.42183,0.44145,-0.34335,-0.43164,3.38445,-4.25754,-0.30411,-0.99081,4.38507,-1.5696,1,0.10476718259782691,Normal
3.86514,-3.84552,1.14777,-0.81423,-0.80442,-0.33354,2.16801,-4.14963,0.97119,-0.53955,4.1202,-2.69775,1,0.12713848273820394,Normal
4.88538,-5.23854,1.12815,0.51993,-1.00062,0.05886,3.26673,-3.0411,-1.21644,-0.0981,5.12082,-2.92338,1,0.07104074733827631,Normal
4.05153,-6.70023,0.92214,0.81423,-0.65727,1.20663,2.65851,-3.4335,-0.14715,0.75537,4.32621,-2.85471,1,0.0983920381226101,Normal
3.7278,-5.27778,2.17782,0.02943,-0.73575,1.73637,3.0411,-3.06072,-0.00981,-0.28449,3.78666,-2.69775,1,0.1119799909444737,Normal
4.6107,-4.88538,2.69775,-0.45126,-0.16677,0.92214,2.87433,-2.66832,0.40221,0.51993,2.943,-2.61927,1,0.11054698651001793,Normal
4.64994,-4.99329,2.59965,-0.4905,-0.17658,0.3924,2.57022,-3.14901,-1.18701,1.95219,3.07053,-2.40345,1,0.10835228802602381,Normal
3.79647,-5.70942,2.62908,0.04905,0.21582,1.54017,2.71737,-2.78604,-0.48069,1.72656,-0.02943,-2.98224,1,0.1181800743288638,Normal
4.0221,-3.60027,3.46293,0.57879,-0.02943,2.60946,2.93319,-2.17782,-0.35316,1.8639,1.78542,-1.75599,1,0.10948768217629512,Normal
4.3164,-3.22749,2.93319,-0.76518,-0.05886,0.6867,2.03067,-1.49112,0.30411,2.6487,1.22625,-2.77623,1,0.1305159438157351,Normal
3.97305,-3.28635,2.88414,0.981,0.50031,-0.35316,1.7658,-0.59841,-0.84366,4.26735,0.51993,-2.75661,1,0.13042223522634083,Normal
2.8449,-3.76704,3.11958,1.80504,1.36359,1.33416,2.40345,0.59841,0.14715,4.52241,0.93195,-2.75661,1,0.12452542878249062,Normal
2.70756,-1.75599,3.8259,1.44207,0.94176,2.28573,1.8639,2.21706,0.10791,3.03129,0.76518,-2.31516,1,0.1223149805277916,Normal
2.67813,-1.33416,4.3164,1.32435,1.1772,1.87371,1.87371,2.09934,0.981,4.18887,1.92276,-3.09015,1,0.10529087778545104,Normal
2.00124,-1.31454,3.55122,3.3354,1.64808,1.40283,1.67751,2.00124,0.70632,3.97305,1.57941,-1.91295,1,0.11749778868174804,Normal
1.80504,-0.63765,4.64994,3.58065,1.48131,1.29492,1.57941,2.5506,1.6677,3.02148,2.23668,-2.09934,1,0.08491306454191644,Normal
2.17782,-0.18639,3.97305,2.39364,1.82466,1.01043,1.38321,2.48193,1.58922,2.2563,1.03005,-2.07972,1,0.11524542593676707,Normal
2.23668,-0.54936,3.75723,3.35502,2.30535,-2.65851,1.44207,1.84428,1.3734,4.03191,1.78542,-3.924,1,0.09429498919679558,Normal
1.57941,-1.02024,3.1392,4.26735,2.1582,-0.96138,1.35378,2.02086,1.67751,3.15882,-1.5696,-3.24711,1,0.11319752364555685,Normal
1.44207,-2.56041,3.89457,2.96262,2.17782,-0.90252,0.91233,2.46231,1.73637,2.61927,-1.77561,-3.37464,1,0.10187675125298967,Normal
1.962,-3.03129,4.00248,2.6487,2.07972,0.28449,0.84366,3.11958,2.10915,0.5886,-1.02024,-2.38383,1,0.11110153052476884,Normal
1.39302,-3.25692,3.71799,3.61008,2.90376,-0.06867,1.30473,2.90376,1.15758,1.45188,2.6487,-2.79585,1,0.09920131861975734,Normal
1.4715,-3.81609,3.52179,3.21768,2.20725,0.03924,1.19682,1.26549,2.02086,0.15696,2.11896,-2.17782,1,0.1107905740959082,Normal
1.89333,-3.98286,3.4335,2.44269,2.36421,-1.69713,1.6677,0.63765,1.52055,-1.03986,2.19744,-1.99143,1,0.10578873616474904,Normal
2.18763,-4.05153,2.88414,2.51136,2.49174,-1.6677,2.26611,0.46107,1.70694,-1.82466,1.52055,-2.20725,1,0.1121343548478908,Normal
2.21706,-4.18887,2.96262,2.85471,2.28573,-1.4715,2.61927,-0.45126,1.13796,-1.01043,1.65789,-3.24711,1,0.11701926412573482,Normal
2.38383,-4.40469,2.47212,1.22625,1.49112,-2.8449,2.36421,-0.32373,1.79523,-1.34397,1.10853,-2.50155,1,0.13277235732318127,Normal
2.41326,-4.7088,2.0601,0.0,1.44207,-2.56041,1.70694,-0.52974,1.73637,-1.88352,0.96138,-2.52117,1,0.1424109246960107,Normal
2.51136,-5.43474,2.06991,-0.24525,1.14777,-1.08891,2.42307,-0.33354,1.99143,-2.7468,2.78604,-2.6487,1,0.12851484991466144,Normal
2.30535,-6.21954,1.7658,-1.35378,0.94176,-0.53955,2.58984,-1.13796,2.00124,-1.74618,1.5696,-1.50093,1,0.14214417996388423,Normal
2.2563,-6.11163,1.57941,-1.19682,1.69713,0.0,2.75661,-1.81485,2.17782,-1.35378,2.59965,-1.01043,1,0.13157421661448665,Normal
2.82528,-4.85595,1.38321,-1.03005,1.03005,1.57941,2.92338,-2.91357,2.20725,-2.08953,2.48193,-1.49112,1,0.12199463045370307,Normal
2.57022,-4.05153,1.43226,-0.13734,1.2753,2.53098,3.52179,-3.61989,2.36421,-1.45188,4.16925,-0.76518,1,0.10241510456895492,Normal
2.70756,-4.46355,1.28511,-1.61865,0.93195,2.48193,2.81547,-3.58065,1.77561,-1.09872,4.59108,-0.94176,1,0.115979043312544,Normal
2.90376,-4.25754,1.75599,-1.31454,1.12815,2.59965,2.3544,-3.32559,1.81485,-1.5696,4.25754,-2.83509,1,0.11802970762619247,Normal
3.25692,-3.38445,2.02086,-1.00062,0.50031,3.09996,2.37402,-3.38445,2.44269,-1.01043,3.51198,-1.75599,1,0.12028647738011888,Normal
2.59965,-4.37526,2.40345,-1.48131,0.13734,3.25692,2.65851,-3.80628,2.54079,-1.18701,3.98286,-2.53098,1,0.11082027077638423,Normal
2.90376,-5.22873,1.79523,-1.90314,0.70632,2.72718,1.90314,-3.924,1.962,-1.38321,2.71737,-2.69775,1,0.12665773082896403,Normal
3.08034,-5.02272,2.34459,-0.40221,1.16739,2.02086,1.91295,-3.63951,1.67751,-0.51993,1.4715,-3.08034,1,0.13523622727018703,Normal
3.69837,-3.95343,2.95281,0.0,0.90252,2.76642,1.962,-4.38507,1.98162,-0.69651,1.03005,-4.37526,1,0.1235680778679718,Normal
2.99205,-4.7088,3.24711,-0.66708,0.93195,1.63827,1.88352,-4.26735,1.36359,-0.30411,2.23668,-3.68856,1,0.11601870338564613,Normal
4.23792,-4.87557,2.73699,-0.38259,1.48131,0.86328,0.79461,-3.40407,0.83385,0.43164,2.75661,-4.42431,1,0.12756518527918786,Normal
3.86514,-4.17906,3.74742,-0.57879,1.54017,1.29492,1.36359,-2.75661,0.03924,0.59841,0.46107,-5.16987,1,0.11847966825761053,Normal
4.73823,-4.74804,4.08096,0.28449,0.92214,1.18701,1.59903,-1.80504,1.22625,2.02086,1.95219,-5.57208,1,0.08957251732104787,Normal
3.68856,-6.19011,4.32621,-0.54936,0.66708,-0.71613,2.23668,-0.52974,0.37278,2.13858,1.65789,-5.3955,1,0.10162373171528882,Normal
3.94362,-6.12144,4.40469,0.92214,1.05948,-1.03005,1.67751,0.84366,0.27468,2.65851,0.76518,-5.35626,1,0.09878873857204912,Normal
3.6297,-3.45312,5.69961,0.981,0.2943,-2.66832,2.41326,0.981,0.05886,2.47212,-0.94176,-5.26797,1,0.08818313025196184,Normal
3.52179,-3.11958,4.95405,2.03067,0.981,-2.52117,2.98224,1.71675,1.32435,3.37464,0.92214,-4.65975,1,0.08161530685172169,Normal
2.63889,-2.88414,4.94424,1.41264,1.30473,-3.19806,2.86452,1.63827,0.89271,3.0411,-0.5886,-4.04172,1,0.09141197905502058,Normal
3.19806,-2.80566,5.26797,2.32497,1.4715,-2.29554,2.87433,2.85471,0.37278,3.86514,-1.13796,-5.31702,1,0.0631013661710611,Normal
3.63951,-2.34459,6.07239,3.28635,0.55917,-1.20663,3.44331,3.27654,-0.2943,3.35502,0.0981,-4.72842,1,0.0578690168001037,Normal
3.30597,-2.49174,5.73885,3.66894,0.20601,-0.51012,3.61008,4.13982,0.74556,3.4335,-0.93195,-3.68856,1,0.052764126340831996,Normal
3.63951,-3.56103,5.886,5.06196,0.3924,-0.67689,3.57084,4.7088,0.55917,2.95281,-0.67689,-4.26735,1,0.039427571675199835,Normal
3.05091,-2.77623,6.20973,5.05215,1.05948,-0.46107,3.18825,4.73823,1.06929,3.1392,-0.82404,-4.22811,1,0.053011894027381934,Normal
3.20787,-3.4335,5.69961,5.35626,0.67689,-1.25568,3.29616,5.33664,1.22625,2.07972,0.63765,-3.3354,1,0.04315741273617968,Normal
3.26673,-4.09077,4.96386,5.91543,0.7848,-2.43288,3.63951,5.08158,2.49174,2.7468,-0.55917,-3.27654,1,0.022774392097356655,Normal
2.30535,-5.0031,4.77747,5.58189,0.92214,-2.19744,3.1392,4.01229,2.68794,1.29492,-0.96138,-3.07053,1,0.03664306819538954,Normal
2.53098,-3.44331,5.57208,6.50403,1.05948,-1.73637,2.52117,3.18825,2.01105,0.20601,-1.83447,-2.8449,1,0.04240876345307687,Normal
2.80566,-4.77747,5.30721,6.52365,0.48069,-1.30473,2.83509,3.61008,1.92276,0.15696,0.4905,-1.18701,1,0.04155396370308362,Normal
2.53098,-5.6898,4.6107,5.40531,0.67689,-0.77499,2.24649,2.98224,2.53098,0.25506,0.57879,-2.00124,1,0.06584005636866708,Normal
2.18763,-6.51384,4.99329,5.15025,0.56898,-1.08891,2.36421,2.30535,1.88352,-0.53955,0.92214,-2.02086,1,0.06572677995297521,Normal
2.75661,-6.71004,4.52241,5.94486,0.8829,-2.02086,2.19744,1.20663,1.88352,-0.66708,1.93257,-1.79523,1,0.05539721617095783,Normal
2.20725,-5.79771,4.29678,3.21768,0.71613,-2.13858,2.02086,1.04967,2.53098,-1.24587,1.6677,-0.21582,1,0.09481029316461997,Normal
2.36421,-5.81733,3.61008,2.88414,1.14777,-1.94238,2.56041,-0.11772,3.14901,-0.46107,3.37464,-1.25568,1,0.07568679597291067,Normal
1.54017,-5.40531,4.18887,2.943,1.28511,-0.85347,2.87433,-1.22625,2.7468,-0.73575,2.68794,-1.64808,1,0.07842908715122249,Normal
1.44207,-4.44393,3.63951,1.35378,2.02086,-1.32435,2.63889,-1.23606,2.10915,-2.17782,2.11896,-1.69713,1,0.11091506832444986,Normal
1.49112,-4.7088,3.8259,-1.20663,1.19682,-0.27468,2.87433,-0.96138,2.53098,-2.18763,1.85409,-1.50093,1,0.10529085411444328,Normal
1.80504,-5.56227,3.84552,-0.34335,1.92276,1.67751,2.77623,-1.50093,1.95219,-0.59841,2.09934,-1.52055,1,0.10311547479485311,Normal
1.03986,-5.65056,3.88476,0.22563,0.92214,1.13796,3.4335,-1.52055,1.38321,-1.77561,1.38321,-2.26611,1,0.10202720657336678,Normal
1.65789,-4.46355,3.35502,-0.66708,0.12753,1.59903,3.27654,-1.6677,0.08829,-0.92214,1.88352,-1.6677,1,0.12029902107294954,Normal
0.59841,-4.64994,3.03129,-1.68732,-0.15696,3.97305,3.30597,-1.91295,1.83447,-1.15758,2.5506,-2.12877,1,0.10416222017062476,Normal
1.06929,-5.1993,2.91357,0.33354,0.81423,2.40345,2.80566,-2.12877,1.58922,0.1962,0.74556,-1.74618,1,0.1344722082591096,Normal
0.2943,-4.99329,2.93319,-0.18639,0.84366,1.84428,3.27654,-1.61865,1.83447,-0.63765,0.27468,-2.14839,1,0.13068049299537216,Normal
1.54017,-3.7278,2.42307,-1.09872,0.53955,2.67813,2.59965,-1.09872,1.48131,-0.41202,0.40221,-1.04967,1,0.14357712427600672,Normal
0.04905,-3.7278,2.61927,-2.59965,0.41202,3.49236,2.46231,-0.31392,1.97181,-0.83385,-0.41202,-1.33416,1,0.1258016944778359,Normal
0.38259,-5.01291,2.70756,-0.36297,1.03986,2.5506,2.01105,1.51074,1.51074,0.46107,-0.61803,-1.58922,1,0.14321031673168144,Normal
0.97119,-5.28759,1.95219,1.08891,0.83385,2.30535,1.99143,1.32435,0.73575,0.27468,0.55917,-1.30473,1,0.15523169209865612,Normal
1.26549,-4.28697,2.65851,0.40221,0.69651,3.79647,2.39364,1.53036,-0.12753,0.26487,0.32373,-1.67751,1,0.1424440486598132,Normal
0.31392,-3.00186,2.69775,0.76518,1.29492,1.98162,1.54998,1.94238,-0.45126,1.72656,-0.13734,-1.5696,1,0.14917603002750435,Normal
1.08891,-2.2563,2.28573,3.74742,2.01105,0.90252,2.28573,1.80504,-0.69651,1.11834,0.00981,-2.60946,1,0.12877565014515563,Normal
1.35378,0.05886,1.78542,4.06134,2.05029,0.30411,2.6487,2.30535,-0.80442,1.26549,0.48069,-3.35502,1,0.12844900407050647,Normal
1.62846,1.23606,2.50155,1.34397,1.78542,0.32373,2.71737,3.17844,-0.5886,1.08891,0.06867,-3.58065,1,0.1338859384055765,Normal
1.16739,1.55979,2.38383,2.02086,2.50155,-0.57879,2.79585,2.90376,-1.25568,1.60884,-0.3924,-5.05215,1,0.10906398133287731,Normal
2.77623,1.79523,2.07972,4.05153,2.19744,-1.98162,3.68856,4.2183,-0.95157,1.18701,0.20601,-5.93505,1,0.08670689199575332,Normal
3.05091,2.34459,2.54079,4.67937,2.63889,-1.11834,4.00248,4.26735,-1.24587,2.65851,-1.40283,-6.40593,1,0.045970655810225136,Normal
2.61927,2.943,2.79585,3.5316,2.40345,-2.2563,4.64013,4.84614,-1.40283,2.3544,-1.49112,-7.15149,1,0.035702307334521066,Normal
2.78604,2.2563,2.6487,5.41512,3.01167,-2.61927,5.1012,4.48317,-2.1582,2.67813,-2.1582,-7.19073,1,0.0017291518584361398,Normal
4.32621,2.03067,2.46231,5.67999,3.4335,-2.20725,4.905,4.42431,-2.09934,3.16863,-1.03005,-8.21097,1,0.005046179390604255,Normal
3.93381,1.50093,2.91357,4.10058,2.79585,-1.51074,6.15087,3.97305,-1.34397,2.95281,-0.47088,-8.85843,1,0.02890830296958946,Normal
3.85533,-0.00981,3.09015,4.0221,2.48193,-2.07972,5.84676,4.7088,0.44145,2.58003,-1.02024,-8.67204,1,0.02432843091148218,Normal
3.67875,-2.18763,2.99205,5.79771,2.6487,-0.25506,5.76828,5.51322,-0.41202,3.36483,-1.41264,-10.13373,-1,-0.003163417204917418,Anomaly
3.83571,-2.13858,2.5506,3.89457,2.47212,-0.70632,5.64075,6.11163,-0.64746,2.79585,-0.81423,-10.34955,1,0.022809165889903782,Normal
3.84552,-3.25692,2.99205,3.08034,2.39364,0.51993,5.61132,6.25878,1.79523,2.72718,-0.92214,-9.75114,1,0.005991872264971332,Normal
3.64932,-4.16925,2.73699,3.87495,2.943,-0.25506,5.3955,5.5917,1.72656,3.44331,0.66708,-8.17173,1,0.017724963937431615,Normal
3.91419,-6.23916,2.51136,3.18825,3.00186,-1.08891,5.04234,4.905,0.85347,3.57084,0.32373,-7.848,1,0.0249035783506395,Normal
3.85533,-5.2974,2.58984,2.66832,2.68794,-0.81423,4.62051,3.63951,1.40283,2.5506,1.01043,-7.59294,1,0.03764828562963257,Normal
2.41326,-6.36669,1.80504,3.29616,2.57022,0.52974,4.44393,2.50155,4.52241,2.21706,0.84366,-7.08282,1,0.019552446404869306,Normal
2.40345,-6.69042,1.62846,2.14839,2.59965,0.6867,4.13001,1.81485,4.15944,3.0411,0.51993,-5.91543,1,0.036808783053873584,Normal
2.62908,-6.61194,1.57941,0.28449,2.63889,0.6867,4.26735,1.55979,3.5316,2.28573,0.24525,-4.82652,1,0.05156085605712962,Normal
1.52055,-5.72904,1.20663,-0.43164,1.5696,1.36359,3.924,1.2753,1.58922,1.67751,1.03986,-5.27778,1,0.10556509859108121,Normal
0.96138,-5.60151,0.981,-0.82404,1.43226,-0.11772,3.61989,1.39302,3.08034,0.47088,1.16739,-3.42369,1,0.1065397118598802,Normal
0.64746,-3.47274,0.28449,0.43164,1.61865,0.18639,3.6297,0.23544,3.21768,1.43226,0.42183,-3.77685,1,0.10753816645452424,Normal
0.81423,-1.58922,0.48069,0.43164,1.35378,0.92214,3.30597,-1.10853,2.66832,1.45188,0.04905,-3.58065,1,0.12900745789766155,Normal
0.03924,-2.47212,0.3924,-1.24587,0.64746,1.88352,3.10977,-2.28573,3.2373,2.31516,0.47088,-3.95343,1,0.10928195055130968,Normal
-0.21582,-1.63827,0.01962,-0.64746,1.02024,1.53036,3.05091,-2.95281,3.14901,0.06867,-1.48131,-4.43412,1,0.12696192299220999,Normal
-0.17658,-1.6677,-0.38259,0.95157,0.981,2.19744,3.46293,-3.86514,3.52179,1.72656,-1.16739,-2.38383,1,0.11865231928458503,Normal
0.06867,-1.58922,-0.60822,-1.61865,0.54936,2.57022,3.09015,-2.80566,3.27654,1.44207,-2.36421,-1.54998,1,0.12064748997374447,Normal
-0.76518,-2.91357,-1.03986,-3.48255,0.37278,1.95219,2.58984,-1.4715,2.46231,1.73637,-1.97181,-1.82466,1,0.11916781147222444,Normal
-0.64746,-3.47274,-1.71675,-0.8829,0.0,1.22625,2.93319,-1.09872,1.26549,0.85347,-3.59046,-2.5506,1,0.12015772434184724,Normal
0.03924,-3.63951,-0.59841,1.29492,0.31392,2.50155,2.5506,-0.46107,3.44331,2.04048,-2.73699,-1.92276,1,0.12102934760862893,Normal
-0.22563,-3.48255,-0.99081,0.28449,-0.27468,3.7278,2.08953,0.0,3.76704,1.98162,-1.83447,-2.65851,1,0.12215426435239501,Normal
-0.43164,-3.03129,-0.93195,-1.06929,0.02943,2.92338,1.7658,0.30411,1.94238,2.21706,-2.49174,-3.1392,1,0.13324296125513108,Normal
-0.0981,-2.88414,-0.76518,2.30535,0.38259,5.79771,1.95219,0.3924,1.35378,1.94238,-2.58984,-2.7468,1,0.09490181581570695,Normal
0.43164,-3.4335,-0.7848,2.44269,0.51012,6.42555,1.24587,0.981,2.96262,2.07972,-2.34459,-2.47212,1,0.07632300111932738,Normal
1.04967,-2.63889,-1.38321,0.0981,0.25506,5.62113,1.93257,1.09872,2.0601,2.03067,-1.51074,-1.48131,1,0.10454841395365072,Normal
1.48131,-2.72718,-1.32435,1.57941,0.79461,5.22873,1.55979,1.92276,0.63765,1.52055,-2.58984,-0.76518,1,0.11315553631179753,Normal
2.01105,-2.77623,-0.92214,2.97243,1.4715,5.87619,2.46231,2.34459,0.61803,1.59903,-2.58984,-1.12815,1,0.09830979696843217,Normal
1.84428,-3.39426,-0.7848,2.95281,1.64808,4.25754,2.02086,3.15882,1.28511,1.35378,-0.16677,-2.19744,1,0.11698981713287399,Normal
2.37402,-1.09872,-1.69713,2.76642,1.94238,2.14839,3.01167,2.65851,0.57879,2.93319,-0.47088,-1.38321,1,0.11579960134992023,Normal
2.69775,-1.02024,-1.88352,3.66894,1.98162,2.58984,3.28635,2.19744,-1.54998,1.70694,-0.28449,-2.42307,1,0.1077716184733905,Normal
2.86452,-0.0981,-1.09872,3.80628,3.31578,0.20601,3.54141,2.2563,-1.23606,1.46169,0.0,-1.51074,1,0.1008848242229014,Normal
3.2373,0.60822,-1.25568,3.65913,2.69775,-0.28449,2.90376,2.26611,-0.40221,0.46107,1.79523,-1.67751,1,0.11376890052272925,Normal
3.7278,1.97181,-1.95219,3.00186,2.26611,-1.52055,4.04172,1.95219,-0.23544,1.36359,0.73575,-2.23668,1,0.10707105701967451,Normal
4.07115,1.92276,-1.49112,3.91419,3.08034,-0.54936,3.86514,2.61927,-1.31454,0.79461,1.08891,-2.02086,1,0.0963368708131957,Normal
4.99329,1.23606,-1.06929,4.26735,2.86452,-1.99143,4.55184,3.4335,0.21582,0.14715,1.33416,-0.17658,1,0.08549355345391674,Normal
4.96386,1.68732,-0.95157,3.86514,2.34459,-2.56041,4.57146,3.73761,-0.11772,0.36297,1.10853,-0.91233,1,0.09352682964548725,Normal
5.82714,1.1772,-1.09872,3.90438,1.87371,-3.61989,4.34583,2.98224,-0.02943,0.67689,0.50031,-2.95281,1,0.07600296604077872,Normal
5.70942,-0.24525,-1.16739,4.06134,3.1392,-4.45374,4.43412,2.943,-0.79461,0.05886,1.46169,-2.82528,1,0.06085243783164479,Normal
5.72904,-0.77499,-0.8829,3.66894,2.61927,-3.76704,4.18887,2.06991,0.42183,0.45126,0.95157,-2.90376,1,0.07629976792744747,Normal
5.07177,-1.36359,-1.2753,4.04172,1.78542,-3.71799,3.52179,1.99143,1.03986,-0.24525,1.98162,-3.3354,1,0.08338333108168072,Normal
5.94486,-2.90376,-1.50093,2.72718,1.43226,-3.03129,3.46293,1.63827,1.73637,-0.05886,0.02943,-3.69837,1,0.07198587244356253,Normal
5.67018,-3.5316,-1.18701,2.65851,1.77561,-2.77623,3.05091,1.3734,0.36297,-0.20601,-0.13734,-2.19744,1,0.1003408667032909,Normal
5.47398,-4.68918,-1.44207,1.98162,0.8829,-2.34459,2.46231,1.33416,2.66832,0.56898,0.33354,0.92214,1,0.0897946842900555,Normal
4.25754,-4.92462,-1.45188,2.52117,-0.06867,-1.33416,2.39364,1.70694,2.00124,-0.44145,0.24525,0.05886,1,0.11755560846465918,Normal
4.37526,-5.05215,-1.53036,2.88414,0.62784,-1.28511,1.72656,1.28511,1.57941,0.22563,0.38259,-1.62846,1,0.1189747526472939,Normal
3.29616,-5.90562,-2.20725,2.90376,0.05886,-0.04905,1.72656,0.81423,1.03005,0.61803,1.16739,-0.28449,1,0.12221632099551394,Normal
2.44269,-5.04234,-2.95281,2.58003,-0.25506,0.02943,1.48131,-0.85347,2.26611,1.94238,2.03067,0.05886,1,0.12239871821156689,Normal
1.92276,-4.22811,-3.32559,2.86452,-0.41202,-0.40221,0.91233,-0.89271,1.57941,0.96138,-0.03924,-0.72594,1,0.13113979223563849,Normal
1.03986,-3.89457,-3.77685,3.39426,-0.72594,0.42183,1.1772,-1.0791,0.04905,0.30411,-0.14715,-0.51993,1,0.13333436696353224,Normal
-0.33354,-3.93381,-3.90438,2.90376,-1.02024,0.59841,0.30411,-0.92214,-0.71613,1.23606,-1.16739,0.52974,1,0.13252686298105526,Normal
-0.38259,-3.08034,-4.82652,5.1993,-1.51074,0.06867,-0.00981,-1.42245,0.50031,0.48069,-1.32435,0.79461,1,0.11209458077401924,Normal
-0.96138,-2.5506,-5.55246,5.58189,-1.85409,-0.11772,0.44145,-0.43164,-0.61803,-1.20663,-1.14777,-0.87309,1,0.1104224167900355,Normal
-1.78542,-1.23606,-5.48379,5.89581,-1.10853,-0.10791,-0.05886,0.31392,-1.64808,-1.15758,-1.90314,-0.61803,1,0.10439635076461795,Normal
-2.48193,-0.71613,-5.74866,5.6898,-1.22625,0.14715,-0.12753,1.79523,-1.49112,-0.77499,-2.00124,-1.48131,1,0.09649483696710176,Normal
-2.0601,0.48069,-6.40593,6.26859,-0.7848,-1.02024,-0.0981,0.94176,-1.75599,-0.43164,-2.27592,-2.54079,1,0.07649336573284443,Normal
-2.03067,0.95157,-6.48441,6.2784,-1.06929,-1.46169,-0.70632,1.6677,-1.83447,-0.4905,-3.29616,-3.41388,1,0.06857334146704508,Normal
-2.02086,1.59903,-6.09201,4.66956,-0.61803,-2.40345,-0.32373,2.1582,-2.66832,-0.38259,-3.77685,-3.61008,1,0.06345541613219524,Normal
-2.78604,1.59903,-5.80752,5.56227,-0.08829,-2.33478,-0.53955,2.87433,-1.55979,0.3924,-3.47274,-2.87433,1,0.07587621373228853,Normal
-1.50093,1.13796,-5.36607,6.42555,-0.13734,-3.24711,0.20601,3.08034,-1.65789,0.11772,-4.35564,-3.09996,1,0.06322491042257594,Normal
-2.05029,1.12815,-5.63094,5.02272,-0.53955,-2.78604,-0.0981,3.99267,-0.75537,0.16677,-4.63032,-4.64013,1,0.053822489008097496,Normal
-1.95219,1.8639,-4.99329,4.78728,-0.51993,-1.16739,0.73575,4.62051,-1.18701,0.18639,-4.6107,-5.65056,1,0.0515638090003408,Normal
-1.55979,1.2753,-4.44393,4.35564,0.23544,-1.28511,0.46107,4.82652,-1.03986,1.35378,-3.71799,-5.45436,1,0.06662394291920265,Normal
-1.39302,1.58922,-4.16925,2.34459,0.48069,-1.8639,0.91233,4.75785,-1.67751,1.54017,-3.25692,-5.54265,1,0.08031451708558124,Normal
-1.44207,1.57941,-4.08096,1.46169,0.25506,-2.10915,0.47088,4.75785,-1.63827,2.23668,-3.44331,-5.5917,1,0.08313151376725836,Normal
-0.66708,1.68732,-2.7468,0.77499,0.0981,-1.41264,1.03005,4.81671,-1.77561,2.0601,-2.96262,-5.65056,1,0.104071970732724,Normal
-0.84366,1.11834,-2.1582,0.51012,0.50031,-1.55979,0.61803,4.37526,-0.3924,2.54079,-2.63889,-5.85657,1,0.11906451417158465,Normal
-0.46107,-0.24525,-1.68732,-0.981,1.03005,-1.34397,1.25568,3.78666,-0.43164,3.09996,-2.49174,-5.52303,1,0.11963326867642954,Normal
-0.59841,1.19682,-1.54998,-1.06929,0.48069,-0.65727,1.35378,3.83571,-0.52974,3.32559,-2.46231,-5.74866,1,0.11853043717000672,Normal
0.01962,0.59841,-0.74556,-0.62784,1.2753,1.12815,1.63827,4.28697,0.43164,1.71675,-1.16739,-6.50403,1,0.12219540689985015,Normal
-0.13734,1.65789,-0.26487,-0.6867,1.52055,1.59903,1.28511,3.91419,0.32373,2.01105,-0.25506,-6.94548,1,0.13547509399649083,Normal
-0.07848,2.59965,-0.36297,-2.68794,1.00062,0.53955,1.39302,3.38445,-0.53955,2.46231,-0.03924,-6.48441,1,0.12385178105832961,Normal
0.73575,2.6487,-0.65727,-1.64808,0.5886,1.02024,1.6677,2.60946,0.28449,2.72718,-1.69713,-5.55246,1,0.13330230085101596,Normal
1.03986,4.08096,-0.36297,-1.62846,1.12815,1.03986,1.09872,2.47212,0.06867,2.48193,-1.84428,-4.88538,1,0.1376551095692538,Normal
0.84366,4.5126,-0.53955,-1.55979,0.53955,0.50031,0.13734,1.81485,0.61803,3.0411,0.55917,-3.32559,1,0.15064845379399716,Normal
0.71613,3.1392,-0.53955,-3.25692,0.85347,0.40221,0.66708,1.35378,0.18639,2.23668,-0.21582,-3.18825,1,0.1427553972287,Normal
0.7848,2.69775,-0.44145,-0.51012,0.59841,-1.16739,0.14715,0.45126,0.7848,3.38445,-0.63765,-2.80566,1,0.16006854367288043,Normal
0.74556,2.37402,-0.24525,0.89271,0.55917,-0.7848,0.0,0.60822,1.65789,2.2563,-0.72594,-2.57022,1,0.1604670302466072,Normal
0.37278,2.96262,-0.76518,1.61865,1.04967,0.50031,-0.20601,0.87309,1.35378,1.61865,1.41264,-2.31516,1,0.16381788901146727,Normal
0.59841,3.99267,-1.38321,-0.42183,0.16677,0.83385,0.92214,-0.20601,1.32435,2.30535,-0.54936,-2.07972,1,0.156719499200901,Normal
0.28449,3.64932,-1.73637,0.69651,-0.83385,-0.31392,0.01962,-1.29492,2.10915,1.89333,-0.81423,-1.48131,1,0.15303914187294915,Normal
-0.38259,3.00186,-2.0601,2.20725,-1.38321,1.57941,0.18639,-1.54017,1.95219,3.25692,0.85347,-0.17658,1,0.14571261545777248,Normal
-0.92214,1.45188,-2.17782,2.3544,-2.28573,0.77499,-0.51012,-2.19744,0.74556,2.82528,1.04967,1.23606,1,0.1426889804570674,Normal
-1.42245,1.10853,-2.44269,0.83385,-2.89395,1.70694,0.38259,-1.71675,0.5886,2.82528,-0.53955,1.38321,1,0.13834768463696728,Normal
-2.31516,0.3924,-2.67813,2.58984,-2.80566,2.12877,-0.35316,-1.63827,1.28511,2.79585,0.12753,0.7848,1,0.12826310560017873,Normal
-2.71737,-0.81423,-3.61989,4.54203,-3.18825,2.52117,-0.06867,-2.12877,0.83385,2.83509,0.4905,0.66708,1,0.09631693447101264,Normal
-3.25692,-0.77499,-3.93381,3.85533,-3.39426,2.6487,-0.27468,-0.38259,-0.28449,1.25568,-0.62784,0.08829,1,0.11123979228889908,Normal
-3.79647,-0.56898,-4.44393,3.45312,-3.95343,3.09015,-0.18639,-0.04905,-0.21582,1.2753,-1.55979,-0.65727,1,0.10166280772962899,Normal
-4.11039,0.0,-4.74804,4.32621,-3.46293,2.39364,-0.81423,0.61803,0.24525,0.92214,-1.06929,-0.35316,1,0.09935926044495191,Normal
-4.00248,0.20601,-5.17968,4.64013,-4.37526,1.94238,-1.4715,0.92214,-0.81423,1.46169,-1.69713,-0.14715,1,0.07503123963665953,Normal
-4.05153,-0.37278,-5.55246,2.38383,-4.57146,1.41264,-1.54017,2.6487,-2.79585,0.81423,-2.79585,-0.12753,1,0.06058235590201699,Normal
-4.29678,0.26487,-5.18949,1.99143,-5.28759,0.23544,-1.85409,2.39364,-1.84428,1.41264,-4.86576,-0.13734,1,0.04448992351801473,Normal
-4.32621,0.87309,-5.36607,4.62051,-4.7088,-0.13734,-2.28573,2.27592,-1.44207,2.79585,-3.50217,1.35378,1,0.036771502096265785,Normal
-4.15944,0.64746,-5.36607,4.85595,-5.1012,-0.05886,-1.74618,1.98162,-2.4525,2.52117,-3.03129,-0.11772,1,0.05308887879661184,Normal
-4.30659,2.36421,-6.22935,2.76642,-4.48317,-0.95157,-2.17782,2.51136,-3.52179,2.52117,-3.8259,-1.19682,1,0.027819265418354777,Normal
-3.924,2.76642,-6.09201,4.09077,-4.79709,-1.42245,-2.41326,2.65851,-2.39364,2.27592,-3.52179,-1.99143,1,0.033955114412799026,Normal
-3.52179,3.79647,-6.19011,4.44393,-4.17906,-1.92276,-1.70694,3.19806,-1.62846,2.24649,-3.95343,-0.50031,1,0.039452141628233406,Normal
-3.20787,3.40407,-5.51322,3.58065,-4.14963,-2.83509,-1.53036,3.01167,-2.2563,1.55979,-4.24773,-1.09872,1,0.049776195714295646,Normal
-2.78604,3.81609,-4.96386,1.54998,-3.60027,-4.13001,-1.72656,3.01167,-3.18825,2.76642,-5.35626,-2.00124,1,0.03841763277767829,Normal
-2.37402,2.97243,-4.59108,1.82466,-3.3354,-4.82652,-1.21644,3.10977,-1.62846,2.7468,-4.13982,-1.50093,1,0.06610315155165747,Normal
-1.81485,3.89457,-3.86514,2.00124,-2.81547,-4.74804,-1.04967,2.18763,0.0,2.96262,-4.47336,-2.27592,1,0.0760182936654405,Normal
-2.04048,2.66832,-4.06134,0.1962,-2.80566,-2.52117,-0.70632,1.10853,-1.38321,2.99205,-3.47274,-2.943,1,0.09793076503322179,Normal
-2.09934,3.34521,-3.90438,0.27468,-2.30535,-4.00248,-0.38259,0.51993,-1.71675,3.7278,-3.7278,-4.0221,1,0.07436439322350552,Normal
-2.02086,3.5316,-3.48255,0.37278,-2.44269,-2.91357,0.16677,0.3924,-0.56898,3.77685,-3.924,-4.71861,1,0.09260566651268504,Normal
-2.16801,2.49174,-3.24711,-1.4715,-2.17782,-1.75599,0.95157,0.34335,0.91233,2.75661,-3.73761,-4.20849,1,0.10501886740075878,Normal
-2.33478,1.90314,-3.2373,-2.69775,-1.962,-1.87371,0.70632,0.40221,-0.17658,3.60027,-3.22749,-3.85533,1,0.09503767806891916,Normal
-2.69775,2.48193,-2.72718,-3.05091,-1.70694,-1.46169,0.48069,1.09872,0.45126,4.47336,-3.6297,-4.62051,1,0.08215665406606054,Normal
-2.23668,1.93257,-2.30535,-1.94238,-2.17782,-0.34335,0.77499,1.06929,1.72656,3.12939,-3.69837,-5.36607,1,0.08634270442175901,Normal
-2.32497,1.68732,-1.94238,-2.59965,-1.962,-0.99081,1.10853,0.4905,1.84428,3.94362,-3.46293,-3.87495,1,0.09369216107802181,Normal
-2.63889,2.40345,-2.03067,-1.75599,-1.70694,-0.60822,0.40221,-0.2943,0.93195,4.56165,-3.41388,-3.55122,1,0.102255227393581,Normal
-3.45312,3.1392,-2.24649,-1.92276,-1.40283,-0.6867,0.47088,-0.72594,1.41264,5.30721,-1.26549,-4.27716,1,0.09322971528138785,Normal
-3.09996,3.78666,-2.57022,-0.77499,-1.12815,-0.15696,0.45126,-1.35378,2.1582,2.88414,-2.52117,-4.16925,1,0.11011039165387865,Normal
-3.4335,4.09077,-2.5506,-0.23544,-1.03986,0.981,0.0,-1.89333,1.77561,2.47212,-0.65727,-1.62846,1,0.1265420703703839,Normal
-4.32621,4.59108,-3.20787,-0.3924,-1.34397,1.12815,-0.33354,-2.36421,2.48193,2.40345,-2.02086,-0.24525,1,0.1155123776576426,Normal
-4.66956,4.13001,-3.41388,-0.67689,-2.76642,1.13796,-0.43164,-1.92276,2.47212,3.73761,-1.962,-0.05886,1,0.09799376703280377,Normal
-4.57146,3.10977,-3.08034,-0.31392,-2.68794,1.71675,-0.35316,-1.73637,2.42307,1.4715,-1.57941,-0.42183,1,0.10284237107926347,Normal
-5.17968,2.92338,-3.85533,1.31454,-2.31516,1.08891,-0.70632,-1.82466,2.02086,1.54998,-2.12877,1.05948,1,0.08962552519359229,Normal
-5.53284,4.16925,-4.74804,3.51198,-3.54141,0.65727,-1.19682,-2.40345,2.57022,1.49112,-2.38383,1.4715,1,0.050805477961127,Normal
-4.76766,4.13982,-5.53284,4.16925,-4.09077,1.05948,-1.03005,-2.95281,2.11896,1.33416,-2.01105,-0.31392,1,0.060914295333840685,Normal
-5.1012,3.81609,-6.09201,2.98224,-3.97305,1.91295,-0.96138,-3.57084,1.62846,-0.15696,-1.18701,-0.00981,1,0.06465361245200124,Normal
-5.83695,3.70818,-7.05339,3.73761,-3.6297,1.38321,-1.04967,-3.08034,2.23668,-0.46107,-2.34459,1.35378,1,0.04571578724612957,Normal
-5.94486,3.26673,-7.39674,4.54203,-5.25816,1.95219,-1.19682,-3.95343,2.01105,-1.19682,-3.10977,2.38383,1,0.01438049227203908,Normal
-5.87619,2.91357,-7.92648,3.69837,-5.26797,1.3734,-0.89271,-3.29616,0.3924,-1.01043,-1.05948,1.84428,1,0.047202639104024446,Normal
-5.74866,1.92276,-8.22078,2.65851,-5.1012,1.15758,-0.93195,-2.3544,-0.70632,-1.1772,-2.943,1.97181,1,0.03732559894349924,Normal
-5.96448,0.54936,-8.39736,2.51136,-5.85657,-0.67689,-0.76518,-1.03986,-1.00062,0.17658,-2.08953,1.89333,1,0.046401852027224855,Normal
-5.4936,0.26487,-8.45622,4.73823,-6.78852,-0.64746,-0.96138,-1.02024,-1.78542,0.99081,-4.18887,1.0791,1,0.004267844426097511,Normal
-5.23854,0.28449,-8.08344,3.57084,-6.90624,1.04967,-0.92214,0.03924,-2.54079,1.51074,-4.19868,0.01962,1,0.002570851995700285,Normal
-5.26797,1.00062,-8.38755,2.3544,-6.51384,0.84366,-1.23606,0.03924,-1.11834,-0.24525,-3.93381,0.48069,1,0.02127686288643238,Normal
-5.73885,0.44145,-8.76033,4.54203,-6.23916,1.53036,-1.03005,0.32373,-1.90314,0.65727,-4.35564,0.7848,1,0.0007886594690134086,Normal
-4.94424,0.65727,-8.99577,3.97305,-7.33788,-0.00981,-1.30473,0.3924,-2.65851,0.87309,-4.63032,0.87309,-1,-0.0018570941771768323,Anomaly
-5.0031,-0.0981,-7.68123,3.61008,-5.35626,0.32373,-1.06929,-0.01962,-3.68856,1.31454,-3.77685,1.67751,1,0.025016445059430237,Normal
-4.77747,-0.30411,-6.70023,2.42307,-5.27778,-1.82466,-1.71675,0.81423,-3.19806,0.89271,-4.36545,0.63765,1,0.026539558817251785,Normal
-4.38507,-0.8829,-6.45498,3.94362,-5.60151,-1.33416,-1.69713,1.97181,-3.22749,1.88352,-4.44393,0.06867,1,0.02167900201737094,Normal
-4.28697,-0.03924,-6.19011,4.73823,-5.31702,-3.10977,-2.29554,1.78542,-3.02148,2.53098,-4.88538,-1.32435,1,0.014026943129815228,Normal
-4.00248,0.45126,-5.13063,3.66894,-4.7088,-2.51136,-2.3544,2.0601,-3.32559,2.59965,-4.88538,-3.07053,1,0.02556256681505309,Normal
-3.58065,0.5886,-6.00372,1.94238,-4.68918,-1.69713,-2.14839,1.22625,-1.57941,2.04048,-4.68918,-2.75661,1,0.04614992549101571,Normal
-4.37526,1.23606,-5.67999,2.07972,-4.3164,-1.94238,-1.91295,0.36297,-2.21706,2.27592,-4.56165,-2.97243,1,0.04991511244269664,Normal
-4.13982,1.69713,-5.01291,1.95219,-3.71799,-2.12877,-2.0601,-0.11772,-1.71675,1.99143,-4.44393,-1.54017,1,0.06379969785961515,Normal
-3.95343,1.69713,-5.66037,0.54936,-2.92338,-0.90252,-2.33478,-1.55979,-1.22625,1.32435,-4.32621,-1.36359,1,0.06738110744685227,Normal
-3.85533,1.02024,-4.92462,1.21644,-3.67875,-2.72718,-2.58984,-1.04967,0.04905,1.61865,-3.61008,-1.6677,1,0.0840636415662705,Normal
-3.8259,0.84366,-4.89519,3.48255,-3.0411,-3.17844,-1.81485,-0.63765,-0.28449,1.46169,-3.76704,-2.46231,1,0.06923305689354603,Normal
-3.3354,1.23606,-5.16987,3.16863,-1.74618,-5.13063,-1.67751,-1.24587,0.07848,0.96138,-3.59046,-2.19744,1,0.06881462858410142,Normal
-4.09077,1.28511,-5.48379,1.08891,-2.00124,-3.61989,-2.07972,-1.36359,0.8829,1.16739,-0.69651,-2.42307,1,0.09273313121914784,Normal
-4.3164,2.17782,-5.84676,2.07972,-2.90376,-4.2183,-1.70694,-1.69713,1.72656,1.11834,-1.93257,-3.28635,1,0.07174097398008639,Normal
-4.76766,1.52055,-5.3955,0.76518,-2.16801,-3.99267,-1.1772,-2.83509,1.19682,1.43226,-1.45188,-3.02148,1,0.09176932019776107,Normal
-5.38569,1.91295,-5.75847,-0.38259,-1.98162,-3.7278,-1.46169,-3.16863,2.26611,2.03067,-1.68732,-1.77561,1,0.08133652340919884,Normal
-5.61132,1.08891,-6.43536,-1.97181,-2.28573,-2.75661,-1.80504,-3.61989,2.41326,2.4525,-2.01105,-0.71613,1,0.0632924948549135,Normal
-5.2974,0.01962,-6.15087,-0.54936,-2.48193,-2.69775,-2.06991,-3.77685,2.62908,3.70818,-1.62846,0.12753,1,0.053252857964217803,Normal
-5.73885,0.00981,-6.19011,0.30411,-2.42307,-2.77623,-1.79523,-3.0411,2.02086,4.78728,-1.33416,0.41202,1,0.06045874100881915,Normal
-5.99391,0.05886,-6.41574,-0.01962,-2.31516,-1.91295,-1.99143,-3.0411,2.00124,4.37526,-0.7848,-0.15696,1,0.06194751812547089,Normal
-6.23916,0.4905,-7.29864,0.62784,-2.36421,-1.35378,-2.63889,-2.72718,1.35378,3.1392,-0.59841,0.12753,1,0.05633547985545617,Normal
-6.05277,0.28449,-6.90624,1.13796,-3.2373,-0.63765,-2.48193,-3.01167,1.23606,4.2183,-0.69651,-0.04905,1,0.05680414494835839,Normal
-5.67999,0.76518,-6.48441,0.3924,-2.98224,-0.32373,-2.20725,-2.24649,0.95157,3.21768,-0.92214,0.36297,1,0.0699048987127418,Normal
-6.0822,0.59841,-6.60213,-0.33354,-2.46231,0.85347,-2.86452,-2.63889,1.14777,3.25692,-1.05948,1.41264,1,0.060169712269309006,Normal
-6.79833,0.00981,-7.4556,0.22563,-3.94362,1.13796,-3.64932,-2.51136,0.26487,3.16863,-0.56898,2.17782,1,0.033108979433289054,Normal
-6.00372,0.30411,-6.90624,0.69651,-4.83633,0.65727,-3.75723,-2.27592,1.10853,3.4335,-1.18701,2.90376,1,0.04061883976611824,Normal
-5.71923,-0.36297,-6.78852,1.41264,-4.25754,-0.6867,-3.10977,-2.19744,-0.03924,3.49236,-2.17782,3.93381,1,0.046981789194716794,Normal
-5.50341,-0.30411,-7.56351,2.27592,-4.68918,-0.10791,-4.16925,-1.20663,-1.10853,2.98224,-3.19806,4.78728,1,0.014425015616366,Normal
-5.69961,-0.64746,-7.22997,4.04172,-5.81733,0.77499,-4.6107,-2.11896,-3.31578,1.06929,-4.20849,4.38507,-1,-0.0036296816995938785,Anomaly
-5.48379,-0.99081,-7.41636,4.64013,-5.46417,0.51012,-3.8259,-1.35378,-1.95219,1.03986,-1.70694,4.73823,1,0.018835130312184867,Normal
-5.57208,-1.09872,-8.36793,5.66037,-5.80752,1.39302,-3.21768,-1.11834,-3.09015,1.39302,-2.24649,4.60089,-1,-0.012097482551980954,Anomaly
-4.71861,-1.04967,-8.60337,5.17968,-4.81671,1.4715,-3.88476,-1.41264,-4.13001,-0.41202,-2.57022,5.85657,-1,-0.013885220957084998,Anomaly
-4.93443,-0.50031,-8.5347,4.24773,-5.63094,0.28449,-3.66894,-1.79523,-5.07177,-0.02943,-2.21706,5.56227,-1,-0.006415062035942443,Anomaly
-4.86576,-0.05886,-8.76033,3.14901,-6.11163,-2.61927,-3.99267,-1.46169,-2.86452,1.22625,-2.70756,5.40531,-1,-0.00030078501963892723,Anomaly
-4.5126,-0.81423,-8.7309,3.99267,-5.67999,-2.32497,-3.7278,-3.14901,-3.38445,0.00981,-2.96262,5.87619,1,0.0005265634880556869,Normal
-4.14963,0.26487,-8.32869,3.34521,-5.48379,-3.20787,-4.23792,-2.76642,-3.69837,-0.00981,-4.03191,5.2974,1,5.353876256886103e-06,Normal
-4.17906,0.03924,-8.66223,1.93257,-6.23916,-2.07972,-4.18887,-2.63889,-4.30659,0.15696,-2.59965,4.46355,1,0.001838454857839511,Normal
-4.77747,-0.26487,-8.61318,1.59903,-5.7879,-4.01229,-4.11039,-2.16801,-2.13858,-0.42183,-2.61927,3.00186,1,0.006254625235404099,Normal
-4.74804,0.15696,-9.14292,2.19744,-5.27778,-0.8829,-3.97305,-2.14839,-2.51136,-0.81423,-1.6677,2.26611,1,0.026105575035130446,Normal
-4.30659,0.63765,-8.6328,2.02086,-4.94424,-1.61865,-4.34583,-1.77561,-2.85471,-0.48069,-1.90314,0.74556,1,0.029952773223952067,Normal
-4.94424,0.20601,-8.61318,-0.66708,-5.12082,-0.92214,-4.5126,-1.68732,-2.11896,-0.34335,-1.38321,-0.1962,1,0.027725531555510607,Normal
-4.905,-0.27468,-8.38755,-2.00124,-5.1993,-2.56041,-4.4145,-2.48193,-0.65727,0.69651,0.28449,-2.0601,1,0.03042794572641505,Normal
-4.77747,0.14715,-8.41698,0.35316,-4.34583,-1.16739,-4.75785,-2.63889,-0.61803,0.26487,-1.22625,-1.81485,1,0.04101760537088689,Normal
-4.66956,-0.51993,-7.88724,0.8829,-4.84614,-1.94238,-4.56165,-2.40345,-0.31392,-0.01962,-1.23606,-2.4525,1,0.04101888037467499,Normal
-4.77747,-0.85347,-7.74009,0.10791,-5.1993,-2.11896,-5.03253,-2.69775,-0.03924,0.65727,-0.70632,-3.29616,1,0.03294440978753366,Normal
-4.67937,-0.52974,-7.32807,0.67689,-4.0221,-2.16801,-4.10058,-3.08034,0.5886,1.42245,-0.32373,-5.22873,1,0.04885567535090507,Normal
-5.21892,-1.10853,-6.90624,1.71675,-3.57084,-1.06929,-4.23792,-3.4335,1.05948,0.15696,-0.96138,-4.73823,1,0.03999721297044484,Normal
-5.08158,-1.13796,-6.83757,3.06072,-4.19868,-3.30597,-4.1202,-3.19806,1.02024,1.41264,0.13734,-3.73761,1,0.03529175815908697,Normal
-5.75847,-1.77561,-6.93567,1.39302,-3.95343,-3.79647,-4.05153,-4.04172,0.32373,2.12877,0.81423,-3.19806,1,0.04420164377514629,Normal
-6.19011,-2.18763,-6.58251,1.11834,-3.54141,-3.80628,-3.66894,-4.29678,1.34397,2.57022,0.28449,-3.42369,1,0.03453313508460476,Normal
-6.14106,-2.58003,-6.60213,3.30597,-3.66894,-5.74866,-4.24773,-5.35626,1.24587,2.81547,0.53955,-1.81485,1,0.024428249748199238,Normal
-5.82714,-2.79585,-6.77871,4.57146,-3.924,-5.11101,-4.08096,-6.48441,0.62784,2.63889,-0.24525,1.30473,1,0.004073983660624059,Normal
-6.55308,-2.41326,-6.91605,3.51198,-4.27716,-5.37588,-3.67875,-7.72047,0.50031,2.05029,1.28511,2.27592,1,0.0009259440695705834,Normal
-6.02334,-1.34397,-6.63156,3.69837,-3.56103,-2.68794,-3.51198,-8.83881,0.79461,1.02024,0.91233,1.55979,1,0.010215012468906326,Normal
-6.02334,-1.3734,-7.14168,3.36483,-3.83571,-4.63032,-3.95343,-9.46665,0.63765,1.06929,0.24525,2.52117,1,0.0026050493551197373,Normal
-6.42555,-0.77499,-6.88662,4.13001,-4.57146,-2.88414,-3.52179,-9.35874,-0.15696,0.55917,-0.03924,4.40469,1,0.0031342874149952182,Normal
-6.87681,-0.26487,-7.12206,1.58922,-4.43412,-3.24711,-3.89457,-9.37836,0.22563,2.1582,-0.05886,5.14044,1,0.0044129723310516455,Normal
-7.01415,-0.54936,-6.12144,1.30473,-4.19868,-2.71737,-4.10058,-8.76033,0.51993,2.69775,-1.68732,3.86514,1,0.017227279553776342,Normal
-7.22997,-0.07848,-6.6708,1.69713,-6.09201,-3.09015,-4.53222,-8.6328,0.46107,2.23668,-2.4525,4.82652,-1,-0.011393430750288314,Anomaly
-6.82776,0.62784,-6.0822,2.26611,-6.45498,-3.37464,-5.0031,-9.07425,-1.53036,3.09015,-1.50093,7.14168,-1,-0.02455770381276423,Anomaly
-6.45498,1.82466,-5.26797,1.54017,-6.78852,-3.37464,-5.35626,-8.76033,-1.71675,3.0411,-2.75661,7.61256,-1,-0.02930503710684751,Anomaly
-6.59232,1.36359,-4.81671,1.5696,-6.73947,-0.44145,-5.25816,-7.13187,-1.26549,2.70756,-2.86452,5.886,-1,-0.002618985936481577,Anomaly
-6.85719,1.62846,-5.06196,1.77561,-7.69104,0.04905,-4.8069,-6.69042,-1.55979,1.40283,-4.19868,3.49236,-1,-0.017835097033912728,Anomaly
-6.83757,1.46169,-4.99329,1.91295,-7.54389,0.72594,-5.48379,-6.17049,-2.51136,2.19744,-4.65975,4.39488,-1,-0.021751458801474444,Anomaly
-6.05277,2.08953,-4.48317,0.91233,-7.64199,1.34397,-5.55246,-5.83695,-3.71799,3.49236,-6.26859,3.15882,-1,-0.028288043620956382,Anomaly
-6.39612,2.29554,-4.71861,0.27468,-7.48503,-0.50031,-6.10182,-5.28759,-3.66894,3.3354,-5.75847,2.10915,-1,-0.02682519187810828,Anomaly
-6.867,2.14839,-4.78728,1.4715,-9.38817,0.0,-5.90562,-5.16006,-4.07115,2.42307,-5.84676,2.24649,-1,-0.03401682157197228,Anomaly
-6.59232,2.11896,-4.17906,2.33478,-8.22078,-2.11896,-6.29802,-5.03253,-5.16006,3.52179,-4.98348,2.79585,-1,-0.03834504901572433,Anomaly
-5.95467,2.40345,-3.87495,1.99143,-8.77995,-2.17782,-5.93505,-4.47336,-5.20911,1.63827,-5.69961,2.36421,-1,-0.025089472526205636,Anomaly
-6.39612,2.79585,-4.01229,3.6297,-8.27964,-3.29616,-5.62113,-3.99267,-4.01229,0.38259,-4.72842,2.49174,-1,-0.016475939360462766,Anomaly
-6.99453,2.6487,-4.82652,2.39364,-9.39798,-2.88414,-5.41512,-3.54141,-4.93443,-0.85347,-4.65975,1.70694,-1,-0.02280399420879231,Anomaly
-6.98472,2.81547,-4.73823,2.50155,-8.49546,-2.12877,-4.85595,-3.20787,-5.13063,0.13734,-3.6297,1.05948,-1,-0.01639430407039888,Anomaly
-7.74009,3.77685,-5.2974,2.23668,-8.2404,-1.04967,-5.17968,-3.32559,-3.95343,0.4905,-3.60027,1.00062,-1,-0.017574195592491404,Anomaly
-8.12268,3.77685,-5.94486,2.85471,-8.41698,-1.71675,-5.1012,-3.59046,-3.64932,0.28449,-2.99205,-0.45126,-1,-0.019941987921378135,Anomaly
-8.34831,4.45374,-6.16068,2.27592,-7.95591,0.16677,-4.73823,-4.57146,-3.29616,0.4905,-2.54079,0.27468,-1,-0.014242538614441913,Anomaly
-8.81919,5.44455,-6.07239,2.58984,-7.50465,-0.21582,-4.43412,-4.08096,-3.29616,0.92214,-1.32435,-0.08829,-1,-0.012996665487079895,Anomaly
-8.99577,5.03253,-5.77809,2.58003,-7.89705,-1.60884,-4.52241,-4.5126,-1.50093,0.18639,-1.19682,-0.21582,-1,-0.006113302513319985,Anomaly
-9.30969,6.06258,-6.06258,3.22749,-8.61318,-1.85409,-4.01229,-4.08096,-1.89333,0.61803,-0.63765,-0.36297,-1,-0.019016154655814743,Anomaly
-9.57456,4.87557,-6.32745,1.71675,-7.6518,-0.34335,-3.8259,-2.99205,-0.86328,1.20663,0.45126,0.13734,-1,-0.00010172364888039187,Anomaly
-9.73152,4.08096,-5.77809,1.36359,-6.92586,0.02943,-3.47274,-2.78604,0.14715,2.65851,0.85347,-0.03924,1,0.028246452874671535,Normal
-9.94734,3.78666,-5.92524,1.31454,-7.33788,-1.44207,-3.50217,-3.03129,1.40283,3.4335,0.28449,-1.71675,1,0.0007900933770751406,Normal
-10.01601,3.56103,-5.55246,2.17782,-8.09325,0.15696,-3.27654,-2.30535,-0.02943,4.50279,0.54936,-1.63827,1,0.009653106340212325,Normal
-10.40841,2.86452,-5.85657,2.52117,-6.10182,1.11834,-3.09015,-2.21706,-0.11772,5.26797,0.8829,-1.70694,1,0.019377131651036827,Normal
-9.73152,2.14839,-5.73885,3.44331,-6.2784,0.33354,-3.22749,-2.5506,0.86328,6.52365,0.51993,-1.34397,1,0.005779594234152974,Normal
-9.58437,1.80504,-5.62113,3.60027,-5.72904,0.37278,-3.27654,-3.02148,0.8829,6.50403,1.3734,-1.41264,1,0.009485240771613945,Normal
-9.14292,1.88352,-6.03315,5.53284,-6.19992,0.31392,-2.6487,-2.90376,0.08829,5.6898,1.35378,-0.63765,1,0.012253526346173826,Normal
-9.13311,0.85347,-6.33726,5.23854,-5.56227,-0.65727,-3.20787,-2.7468,-0.07848,5.69961,1.84428,-0.52974,1,0.009725322958143545,Normal
-9.49608,-1.24587,-5.91543,5.67018,-5.03253,-2.26611,-2.943,-4.17906,0.57879,6.9651,0.6867,0.90252,1,0.007364443593580017,Normal
-9.32931,-1.05948,-5.97429,3.74742,-5.16987,-3.78666,-2.75661,-5.44455,-0.71613,7.62237,1.44207,1.29492,-1,-0.002297355726949224,Anomaly
-9.1233,-0.34335,-5.85657,4.28697,-6.06258,-4.40469,-2.72718,-4.82652,-1.95219,7.38693,0.18639,2.03067,-1,-0.007219754715893201,Anomaly
-9.13311,0.36297,-6.35688,4.34583,-4.96386,-4.78728,-2.98224,-5.43474,-2.72718,7.05339,0.13734,2.18763,-1,-0.016257085798898174,Anomaly
-8.75052,0.59841,-5.89581,5.27778,-5.97429,-6.29802,-2.91357,-6.28821,-2.53098,7.58313,-0.93195,3.27654,-1,-0.0481430174859685,Anomaly
-8.79957,0.92214,-5.64075,4.68918,-5.44455,-5.73885,-3.06072,-6.73947,-3.38445,6.80814,-0.67689,5.61132,-1,-0.05430421742206737,Anomaly
-9.00558,1.74618,-6.49422,4.78728,-5.43474,-6.1803,-3.47274,-7.01415,-3.8259,4.88538,-0.36297,6.1803,-1,-0.05821057475550562,Anomaly
-8.85843,3.25692,-5.91543,4.64013,-6.25878,-5.82714,-4.15944,-6.90624,-4.46355,5.15025,-2.69775,6.05277,-1,-0.06288373246064427,Anomaly
-9.16254,2.41326,-5.3955,5.28759,-6.70023,-4.55184,-4.64994,-6.99453,-4.83633,5.3955,-4.05153,7.26921,-1,-0.07065611011109374,Anomaly
-9.38817,3.67875,-5.1993,2.42307,-7.50465,-5.32683,-5.16006,-7.02396,-4.97367,4.2183,-4.25754,8.83881,-1,-0.10127003754657815,Anomaly
-8.98596,1.30473,-5.31702,2.08953,-8.18154,-4.44393,-5.91543,-7.78914,-6.17049,4.46355,-4.78728,7.23978,-1,-0.09768225108440975,Anomaly
-9.11349,1.48131,-4.95405,2.57022,-7.60275,-4.18887,-6.17049,-7.46541,-7.56351,4.79709,-5.5917,6.35688,-1,-0.09310577615682758,Anomaly
-8.42679,1.09872,-3.75723,1.63827,-7.86762,-1.36359,-6.55308,-6.77871,-6.90624,4.60089,-5.70942,5.75847,-1,-0.08030107333090508,Anomaly
-8.91729,0.94176,-3.18825,-0.0981,-9.35874,-2.66832,-6.87681,-5.69961,-6.94548,3.69837,-7.52427,6.19992,-1,-0.08838995708472397,Anomaly
-8.57394,-0.15696,-2.75661,-0.10791,-8.72109,-1.5696,-6.82776,-4.37526,-7.51446,3.06072,-6.89643,5.17968,-1,-0.08056471334355453,Anomaly
-8.32869,-1.00062,-2.50155,-0.54936,-9.23121,-0.83385,-7.4556,-3.86514,-8.6328,2.92338,-7.38693,3.11958,-1,-0.08850189543412057,Anomaly
-8.42679,-0.75537,-2.26611,-0.03924,-8.7309,-1.73637,-8.01477,-4.49298,-8.03439,3.44331,-8.25021,2.76642,-1,-0.08776717378838883,Anomaly
-8.96634,-0.89271,-2.58984,-0.4905,-10.23183,-2.27592,-8.58375,-3.89457,-7.37712,2.60946,-6.98472,2.11896,-1,-0.09129114283966777,Anomaly
-9.14292,-2.08953,-2.66832,0.42183,-9.37836,-1.63827,-8.28945,-4.97367,-7.39674,2.93319,-6.867,0.95157,-1,-0.08614969808829998,Anomaly
-8.97615,-2.61927,-2.76642,0.87309,-10.51632,-2.62908,-8.13249,-5.61132,-7.74009,2.59965,-5.20911,-0.69651,-1,-0.06441254878448166,Anomaly
-8.68185,-2.60946,-2.50155,0.16677,-9.59418,-0.95157,-8.09325,-6.3765,-6.64137,2.39364,-6.48441,-0.80442,-1,-0.0791216574705873,Anomaly
-8.42679,-2.83509,-2.48193,-0.24525,-9.78057,-2.5506,-7.74009,-6.50403,-6.95529,1.54998,-4.75785,-0.47088,-1,-0.07558772071192832,Anomaly
-8.86824,-2.60946,-1.87371,-0.87309,-9.17235,-1.57941,-7.53408,-5.67018,-5.67999,1.74618,-4.5126,-2.18763,-1,-0.06357935844426887,Anomaly
-9.4176,-1.18701,-2.14839,0.13734,-9.49608,-2.4525,-6.99453,-6.12144,-5.79771,1.06929,-2.76642,-2.28573,-1,-0.06625249457459548,Anomaly
-9.95715,-0.36297,-2.85471,0.96138,-10.0062,-3.22749,-7.11225,-5.13063,-5.16987,0.7848,-2.77623,-0.72594,-1,-0.05259075265505797,Anomaly
-10.2024,-0.43164,-2.48193,2.7468,-8.77995,-4.52241,-7.20054,-5.06196,-3.88476,0.94176,-1.94238,1.03005,-1,-0.05748447991823402,Anomaly
-10.46727,0.32373,-2.81547,2.11896,-8.56413,-3.20787,-6.867,-4.56165,-2.81547,0.59841,-1.1772,0.85347,-1,-0.03896153524115431,Anomaly
-10.3986,-0.06867,-2.92338,2.21706,-9.00558,-3.36483,-6.05277,-4.83633,-2.81547,1.24587,-2.0601,0.30411,-1,-0.03203156018154529,Anomaly
-10.28088,-1.03005,-2.81547,2.69775,-9.20178,-2.04048,-6.05277,-4.96386,-1.91295,0.95157,-1.26549,0.83385,-1,-0.030724613270609158,Anomaly
-10.42803,-0.67689,-2.65851,2.63889,-7.44579,-0.90252,-5.51322,-4.15944,-1.03986,1.03986,-0.33354,2.04048,-1,-0.0007215004672933567,Anomaly
-10.81062,0.27468,-2.61927,2.68794,-7.43598,0.66708,-4.73823,-3.3354,-0.43164,1.12815,1.33416,2.07972,1,0.012883699214616517,Normal
-10.43784,0.11772,-2.12877,2.59965,-7.04358,-1.09872,-4.0221,-3.0411,-0.52974,2.7468,0.83385,1.46169,1,0.03894654951587573,Normal
-10.47708,0.7848,-2.78604,2.65851,-6.58251,0.45126,-4.81671,-1.71675,-0.02943,3.79647,1.11834,2.30535,1,0.01792546242533144,Normal
-10.2024,1.62846,-2.8449,3.76704,-7.23978,0.63765,-4.73823,-0.42183,-0.42183,4.44393,1.8639,4.26735,1,0.005968204544670064,Normal
-10.42803,0.12753,-3.24711,2.86452,-7.33788,-0.07848,-3.97305,-0.03924,0.26487,4.98348,0.42183,4.7088,1,0.013981353459833978,Normal
-9.43722,-0.2943,-3.21768,3.79647,-6.59232,-2.76642,-3.924,-1.46169,-0.14715,5.97429,1.06929,4.81671,1,0.021164793360263556,Normal
-9.30969,-0.37278,-3.64932,4.13982,-5.89581,-2.44269,-4.84614,-1.72656,-0.01962,6.83757,0.17658,3.7278,1,0.011322288949281,Normal
-8.64261,-1.06929,-3.77685,4.60089,-5.2974,-2.39364,-4.11039,-2.66832,-0.95157,6.58251,1.94238,5.20911,1,0.011195058361369248,Normal
-8.39736,-0.56898,-3.83571,3.96324,-6.38631,-2.63889,-3.74742,-3.05091,-0.60822,6.14106,-0.21582,4.55184,1,0.017715004026709447,Normal
-7.97553,-1.60884,-3.65913,3.63951,-5.57208,-3.88476,-4.18887,-4.67937,-1.38321,6.31764,-0.90252,4.65975,1,0.015810187199442716,Normal
-8.60337,0.64746,-3.1392,3.11958,-5.11101,-3.61989,-5.17968,-4.28697,-1.77561,5.71923,-0.73575,5.16987,1,0.01564143593759515,Normal
-8.29926,0.85347,-2.97243,4.17906,-5.41512,-3.26673,-5.13063,-4.08096,-2.40345,5.13063,-1.12815,7.20054,1,0.0027408073505010844,Normal
-8.21097,1.31454,-2.81547,3.38445,-6.94548,-4.98348,-5.17968,-4.84614,-1.72656,4.47336,-2.13858,7.83819,-1,-0.018749761038237334,Anomaly
-8.3385,1.21644,-3.55122,3.39426,-6.48441,-5.61132,-5.35626,-6.92586,-2.07972,4.07115,-3.63951,8.00496,-1,-0.049611460430001864,Anomaly
-8.7309,1.39302,-2.92338,2.8449,-5.9841,-3.61008,-5.77809,-7.66161,-3.28635,2.29554,-3.16863,8.44641,-1,-0.038251248262387794,Anomaly
-8.39736,2.67813,-3.19806,3.42369,-6.83757,-3.14901,-5.45436,-8.90748,-3.31578,0.62784,-5.40531,8.11287,-1,-0.058100595180252235,Anomaly
-8.5347,2.2563,-2.62908,2.26611,-8.45622,-2.96262,-5.45436,-8.10306,-2.52117,-0.8829,-5.14044,8.07363,-1,-0.053245183145950725,Anomaly
-8.26002,2.2563,-2.1582,1.63827,-7.30845,-3.5316,-5.40531,-8.10306,-3.29616,-0.96138,-6.3765,7.09263,-1,-0.047749923705905584,Anomaly
-8.32869,2.61927,-1.75599,1.69713,-7.19073,-0.37278,-5.74866,-6.23916,-3.45312,-2.42307,-5.24835,6.30783,-1,-0.029280892903958078,Anomaly
-8.68185,3.90438,-1.87371,2.10915,-7.57332,0.44145,-5.75847,-4.53222,-3.07053,-2.46231,-6.19011,4.87557,-1,-0.030369708674315432,Anomaly
-8.49546,2.8449,-2.0601,1.52055,-7.74009,0.95157,-5.81733,-3.61008,-3.36483,-2.99205,-5.38569,4.14963,-1,-0.018673306298343295,Anomaly
-8.48565,2.38383,-2.28573,1.20663,-7.93629,-0.06867,-6.35688,-4.35564,-2.00124,-1.85409,-5.3955,2.86452,-1,-0.024763011336648155,Anomaly
-8.40717,2.17782,-2.23668,-0.2943,-8.30907,0.28449,-6.33726,-3.40407,-2.3544,-2.7468,-5.61132,1.46169,-1,-0.027065124955023445,Anomaly
-7.92648,2.30535,-2.6487,1.35378,-8.88786,0.20601,-6.01353,-3.55122,-2.65851,-2.6487,-5.95467,1.25568,-1,-0.015804808086981592,Anomaly
-7.71066,1.12815,-2.0601,0.03924,-8.22078,-0.25506,-5.84676,-3.27654,-2.24649,-2.33478,-5.45436,-0.95157,-1,-0.014114543199254759,Anomaly
-7.73028,0.10791,-2.01105,-1.03986,-7.2594,-1.34397,-6.0822,-3.46293,-3.11958,-1.38321,-3.24711,-2.86452,1,0.0015557400896278883,Normal
-7.9461,0.14715,-2.00124,-0.02943,-8.61318,-1.19682,-5.83695,-2.68794,-2.07972,-1.15758,-4.64013,-2.95281,-1,-0.01579587971481,Anomaly
-7.56351,0.01962,-2.34459,1.7658,-8.97615,-1.70694,-6.06258,-2.22687,-2.00124,0.45126,-2.83509,-1.99143,-1,-0.0016550027786684796,Anomaly
-7.59294,-0.28449,-1.74618,0.46107,-6.9651,-0.28449,-6.01353,-1.5696,-2.22687,1.01043,-3.00186,-3.15882,1,0.012776861299265474,Normal
-7.60275,-1.21644,-1.44207,-0.10791,-6.97491,-1.90314,-5.6898,-1.90314,-1.41264,1.46169,-2.943,-2.92338,1,0.003102004985829687,Normal
-7.1613,-2.48193,-1.54998,0.12753,-6.3765,-0.59841,-5.61132,-2.19744,-1.39302,1.6677,-4.00248,-1.33416,1,0.01906670698237467,Normal
-7.36731,-2.44269,-1.42245,0.83385,-7.5537,-0.92214,-5.46417,-2.54079,-0.96138,1.31454,-2.4525,-1.05948,1,0.02467079617526846,Normal
-7.91667,-3.21768,-1.20663,0.40221,-5.77809,0.65727,-5.35626,-3.05091,-0.59841,1.85409,-2.07972,0.31392,1,0.032236259953916824,Normal
-7.5537,-3.10977,-1.40283,-1.12815,-4.905,-1.09872,-4.62051,-3.25692,-0.28449,2.46231,-0.61803,1.35378,1,0.053730960054776955,Normal
-7.54389,-2.61927,-1.91295,0.50031,-6.21954,0.04905,-4.52241,-2.2563,0.31392,2.80566,-0.08829,2.31516,1,0.05420793763036802,Normal
-7.29864,-1.62846,-1.29492,1.58922,-4.85595,0.13734,-4.14963,-2.44269,-0.48069,3.35502,-1.19682,2.32497,1,0.07540913577857428,Normal
-7.00434,-1.05948,-1.49112,1.1772,-3.52179,1.26549,-4.68918,-1.05948,-0.70632,4.27716,-0.7848,3.91419,1,0.062065939699582184,Normal
-5.84676,-0.76518,-1.67751,0.3924,-4.33602,-0.33354,-3.36483,-1.1772,-0.56898,4.00248,0.06867,5.17968,1,0.09145509315582484,Normal
-5.58189,-0.07848,-2.49174,0.31392,-4.04172,1.99143,-3.4335,-0.70632,0.50031,4.26735,-0.05886,6.06258,1,0.06910745779318139,Normal
-5.73885,-0.10791,-1.94238,1.54998,-2.14839,1.80504,-3.31578,-1.09872,0.07848,4.43412,0.0981,5.58189,1,0.08068277034168825,Normal
-5.20911,0.10791,-2.1582,0.93195,-1.65789,0.85347,-3.55122,-0.31392,-0.97119,4.76766,0.10791,6.06258,1,0.08964266084437605,Normal
-4.92462,-0.35316,-2.51136,1.40283,-2.38383,-0.22563,-3.59046,-0.50031,-1.09872,4.43412,0.90252,7.08282,1,0.08808177667735645,Normal
-4.58127,0.44145,-2.07972,2.4525,-1.55979,-0.12753,-4.39488,-1.0791,-0.42183,5.22873,-0.20601,6.23916,1,0.08699014611525618,Normal
-4.28697,0.80442,-1.75599,2.42307,-0.46107,-0.69651,-4.55184,-1.65789,-1.67751,5.07177,1.03005,5.91543,1,0.08703383439754159,Normal
-4.08096,1.95219,-2.58984,2.49174,-0.18639,-2.32497,-4.53222,-1.23606,-2.62908,6.09201,-0.38259,5.89581,1,0.07605144304297679,Normal
-3.37464,2.16801,-3.11958,3.03129,-0.91233,-3.40407,-4.35564,-1.53036,-2.27592,5.75847,-0.35316,6.44517,1,0.06686004608444346,Normal
-3.67875,1.10853,-3.02148,2.79585,-2.12877,-3.1392,-4.79709,-3.65913,-2.69775,5.07177,-0.73575,7.39674,1,0.0524210651364212,Normal
-4.28697,0.20601,-2.76642,2.21706,-0.8829,-5.58189,-4.84614,-2.96262,-3.59046,4.19868,-2.87433,7.75971,1,0.02820296968500957,Normal
-4.97367,1.41264,-3.31578,1.95219,-2.0601,-6.6708,-5.13063,-3.96324,-4.49298,3.86514,-2.20725,7.18092,1,0.014396247401489926,Normal
-5.3955,1.16739,-2.82528,2.27592,-2.73699,-6.14106,-5.42493,-5.07177,-4.18887,3.57084,-3.31578,5.70942,1,0.0035081771076675983,Normal
-6.40593,-0.08829,-2.80566,1.29492,-2.47212,-6.05277,-5.75847,-5.22873,-4.07115,2.36421,-5.02272,6.3765,-1,-0.0019705661912003958,Anomaly
-6.84738,-0.14715,-2.72718,2.36421,-2.39364,-6.3765,-6.12144,-4.905,-5.69961,1.72656,-5.31702,6.55308,-1,-0.02159332773933831,Anomaly
-7.08282,0.69651,-2.41326,1.84428,-3.06072,-6.2784,-6.14106,-4.71861,-4.95405,1.6677,-5.03253,4.95405,-1,-0.008911272699908657,Anomaly
-7.24959,0.73575,-1.83447,2.37402,-3.29616,-4.53222,-5.85657,-5.22873,-3.64932,1.20663,-5.26797,4.17906,1,0.012211563639001999,Normal
-7.05339,0.01962,-1.90314,1.65789,-4.47336,-4.6107,-5.52303,-4.71861,-3.96324,-0.2943,-3.924,4.3164,1,0.01617017940340093,Normal
-7.41636,0.4905,-2.0601,0.1962,-4.13001,-3.58065,-5.25816,-4.29678,-3.98286,0.21582,-5.03253,2.72718,1,0.025291865853649842,Normal
-7.36731,0.51993,-1.44207,-1.05948,-5.3955,-2.47212,-5.43474,-4.05153,-3.58065,-0.46107,-4.34583,1.49112,1,0.027224820001170325,Normal
-7.95591,1.39302,-0.94176,0.01962,-5.96448,-1.28511,-4.96386,-3.48255,-2.2563,-0.56898,-4.3164,-0.51993,1,0.03556604827096488,Normal
-7.90686,0.83385,-0.40221,-0.41202,-5.35626,-1.69713,-5.11101,-3.01167,-2.57022,0.51993,-3.89457,-1.53036,1,0.03475058723923763,Normal
-7.39674,2.24649,-1.05948,-0.28449,-5.18949,-1.52055,-5.20911,-3.20787,-2.2563,1.82466,-3.93381,-1.55979,1,0.04645531969582106,Normal
-7.10244,2.76642,-0.40221,0.55917,-6.42555,-1.70694,-5.21892,-2.5506,-1.91295,1.06929,-2.78604,-1.95219,1,0.03960560950176523,Normal
-6.54327,2.2563,-0.50031,1.82466,-4.64013,-1.42245,-4.24773,-2.44269,-0.57879,2.18763,-2.75661,-3.51198,1,0.06713294004450582,Normal
-5.81733,1.54017,-0.01962,1.63827,-4.42431,-1.20663,-4.27716,-1.77561,-2.04048,2.85471,-1.1772,-3.08034,1,0.06991372161475634,Normal
-5.16987,1.14777,-0.22563,0.60822,-4.71861,0.4905,-4.25754,-1.79523,-1.69713,2.75661,-1.38321,-2.57022,1,0.06913999348539152,Normal
-4.83633,-0.20601,-0.03924,1.40283,-4.27716,-0.30411,-3.99267,-1.05948,-1.62846,3.6297,0.12753,-3.20787,1,0.08083714355570126,Normal
-4.57146,-0.99081,-0.26487,1.75599,-5.11101,-0.75537,-3.61989,-0.76518,-0.22563,4.08096,-0.02943,-3.08034,1,0.08656773385903038,Normal
-4.6107,-2.47212,0.08829,1.32435,-4.96386,-1.05948,-3.8259,-0.6867,-1.45188,4.35564,0.54936,-2.78604,1,0.0755782132972021,Normal
-4.05153,-2.95281,0.54936,0.63765,-4.78728,-1.63827,-4.22811,-0.52974,-0.31392,4.96386,-0.99081,-1.95219,1,0.0713306932004984,Normal
-4.01229,-2.27592,0.53955,2.14839,-4.10058,-1.78542,-4.22811,-0.31392,-0.66708,4.81671,0.08829,-1.46169,1,0.0827448558806943,Normal
-3.64932,-2.17782,0.5886,2.77623,-4.27716,-1.99143,-3.87495,-0.55917,-0.67689,4.93443,-0.66708,0.48069,1,0.08191297696484112,Normal
-3.71799,-3.00186,0.53955,2.90376,-3.42369,-1.24587,-3.36483,-0.66708,-2.22687,5.01291,-1.42245,2.63889,1,0.07837637487920707,Normal
-3.67875,-3.49236,1.28511,2.07972,-3.60027,-1.78542,-3.59046,-0.38259,-1.30473,3.48255,-1.28511,3.3354,1,0.0908814044509274,Normal
-4.05153,-2.83509,1.29492,3.10977,-3.37464,-2.22687,-3.59046,0.34335,-1.49112,3.24711,-1.03986,3.25692,1,0.08256871135421262,Normal
-3.78666,-3.97305,1.19682,1.3734,-1.73637,-2.5506,-3.6297,1.40283,-2.22687,3.22749,-0.08829,4.08096,1,0.0865124480333812,Normal
-3.47274,-4.36545,1.53036,1.52055,-2.78604,-2.98224,-3.73761,0.79461,-2.28573,2.83509,-0.74556,4.52241,1,0.07760341461862408,Normal
-3.34521,-3.86514,1.61865,1.12815,-2.28573,-3.2373,-4.38507,0.72594,-2.10915,2.68794,-1.38321,4.13982,1,0.07549876763098423,Normal
-3.28635,-2.98224,1.77561,0.44145,-1.12815,-2.07972,-4.36545,0.981,-3.4335,3.66894,-0.981,3.60027,1,0.0863810411469439,Normal
-3.44331,-2.16801,1.41264,0.00981,-1.03005,-1.23606,-4.25754,1.05948,-3.88476,2.19744,0.64746,4.57146,1,0.08291925122302107,Normal
-3.05091,0.4905,1.78542,-0.59841,-0.1962,-1.6677,-4.33602,0.46107,-4.50279,2.5506,-1.55979,6.63156,1,0.07289609543804054,Normal
-3.24711,0.96138,1.43226,-0.2943,-0.26487,-1.34397,-4.52241,0.21582,-4.32621,2.02086,-1.54998,5.37588,1,0.07774597969567076,Normal
-3.06072,1.83447,1.10853,-0.60822,-1.14777,-1.67751,-4.0221,-0.06867,-5.14044,1.09872,-2.92338,6.10182,1,0.06482871946644564,Normal
-3.29616,2.48193,1.48131,-0.81423,-0.26487,-0.67689,-4.36545,0.4905,-5.17968,1.18701,-1.60884,5.79771,1,0.0733923518690951,Normal
-3.1392,3.36483,1.20663,-0.80442,-1.28511,-2.47212,-4.58127,0.0981,-4.63032,0.54936,-2.13858,4.13001,1,0.07985814725962492,Normal
-3.22749,3.64932,0.8829,-0.64746,-0.92214,-1.962,-4.99329,0.1962,-5.25816,0.56898,-2.82528,3.40407,1,0.06397331722800365,Normal
-3.66894,4.06134,0.79461,-1.33416,0.08829,-1.44207,-4.67937,0.36297,-6.82776,1.11834,-3.37464,3.8259,1,0.041163041439783166,Normal
-3.84552,5.21892,1.2753,0.0981,-0.30411,-1.35378,-4.63032,-0.26487,-7.3575,0.65727,-3.3354,3.93381,1,0.04137824950752922,Normal
-4.30659,6.00372,1.40283,-0.54936,-1.09872,-2.20725,-4.28697,-0.0981,-5.38569,-0.24525,-4.99329,3.24711,1,0.01645245729085576,Normal
-4.74804,5.96448,0.6867,-2.19744,-1.80504,-2.02086,-4.1202,0.13734,-5.54265,0.52974,-5.70942,2.65851,1,0.0035495550799696796,Normal
-5.38569,4.64013,0.87309,-1.87371,-2.63889,-1.73637,-3.90438,0.13734,-5.5917,0.65727,-5.77809,1.71675,1,0.003709089179589342,Normal
-5.75847,4.99329,0.94176,-1.89333,-3.27654,-2.03067,-3.66894,-0.33354,-5.9841,0.5886,-5.45436,3.19806,-1,-0.007358739038458295,Anomaly
-6.09201,4.23792,0.67689,-0.69651,-2.86452,-2.0601,-3.59046,0.14715,-4.47336,1.67751,-5.11101,2.6487,1,0.026963841467321337,Normal
-5.87619,3.90438,0.99081,-0.97119,-3.01167,-2.26611,-3.65913,0.32373,-3.73761,1.57941,-5.85657,2.66832,1,0.027447526515892218,Normal
-5.74866,2.42307,1.28511,-1.00062,-3.08034,-3.924,-3.16863,-0.05886,-4.81671,1.69713,-4.50279,1.03986,1,0.0301189688571889,Normal
-5.76828,2.67813,2.03067,-1.29492,-2.52117,-4.25754,-3.0411,-0.65727,-5.58189,2.28573,-4.42431,3.40407,1,0.02160724996255381,Normal
-5.97429,4.00248,1.52055,-1.53036,-1.91295,-0.77499,-2.90376,0.26487,-1.87371,1.91295,-3.39426,2.11896,1,0.07492002716024315,Normal
-5.80752,1.40283,2.07972,-1.94238,-1.49112,1.19682,-2.44269,0.42183,-0.46107,3.30597,-3.35502,0.35316,1,0.07473519398824047,Normal
-5.90562,1.24587,2.23668,-1.67751,-2.40345,0.92214,-2.11896,0.06867,-2.17782,3.79647,-2.14839,0.01962,1,0.08381191481172617,Normal
-5.33664,1.78542,2.01105,-1.13796,-1.75599,1.29492,-1.83447,0.1962,-2.30535,4.48317,-1.04967,2.42307,1,0.09850647567661225,Normal
-5.03253,1.6677,2.51136,0.27468,-1.50093,1.55979,-1.88352,0.50031,-0.46107,4.11039,-0.42183,1.45188,1,0.11477493917722748,Normal
-4.2183,0.47088,2.36421,1.08891,-2.07972,2.02086,-1.94238,0.86328,0.57879,4.18887,-0.52974,1.34397,1,0.10926452257222069,Normal
-3.36483,1.1772,2.48193,1.39302,-1.12815,1.12815,-1.52055,0.41202,-0.65727,3.68856,0.17658,1.10853,1,0.13343530668924847,Normal
-3.09996,2.0601,1.95219,3.10977,-0.47088,2.57022,-1.30473,0.3924,-0.13734,3.42369,-0.23544,1.34397,1,0.1313702350260892,Normal
-2.70756,3.24711,2.02086,3.28635,-0.21582,3.09996,-1.01043,1.46169,-0.12753,1.72656,-1.19682,1.75599,1,0.1318388961685481,Normal
-2.16801,1.69713,2.47212,4.62051,-1.03005,4.06134,-1.01043,1.50093,1.08891,2.08953,-1.54998,1.48131,1,0.11264006834509294,Normal
-2.04048,2.39364,3.08034,3.80628,-1.16739,4.04172,-0.70632,1.40283,0.00981,2.1582,-3.41388,2.69775,1,0.09715701278779582,Normal
-1.91295,2.67813,2.6487,3.19806,-1.25568,4.00248,-0.69651,1.82466,0.05886,2.28573,-2.73699,2.50155,1,0.11236672663082264,Normal
-1.52055,1.5696,2.82528,3.3354,-1.6677,2.52117,-0.7848,1.32435,-0.55917,1.19682,-3.75723,3.39426,1,0.11075645123945405,Normal
-0.95157,-0.41202,3.10977,4.00248,-2.48193,1.44207,-0.73575,1.53036,-0.18639,1.74618,-2.31516,4.30659,1,0.113123737701257,Normal
-0.89271,-0.37278,2.943,3.51198,-2.69775,0.13734,-0.42183,2.26611,-1.15758,-0.12753,-2.943,4.64013,1,0.104868355724476,Normal
-0.8829,-0.62784,3.08034,3.35502,-1.57941,0.47088,-0.44145,1.81485,-1.13796,-1.41264,-3.89457,4.94424,1,0.10431396771794871,Normal
-1.01043,-0.10791,2.69775,2.18763,-1.19682,-1.81485,-0.2943,1.63827,-2.2563,-1.78542,-5.0031,4.65975,1,0.09772369371564399,Normal
-0.71613,-0.80442,3.65913,1.69713,-2.09934,-1.28511,-0.25506,1.46169,-3.09015,-2.66832,-5.92524,5.16006,1,0.07427353739757797,Normal
-1.00062,-0.22563,3.52179,0.27468,-1.65789,-2.07972,-0.10791,2.42307,-3.47274,-2.88414,-5.09139,5.46417,1,0.07073127305065663,Normal
-1.23606,0.24525,3.80628,-0.33354,-1.01043,-0.99081,-0.21582,2.42307,-3.03129,-3.50217,-5.53284,5.9841,1,0.06852706779321055,Normal
-0.84366,-0.08829,3.31578,-2.83509,-1.57941,-1.42245,-0.28449,1.89333,-4.76766,-2.65851,-4.79709,4.905,1,0.06279548771496313,Normal
-0.7848,1.19682,3.1392,-1.46169,-1.77561,-1.44207,-0.51012,1.20663,-5.26797,-3.30597,-5.35626,5.67999,1,0.05502543169511964,Normal
-1.00062,1.962,3.45312,-1.7658,-1.12815,-3.07053,-0.51012,2.1582,-3.29616,-4.11039,-3.96324,4.82652,1,0.08438069629894179,Normal
-1.16739,2.33478,3.25692,-2.03067,-0.0981,-3.11958,-0.70632,1.02024,-4.16925,-3.89457,-5.55246,4.86576,1,0.05780504157961108,Normal
-0.79461,2.58984,3.25692,-2.37402,-0.56898,-4.46355,-0.21582,0.95157,-5.14044,-4.60089,-4.18887,2.22687,1,0.054947083198107705,Normal
-0.92214,3.74742,3.25692,-1.67751,-1.01043,-2.51136,-0.4905,0.00981,-5.33664,-4.89519,-5.24835,3.20787,1,0.03659243050786215,Normal
-1.84428,4.905,2.92338,-3.17844,-0.4905,-2.23668,-0.64746,0.92214,-3.84552,-5.24835,-5.27778,3.30597,1,0.045286388178159165,Normal
-1.58922,4.67937,2.02086,-3.36483,-1.41264,-1.74618,-0.93195,1.42245,-3.86514,-3.93381,-4.52241,2.92338,1,0.06686074280689547,Normal
-1.64808,5.61132,1.48131,-3.05091,-1.73637,-1.77561,-0.73575,1.0791,-4.24773,-3.924,-5.4936,2.7468,1,0.035944887499570255,Normal
-2.31516,5.41512,1.74618,-2.61927,-2.88414,-1.25568,-1.4715,1.14777,-4.6107,-3.49236,-6.31764,4.00248,1,0.02790227136247203,Normal
-2.19744,4.64994,1.65789,-1.87371,-1.57941,-2.42307,-1.09872,1.45188,-2.73699,-2.58003,-6.75909,3.99267,1,0.05775212956304876,Normal
-2.22687,4.40469,1.19682,-1.32435,-2.02086,-3.09996,-1.28511,2.63889,-3.07053,-2.47212,-4.64013,3.38445,1,0.08366735281632931,Normal
-2.02086,3.44331,2.1582,-1.40283,-2.0601,-2.943,-1.12815,1.83447,-3.64932,-1.13796,-4.40469,3.08034,1,0.0807643098998711,Normal
-2.77623,3.38445,2.56041,-0.6867,-1.38321,-2.98224,-1.03986,2.93319,-2.943,0.21582,-4.47336,3.11958,1,0.08971545588442814,Normal
-3.3354,3.01167,2.22687,-0.73575,-1.54017,-4.09077,-1.29492,3.15882,-2.21706,0.27468,-4.905,3.56103,1,0.06652699719927024,Normal
-3.05091,2.72718,2.19744,-0.65727,-1.53036,-4.33602,-1.30473,3.29616,-1.80504,1.962,-3.60027,2.6487,1,0.09263488781134133,Normal
-2.72718,2.3544,2.3544,-1.35378,-1.53036,-4.3164,-1.10853,3.4335,-0.7848,3.60027,-2.26611,1.70694,1,0.11002215134653826,Normal
-2.72718,1.95219,2.51136,-0.99081,-1.12815,-2.5506,-0.94176,3.26673,-1.97181,5.42493,-2.39364,2.65851,1,0.10291365004783709,Normal
-2.59965,0.74556,2.52117,-1.03986,-1.16739,-3.27654,-0.81423,2.85471,-1.35378,4.57146,-1.54017,2.24649,1,0.11745539946325045,Normal
-1.95219,1.25568,2.83509,-0.82404,-0.17658,-4.24773,-0.70632,2.36421,0.15696,5.80752,-1.29492,1.21644,1,0.12662476035306597,Normal
-1.58922,0.6867,3.01167,-0.56898,0.30411,-2.07972,-0.92214,2.44269,0.23544,5.46417,0.15696,0.87309,1,0.14028697235275744,Normal
-1.70694,-0.03924,3.05091,0.51993,0.35316,-1.72656,-0.86328,2.4525,-0.22563,5.67999,-0.47088,2.77623,1,0.13412425957637975,Normal
-0.83385,0.50031,3.07053,0.79461,1.42245,-0.6867,-0.67689,2.48193,0.05886,4.81671,-0.25506,3.50217,1,0.14537128597556193,Normal
-0.84366,0.73575,3.64932,0.92214,1.55979,-1.70694,-0.6867,2.01105,1.53036,4.66956,-0.40221,2.37402,1,0.13310825693090667,Normal
-0.67689,0.43164,2.91357,1.04967,0.56898,-0.89271,-0.21582,1.95219,1.33416,3.84552,-0.20601,1.03005,1,0.1565260640831373,Normal
-0.80442,1.52055,2.90376,2.57022,0.55917,0.0981,-0.32373,0.66708,0.73575,2.52117,-0.18639,3.65913,1,0.15001376657446946,Normal
0.00981,0.76518,2.99205,2.10915,2.14839,2.36421,-0.54936,0.26487,0.96138,0.59841,-0.54936,2.33478,1,0.1480177698185045,Normal
-0.02943,0.66708,3.14901,3.16863,1.73637,2.44269,-0.74556,-0.10791,1.13796,-0.53955,-1.44207,1.49112,1,0.1445746177255085,Normal
-0.28449,-0.08829,2.5506,3.44331,0.69651,2.7468,0.20601,0.26487,1.05948,-1.7658,-1.98162,1.89333,1,0.15276142036829116,Normal
-0.4905,0.56898,2.78604,3.25692,0.71613,1.63827,0.06867,0.45126,1.04967,-2.07972,-2.23668,4.50279,1,0.14146455870750857,Normal
-0.56898,0.56898,3.30597,2.83509,2.00124,0.59841,0.21582,0.55917,-0.35316,-2.75661,-2.48193,3.22749,1,0.13379071477289212,Normal
-0.4905,0.16677,2.93319,3.22749,1.36359,1.72656,0.28449,1.05948,-1.35378,-3.25692,-2.40345,3.52179,1,0.13699669419547922,Normal
-0.70632,-0.03924,2.81547,3.35502,1.08891,-0.32373,0.92214,1.57941,-1.92276,-3.5316,-3.01167,3.22749,1,0.12106829589103241,Normal
-1.01043,1.49112,3.11958,3.59046,0.97119,-0.27468,1.21644,0.85347,-1.93257,-3.11958,-3.1392,6.1803,1,0.11203164882927402,Normal
-1.01043,1.69713,2.7468,2.34459,2.11896,-0.13734,1.2753,0.8829,-3.01167,-4.03191,-3.67875,3.87495,1,0.10354643936491648,Normal
-1.31454,2.63889,3.24711,2.29554,2.38383,-0.65727,1.4715,1.1772,-3.32559,-3.47274,-4.05153,2.19744,1,0.08092024583296714,Normal
-1.36359,1.49112,2.62908,2.10915,1.89333,-2.70756,1.58922,0.15696,-2.4525,-2.65851,-3.11958,2.01105,1,0.1152768794602948,Normal
-1.54998,2.58984,2.37402,-0.27468,3.06072,-1.85409,1.45188,0.46107,-2.32497,-2.46231,-3.58065,2.01105,1,0.10407467388526986,Normal
-1.58922,1.09872,2.47212,-0.73575,3.42369,-2.08953,1.71675,0.74556,-4.44393,-3.5316,-3.03129,0.06867,1,0.06766150683415934,Normal
-1.95219,1.46169,2.79585,-2.48193,2.83509,-0.86328,1.35378,0.65727,-5.67018,-3.35502,-2.87433,-0.79461,1,0.07411738641111237,Normal
-1.91295,1.54998,2.26611,-2.70756,2.10915,-3.18825,1.13796,1.43226,-3.924,-3.25692,-3.09015,-0.76518,1,0.09320468137768018,Normal
-1.11834,1.49112,2.3544,-3.81609,2.58984,-1.40283,1.50093,2.20725,-3.77685,-2.00124,-4.13982,-0.34335,1,0.0772532477928165,Normal
-0.7848,2.3544,2.96262,-4.58127,2.58984,-3.36483,1.05948,2.01105,-4.44393,-2.51136,-4.905,0.08829,1,0.048840436136363796,Normal
-1.49112,3.0411,2.13858,-3.61008,1.61865,-2.67813,0.91233,1.87371,-4.62051,-1.74618,-4.4145,-0.73575,1,0.07675552386282886,Normal
-1.09872,3.76704,2.28573,-3.94362,1.3734,-4.19868,1.15758,1.7658,-2.13858,-1.04967,-4.35564,-1.88352,1,0.10057826396093755,Normal
-1.22625,3.80628,2.21706,-3.97305,2.22687,-2.76642,1.08891,1.55979,-1.75599,-0.15696,-5.75847,-0.20601,1,0.082267750741152,Normal
-1.16739,3.28635,3.00186,-4.50279,2.04048,-4.99329,0.55917,0.93195,-2.79585,-2.37402,-4.63032,-1.60884,1,0.0776162936367304,Normal
-1.59903,2.57022,2.32497,-3.58065,0.61803,-4.49298,0.26487,0.62784,-2.20725,-1.40283,-3.21768,-2.87433,1,0.10234121984186167,Normal
-0.75537,3.16863,2.43288,-3.61989,0.38259,-2.88414,0.0,0.85347,-2.37402,-1.35378,-4.06134,-2.30535,1,0.10550787961464747,Normal
-0.57879,3.51198,2.75661,-3.60027,0.55917,-3.85533,0.23544,1.03986,-1.40283,-0.70632,-4.58127,0.4905,1,0.11039706908895908,Normal
-0.12753,2.46231,3.16863,-2.43288,1.57941,-4.8069,0.01962,0.69651,-1.62846,0.17658,-3.4335,-0.0981,1,0.11606210890459362,Normal
-0.13734,3.88476,2.65851,-3.25692,1.31454,-4.85595,0.13734,0.53955,-1.05948,0.21582,-3.97305,0.40221,1,0.10625312208350712,Normal
-0.2943,1.0791,2.91357,-3.31578,0.44145,-4.64013,-0.00981,0.85347,-0.46107,1.09872,-3.74742,0.90252,1,0.10763973899484414,Normal
0.2943,1.50093,3.51198,-2.69775,1.50093,-4.55184,-0.59841,0.71613,1.20663,2.81547,-5.2974,2.21706,1,0.07514167527630444,Normal
0.10791,1.81485,3.24711,-1.23606,1.97181,-4.1202,-1.00062,0.64746,0.96138,2.72718,-2.5506,0.53955,1,0.1326037882124817,Normal
0.0,1.2753,3.4335,-1.88352,1.24587,-4.43412,-0.17658,0.25506,0.57879,2.52117,-2.86452,0.04905,1,0.13065164688773506,Normal
0.73575,0.47088,3.91419,0.74556,2.01105,-3.46293,-0.32373,1.31454,0.56898,2.96262,-1.1772,0.81423,1,0.13961753576757213,Normal
1.36359,1.40283,3.60027,0.20601,2.4525,-3.05091,-1.00062,0.79461,1.99143,2.47212,-0.76518,2.39364,1,0.11595211801489558,Normal
1.44207,1.34397,3.64932,0.32373,2.65851,-3.0411,-0.94176,1.71675,1.54017,3.10977,-0.30411,1.18701,1,0.12318807685137934,Normal
2.23668,0.97119,4.36545,-2.03067,2.78604,-1.30473,-0.82404,0.25506,1.58922,2.98224,-0.71613,2.09934,1,0.10991953578366631,Normal
2.4525,0.61803,4.17906,0.42183,3.35502,-2.0601,-0.52974,2.06991,1.69713,3.2373,-1.62846,3.27654,1,0.09934452443540498,Normal
1.98162,0.50031,3.64932,-0.46107,4.13001,-2.13858,-1.22625,1.97181,2.60946,2.52117,-1.80504,1.2753,1,0.10365723388060827,Normal
2.0601,0.17658,3.39426,0.20601,3.28635,-1.75599,-0.43164,2.5506,1.97181,2.0601,-1.16739,0.34335,1,0.11675761911364152,Normal
1.95219,-0.10791,4.1202,1.13796,3.58065,-0.71613,-0.26487,1.7658,1.78542,-0.05886,-1.54017,1.10853,1,0.10472964497963422,Normal
2.24649,-0.18639,4.13001,1.79523,2.92338,-1.59903,-0.54936,1.61865,0.46107,-1.30473,-2.12877,1.74618,1,0.11972987845007022,Normal
1.83447,0.65727,3.59046,1.62846,5.01291,-0.43164,-0.45126,1.2753,0.96138,-1.90314,-2.12877,1.44207,1,0.11564518622048903,Normal
2.18763,-0.0981,3.02148,0.05886,4.08096,-1.21644,0.42183,1.64808,0.67689,-3.78666,-2.21706,1.92276,1,0.12412844221053809,Normal
2.02086,-0.40221,3.03129,0.77499,3.31578,-2.91357,0.6867,1.00062,0.0,-5.67018,-1.99143,2.14839,1,0.11097239411192922,Normal
1.63827,0.3924,2.80566,-0.41202,4.50279,-3.34521,0.85347,1.34397,-0.02943,-5.48379,-1.97181,2.943,1,0.10869367755549958,Normal
1.06929,0.21582,2.40345,-1.36359,4.09077,-3.03129,0.90252,1.58922,0.2943,-6.25878,-3.16863,1.70694,1,0.10559845551920272,Normal
1.03005,-0.73575,2.33478,-0.41202,2.05029,-2.943,1.4715,1.80504,0.22563,-5.72904,-3.34521,1.12815,1,0.12104740664473812,Normal
0.45126,0.34335,2.11896,-0.63765,3.42369,-3.45312,1.50093,2.01105,-0.37278,-7.66161,-4.23792,1.84428,1,0.07611392013949392,Normal
0.32373,-0.01962,2.3544,-0.8829,3.09996,-2.33478,1.08891,1.962,-1.21644,-7.34769,-2.82528,0.90252,1,0.10754728226255528,Normal
0.96138,0.37278,1.77561,-1.71675,3.40407,-2.02086,1.61865,3.28635,-1.1772,-6.49422,-3.68856,-0.52974,1,0.10135192972015777,Normal
1.40283,-0.84366,1.50093,-1.06929,2.4525,-2.57022,1.82466,2.8449,0.15696,-6.87681,-3.79647,0.35316,1,0.09996039439872262,Normal
1.40283,1.23606,2.00124,-2.98224,2.97243,-3.46293,1.20663,2.76642,-1.46169,-5.77809,-4.2183,0.981,1,0.08414330078944571,Normal
1.54998,0.48069,1.88352,-3.06072,2.92338,-1.69713,1.81485,2.27592,-2.57022,-4.58127,-4.19868,0.24525,1,0.08777453910246957,Normal
2.1582,-0.18639,2.00124,-3.93381,2.4525,-1.97181,2.09934,3.83571,-1.5696,-3.8259,-4.64013,-0.0981,1,0.07499943231400752,Normal
2.01105,1.10853,2.02086,-4.22811,3.11958,-3.25692,1.6677,3.5316,-0.89271,-4.48317,-4.05153,-0.33354,1,0.08202560043126783,Normal
2.19744,0.981,2.51136,-5.71923,3.31578,-2.31516,1.42245,4.17906,-0.32373,-4.52241,-4.4145,0.67689,1,0.0583312841704729,Normal
1.80504,0.60822,2.43288,-5.09139,4.08096,-2.66832,1.71675,3.42369,-1.69713,-3.84552,-3.71799,-0.17658,1,0.06944297506065716,Normal
1.94238,-1.11834,1.92276,-5.23854,3.03129,-2.51136,1.55979,4.1202,-1.52055,-3.52179,-3.96324,0.53955,1,0.0720117493563262,Normal
2.30535,-0.55917,1.81485,-5.31702,3.19806,-3.35502,0.72594,2.90376,-0.65727,-2.97243,-4.72842,0.54936,1,0.07473811680900216,Normal
2.47212,-0.17658,2.1582,-5.55246,3.58065,-3.76704,0.80442,3.79647,-0.81423,-2.65851,-4.06134,1.72656,1,0.07103711659901873,Normal
2.31516,-1.77561,2.37402,-5.0031,3.09015,-2.78604,0.93195,1.7658,-2.28573,-1.55979,-4.05153,1.12815,1,0.0825902369195406,Normal
2.53098,-0.94176,2.62908,-6.03315,1.19682,-3.21768,-0.03924,2.33478,-0.5886,-1.64808,-4.35564,0.51993,1,0.09972901162985254,Normal
1.92276,-0.69651,2.75661,-4.13001,2.68794,-3.09015,-0.30411,1.71675,0.46107,-1.39302,-2.98224,0.8829,1,0.11191870690042294,Normal
1.68732,-1.29492,3.29616,-6.41574,1.6677,-2.81547,-0.05886,1.81485,0.43164,-2.62908,-4.29678,2.02086,1,0.08955965117591719,Normal
1.79523,-1.35378,3.19806,-4.35564,1.99143,-2.19744,-0.17658,1.64808,-0.05886,-2.4525,-2.7468,2.05029,1,0.1270854989677609,Normal
1.90314,-0.99081,2.68794,-4.16925,1.42245,-1.55979,-0.94176,2.65851,-0.13734,-2.61927,-3.49236,2.81547,1,0.11993291560176844,Normal
1.74618,-0.67689,2.78604,-3.71799,1.80504,-2.72718,-1.83447,2.33478,0.50031,-3.85533,-1.74618,3.09015,1,0.11046335973842764,Normal
2.28573,-0.90252,3.6297,-3.69837,2.1582,-1.36359,-1.32435,2.01105,0.79461,-3.75723,-2.51136,3.31578,1,0.10569470597653213,Normal
2.38383,-0.97119,3.1392,-2.01105,1.38321,-0.04905,-1.962,3.1392,0.42183,-3.15882,-1.50093,2.5506,1,0.11751925287775639,Normal
2.79585,-1.44207,3.45312,-1.7658,1.28511,-0.51012,-2.53098,2.67813,0.77499,-2.80566,-1.84428,2.69775,1,0.11292527139974451,Normal
2.4525,-0.23544,4.04172,-1.06929,1.54017,-1.18701,-1.97181,3.35502,1.05948,-2.8449,-1.48131,2.31516,1,0.11157310934889314,Normal
2.2563,-0.87309,4.46355,-1.962,0.69651,0.61803,-2.03067,1.98162,-0.01962,-1.98162,-1.5696,1.23606,1,0.12157956203608478,Normal
2.71737,0.70632,3.73761,-1.51074,1.97181,1.83447,-2.49174,3.34521,1.18701,-2.56041,-1.51074,1.54017,1,0.1105621087937741,Normal
2.65851,0.76518,3.95343,-1.00062,3.58065,0.61803,-2.03067,2.50155,0.66708,-3.25692,-1.69713,2.50155,1,0.10183242142632787,Normal
2.61927,1.3734,4.35564,-2.10915,2.943,-0.27468,-1.68732,2.72718,-0.05886,-3.27654,-2.59965,4.29678,1,0.09126529154312812,Normal
3.14901,0.55917,4.09077,-3.08034,3.6297,-0.00981,-1.30473,1.87371,-0.77499,-3.3354,-1.49112,4.28697,1,0.08632406114109659,Normal
2.93319,0.52974,3.47274,-2.98224,3.98286,0.99081,-1.54017,3.20787,0.08829,-3.47274,-2.7468,4.04172,1,0.08049885846749205,Normal
2.52117,0.89271,3.60027,-2.67813,4.44393,-2.53098,-1.06929,2.06991,-0.01962,-4.04172,-2.4525,3.63951,1,0.09122485645378875,Normal
2.58984,0.51993,4.18887,-2.61927,4.22811,-2.92338,-0.15696,1.94238,-1.6677,-3.61008,-3.64932,3.38445,1,0.07693924717025097,Normal
2.22687,-0.61803,3.60027,-2.86452,2.77623,-0.11772,0.28449,1.57941,-2.23668,-3.83571,-3.01167,1.30473,1,0.10253199056137663,Normal
1.59903,0.38259,3.30597,-4.09077,3.88476,-1.54998,0.0981,2.54079,-1.21644,-4.06134,-2.1582,2.26611,1,0.1072683672377438,Normal
1.1772,0.26487,2.82528,-4.54203,3.85533,-3.65913,0.92214,1.65789,-1.61865,-4.04172,-1.89333,1.52055,1,0.10022713083130119,Normal
1.09872,-0.08829,2.69775,-4.01229,3.50217,-5.23854,1.32435,0.76518,-2.97243,-4.04172,-1.72656,2.62908,1,0.08688821546671177,Normal
1.64808,0.97119,2.00124,-3.47274,3.97305,-3.30597,1.58922,1.3734,-2.65851,-3.97305,-2.47212,2.72718,1,0.08875000952156292,Normal
1.94238,1.35378,1.0791,-3.94362,3.84552,-3.54141,1.54998,1.60884,-1.7658,-3.70818,-3.07053,2.82528,1,0.09783888235723437,Normal
1.04967,1.24587,1.18701,-2.20725,4.88538,-4.87557,1.74618,1.19682,-1.08891,-3.38445,-3.42369,2.49174,1,0.09354773203232508,Normal
1.48131,1.38321,1.25568,-2.79585,2.8449,-5.3955,1.88352,0.65727,-2.2563,-4.13982,-1.84428,2.01105,1,0.1047644593594711,Normal
1.99143,2.1582,1.4715,-1.80504,1.78542,-3.01167,1.41264,1.12815,-2.0601,-3.83571,-1.0791,1.19682,1,0.14317054056296608,Normal
1.83447,2.86452,1.18701,-1.42245,3.86514,-1.80504,1.85409,0.73575,-1.01043,-3.46293,-1.79523,0.22563,1,0.13393394825282562,Normal
2.19744,2.21706,0.981,-0.95157,3.66894,-4.92462,1.98162,1.59903,-0.51993,-3.50217,-2.00124,-0.18639,1,0.12230276721813149,Normal
2.16801,3.52179,1.24587,-1.00062,2.76642,-4.7088,2.00124,1.51074,-0.95157,-2.99205,-0.90252,0.10791,1,0.12675745726172855,Normal
2.59965,4.36545,1.30473,-1.18701,2.82528,-3.06072,1.58922,1.43226,-0.48069,-3.29616,-1.42245,0.97119,1,0.1357322196230047,Normal
2.3544,3.97305,0.99081,-1.10853,3.58065,-4.40469,1.33416,0.37278,0.03924,-2.46231,-2.68794,1.39302,1,0.1210941515899644,Normal
2.8449,4.26735,1.0791,-0.24525,3.03129,-4.57146,1.15758,2.07972,0.47088,-2.7468,-2.40345,-0.82404,1,0.11421522352884605,Normal
2.79585,4.15944,2.37402,-0.30411,2.72718,-3.12939,1.30473,1.78542,-0.02943,-2.02086,-2.52117,-0.30411,1,0.12575333408404993,Normal
2.41326,3.69837,2.48193,1.03986,3.57084,-1.68732,0.73575,2.33478,-0.46107,-1.61865,-2.32497,1.15758,1,0.12360554306141652,Normal
1.99143,4.33602,2.33478,-0.21582,3.07053,-1.01043,0.75537,2.24649,0.16677,-1.12815,-2.91357,0.77499,1,0.12818486996192702,Normal
1.69713,4.28697,2.71737,-1.06929,1.81485,-2.03067,0.85347,2.88414,-0.85347,-1.99143,-3.32559,0.59841,1,0.13508694571195545,Normal
2.27592,4.53222,3.38445,-1.40283,1.0791,-4.42431,0.50031,3.54141,0.28449,-1.10853,-1.84428,1.28511,1,0.13290977430584916,Normal
2.71737,4.06134,3.07053,-1.73637,2.30535,-2.17782,0.43164,2.63889,-0.24525,-1.90314,-2.16801,2.0601,1,0.133855005797049,Normal
2.13858,3.89457,2.19744,-2.32497,2.93319,-1.1772,-0.61803,2.27592,0.6867,-2.19744,-1.15758,1.57941,1,0.12999559631752472,Normal
1.43226,3.15882,3.83571,-1.94238,1.42245,-1.20663,-0.48069,2.53098,-0.14715,-3.42369,-1.64808,1.63827,1,0.12968461560064903,Normal
1.7658,2.2563,3.73761,-2.09934,1.01043,-2.36421,0.18639,2.57022,-0.4905,-3.11958,-2.83509,-0.07848,1,0.1330863355832474,Normal
1.92276,1.08891,2.91357,-1.93257,1.21644,0.2943,-1.03986,2.1582,-0.80442,-3.64932,-2.93319,-0.52974,1,0.1341510507408899,Normal
1.29492,2.12877,3.28635,-2.28573,1.89333,0.89271,-0.7848,3.09996,-0.03924,-3.4335,-2.63889,-1.4715,1,0.13284440941587833,Normal
1.4715,1.64808,3.64932,-2.56041,1.25568,1.69713,0.0,2.24649,-1.02024,-4.07115,-2.41326,0.0981,1,0.1195761104828783,Normal
1.91295,0.94176,4.64013,-3.80628,0.5886,1.02024,-0.46107,2.2563,0.31392,-5.08158,-1.77561,0.36297,1,0.10515329968885773,Normal
2.17782,2.13858,4.64013,-3.4335,0.57879,0.38259,-0.73575,1.90314,0.52974,-5.31702,-1.04967,0.17658,1,0.11249107306916839,Normal
1.85409,2.57022,3.8259,-3.25692,2.58984,1.81485,-0.28449,1.74618,1.31454,-6.30783,-1.69713,0.14715,1,0.10046483719251831,Normal
1.71675,2.30535,4.47336,-2.91357,2.54079,-1.0791,0.03924,2.41326,0.69651,-7.08282,-1.88352,1.55979,1,0.09613995490380484,Normal
2.39364,2.19744,4.76766,-3.57084,2.70756,-1.87371,0.34335,2.30535,0.71613,-7.11225,-3.1392,-0.62784,1,0.07938268010110866,Normal
2.13858,1.98162,4.07115,-3.05091,3.63951,-1.18701,0.20601,2.77623,1.46169,-6.95529,-4.11039,-1.13796,1,0.06478596092621963,Normal
1.49112,1.34397,4.55184,-4.06134,3.41388,-0.62784,0.73575,2.3544,0.15696,-6.34707,-4.34583,-1.44207,1,0.06653806791454164,Normal
1.88352,1.48131,5.25816,-5.32683,2.943,-1.69713,1.61865,2.44269,0.97119,-6.55308,-4.0221,-1.0791,1,0.05422764182966505,Normal
2.01105,0.52974,4.76766,-5.05215,5.53284,-1.63827,1.79523,1.58922,0.95157,-6.1803,-3.70818,-1.18701,1,0.046780320255665475,Normal
2.29554,1.31454,4.50279,-5.07177,3.89457,-0.94176,2.12877,2.54079,1.03005,-5.72904,-3.46293,-1.18701,1,0.06419155964584683,Normal
1.8639,2.28573,4.01229,-5.71923,4.23792,-0.96138,3.02148,2.26611,-0.24525,-5.34645,-3.19806,-0.87309,1,0.047308119022901995,Normal
1.77561,1.52055,4.01229,-5.81733,3.7278,-2.32497,3.02148,1.92276,0.3924,-5.40531,-3.0411,-0.31392,1,0.05509159933748997,Normal
2.09934,0.95157,2.73699,-6.26859,4.17906,-3.29616,3.0411,2.67813,-0.00981,-4.36545,-4.17906,-1.13796,1,0.0376581152540989,Normal
1.93257,1.02024,2.70756,-5.67018,5.23854,-2.61927,3.12939,2.03067,0.35316,-4.73823,-3.21768,-1.45188,1,0.04001597023955589,Normal
1.46169,0.89271,2.18763,-6.25878,3.61008,-3.85533,3.28635,2.62908,-0.46107,-4.44393,-3.00186,-1.39302,1,0.05496115081253833,Normal
2.41326,0.46107,1.59903,-6.64137,3.88476,-6.69042,3.6297,2.59965,0.15696,-3.60027,-3.60027,-2.39364,1,0.02438393830570651,Normal
2.58984,0.37278,0.48069,-6.12144,4.50279,-4.76766,3.37464,2.51136,0.23544,-2.62908,-3.8259,-3.37464,1,0.0339918165635017,Normal
2.90376,0.35316,0.83385,-5.87619,2.88414,-6.09201,3.16863,2.22687,0.51993,-2.88414,-3.29616,-4.2183,1,0.05542372167277149,Normal
2.38383,0.54936,0.13734,-4.76766,3.61989,-5.17968,3.16863,2.59965,0.45126,-2.50155,-1.30473,-4.65975,1,0.07882136328987693,Normal
3.14901,0.07848,0.00981,-3.41388,3.45312,-5.58189,2.63889,1.87371,1.69713,-3.31578,-2.58984,-4.83633,1,0.07415034863685538,Normal
3.3354,0.22563,-0.0981,-3.59046,2.82528,-4.28697,2.27592,1.8639,1.81485,-3.08034,-1.78542,-3.11958,1,0.10493937700512901,Normal
2.85471,-0.32373,0.4905,-2.85471,2.87433,-5.46417,2.16801,2.17782,1.64808,-3.22749,-2.61927,-3.29616,1,0.09316637183565224,Normal
2.34459,0.12753,-0.3924,-3.56103,3.09015,-6.13125,2.09934,2.97243,0.82404,-3.49236,-1.73637,-2.48193,1,0.10832000680768428,Normal
2.99205,0.45126,0.14715,-3.54141,4.27716,-6.98472,1.72656,2.68794,1.58922,-3.35502,-2.56041,-2.56041,1,0.06981252435436647,Normal
2.73699,1.01043,0.20601,-3.21768,2.97243,-5.84676,1.3734,3.08034,1.31454,-2.83509,-2.81547,-1.12815,1,0.10272274613483684,Normal
2.54079,0.91233,0.90252,-2.16801,3.20787,-5.15025,1.8639,3.3354,1.48131,-3.17844,-2.82528,-0.95157,1,0.10288519822112374,Normal
2.52117,0.21582,1.59903,-2.53098,4.18887,-5.14044,1.53036,2.47212,1.23606,-2.68794,-1.60884,-0.25506,1,0.1110057066092478,Normal
1.95219,0.44145,2.39364,-1.4715,3.52179,-3.42369,0.8829,1.962,2.37402,-2.63889,-0.85347,1.0791,1,0.12396269495854095,Normal
1.60884,-0.33354,2.47212,-1.8639,3.14901,-4.26735,0.63765,2.1582,1.70694,-3.27654,-1.32435,2.85471,1,0.1199011104862453,Normal
1.83447,-1.16739,2.82528,-1.42245,3.8259,-3.30597,1.20663,2.5506,1.46169,-3.2373,-1.25568,3.77685,1,0.10601287259857667,Normal
1.21644,-0.80442,2.41326,-2.8449,2.91357,-3.55122,1.2753,2.51136,0.62784,-3.31578,-1.30473,4.83633,1,0.11225179793145734,Normal
1.68732,-1.42245,2.81547,-4.06134,3.56103,-2.83509,1.85409,2.82528,-0.24525,-3.24711,-0.13734,5.1012,1,0.10888133290885277,Normal
1.14777,-0.66708,3.39426,-5.1012,3.60027,-3.68856,1.50093,1.79523,-1.00062,-3.88476,-0.4905,5.79771,1,0.08141083186011389,Normal
0.92214,-1.41264,3.20787,-4.28697,3.64932,-1.94238,2.33478,1.94238,-1.16739,-4.34583,-1.23606,5.95467,1,0.08750156415801907,Normal
0.92214,-1.20663,3.17844,-5.67999,3.49236,-1.32435,2.37402,2.5506,-0.67689,-4.64013,-2.0601,6.02334,1,0.06293351451242563,Normal
1.01043,-3.07053,3.86514,-3.91419,3.11958,-0.52974,2.85471,2.30535,0.03924,-4.74804,-0.94176,5.15025,1,0.07117083180776013,Normal
0.96138,-4.08096,3.68856,-5.17968,4.05153,-0.72594,2.4525,1.79523,1.01043,-6.07239,-1.36359,4.49298,1,0.0668258340287275,Normal
1.60884,-3.70818,3.45312,-4.42431,3.52179,1.40283,2.39364,1.97181,0.94176,-5.92524,-1.63827,3.3354,1,0.08211220970552346,Normal
1.75599,-4.13982,3.18825,-5.1012,2.88414,1.77561,3.20787,1.15758,0.55917,-6.21954,-2.47212,1.94238,1,0.0669144073094804,Normal
2.19744,-4.07115,3.84552,-4.30659,3.61989,0.43164,3.42369,-0.12753,0.8829,-8.46603,-2.8449,0.96138,1,0.040230983393725994,Normal
2.29554,-3.78666,3.38445,-5.77809,4.30659,0.76518,3.14901,-0.50031,0.03924,-7.97553,-2.12877,0.53955,1,0.05733758695490976,Normal
2.39364,-2.21706,3.61989,-4.86576,4.62051,2.01105,3.76704,-0.54936,-0.17658,-7.7499,-2.91357,0.17658,1,0.03967795628956111,Normal
2.75661,-1.54998,3.17844,-4.8069,4.62051,2.99205,3.90438,0.33354,0.55917,-7.27902,-3.61008,-1.7658,1,0.03449168677421155,Normal
1.77561,-1.45188,3.15882,-5.58189,4.59108,2.29554,3.47274,0.0,1.02024,-8.22078,-4.44393,-2.96262,1,0.01484460631181328,Normal
2.61927,-0.76518,3.30597,-5.90562,4.71861,3.01167,3.83571,0.50031,1.54017,-6.87681,-4.905,-3.03129,-1,-0.0016454008241636453,Anomaly
2.4525,-0.12753,3.18825,-5.27778,4.50279,3.08034,3.74742,0.23544,2.52117,-6.48441,-4.63032,-2.77623,1,0.0015207038165969688,Normal
3.02148,1.50093,2.52117,-6.00372,5.01291,0.11772,3.42369,0.93195,2.11896,-5.67999,-3.49236,-3.08034,1,0.0341052530700206,Normal
3.89457,1.3734,2.7468,-5.44455,5.47398,-1.61865,3.78666,-0.69651,3.0411,-6.7689,-2.38383,-2.46231,1,0.02909386667655367,Normal
3.56103,2.63889,1.63827,-6.20973,3.55122,-2.21706,3.3354,-0.32373,1.91295,-6.66099,-3.70818,-1.46169,1,0.049550944211704695,Normal
4.14963,2.943,1.35378,-7.12206,4.64013,-1.962,3.86514,-0.55917,1.26549,-6.59232,-4.05153,0.1962,1,0.014334703744438682,Normal
3.96324,3.57084,0.10791,-5.80752,4.96386,-2.79585,3.39426,-0.47088,1.09872,-5.63094,-2.20725,-1.49112,1,0.04980377720298723,Normal
3.75723,2.8449,0.47088,-6.32745,4.55184,-3.34521,3.05091,0.50031,1.60884,-5.17968,-2.17782,-2.34459,1,0.058033508726119565,Normal
3.924,2.1582,0.73575,-6.44517,4.00248,-3.36483,2.67813,0.71613,1.69713,-4.05153,-2.11896,-1.62846,1,0.07448953249730855,Normal
4.06134,2.17782,0.63765,-5.86638,3.17844,-3.1392,2.47212,0.981,1.4715,-3.30597,-2.93319,0.0981,1,0.08002651731730692,Normal
3.95343,2.32497,-0.53955,-6.41574,4.17906,-4.08096,2.36421,0.17658,1.7658,-2.943,-1.40283,-0.21582,1,0.08451215890071612,Normal
4.88538,1.92276,-0.37278,-4.99329,4.15944,-4.57146,1.58922,-0.37278,3.24711,-2.71737,-2.13858,0.92214,1,0.07929840704203489,Normal
4.85595,2.78604,-0.63765,-5.16006,2.00124,-4.94424,1.09872,-0.92214,3.26673,-3.18825,-2.61927,1.84428,1,0.09300927080127402,Normal
4.40469,3.71799,-0.85347,-3.96324,2.2563,-5.23854,1.03005,-0.66708,2.3544,-4.16925,-3.49236,1.80504,1,0.07852108396689478,Normal
4.35564,3.39426,-0.51993,-3.45312,2.82528,-5.05215,0.35316,-0.6867,2.66832,-3.97305,-2.26611,2.14839,1,0.07964721525260748,Normal
4.14963,3.31578,-0.00981,-1.80504,2.06991,-5.09139,-0.42183,-1.2753,1.84428,-3.87495,-0.92214,1.1772,1,0.10613316120989263,Normal
3.95343,3.0411,1.13796,-2.83509,3.00186,-4.32621,-0.61803,-1.28511,2.71737,-4.05153,-0.52974,1.51074,1,0.09340720781641892,Normal
3.87495,2.82528,1.31454,-0.23544,3.3354,-4.10058,-1.20663,-1.50093,1.85409,-3.69837,-1.18701,0.05886,1,0.10564503614790471,Normal
4.13001,3.09996,0.74556,-0.37278,2.39364,-2.49174,-1.52055,-1.00062,2.89395,-3.14901,-1.00062,0.76518,1,0.11585812567393,Normal
3.86514,2.80566,1.81485,0.13734,3.50217,-2.91357,-1.8639,-0.40221,3.17844,-3.02148,-1.46169,0.47088,1,0.0855401191746939,Normal
3.75723,3.58065,1.52055,0.83385,3.27654,-3.67875,-1.21644,-0.81423,1.89333,-4.2183,-0.76518,2.11896,1,0.0935618700943433,Normal
3.74742,3.46293,2.17782,0.76518,3.61008,-1.91295,-1.21644,0.20601,1.58922,-4.77747,-0.20601,2.29554,1,0.0931851733252676,Normal
3.50217,2.83509,1.63827,-0.05886,3.52179,-3.7278,-0.95157,0.45126,1.78542,-4.94424,0.33354,3.25692,1,0.09302499789646679,Normal
3.26673,2.97243,2.13858,1.03005,3.00186,-3.50217,-1.42245,1.5696,1.3734,-5.24835,-0.20601,3.57084,1,0.08496481247260468,Normal
3.69837,1.25568,2.76642,0.93195,4.09077,-3.6297,-0.86328,1.52055,1.31454,-5.38569,0.74556,5.1012,1,0.08989140042809662,Normal
3.29616,1.04967,3.54141,-0.21582,3.57084,-5.14044,-0.99081,1.94238,1.23606,-5.31702,-0.02943,4.01229,1,0.08179846621169534,Normal
4.11039,0.0,2.66832,0.80442,2.88414,-4.59108,-0.51993,1.31454,0.84366,-5.13063,1.13796,3.25692,1,0.09204571966074654,Normal
3.65913,-0.6867,2.88414,-0.90252,4.11039,-3.69837,0.0,1.08891,-0.47088,-5.21892,0.02943,4.05153,1,0.0988122931889307,Normal
3.64932,-1.91295,2.65851,-1.46169,4.38507,-2.47212,0.32373,1.40283,-0.28449,-4.23792,-0.00981,3.56103,1,0.10112958096410568,Normal
3.55122,-2.16801,3.51198,-1.7658,4.14963,-2.66832,0.94176,0.74556,-0.24525,-4.50279,0.54936,2.81547,1,0.10140016967198506,Normal
2.87433,-3.05091,2.69775,-2.90376,3.08034,-0.26487,0.85347,1.4715,-0.33354,-5.02272,-0.82404,1.52055,1,0.1149700445162577,Normal
2.3544,-2.27592,2.05029,-1.78542,4.07115,1.57941,1.15758,0.70632,-0.981,-4.64994,-1.77561,2.40345,1,0.11786906812056941,Normal
2.48193,-3.47274,2.79585,-3.20787,4.64013,-0.25506,1.14777,1.11834,0.52974,-5.16987,-2.32497,1.54017,1,0.09963252985927762,Normal
2.60946,-2.52117,3.14901,-3.34521,4.11039,0.28449,1.40283,0.53955,1.73637,-5.1012,-1.74618,-0.30411,1,0.10276144914723301,Normal
2.7468,-2.23668,1.52055,-4.13982,4.94424,-0.02943,1.32435,0.25506,1.54017,-5.4936,-1.5696,-1.68732,1,0.10183954769024212,Normal
3.00186,-1.8639,1.95219,-3.73761,3.2373,0.8829,0.981,-0.56898,1.26549,-5.18949,-2.22687,-1.75599,1,0.11029073513065335,Normal
2.61927,-1.62846,2.43288,-4.75785,3.26673,-0.77499,1.19682,-0.1962,2.10915,-5.46417,-1.62846,-1.82466,1,0.10405384700610543,Normal
2.70756,-1.11834,1.99143,-4.20849,3.58065,-0.7848,1.45188,0.20601,1.63827,-5.33664,-1.57941,-2.19744,1,0.11121023153380571,Normal
2.33478,-0.93195,0.85347,-4.45374,4.10058,1.30473,1.25568,1.36359,1.09872,-5.07177,-3.09015,-2.81547,1,0.1041947929298579,Normal
1.92276,-0.48069,0.82404,-3.18825,3.03129,0.47088,0.64746,2.33478,1.60884,-5.73885,-2.49174,-4.42431,1,0.10026148067330687,Normal
2.73699,-0.20601,1.43226,-4.01229,1.88352,-3.26673,0.8829,2.6487,3.46293,-5.69961,-1.43226,-2.33478,1,0.10897252942220459,Normal
2.39364,0.35316,1.64808,-3.56103,3.30597,-1.58922,0.79461,2.96262,2.50155,-5.44455,-1.03986,-0.75537,1,0.11334135374030013,Normal
2.63889,0.33354,0.00981,-3.66894,3.17844,-1.85409,0.56898,2.3544,1.35378,-4.81671,-0.51012,-0.3924,1,0.12272582264108761,Normal
2.80566,0.4905,-0.25506,-2.80566,1.63827,-4.64013,0.27468,2.23668,2.30535,-4.34583,-1.23606,0.50031,1,0.11827258930786122,Normal
3.00186,-0.12753,-0.01962,-3.61989,2.01105,-5.26797,0.30411,2.21706,3.61008,-3.22749,0.40221,1.40283,1,0.1124369982794074,Normal
3.20787,-0.02943,-0.50031,-4.57146,2.75661,-5.89581,0.23544,2.01105,2.21706,-4.14963,-0.47088,1.61865,1,0.0900728517447193,Normal
3.57084,0.50031,-1.03005,-3.8259,1.83447,-4.97367,0.36297,1.69713,1.30473,-3.4335,-0.33354,0.5886,1,0.1366086332442758,Normal
3.32559,-0.27468,-0.23544,-3.73761,0.44145,-4.5126,0.54936,2.41326,1.5696,-3.70818,0.05886,0.45126,1,0.12074918643510574,Normal
3.61008,0.21582,0.11772,-4.7088,1.40283,-4.94424,0.40221,1.2753,3.3354,-2.98224,0.93195,1.67751,1,0.11719721294218366,Normal
3.924,-0.00981,-0.85347,-3.74742,2.92338,-3.4335,-0.13734,1.11834,2.70756,-3.06072,-0.11772,2.47212,1,0.10734186403267393,Normal
4.18887,0.35316,-0.24525,-3.74742,1.88352,-1.98162,-0.56898,0.54936,2.51136,-2.51136,-0.3924,3.65913,1,0.12788135915166277,Normal
4.75785,0.56898,0.26487,-4.46355,2.01105,-3.15882,0.06867,-0.44145,1.91295,-3.07053,0.61803,3.8259,1,0.11848441269633747,Normal
4.60089,-0.40221,0.42183,-5.17968,2.53098,-2.77623,-0.02943,-1.25568,1.30473,-2.61927,0.95157,3.66894,1,0.11090041262725814,Normal
4.14963,0.93195,0.87309,-4.97367,3.66894,-2.58984,-0.54936,-1.09872,0.79461,-3.09996,0.97119,2.90376,1,0.10281017640356727,Normal
4.43412,1.83447,1.88352,-5.67018,2.11896,1.6677,-0.31392,-0.3924,1.50093,-1.69713,0.28449,2.19744,1,0.1217417418795379,Normal
3.68856,1.77561,2.46231,-4.81671,1.82466,2.57022,-0.47088,0.02943,0.57879,-2.71737,-0.40221,2.3544,1,0.13756858657863308,Normal
4.09077,1.32435,1.59903,-4.8069,1.54998,2.19744,-0.42183,0.08829,1.36359,-2.5506,-1.34397,3.19806,1,0.1305027678329847,Normal
4.44393,2.7468,2.02086,-3.77685,2.12877,1.31454,-0.99081,-0.5886,2.12877,-3.60027,-0.51993,3.02148,1,0.11215286013241943,Normal
4.96386,1.98162,2.93319,-3.87495,0.08829,2.40345,-0.51012,0.62784,2.48193,-3.35502,-1.35378,3.14901,1,0.10828400446407133,Normal
4.89519,2.58984,3.10977,-3.16863,0.71613,3.11958,-0.20601,-0.34335,0.80442,-4.92462,-0.31392,2.62908,1,0.11252378935375773,Normal
4.27716,2.69775,2.0601,-3.20787,2.1582,1.7658,-0.17658,0.08829,0.16677,-5.6898,-0.03924,1.23606,1,0.12788184519513107,Normal
4.01229,2.71737,2.73699,-3.14901,2.2563,0.97119,0.01962,1.52055,0.77499,-5.11101,0.02943,1.22625,1,0.12571832202076788,Normal
3.95343,3.61989,3.22749,-3.61008,1.03986,4.60089,0.0,2.58984,1.00062,-4.49298,-1.63827,1.11834,1,0.09200908353894827,Normal
3.87495,2.27592,2.88414,-1.90314,2.18763,5.92524,-0.24525,1.82466,-0.53955,-3.70818,-1.09872,1.81485,1,0.09999059594422971,Normal
3.32559,0.57879,2.10915,-1.88352,3.49236,4.00248,0.40221,2.06991,-0.84366,-4.08096,-0.80442,1.1772,1,0.10809473893820326,Normal
3.61989,0.54936,2.66832,-0.8829,3.01167,4.08096,0.43164,2.48193,0.65727,-4.42431,-0.6867,0.16677,1,0.11177816121787504,Normal
3.57084,0.56898,1.98162,-1.43226,2.19744,4.64013,0.76518,2.51136,1.61865,-5.04234,-1.0791,-0.11772,1,0.11123198929696038,Normal
3.59046,0.67689,2.89395,-1.45188,2.01105,3.27654,1.03005,1.57941,0.46107,-5.73885,-0.57879,-0.03924,1,0.1370665648831964,Normal
2.96262,1.02024,2.04048,-1.7658,3.22749,1.59903,1.54017,0.50031,1.64808,-5.7879,0.33354,-0.7848,1,0.12585391967260934,Normal
2.47212,0.59841,2.07972,-0.30411,3.49236,0.20601,1.51074,1.03986,1.2753,-5.92524,0.20601,-1.62846,1,0.1291061351988413,Normal
1.95219,1.10853,2.58984,-1.68732,3.40407,0.36297,1.82466,1.43226,0.04905,-4.64013,0.84366,-2.19744,1,0.1327015934813608,Normal
0.75537,0.40221,3.06072,-1.21644,2.38383,0.83385,1.49112,2.0601,0.3924,-4.03191,0.53955,-1.34397,1,0.14115327611215228,Normal
1.0791,-0.18639,2.13858,-0.89271,3.41388,-0.48069,2.27592,1.64808,1.38321,-3.47274,1.54998,-2.59965,1,0.1330130465480015,Normal
0.94176,-0.23544,2.40345,-0.63765,2.56041,0.33354,1.99143,1.98162,0.85347,-3.8259,2.08953,-1.98162,1,0.13798312527058743,Normal
0.77499,-0.05886,1.95219,-1.58922,2.13858,-1.68732,2.02086,1.71675,0.1962,-4.16925,1.89333,-0.3924,1,0.14827148459028205,Normal
0.15696,0.90252,2.48193,-1.83447,1.74618,-1.13796,2.31516,1.99143,0.99081,-4.29678,1.21644,0.46107,1,0.1420111121622718,Normal
0.2943,1.61865,1.70694,-2.08953,0.51993,-0.59841,2.16801,1.57941,1.87371,-5.45436,0.76518,0.59841,1,0.13530847824125813,Normal
0.16677,2.12877,1.41264,-1.80504,-0.01962,-2.75661,1.90314,2.7468,0.99081,-5.11101,1.52055,0.02943,1,0.1380432479552039,Normal
0.60822,2.56041,1.34397,-2.50155,0.51993,-4.2183,2.33478,2.26611,1.23606,-5.34645,2.44269,-0.72594,1,0.1150636672922224,Normal
0.25506,2.59965,2.27592,-1.69713,0.21582,-4.63032,1.99143,3.12939,2.4525,-5.28759,1.92276,-0.04905,1,0.10937144766470425,Normal
1.03005,2.52117,1.53036,0.65727,-0.44145,-4.13001,2.36421,2.50155,1.0791,-3.99267,0.97119,-0.05886,1,0.13673420631027194,Normal
1.51074,2.32497,1.64808,0.83385,-0.00981,-3.18825,2.12877,3.12939,1.13796,-2.88414,1.60884,-0.02943,1,0.14636554523335832,Normal
2.1582,1.48131,0.71613,0.18639,-0.30411,-3.22749,2.16801,2.41326,1.13796,-2.90376,2.16801,2.07972,1,0.14102989092224527,Normal
2.95281,0.7848,0.08829,0.35316,0.35316,-4.36545,2.41326,1.90314,1.52055,-2.53098,1.91295,2.23668,1,0.12909689056699308,Normal
3.09015,1.61865,0.2943,0.05886,-1.34397,-4.36545,2.50155,1.2753,1.2753,-1.81485,0.84366,1.54017,1,0.14221708948454143,Normal
3.31578,2.40345,0.56898,-0.41202,-0.50031,-5.7879,2.26611,0.66708,0.7848,-2.79585,1.50093,1.44207,1,0.11830274990391265,Normal
3.57084,1.33416,0.42183,-1.8639,-0.67689,-5.72904,2.53098,0.0981,1.93257,-3.15882,1.20663,2.69775,1,0.10869625380420755,Normal
3.68856,1.41264,0.38259,-1.22625,-0.13734,-4.99329,1.95219,-1.13796,1.88352,-2.87433,0.53955,1.45188,1,0.13340009713479123,Normal
4.36545,1.55979,1.01043,-1.68732,-0.92214,-4.40469,1.75599,-1.92276,1.43226,-2.00124,-0.30411,0.70632,1,0.13263242586892487,Normal
4.1202,-0.13734,1.03005,-2.09934,0.17658,-3.88476,1.59903,-2.87433,0.981,-1.50093,-0.45126,1.97181,1,0.1434608699370145,Normal
4.3164,-0.70632,0.50031,-2.7468,-0.84366,-2.18763,1.25568,-2.50155,1.42245,-1.80504,0.84366,2.11896,1,0.12988561001763355,Normal
5.09139,-0.87309,1.23606,-2.98224,0.41202,-0.89271,1.70694,-3.47274,0.35316,-2.08953,1.29492,1.31454,1,0.14036285901335588,Normal
5.14044,-0.26487,0.55917,-4.62051,0.48069,-0.53955,1.15758,-2.86452,1.46169,-1.99143,0.86328,0.82404,1,0.13418908890650794,Normal
4.64994,-0.80442,0.0981,-5.1012,0.57879,3.00186,0.6867,-1.73637,0.80442,-2.3544,0.52974,2.6487,1,0.13488265485833456,Normal
4.40469,0.53955,0.23544,-5.50341,0.22563,2.58003,0.21582,-2.08953,1.71675,-2.58003,-0.83385,2.01105,1,0.12463343451155401,Normal
4.29678,0.8829,0.52974,-4.93443,0.59841,3.25692,-0.03924,-2.34459,1.4715,-3.07053,-0.13734,1.69713,1,0.13271536194321248,Normal
4.30659,1.84428,1.03005,-3.8259,0.93195,5.08158,-0.15696,-1.29492,1.55979,-2.62908,-0.8829,2.23668,1,0.12052639300096274,Normal
4.25754,0.53955,0.97119,-2.72718,1.52055,7.30845,-0.28449,-0.33354,1.36359,-2.56041,-0.86328,1.94238,1,0.11003566588203961,Normal
4.08096,1.33416,0.15696,-2.34459,1.28511,9.89829,-0.30411,-1.15758,0.65727,-3.10977,0.80442,0.70632,1,0.10745860210559205,Normal
4.62051,2.48193,0.0,-1.88352,1.52055,7.90686,0.38259,-0.81423,1.20663,-4.17906,0.20601,0.79461,1,0.09754923967104523,Normal
4.00248,2.48193,-0.64746,-2.48193,1.18701,7.66161,0.42183,0.23544,0.8829,-3.47274,-0.47088,-1.26549,1,0.10718104714225124,Normal
3.36483,4.59108,-1.21644,-2.42307,1.91295,9.05463,0.07848,0.72594,0.31392,-4.24773,-0.21582,-0.26487,1,0.0918605583533571,Normal
3.2373,4.07115,-0.75537,-1.5696,2.6487,6.55308,0.22563,-0.22563,0.87309,-3.91419,-0.69651,-1.18701,1,0.08695489575254,Normal
2.38383,4.6107,0.4905,-1.1772,2.10915,5.65056,0.07848,-0.27468,0.1962,-3.28635,-0.13734,-1.18701,1,0.1270690173024075,Normal
1.72656,3.88476,-0.40221,0.10791,1.962,4.08096,0.81423,0.0,0.53955,-2.68794,0.13734,-1.42245,1,0.15004399584312805,Normal
2.1582,3.54141,0.22563,-0.20601,1.95219,4.95405,0.4905,-0.32373,0.70632,-3.39426,-0.32373,1.43226,1,0.13892823128562215,Normal
1.95219,3.2373,1.03005,-0.53955,2.68794,1.75599,0.86328,-0.72594,1.0791,-3.4335,-0.07848,0.82404,1,0.1450785457100192,Normal
1.05948,1.83447,0.54936,-0.95157,1.99143,0.62784,1.34397,-0.45126,-0.00981,-2.85471,-1.02024,-0.52974,1,0.1680524275859115,Normal
0.79461,2.36421,1.16739,-1.2753,2.0601,0.34335,1.40283,0.11772,1.12815,-3.19806,-0.24525,0.59841,1,0.16459191365917503,Normal
0.51012,2.90376,-0.23544,-2.21706,1.82466,-0.51993,1.44207,-0.25506,0.40221,-3.78666,0.0981,0.46107,1,0.1591083292425834,Normal
-0.08829,3.00186,0.46107,-2.31516,0.94176,-2.30535,1.74618,0.11772,1.38321,-2.96262,0.77499,0.8829,1,0.15279021651512548,Normal
-0.22563,3.51198,0.46107,-1.36359,1.46169,-4.29678,1.54998,1.05948,0.40221,-2.47212,1.41264,1.08891,1,0.1539466320674856,Normal
-0.3924,2.79585,0.51012,-2.00124,1.32435,-4.76766,1.21644,1.57941,0.95157,-2.4525,1.3734,3.46293,1,0.1454487110886088,Normal
-0.42183,2.2563,0.90252,-1.52055,0.20601,-4.13001,1.19682,2.21706,-0.33354,-2.43288,0.96138,4.14963,1,0.1541578713051373,Normal
-0.0981,0.64746,1.35378,-1.25568,0.46107,-4.67937,1.74618,3.12939,0.59841,-2.30535,0.71613,5.84676,1,0.13995900087855695,Normal
0.1962,-0.48069,0.80442,-0.50031,0.0981,-5.0031,1.68732,3.83571,0.1962,-1.95219,2.50155,5.73885,1,0.11648389150822364,Normal
0.93195,-2.09934,0.55917,-1.70694,-0.76518,-5.57208,1.72656,4.7088,1.41264,-3.0411,0.96138,5.79771,1,0.10773834709077862,Normal
1.42245,-1.99143,0.24525,-0.53955,-1.03005,-5.09139,1.71675,4.2183,0.37278,-2.91357,0.50031,4.46355,1,0.1218637598374922,Normal
1.10853,-1.2753,-0.26487,0.02943,-0.90252,-4.57146,1.88352,4.36545,0.77499,-2.85471,0.54936,1.98162,1,0.1395797852464325,Normal
1.82466,-2.63889,0.04905,0.23544,-1.43226,-4.15944,1.2753,3.49236,-0.02943,-2.11896,2.09934,1.40283,1,0.1397652186769156,Normal
2.34459,-3.42369,0.07848,0.23544,-2.02086,-4.62051,1.28511,3.42369,0.56898,-2.23668,0.51993,0.99081,1,0.13133448415205295,Normal
2.70756,-3.78666,0.57879,1.77561,-0.5886,-2.58003,1.02024,2.42307,0.32373,-1.01043,0.33354,-0.0981,1,0.14885674925193382,Normal
2.79585,-4.0221,0.2943,1.00062,-1.77561,-2.87433,0.65727,1.83447,1.23606,-0.70632,0.50031,-1.24587,1,0.13836876078354776,Normal
3.6297,-5.76828,0.32373,0.60822,-1.8639,-2.95281,0.77499,0.17658,1.50093,0.3924,1.14777,-2.58984,1,0.12758380955530735,Normal
3.55122,-6.90624,0.74556,-0.54936,-3.08034,-1.42245,0.44145,-0.34335,1.95219,0.67689,-0.2943,-2.78604,1,0.10601224312552943,Normal
3.80628,-7.26921,-0.00981,-0.13734,-0.70632,-0.89271,0.76518,-1.42245,2.52117,1.36359,-1.45188,-3.68856,1,0.11004092715529268,Normal
3.40407,-6.41574,-1.3734,0.44145,-1.03005,-0.61803,0.46107,-1.80504,2.53098,0.95157,-2.39364,-4.50279,1,0.1036263990678199,Normal
3.28635,-4.33602,-0.63765,0.10791,-2.43288,-0.66708,-0.03924,-2.71737,2.65851,1.29492,-0.50031,-6.00372,1,0.1099288963215923,Normal
3.34521,-3.69837,-0.35316,-1.12815,-2.60946,1.48131,0.46107,-2.78604,3.08034,1.99143,-1.28511,-4.01229,1,0.09925666703057606,Normal
2.53098,-3.35502,-0.33354,-0.92214,-0.5886,2.7468,-0.47088,-3.1392,2.39364,2.57022,-0.3924,-3.08034,1,0.13491611846215784,Normal
2.49174,-4.07115,0.01962,-1.02024,0.24525,3.20787,-0.26487,-3.55122,2.31516,1.51074,-0.75537,-1.85409,1,0.13920475409472516,Normal
2.53098,-3.61989,-0.8829,-2.943,-0.69651,4.06134,-0.43164,-2.58984,2.31516,0.15696,0.54936,-0.7848,1,0.13313012896887133,Normal
1.8639,-4.75785,0.1962,-3.12939,-0.96138,4.57146,-0.67689,-1.44207,3.78666,-0.83385,0.4905,-0.34335,1,0.11534833630456437,Normal
1.85409,-3.6297,-0.06867,-3.14901,0.62784,3.71799,-0.43164,-1.12815,3.26673,-0.94176,0.13734,0.42183,1,0.13603263194766674,Normal
1.49112,-3.00186,-0.6867,-3.64932,0.71613,4.52241,-0.22563,0.50031,2.77623,-2.12877,-0.66708,-0.37278,1,0.12330119437440729,Normal
0.74556,-0.82404,-0.95157,-3.08034,0.47088,7.83819,-0.77499,1.04967,2.80566,-2.48193,0.52974,-0.93195,1,0.10887641168713086,Normal
0.7848,-0.36297,0.32373,-3.08034,0.05886,8.61318,-0.01962,1.29492,2.73699,-2.90376,0.45126,0.52974,1,0.10315418736351006,Normal
0.60822,1.43226,0.76518,-2.8449,1.10853,7.98534,-0.31392,1.19682,2.20725,-3.49236,0.74556,2.33478,1,0.12195597931616697,Normal
0.0981,2.41326,0.34335,-2.80566,1.34397,8.85843,-0.37278,2.0601,1.53036,-4.37526,0.13734,1.52055,1,0.10695306851876302,Normal
0.21582,1.72656,1.20663,-2.72718,0.72594,7.60275,0.0,1.44207,2.54079,-4.39488,2.29554,1.28511,1,0.1041486929129059,Normal
0.00981,0.53955,1.40283,-2.26611,0.24525,5.99391,-0.41202,1.65789,1.21644,-3.48255,0.80442,0.90252,1,0.12954729889478667,Normal
-0.51012,1.31454,1.38321,-1.72656,1.00062,3.00186,0.15696,2.20725,1.31454,-3.56103,0.30411,0.70632,1,0.15522037088328183,Normal
-0.28449,2.8449,1.19682,-0.84366,0.38259,3.01167,-0.01962,2.11896,1.7658,-4.16925,0.50031,0.8829,1,0.14815775318162777,Normal
-0.60822,2.46231,0.79461,0.33354,-0.24525,3.94362,0.03924,1.65789,2.09934,-2.76642,-0.38259,-0.77499,1,0.15412442375343327,Normal
-1.16739,4.09077,0.47088,1.03005,0.23544,0.99081,0.00981,0.81423,1.52055,-2.05029,-0.26487,-0.57879,1,0.16571157309106727,Normal
-0.61803,5.5917,0.53955,1.89333,0.75537,0.06867,0.08829,0.67689,1.88352,-1.79523,-0.46107,1.72656,1,0.14724129145305964,Normal
-1.03005,4.77747,0.02943,2.09934,-0.15696,0.95157,0.10791,1.50093,0.90252,-1.03005,-0.25506,3.01167,1,0.16215066641274462,Normal
-0.57879,3.45312,0.0,1.83447,-0.94176,0.14715,0.72594,0.92214,1.28511,-1.24587,0.45126,2.43288,1,0.16382036072471606,Normal
-0.28449,2.02086,-0.5886,3.09015,-1.34397,-2.81547,0.3924,0.62784,1.15758,0.77499,-0.63765,5.32683,1,0.14903345712032584,Normal
-0.1962,1.87371,-0.77499,2.52117,-0.24525,-5.1993,0.52974,1.06929,1.34397,0.10791,-1.26549,7.20054,1,0.13170321454112083,Normal
0.25506,0.34335,-0.34335,2.70756,-1.05948,-6.40593,0.07848,0.83385,0.81423,0.54936,-0.92214,6.55308,1,0.12468263184379574,Normal
0.61803,1.23606,-1.57941,2.60946,-1.74618,-4.49298,0.37278,0.48069,1.04967,0.36297,-0.51012,6.2784,1,0.13327534928992302,Normal
0.84366,1.1772,-1.50093,3.38445,-1.89333,-5.99391,0.05886,1.2753,1.20663,1.03005,0.0,6.44517,1,0.1089755435189887,Normal
0.84366,1.60884,-0.52974,2.58984,-1.48131,-5.99391,-0.06867,0.54936,0.77499,0.62784,0.36297,6.10182,1,0.1300165345806371,Normal
1.31454,0.31392,-1.55979,2.46231,-1.3734,-4.26735,0.32373,0.76518,0.85347,0.7848,0.21582,4.5126,1,0.14479330576224575,Normal
2.42307,-0.03924,-1.70694,2.41326,-2.13858,-2.27592,0.2943,0.01962,0.33354,1.20663,-0.50031,2.30535,1,0.1386772145942919,Normal
2.04048,-0.32373,0.05886,1.93257,-2.48193,-2.50155,0.05886,-0.7848,0.76518,1.36359,0.60822,4.36545,1,0.14158218254136112,Normal
2.66832,-2.19744,-0.36297,1.00062,-2.89395,-2.22687,0.28449,-1.05948,1.48131,0.7848,-0.03924,3.8259,1,0.12709070337398343,Normal
2.98224,-2.77623,0.45126,1.1772,-3.19806,-3.58065,-0.10791,-1.35378,0.63765,1.61865,-0.56898,3.22749,1,0.12162626796333881,Normal
3.03129,-1.962,-0.67689,0.8829,-2.51136,-1.78542,-0.00981,-1.46169,1.84428,1.94238,0.72594,2.91357,1,0.12551477452430965,Normal
3.26673,-2.05029,-0.55917,0.44145,-2.66832,-0.97119,-0.15696,-1.42245,1.16739,2.01105,1.60884,1.06929,1,0.1352436780250919,Normal
3.08034,-1.34397,-0.43164,0.28449,-2.24649,0.4905,-0.65727,-2.38383,1.30473,1.75599,1.60884,0.59841,1,0.14109056178662427,Normal
2.6487,-1.53036,-0.38259,-0.08829,-2.71737,1.54017,-0.50031,-2.57022,1.962,1.15758,1.50093,-0.8829,1,0.13426360311633484,Normal
2.63889,-0.86328,-0.8829,-0.28449,-2.48193,3.68856,-0.50031,-3.10977,2.66832,1.46169,1.1772,-0.90252,1,0.1276342641789684,Normal
2.17782,-0.44145,0.11772,0.16677,-1.60884,5.35626,-1.04967,-3.27654,2.21706,1.18701,1.74618,-0.84366,1,0.12223383783378766,Normal
1.45188,-1.0791,-0.90252,1.04967,-2.943,5.16006,-0.8829,-3.4335,2.34459,0.54936,1.21644,-0.13734,1,0.10085928529380511,Normal
1.46169,-0.18639,-0.25506,1.64808,-3.27654,4.57146,-1.00062,-2.30535,3.16863,0.70632,0.20601,0.51993,1,0.11410782883783688,Normal
1.21644,0.57879,0.08829,1.35378,-0.96138,6.16068,-1.01043,-1.92276,2.78604,0.7848,1.33416,1.34397,1,0.11467152647377582,Normal
1.58922,0.99081,-0.01962,0.65727,-1.00062,7.20054,-1.25568,-1.05948,1.71675,-0.37278,1.60884,1.42245,1,0.12771733918629058,Normal
1.09872,2.58984,-0.21582,0.95157,-1.67751,5.40531,-2.0601,-0.52974,1.22625,0.17658,1.39302,2.59965,1,0.12023973544950933,Normal
0.4905,3.73761,0.14715,0.69651,-1.55979,6.26859,-1.19682,-0.13734,1.54998,-1.52055,1.15758,1.7658,1,0.1295826521156574,Normal
0.56898,3.50217,0.04905,0.17658,-1.24587,6.91605,-1.54998,-0.86328,2.19744,-1.70694,1.25568,1.88352,1,0.12131033156318433,Normal
0.36297,2.60946,0.15696,0.73575,0.0,9.1233,-1.1772,0.10791,0.04905,-2.46231,1.8639,1.2753,1,0.11604576909874342,Normal
-0.2943,3.50217,0.981,1.03005,-0.80442,6.91605,-1.11834,1.8639,-0.17658,-3.09015,1.26549,-0.5886,1,0.12882116142601258,Normal
-0.24525,3.20787,0.95157,1.69713,-0.38259,6.73947,-0.69651,1.39302,0.21582,-3.65913,0.26487,-0.51993,1,0.11944004947666415,Normal
-0.12753,2.8449,1.43226,1.13796,-0.44145,8.00496,-0.84366,2.1582,-0.76518,-4.10058,-1.38321,-1.38321,1,0.10218604127606562,Normal
0.08829,3.32559,0.69651,1.79523,-0.36297,7.34769,-0.92214,2.68794,-0.85347,-4.0221,0.27468,-0.33354,1,0.1128758096391162,Normal
-0.20601,4.13982,0.6867,1.65789,-2.01105,5.81733,-0.59841,2.60946,-0.60822,-3.40407,1.67751,-0.34335,1,0.11844375925139494,Normal
